genre,Pop,Rock,Country,R&B,Rap/Hip Hop
Pop,1.0,-0.5694896383842618,-0.4148673879997796,-0.4604570922486411,-0.3403952469009611
Rock,-0.5694896383842618,1.0,-0.18529942013623116,-0.1916434996408399,-0.24097003620781024
Country,-0.4148673879997796,-0.18529942013623116,1.0,0.42552407409691256,0.29172497777238887
R&B,-0.4604570922486411,-0.1916434996408399,0.42552407409691256,1.0,0.5103475359129936
Rap/Hip Hop,-0.3403952469009611,-0.24097003620781024,0.29172497777238887,0.5103475359129936,1.0
