period,Pop,Rock,R&B,Rap/Hip Hop,Country
1958-W32,0.5,0.3275862068965517,0.05172413793103448,0.0,0.05172413793103448
1958-W33,0.4393939393939394,0.3484848484848485,0.045454545454545456,0.0,0.09090909090909091
1958-W34,0.484375,0.28125,0.046875,0.0,0.078125
1958-W35,0.4393939393939394,0.2878787878787879,0.06060606060606061,0.0,0.12121212121212122
1958-W36,0.46875,0.28125,0.0625,0.0,0.09375
1958-W37,0.4461538461538462,0.27692307692307694,0.046153846153846156,0.0,0.13846153846153847
1958-W38,0.4461538461538462,0.27692307692307694,0.07692307692307693,0.0,0.1076923076923077
1958-W39,0.5079365079365079,0.25396825396825395,0.07936507936507936,0.0,0.07936507936507936
1958-W40,0.5245901639344263,0.21311475409836064,0.08196721311475409,0.0,0.08196721311475409
1958-W41,0.5,0.20967741935483872,0.08064516129032258,0.0,0.11290322580645161
1958-W42,0.5081967213114754,0.22950819672131148,0.06557377049180328,0.0,0.11475409836065574
1958-W43,0.4603174603174603,0.23809523809523808,0.07936507936507936,0.0,0.1111111111111111
1958-W44,0.45901639344262296,0.22950819672131148,0.09836065573770492,0.0,0.09836065573770492
1958-W45,0.4426229508196721,0.22950819672131148,0.09836065573770492,0.0,0.09836065573770492
1958-W46,0.4426229508196721,0.26229508196721313,0.08196721311475409,0.0,0.08196721311475409
1958-W47,0.4166666666666667,0.25,0.1,0.0,0.08333333333333333
1958-W48,0.43333333333333335,0.21666666666666667,0.1,0.0,0.1
1958-W49,0.48333333333333334,0.18333333333333332,0.08333333333333333,0.0,0.1
1958-W50,0.5172413793103449,0.1724137931034483,0.10344827586206896,0.0,0.06896551724137931
1958-W51,0.5254237288135594,0.15254237288135594,0.11864406779661017,0.0,0.06779661016949153
1958-W52,0.5333333333333333,0.15,0.13333333333333333,0.0,0.03333333333333333
1959-W01,0.5172413793103449,0.1896551724137931,0.13793103448275862,0.0,0.034482758620689655
1959-W02,0.578125,0.15625,0.109375,0.0,0.03125
1959-W03,0.5806451612903226,0.12903225806451613,0.11290322580645161,0.0,0.03225806451612903
1959-W04,0.5714285714285714,0.15873015873015872,0.09523809523809523,0.0,0.06349206349206349
1959-W05,0.5555555555555556,0.1746031746031746,0.09523809523809523,0.0,0.06349206349206349
1959-W06,0.546875,0.15625,0.09375,0.0,0.078125
1959-W07,0.5245901639344263,0.16393442622950818,0.11475409836065574,0.0,0.06557377049180328
1959-W08,0.5081967213114754,0.16393442622950818,0.11475409836065574,0.0,0.06557377049180328
1959-W09,0.5,0.1875,0.109375,0.0,0.0625
1959-W10,0.5,0.171875,0.140625,0.0,0.0625
1959-W11,0.45901639344262296,0.19672131147540983,0.14754098360655737,0.0,0.08196721311475409
1959-W12,0.45901639344262296,0.19672131147540983,0.14754098360655737,0.0,0.08196721311475409
1959-W13,0.5,0.1875,0.125,0.0,0.046875
1959-W14,0.48333333333333334,0.18333333333333332,0.11666666666666667,0.0,0.05
1959-W15,0.5,0.18333333333333332,0.11666666666666667,0.0,0.05
1959-W16,0.5263157894736842,0.19298245614035087,0.14035087719298245,0.0,0.03508771929824561
1959-W17,0.5254237288135594,0.1864406779661017,0.13559322033898305,0.0,0.03389830508474576
1959-W18,0.47540983606557374,0.22950819672131148,0.13114754098360656,0.0,0.04918032786885246
1959-W19,0.46774193548387094,0.27419354838709675,0.0967741935483871,0.0,0.06451612903225806
1959-W20,0.4426229508196721,0.3114754098360656,0.11475409836065574,0.0,0.04918032786885246
1959-W21,0.45,0.31666666666666665,0.11666666666666667,0.0,0.03333333333333333
1959-W22,0.4067796610169492,0.3389830508474576,0.0847457627118644,0.0,0.06779661016949153
1959-W23,0.4098360655737705,0.3114754098360656,0.08196721311475409,0.0,0.08196721311475409
1959-W24,0.41935483870967744,0.3064516129032258,0.06451612903225806,0.0,0.08064516129032258
1959-W25,0.3880597014925373,0.3283582089552239,0.05970149253731343,0.0,0.05970149253731343
1959-W26,0.3384615384615385,0.38461538461538464,0.06153846153846154,0.0,0.06153846153846154
1959-W27,0.3492063492063492,0.36507936507936506,0.06349206349206349,0.0,0.06349206349206349
1959-W28,0.3770491803278688,0.3442622950819672,0.06557377049180328,0.0,0.06557377049180328
1959-W29,0.3492063492063492,0.36507936507936506,0.06349206349206349,0.0,0.06349206349206349
1959-W30,0.3582089552238806,0.373134328358209,0.04477611940298507,0.0,0.07462686567164178
1959-W31,0.3787878787878788,0.36363636363636365,0.045454545454545456,0.0,0.09090909090909091
1959-W32,0.36363636363636365,0.36363636363636365,0.030303030303030304,0.0,0.12121212121212122
1959-W33,0.328125,0.375,0.03125,0.0,0.171875
1959-W34,0.35384615384615387,0.3230769230769231,0.03076923076923077,0.0,0.18461538461538463
1959-W35,0.3333333333333333,0.2753623188405797,0.057971014492753624,0.0,0.18840579710144928
1959-W36,0.34328358208955223,0.31343283582089554,0.04477611940298507,0.0,0.16417910447761194
1959-W37,0.3142857142857143,0.3,0.07142857142857142,0.0,0.17142857142857143
1959-W38,0.3150684931506849,0.3013698630136986,0.0684931506849315,0.0,0.1643835616438356
1959-W39,0.3424657534246575,0.3150684931506849,0.0547945205479452,0.0,0.136986301369863
1959-W40,0.33783783783783783,0.2972972972972973,0.06756756756756757,0.0,0.14864864864864866
1959-W41,0.33783783783783783,0.2972972972972973,0.05405405405405406,0.0,0.13513513513513514
1959-W42,0.38666666666666666,0.29333333333333333,0.05333333333333334,0.0,0.12
1959-W43,0.3561643835616438,0.3287671232876712,0.0684931506849315,0.0,0.1095890410958904
1959-W44,0.39436619718309857,0.29577464788732394,0.07042253521126761,0.0,0.11267605633802817
1959-W45,0.37681159420289856,0.2608695652173913,0.08695652173913043,0.0,0.13043478260869565
1959-W46,0.36231884057971014,0.2318840579710145,0.10144927536231885,0.0,0.14492753623188406
1959-W47,0.3787878787878788,0.22727272727272727,0.10606060606060606,0.0,0.12121212121212122
1959-W48,0.4492753623188406,0.18840579710144928,0.11594202898550725,0.0,0.10144927536231885
1959-W49,0.4782608695652174,0.18840579710144928,0.11594202898550725,0.0,0.10144927536231885
1959-W50,0.47058823529411764,0.19117647058823528,0.1323529411764706,0.0,0.10294117647058823
1959-W51,0.4603174603174603,0.20634920634920634,0.12698412698412698,0.0,0.1111111111111111
1959-W52,0.4696969696969697,0.18181818181818182,0.13636363636363635,0.0,0.12121212121212122
1959-W53,0.47058823529411764,0.14705882352941177,0.1323529411764706,0.0,0.16176470588235295
1960-W01,0.4626865671641791,0.16417910447761194,0.11940298507462686,0.0,0.208955223880597
1960-W02,0.5,0.16666666666666666,0.13636363636363635,0.0,0.15151515151515152
1960-W03,0.5,0.15625,0.125,0.0,0.1875
1960-W04,0.4838709677419355,0.1774193548387097,0.12903225806451613,0.0,0.16129032258064516
1960-W05,0.5151515151515151,0.16666666666666666,0.10606060606060606,0.0,0.13636363636363635
1960-W06,0.48484848484848486,0.16666666666666666,0.10606060606060606,0.0,0.10606060606060606
1960-W07,0.47761194029850745,0.208955223880597,0.07462686567164178,0.0,0.1044776119402985
1960-W08,0.5074626865671642,0.19402985074626866,0.07462686567164178,0.0,0.08955223880597014
1960-W09,0.49295774647887325,0.19718309859154928,0.08450704225352113,0.0,0.08450704225352113
1960-W10,0.4657534246575342,0.1917808219178082,0.1095890410958904,0.0,0.0958904109589041
1960-W11,0.44594594594594594,0.13513513513513514,0.12162162162162163,0.013513513513513514,0.10810810810810811
1960-W12,0.4520547945205479,0.136986301369863,0.1232876712328767,0.0136986301369863,0.1095890410958904
1960-W13,0.4657534246575342,0.1232876712328767,0.1095890410958904,0.0,0.1232876712328767
1960-W14,0.4931506849315068,0.1232876712328767,0.0958904109589041,0.0,0.1095890410958904
1960-W15,0.5205479452054794,0.1232876712328767,0.0821917808219178,0.0,0.0958904109589041
1960-W16,0.4852941176470588,0.11764705882352941,0.10294117647058823,0.0,0.11764705882352941
1960-W17,0.421875,0.140625,0.109375,0.0,0.140625
1960-W18,0.36507936507936506,0.1746031746031746,0.09523809523809523,0.0,0.15873015873015872
1960-W19,0.4307692307692308,0.18461538461538463,0.09230769230769231,0.0,0.16923076923076924
1960-W20,0.4444444444444444,0.19047619047619047,0.07936507936507936,0.0,0.1746031746031746
1960-W21,0.417910447761194,0.23880597014925373,0.1044776119402985,0.0,0.14925373134328357
1960-W22,0.4117647058823529,0.23529411764705882,0.10294117647058823,0.0,0.14705882352941177
1960-W23,0.43283582089552236,0.22388059701492538,0.08955223880597014,0.0,0.13432835820895522
1960-W24,0.417910447761194,0.23880597014925373,0.07462686567164178,0.0,0.11940298507462686
1960-W25,0.42424242424242425,0.24242424242424243,0.045454545454545456,0.0,0.12121212121212122
1960-W26,0.39705882352941174,0.27941176470588236,0.07352941176470588,0.0,0.11764705882352941
1960-W27,0.42028985507246375,0.2608695652173913,0.07246376811594203,0.0,0.13043478260869565
1960-W28,0.43478260869565216,0.2608695652173913,0.08695652173913043,0.0,0.13043478260869565
1960-W29,0.42028985507246375,0.2318840579710145,0.13043478260869565,0.0,0.13043478260869565
1960-W30,0.37142857142857144,0.24285714285714285,0.12857142857142856,0.0,0.17142857142857143
1960-W31,0.4057971014492754,0.2753623188405797,0.11594202898550725,0.0,0.11594202898550725
1960-W32,0.4264705882352941,0.2647058823529412,0.1323529411764706,0.0,0.07352941176470588
1960-W33,0.45454545454545453,0.24242424242424243,0.12121212121212122,0.0,0.06060606060606061
1960-W34,0.4461538461538462,0.23076923076923078,0.12307692307692308,0.0,0.09230769230769231
1960-W35,0.45454545454545453,0.21212121212121213,0.12121212121212122,0.0,0.07575757575757576
1960-W36,0.4444444444444444,0.20634920634920634,0.12698412698412698,0.0,0.06349206349206349
1960-W37,0.4782608695652174,0.17391304347826086,0.11594202898550725,0.0,0.08695652173913043
1960-W38,0.43243243243243246,0.21621621621621623,0.12162162162162163,0.0,0.0945945945945946
1960-W39,0.4155844155844156,0.2077922077922078,0.14285714285714285,0.0,0.1038961038961039
1960-W40,0.4024390243902439,0.1951219512195122,0.12195121951219512,0.0,0.0975609756097561
1960-W41,0.3835616438356164,0.2465753424657534,0.1095890410958904,0.0,0.0821917808219178
1960-W42,0.37142857142857144,0.21428571428571427,0.12857142857142856,0.0,0.08571428571428572
1960-W43,0.34782608695652173,0.2028985507246377,0.13043478260869565,0.0,0.08695652173913043
1960-W44,0.3582089552238806,0.23880597014925373,0.14925373134328357,0.0,0.08955223880597014
1960-W45,0.36923076923076925,0.26153846153846155,0.13846153846153847,0.0,0.07692307692307693
1960-W46,0.3088235294117647,0.27941176470588236,0.1323529411764706,0.0,0.10294117647058823
1960-W47,0.2753623188405797,0.2463768115942029,0.15942028985507245,0.0,0.11594202898550725
1960-W48,0.23529411764705882,0.2647058823529412,0.17647058823529413,0.0,0.11764705882352941
1960-W49,0.2463768115942029,0.2463768115942029,0.15942028985507245,0.0,0.14492753623188406
1960-W50,0.25806451612903225,0.22580645161290322,0.1774193548387097,0.0,0.14516129032258066
1960-W51,0.2711864406779661,0.23728813559322035,0.1694915254237288,0.0,0.13559322033898305
1960-W52,0.3,0.26666666666666666,0.15,0.0,0.1
1961-W01,0.3114754098360656,0.26229508196721313,0.19672131147540983,0.0,0.09836065573770492
1961-W02,0.3114754098360656,0.22950819672131148,0.19672131147540983,0.0,0.09836065573770492
1961-W03,0.35,0.21666666666666667,0.21666666666666667,0.0,0.08333333333333333
1961-W04,0.359375,0.234375,0.1875,0.0,0.078125
1961-W05,0.36363636363636365,0.22727272727272727,0.19696969696969696,0.0,0.09090909090909091
1961-W06,0.38095238095238093,0.2222222222222222,0.19047619047619047,0.0,0.07936507936507936
1961-W07,0.359375,0.21875,0.203125,0.0,0.09375
1961-W08,0.373134328358209,0.208955223880597,0.208955223880597,0.0,0.07462686567164178
1961-W09,0.36363636363636365,0.22727272727272727,0.21212121212121213,0.0,0.045454545454545456
1961-W10,0.375,0.2361111111111111,0.2222222222222222,0.0,0.027777777777777776
1961-W11,0.36764705882352944,0.2647058823529412,0.22058823529411764,0.0,0.029411764705882353
1961-W12,0.373134328358209,0.2537313432835821,0.22388059701492538,0.0,0.04477611940298507
1961-W13,0.34328358208955223,0.2537313432835821,0.208955223880597,0.0,0.07462686567164178
1961-W14,0.36923076923076925,0.2153846153846154,0.2153846153846154,0.0,0.06153846153846154
1961-W15,0.34328358208955223,0.208955223880597,0.22388059701492538,0.0,0.11940298507462686
1961-W16,0.3787878787878788,0.22727272727272727,0.19696969696969696,0.0,0.10606060606060606
1961-W17,0.3939393939393939,0.22727272727272727,0.16666666666666666,0.0,0.07575757575757576
1961-W18,0.43478260869565216,0.2318840579710145,0.15942028985507245,0.0,0.07246376811594203
1961-W19,0.44285714285714284,0.22857142857142856,0.17142857142857143,0.0,0.07142857142857142
1961-W20,0.4264705882352941,0.20588235294117646,0.19117647058823528,0.0,0.04411764705882353
1961-W21,0.42028985507246375,0.2028985507246377,0.17391304347826086,0.0,0.057971014492753624
1961-W22,0.3880597014925373,0.2537313432835821,0.1791044776119403,0.0,0.05970149253731343
1961-W23,0.3880597014925373,0.208955223880597,0.19402985074626866,0.0,0.1044776119402985
1961-W24,0.3939393939393939,0.19696969696969696,0.16666666666666666,0.0,0.10606060606060606
1961-W25,0.38571428571428573,0.15714285714285714,0.17142857142857143,0.0,0.11428571428571428
1961-W26,0.4027777777777778,0.1527777777777778,0.18055555555555555,0.0,0.1111111111111111
1961-W27,0.37142857142857144,0.15714285714285714,0.2,0.0,0.11428571428571428
1961-W28,0.38028169014084506,0.16901408450704225,0.15492957746478872,0.0,0.1267605633802817
1961-W29,0.3972602739726027,0.1780821917808219,0.136986301369863,0.0,0.136986301369863
1961-W30,0.40789473684210525,0.19736842105263158,0.13157894736842105,0.0,0.13157894736842105
1961-W31,0.4444444444444444,0.18055555555555555,0.1388888888888889,0.0,0.1111111111111111
1961-W32,0.4305555555555556,0.20833333333333334,0.1388888888888889,0.0,0.08333333333333333
1961-W33,0.4520547945205479,0.2191780821917808,0.1506849315068493,0.0,0.0684931506849315
1961-W34,0.43661971830985913,0.22535211267605634,0.18309859154929578,0.0,0.07042253521126761
1961-W35,0.463768115942029,0.21739130434782608,0.14492753623188406,0.0,0.10144927536231885
1961-W36,0.5217391304347826,0.17391304347826086,0.17391304347826086,0.0,0.08695652173913043
1961-W37,0.5074626865671642,0.14925373134328357,0.208955223880597,0.0,0.05970149253731343
1961-W38,0.46875,0.1875,0.1875,0.0,0.09375
1961-W39,0.45588235294117646,0.19117647058823528,0.20588235294117646,0.0,0.08823529411764706
1961-W40,0.47761194029850745,0.16417910447761194,0.19402985074626866,0.0,0.11940298507462686
1961-W41,0.45588235294117646,0.17647058823529413,0.19117647058823528,0.0,0.10294117647058823
1961-W42,0.40298507462686567,0.208955223880597,0.1791044776119403,0.0,0.11940298507462686
1961-W43,0.4117647058823529,0.19117647058823528,0.16176470588235295,0.0,0.14705882352941177
1961-W44,0.3787878787878788,0.19696969696969696,0.16666666666666666,0.0,0.16666666666666666
1961-W45,0.36507936507936506,0.20634920634920634,0.15873015873015872,0.0,0.15873015873015872
1961-W46,0.3492063492063492,0.2222222222222222,0.15873015873015872,0.0,0.14285714285714285
1961-W47,0.35384615384615387,0.2,0.16923076923076924,0.0,0.15384615384615385
1961-W48,0.359375,0.203125,0.171875,0.0,0.125
1961-W49,0.3283582089552239,0.22388059701492538,0.14925373134328357,0.0,0.1791044776119403
1961-W50,0.2878787878787879,0.2727272727272727,0.10606060606060606,0.0,0.19696969696969696
1961-W51,0.3235294117647059,0.23529411764705882,0.1323529411764706,0.0,0.17647058823529413
1961-W52,0.373134328358209,0.208955223880597,0.11940298507462686,0.0,0.11940298507462686
1962-W01,0.38461538461538464,0.2153846153846154,0.12307692307692308,0.0,0.13846153846153847
1962-W02,0.3384615384615385,0.23076923076923078,0.1076923076923077,0.0,0.16923076923076924
1962-W03,0.3384615384615385,0.24615384615384617,0.1076923076923077,0.015384615384615385,0.16923076923076924
1962-W04,0.3333333333333333,0.2727272727272727,0.12121212121212122,0.015151515151515152,0.16666666666666666
1962-W05,0.35294117647058826,0.2647058823529412,0.1323529411764706,0.014705882352941176,0.16176470588235295
1962-W06,0.3582089552238806,0.2537313432835821,0.13432835820895522,0.014925373134328358,0.14925373134328357
1962-W07,0.36363636363636365,0.25757575757575757,0.13636363636363635,0.015151515151515152,0.15151515151515152
1962-W08,0.36507936507936506,0.2857142857142857,0.14285714285714285,0.015873015873015872,0.1111111111111111
1962-W09,0.3880597014925373,0.2835820895522388,0.1044776119402985,0.014925373134328358,0.1044776119402985
1962-W10,0.3939393939393939,0.30303030303030304,0.07575757575757576,0.015151515151515152,0.12121212121212122
1962-W11,0.4032258064516129,0.3064516129032258,0.08064516129032258,0.016129032258064516,0.11290322580645161
1962-W12,0.40625,0.28125,0.09375,0.03125,0.078125
1962-W13,0.43548387096774194,0.24193548387096775,0.11290322580645161,0.03225806451612903,0.0967741935483871
1962-W14,0.47692307692307695,0.18461538461538463,0.09230769230769231,0.03076923076923077,0.09230769230769231
1962-W15,0.46875,0.171875,0.140625,0.03125,0.0625
1962-W16,0.46774193548387094,0.1774193548387097,0.14516129032258066,0.016129032258064516,0.06451612903225806
1962-W17,0.49206349206349204,0.20634920634920634,0.14285714285714285,0.015873015873015872,0.031746031746031744
1962-W18,0.46153846153846156,0.2,0.18461538461538463,0.015384615384615385,0.03076923076923077
1962-W19,0.45588235294117646,0.19117647058823528,0.22058823529411764,0.0,0.04411764705882353
1962-W20,0.45588235294117646,0.16176470588235295,0.19117647058823528,0.0,0.058823529411764705
1962-W21,0.45714285714285713,0.2,0.2,0.0,0.05714285714285714
1962-W22,0.4647887323943662,0.18309859154929578,0.16901408450704225,0.0,0.056338028169014086
1962-W23,0.4647887323943662,0.16901408450704225,0.16901408450704225,0.0,0.056338028169014086
1962-W24,0.4583333333333333,0.18055555555555555,0.18055555555555555,0.0,0.041666666666666664
1962-W25,0.4714285714285714,0.14285714285714285,0.2,0.0,0.04285714285714286
1962-W26,0.4696969696969697,0.13636363636363635,0.19696969696969696,0.0,0.045454545454545456
1962-W27,0.4153846153846154,0.13846153846153847,0.24615384615384617,0.0,0.06153846153846154
1962-W28,0.4444444444444444,0.14285714285714285,0.20634920634920634,0.0,0.06349206349206349
1962-W29,0.390625,0.171875,0.203125,0.0,0.09375
1962-W30,0.38235294117647056,0.1323529411764706,0.19117647058823528,0.0,0.10294117647058823
1962-W31,0.4492753623188406,0.13043478260869565,0.13043478260869565,0.0,0.08695652173913043
1962-W32,0.4864864864864865,0.17567567567567569,0.10810810810810811,0.0,0.08108108108108109
1962-W33,0.4594594594594595,0.1891891891891892,0.10810810810810811,0.0,0.08108108108108109
1962-W34,0.4583333333333333,0.1527777777777778,0.1527777777777778,0.0,0.125
1962-W35,0.4861111111111111,0.1527777777777778,0.1388888888888889,0.0,0.09722222222222222
1962-W36,0.4864864864864865,0.20270270270270271,0.12162162162162163,0.013513513513513514,0.08108108108108109
1962-W37,0.52,0.2,0.10666666666666667,0.0,0.08
1962-W38,0.5277777777777778,0.19444444444444445,0.1111111111111111,0.0,0.08333333333333333
1962-W39,0.4931506849315068,0.1780821917808219,0.136986301369863,0.0,0.0958904109589041
1962-W40,0.49295774647887325,0.16901408450704225,0.15492957746478872,0.0,0.09859154929577464
1962-W41,0.5303030303030303,0.18181818181818182,0.13636363636363635,0.0,0.09090909090909091
1962-W42,0.5294117647058824,0.17647058823529413,0.1323529411764706,0.0,0.08823529411764706
1962-W43,0.4927536231884058,0.14492753623188406,0.14492753623188406,0.0,0.10144927536231885
1962-W44,0.5909090909090909,0.09090909090909091,0.10606060606060606,0.0,0.10606060606060606
1962-W45,0.5671641791044776,0.11940298507462686,0.11940298507462686,0.0,0.08955223880597014
1962-W46,0.4782608695652174,0.14492753623188406,0.14492753623188406,0.0,0.08695652173913043
1962-W47,0.47761194029850745,0.16417910447761194,0.14925373134328357,0.0,0.08955223880597014
1962-W48,0.5070422535211268,0.15492957746478872,0.16901408450704225,0.0,0.056338028169014086
1962-W49,0.4583333333333333,0.125,0.20833333333333334,0.0,0.06944444444444445
1962-W50,0.4411764705882353,0.11764705882352941,0.20588235294117646,0.0,0.07352941176470588
1962-W51,0.4411764705882353,0.14705882352941177,0.19117647058823528,0.0,0.07352941176470588
1962-W52,0.4,0.16923076923076924,0.16923076923076924,0.0,0.1076923076923077
1963-W01,0.42857142857142855,0.15714285714285714,0.15714285714285714,0.0,0.08571428571428572
1963-W02,0.38571428571428573,0.17142857142857143,0.2,0.0,0.08571428571428572
1963-W03,0.4057971014492754,0.18840579710144928,0.18840579710144928,0.0,0.08695652173913043
1963-W04,0.4225352112676056,0.15492957746478872,0.18309859154929578,0.0,0.08450704225352113
1963-W05,0.4027777777777778,0.16666666666666666,0.19444444444444445,0.0,0.08333333333333333
1963-W06,0.3880597014925373,0.208955223880597,0.1791044776119403,0.0,0.08955223880597014
1963-W07,0.38235294117647056,0.22058823529411764,0.16176470588235295,0.0,0.07352941176470588
1963-W08,0.42028985507246375,0.21739130434782608,0.17391304347826086,0.0,0.07246376811594203
1963-W09,0.45588235294117646,0.22058823529411764,0.17647058823529413,0.0,0.058823529411764705
1963-W10,0.4411764705882353,0.22058823529411764,0.19117647058823528,0.0,0.058823529411764705
1963-W11,0.4057971014492754,0.2028985507246377,0.2318840579710145,0.0,0.07246376811594203
1963-W12,0.44594594594594594,0.20270270270270271,0.20270270270270271,0.0,0.08108108108108109
1963-W13,0.5205479452054794,0.1643835616438356,0.2054794520547945,0.0,0.0410958904109589
1963-W14,0.5131578947368421,0.13157894736842105,0.21052631578947367,0.0,0.039473684210526314
1963-W15,0.5277777777777778,0.1388888888888889,0.19444444444444445,0.0,0.05555555555555555
1963-W16,0.5068493150684932,0.1506849315068493,0.2054794520547945,0.0,0.0547945205479452
1963-W17,0.5616438356164384,0.1506849315068493,0.1917808219178082,0.0,0.0273972602739726
1963-W18,0.5263157894736842,0.18421052631578946,0.19736842105263158,0.0,0.039473684210526314
1963-W19,0.5526315789473685,0.17105263157894737,0.15789473684210525,0.0,0.05263157894736842
1963-W20,0.5714285714285714,0.15584415584415584,0.15584415584415584,0.0,0.05194805194805195
1963-W21,0.5135135135135135,0.16216216216216217,0.20270270270270271,0.0,0.04054054054054054
1963-W22,0.5416666666666666,0.1527777777777778,0.16666666666666666,0.0,0.05555555555555555
1963-W23,0.5211267605633803,0.14084507042253522,0.18309859154929578,0.0,0.07042253521126761
1963-W24,0.5,0.18571428571428572,0.14285714285714285,0.0,0.08571428571428572
1963-W25,0.4857142857142857,0.17142857142857143,0.18571428571428572,0.0,0.08571428571428572
1963-W26,0.45714285714285713,0.2,0.21428571428571427,0.0,0.07142857142857142
1963-W27,0.4266666666666667,0.18666666666666668,0.22666666666666666,0.0,0.08
1963-W28,0.3972602739726027,0.1643835616438356,0.2602739726027397,0.0,0.0958904109589041
1963-W29,0.3582089552238806,0.19402985074626866,0.23880597014925373,0.0,0.1044776119402985
1963-W30,0.373134328358209,0.16417910447761194,0.2537313432835821,0.0,0.08955223880597014
1963-W31,0.4142857142857143,0.15714285714285714,0.2571428571428571,0.0,0.08571428571428572
1963-W32,0.45588235294117646,0.14705882352941177,0.23529411764705882,0.0,0.10294117647058823
1963-W33,0.4788732394366197,0.16901408450704225,0.16901408450704225,0.0,0.09859154929577464
1963-W34,0.5217391304347826,0.15942028985507245,0.14492753623188406,0.0,0.08695652173913043
1963-W35,0.5277777777777778,0.1527777777777778,0.1527777777777778,0.0,0.08333333333333333
1963-W36,0.5507246376811594,0.15942028985507245,0.17391304347826086,0.0,0.028985507246376812
1963-W37,0.5970149253731343,0.14925373134328357,0.14925373134328357,0.0,0.014925373134328358
1963-W38,0.5970149253731343,0.13432835820895522,0.13432835820895522,0.0,0.029850746268656716
1963-W39,0.5522388059701493,0.14925373134328357,0.16417910447761194,0.0,0.029850746268656716
1963-W40,0.5384615384615384,0.2,0.15384615384615385,0.0,0.03076923076923077
1963-W41,0.5079365079365079,0.15873015873015872,0.1746031746031746,0.0,0.06349206349206349
1963-W42,0.5151515151515151,0.19696969696969696,0.19696969696969696,0.0,0.045454545454545456
1963-W43,0.5217391304347826,0.17391304347826086,0.18840579710144928,0.0,0.057971014492753624
1963-W44,0.4714285714285714,0.2,0.22857142857142856,0.0,0.05714285714285714
1963-W45,0.49295774647887325,0.16901408450704225,0.22535211267605634,0.0,0.056338028169014086
1963-W46,0.5428571428571428,0.14285714285714285,0.21428571428571427,0.0,0.05714285714285714
1963-W47,0.5142857142857142,0.14285714285714285,0.24285714285714285,0.0,0.02857142857142857
1963-W48,0.5428571428571428,0.14285714285714285,0.2,0.0,0.04285714285714286
1963-W49,0.5492957746478874,0.14084507042253522,0.2112676056338028,0.0,0.04225352112676056
1963-W50,0.5694444444444444,0.18055555555555555,0.16666666666666666,0.0,0.027777777777777776
1963-W51,0.5921052631578947,0.15789473684210525,0.17105263157894737,0.0,0.013157894736842105
1963-W52,0.6164383561643836,0.1232876712328767,0.1780821917808219,0.0,0.0273972602739726
1964-W01,0.589041095890411,0.1232876712328767,0.2191780821917808,0.0,0.0136986301369863
1964-W02,0.5753424657534246,0.1232876712328767,0.2328767123287671,0.0,0.0136986301369863
1964-W03,0.5394736842105263,0.14473684210526316,0.23684210526315788,0.0,0.013157894736842105
1964-W04,0.5063291139240507,0.1518987341772152,0.25316455696202533,0.0,0.02531645569620253
1964-W05,0.4578313253012048,0.18072289156626506,0.26506024096385544,0.0,0.024096385542168676
1964-W06,0.40963855421686746,0.21686746987951808,0.2289156626506024,0.0,0.04819277108433735
1964-W07,0.3950617283950617,0.2345679012345679,0.18518518518518517,0.0,0.07407407407407407
1964-W08,0.4025974025974026,0.2077922077922078,0.22077922077922077,0.0,0.07792207792207792
1964-W09,0.3783783783783784,0.21621621621621623,0.24324324324324326,0.0,0.06756756756756757
1964-W10,0.32,0.25333333333333335,0.26666666666666666,0.0,0.09333333333333334
1964-W11,0.323943661971831,0.2535211267605634,0.22535211267605634,0.0,0.09859154929577464
1964-W12,0.3888888888888889,0.2638888888888889,0.16666666666666666,0.0,0.08333333333333333
1964-W13,0.37333333333333335,0.29333333333333333,0.2,0.0,0.06666666666666667
1964-W14,0.38961038961038963,0.2727272727272727,0.18181818181818182,0.0,0.05194805194805195
1964-W15,0.3684210526315789,0.3026315789473684,0.14473684210526316,0.0,0.039473684210526314
1964-W16,0.42105263157894735,0.27631578947368424,0.14473684210526316,0.0,0.02631578947368421
1964-W17,0.42857142857142855,0.2597402597402597,0.14285714285714285,0.0,0.025974025974025976
1964-W18,0.4444444444444444,0.19753086419753085,0.1728395061728395,0.0,0.037037037037037035
1964-W19,0.4625,0.1875,0.2,0.0,0.025
1964-W20,0.43243243243243246,0.20270270270270271,0.20270270270270271,0.0,0.04054054054054054
1964-W21,0.4657534246575342,0.2191780821917808,0.1780821917808219,0.0,0.0136986301369863
1964-W22,0.4647887323943662,0.23943661971830985,0.18309859154929578,0.0,0.028169014084507043
1964-W23,0.44776119402985076,0.23880597014925373,0.208955223880597,0.0,0.029850746268656716
1964-W24,0.42424242424242425,0.22727272727272727,0.22727272727272727,0.0,0.045454545454545456
1964-W25,0.44285714285714284,0.22857142857142856,0.21428571428571427,0.0,0.02857142857142857
1964-W26,0.45714285714285713,0.21428571428571427,0.21428571428571427,0.0,0.02857142857142857
1964-W27,0.4647887323943662,0.19718309859154928,0.19718309859154928,0.014084507042253521,0.04225352112676056
1964-W28,0.4861111111111111,0.20833333333333334,0.1527777777777778,0.013888888888888888,0.041666666666666664
1964-W29,0.4794520547945205,0.2054794520547945,0.1643835616438356,0.0136986301369863,0.0273972602739726
1964-W30,0.4805194805194805,0.22077922077922077,0.14285714285714285,0.012987012987012988,0.03896103896103896
1964-W31,0.5,0.25,0.1125,0.0125,0.025
1964-W32,0.5064935064935064,0.24675324675324675,0.09090909090909091,0.012987012987012988,0.03896103896103896
1964-W33,0.5135135135135135,0.24324324324324326,0.10810810810810811,0.0,0.04054054054054054
1964-W34,0.5,0.19736842105263158,0.13157894736842105,0.0,0.06578947368421052
1964-W35,0.5138888888888888,0.19444444444444445,0.1388888888888889,0.0,0.05555555555555555
1964-W36,0.5131578947368421,0.23684210526315788,0.10526315789473684,0.0,0.05263157894736842
1964-W37,0.47297297297297297,0.2972972972972973,0.0945945945945946,0.0,0.02702702702702703
1964-W38,0.4805194805194805,0.2857142857142857,0.11688311688311688,0.0,0.025974025974025976
1964-W39,0.49382716049382713,0.25925925925925924,0.13580246913580246,0.0,0.037037037037037035
1964-W40,0.4605263157894737,0.23684210526315788,0.15789473684210525,0.0,0.039473684210526314
1964-W41,0.41333333333333333,0.26666666666666666,0.18666666666666668,0.0,0.02666666666666667
1964-W42,0.4358974358974359,0.24358974358974358,0.20512820512820512,0.0,0.02564102564102564
1964-W43,0.46987951807228917,0.2289156626506024,0.2289156626506024,0.0,0.024096385542168676
1964-W44,0.5180722891566265,0.20481927710843373,0.18072289156626506,0.0,0.060240963855421686
1964-W45,0.5,0.21428571428571427,0.20238095238095238,0.0,0.05952380952380952
1964-W46,0.47560975609756095,0.23170731707317074,0.2073170731707317,0.0,0.06097560975609756
1964-W47,0.49411764705882355,0.24705882352941178,0.17647058823529413,0.0,0.058823529411764705
1964-W48,0.4827586206896552,0.20689655172413793,0.20689655172413793,0.0,0.06896551724137931
1964-W49,0.4880952380952381,0.21428571428571427,0.16666666666666666,0.0,0.07142857142857142
1964-W50,0.4883720930232558,0.20930232558139536,0.18604651162790697,0.0,0.06976744186046512
1964-W51,0.4942528735632184,0.1724137931034483,0.22988505747126436,0.0,0.04597701149425287
1964-W52,0.4772727272727273,0.19318181818181818,0.22727272727272727,0.0,0.045454545454545456
1964-W53,0.4431818181818182,0.2159090909090909,0.2159090909090909,0.0,0.06818181818181818
1965-W01,0.43529411764705883,0.21176470588235294,0.2,0.0,0.08235294117647059
1965-W02,0.41975308641975306,0.20987654320987653,0.20987654320987653,0.0,0.08641975308641975
1965-W03,0.47619047619047616,0.19047619047619047,0.17857142857142858,0.0,0.09523809523809523
1965-W04,0.5,0.15,0.2125,0.0,0.1
1965-W05,0.4810126582278481,0.17721518987341772,0.22784810126582278,0.0,0.08860759493670886
1965-W06,0.4634146341463415,0.1951219512195122,0.21951219512195122,0.0,0.0975609756097561
1965-W07,0.4634146341463415,0.21951219512195122,0.21951219512195122,0.0,0.07317073170731707
1965-W08,0.4444444444444444,0.24691358024691357,0.2222222222222222,0.0,0.06172839506172839
1965-W09,0.45348837209302323,0.2441860465116279,0.22093023255813954,0.0,0.046511627906976744
1965-W10,0.47674418604651164,0.26744186046511625,0.18604651162790697,0.0,0.03488372093023256
1965-W11,0.5,0.23255813953488372,0.18604651162790697,0.0,0.03488372093023256
1965-W12,0.5058823529411764,0.23529411764705882,0.17647058823529413,0.0,0.0
1965-W13,0.5176470588235295,0.25882352941176473,0.16470588235294117,0.0,0.0
1965-W14,0.5487804878048781,0.24390243902439024,0.15853658536585366,0.0,0.0
1965-W15,0.5487804878048781,0.25609756097560976,0.13414634146341464,0.0,0.012195121951219513
1965-W16,0.5526315789473685,0.25,0.14473684210526316,0.0,0.0
1965-W17,0.5466666666666666,0.24,0.17333333333333334,0.0,0.0
1965-W18,0.5324675324675324,0.23376623376623376,0.16883116883116883,0.0,0.0
1965-W19,0.4625,0.25,0.175,0.0,0.0375
1965-W20,0.4578313253012048,0.27710843373493976,0.14457831325301204,0.0,0.03614457831325301
1965-W21,0.4939759036144578,0.2289156626506024,0.1566265060240964,0.0,0.03614457831325301
1965-W22,0.47619047619047616,0.23809523809523808,0.15476190476190477,0.0,0.03571428571428571
1965-W23,0.4819277108433735,0.25301204819277107,0.13253012048192772,0.0,0.03614457831325301
1965-W24,0.5185185185185185,0.2345679012345679,0.13580246913580246,0.0,0.037037037037037035
1965-W25,0.5061728395061729,0.20987654320987653,0.13580246913580246,0.0,0.07407407407407407
1965-W26,0.46835443037974683,0.24050632911392406,0.1518987341772152,0.0,0.0759493670886076
1965-W27,0.5,0.2,0.1625,0.0,0.0875
1965-W28,0.47560975609756095,0.17073170731707318,0.2073170731707317,0.0,0.07317073170731707
1965-W29,0.46835443037974683,0.189873417721519,0.189873417721519,0.0,0.0759493670886076
1965-W30,0.48,0.2,0.2,0.0,0.06666666666666667
1965-W31,0.5063291139240507,0.17721518987341772,0.21518987341772153,0.0,0.05063291139240506
1965-W32,0.4,0.25,0.2375,0.0,0.05
1965-W33,0.425,0.25,0.225,0.0,0.05
1965-W34,0.38823529411764707,0.25882352941176473,0.21176470588235294,0.0,0.058823529411764705
1965-W35,0.3493975903614458,0.27710843373493976,0.21686746987951808,0.0,0.060240963855421686
1965-W36,0.34146341463414637,0.2682926829268293,0.2073170731707317,0.0,0.08536585365853659
1965-W37,0.375,0.25,0.175,0.0,0.0875
1965-W38,0.35294117647058826,0.25882352941176473,0.16470588235294117,0.0,0.09411764705882353
1965-W39,0.3902439024390244,0.2804878048780488,0.12195121951219512,0.0,0.08536585365853659
1965-W40,0.42168674698795183,0.26506024096385544,0.0963855421686747,0.0,0.08433734939759036
1965-W41,0.4166666666666667,0.25,0.08333333333333333,0.0,0.11904761904761904
1965-W42,0.39759036144578314,0.27710843373493976,0.12048192771084337,0.0,0.10843373493975904
1965-W43,0.40963855421686746,0.30120481927710846,0.13253012048192772,0.0,0.08433734939759036
1965-W44,0.4,0.2823529411764706,0.1411764705882353,0.0,0.09411764705882353
1965-W45,0.39759036144578314,0.30120481927710846,0.1566265060240964,0.0,0.08433734939759036
1965-W46,0.4125,0.2625,0.175,0.0,0.075
1965-W47,0.43209876543209874,0.25925925925925924,0.18518518518518517,0.0,0.07407407407407407
1965-W48,0.4268292682926829,0.25609756097560976,0.18292682926829268,0.0,0.06097560975609756
1965-W49,0.4268292682926829,0.23170731707317074,0.1951219512195122,0.0,0.06097560975609756
1965-W50,0.4470588235294118,0.23529411764705882,0.15294117647058825,0.0,0.07058823529411765
1965-W51,0.43023255813953487,0.23255813953488372,0.1511627906976744,0.0,0.05813953488372093
1965-W52,0.4523809523809524,0.20238095238095238,0.15476190476190477,0.0,0.05952380952380952
1966-W01,0.43023255813953487,0.22093023255813954,0.12790697674418605,0.0,0.06976744186046512
1966-W02,0.4444444444444444,0.23333333333333334,0.13333333333333333,0.0,0.06666666666666667
1966-W03,0.42696629213483145,0.2247191011235955,0.16853932584269662,0.0,0.0449438202247191
1966-W04,0.43023255813953487,0.22093023255813954,0.1744186046511628,0.0,0.046511627906976744
1966-W05,0.4606741573033708,0.2247191011235955,0.15730337078651685,0.0,0.0449438202247191
1966-W06,0.47126436781609193,0.2413793103448276,0.13793103448275862,0.0,0.034482758620689655
1966-W07,0.48863636363636365,0.23863636363636365,0.17045454545454544,0.0,0.045454545454545456
1966-W08,0.5116279069767442,0.23255813953488372,0.1511627906976744,0.0,0.046511627906976744
1966-W09,0.5,0.22093023255813954,0.18604651162790697,0.0,0.046511627906976744
1966-W10,0.5176470588235295,0.2,0.2,0.0,0.047058823529411764
1966-W11,0.5060240963855421,0.20481927710843373,0.18072289156626506,0.0,0.03614457831325301
1966-W12,0.4878048780487805,0.17073170731707318,0.23170731707317074,0.0,0.036585365853658534
1966-W13,0.47058823529411764,0.16470588235294117,0.2235294117647059,0.0,0.047058823529411764
1966-W14,0.45977011494252873,0.1724137931034483,0.22988505747126436,0.0,0.04597701149425287
1966-W15,0.47058823529411764,0.21176470588235294,0.2,0.0,0.023529411764705882
1966-W16,0.47619047619047616,0.25,0.16666666666666666,0.0,0.023809523809523808
1966-W17,0.4457831325301205,0.26506024096385544,0.1927710843373494,0.0,0.03614457831325301
1966-W18,0.4642857142857143,0.23809523809523808,0.20238095238095238,0.0,0.03571428571428571
1966-W19,0.43023255813953487,0.2558139534883721,0.18604651162790697,0.0,0.06976744186046512
1966-W20,0.39080459770114945,0.28735632183908044,0.1724137931034483,0.0,0.08045977011494253
1966-W21,0.3563218390804598,0.27586206896551724,0.21839080459770116,0.0,0.08045977011494253
1966-W22,0.4044943820224719,0.25842696629213485,0.19101123595505617,0.0,0.07865168539325842
1966-W23,0.3563218390804598,0.27586206896551724,0.20689655172413793,0.0,0.08045977011494253
1966-W24,0.3956043956043956,0.25274725274725274,0.21978021978021978,0.0,0.07692307692307693
1966-W25,0.3956043956043956,0.24175824175824176,0.21978021978021978,0.0,0.08791208791208792
1966-W26,0.449438202247191,0.25842696629213485,0.19101123595505617,0.0,0.0449438202247191
1966-W27,0.4431818181818182,0.29545454545454547,0.17045454545454544,0.0,0.045454545454545456
1966-W28,0.46511627906976744,0.27906976744186046,0.1511627906976744,0.0,0.046511627906976744
1966-W29,0.45054945054945056,0.27472527472527475,0.14285714285714285,0.0,0.06593406593406594
1966-W30,0.4175824175824176,0.27472527472527475,0.16483516483516483,0.0,0.07692307692307693
1966-W31,0.42696629213483145,0.29213483146067415,0.15730337078651685,0.0,0.06741573033707865
1966-W32,0.4772727272727273,0.2840909090909091,0.13636363636363635,0.0,0.056818181818181816
1966-W33,0.46511627906976744,0.29069767441860467,0.16279069767441862,0.0,0.05813953488372093
1966-W34,0.47058823529411764,0.2823529411764706,0.15294117647058825,0.0,0.058823529411764705
1966-W35,0.4117647058823529,0.2823529411764706,0.16470588235294117,0.0,0.07058823529411765
1966-W36,0.4117647058823529,0.2823529411764706,0.16470588235294117,0.0,0.08235294117647059
1966-W37,0.41379310344827586,0.2988505747126437,0.16091954022988506,0.0,0.06896551724137931
1966-W38,0.47058823529411764,0.25882352941176473,0.12941176470588237,0.0,0.058823529411764705
1966-W39,0.43529411764705883,0.25882352941176473,0.1411764705882353,0.0,0.07058823529411765
1966-W40,0.43373493975903615,0.25301204819277107,0.14457831325301204,0.0,0.08433734939759036
1966-W41,0.4578313253012048,0.26506024096385544,0.12048192771084337,0.0,0.0963855421686747
1966-W42,0.45348837209302323,0.29069767441860467,0.13953488372093023,0.0,0.06976744186046512
1966-W43,0.4827586206896552,0.28735632183908044,0.14942528735632185,0.0,0.04597701149425287
1966-W44,0.4823529411764706,0.23529411764705882,0.18823529411764706,0.0,0.058823529411764705
1966-W45,0.4470588235294118,0.25882352941176473,0.18823529411764706,0.0,0.058823529411764705
1966-W46,0.4235294117647059,0.2823529411764706,0.18823529411764706,0.0,0.058823529411764705
1966-W47,0.4642857142857143,0.25,0.19047619047619047,0.0,0.03571428571428571
1966-W48,0.45121951219512196,0.25609756097560976,0.2073170731707317,0.0,0.024390243902439025
1966-W49,0.45121951219512196,0.25609756097560976,0.1951219512195122,0.0,0.036585365853658534
1966-W50,0.4578313253012048,0.25301204819277107,0.1927710843373494,0.0,0.04819277108433735
1966-W51,0.47560975609756095,0.21951219512195122,0.17073170731707318,0.0,0.04878048780487805
1966-W52,0.47560975609756095,0.21951219512195122,0.1951219512195122,0.0,0.024390243902439025
1967-W01,0.46153846153846156,0.20512820512820512,0.19230769230769232,0.0,0.038461538461538464
1967-W02,0.4625,0.2125,0.2125,0.0,0.025
1967-W03,0.4567901234567901,0.2345679012345679,0.18518518518518517,0.0,0.024691358024691357
1967-W04,0.5263157894736842,0.17105263157894737,0.17105263157894737,0.0,0.02631578947368421
1967-W05,0.5189873417721519,0.189873417721519,0.189873417721519,0.0,0.02531645569620253
1967-W06,0.475,0.2375,0.175,0.0,0.025
1967-W07,0.48148148148148145,0.24691358024691357,0.1728395061728395,0.0,0.012345679012345678
1967-W08,0.4268292682926829,0.2804878048780488,0.2073170731707317,0.0,0.012195121951219513
1967-W09,0.43902439024390244,0.2682926829268293,0.1951219512195122,0.0,0.024390243902439025
1967-W10,0.43209876543209874,0.2839506172839506,0.18518518518518517,0.0,0.024691358024691357
1967-W11,0.4,0.2875,0.2,0.0,0.0375
1967-W12,0.3780487804878049,0.25609756097560976,0.23170731707317074,0.0,0.06097560975609756
1967-W13,0.4,0.2375,0.2125,0.0,0.05
1967-W14,0.4050632911392405,0.24050632911392406,0.16455696202531644,0.0,0.05063291139240506
1967-W15,0.4177215189873418,0.20253164556962025,0.20253164556962025,0.0,0.06329113924050633
1967-W16,0.43902439024390244,0.1951219512195122,0.2073170731707317,0.0,0.06097560975609756
1967-W17,0.5,0.17857142857142858,0.17857142857142858,0.0,0.03571428571428571
1967-W18,0.5058823529411764,0.15294117647058825,0.21176470588235294,0.0,0.047058823529411764
1967-W19,0.5348837209302325,0.1744186046511628,0.19767441860465115,0.0,0.023255813953488372
1967-W20,0.5119047619047619,0.19047619047619047,0.21428571428571427,0.0,0.011904761904761904
1967-W21,0.5287356321839081,0.1839080459770115,0.21839080459770116,0.0,0.011494252873563218
1967-W22,0.4659090909090909,0.20454545454545456,0.2159090909090909,0.0,0.022727272727272728
1967-W23,0.4942528735632184,0.21839080459770116,0.20689655172413793,0.0,0.011494252873563218
1967-W24,0.43820224719101125,0.24719101123595505,0.2696629213483146,0.0,0.011235955056179775
1967-W25,0.45977011494252873,0.19540229885057472,0.27586206896551724,0.0,0.022988505747126436
1967-W26,0.45977011494252873,0.21839080459770116,0.26436781609195403,0.0,0.011494252873563218
1967-W27,0.47058823529411764,0.2235294117647059,0.21176470588235294,0.0,0.03529411764705882
1967-W28,0.5,0.20238095238095238,0.20238095238095238,0.0,0.03571428571428571
1967-W29,0.47619047619047616,0.2261904761904762,0.19047619047619047,0.0,0.03571428571428571
1967-W30,0.5,0.2073170731707317,0.17073170731707318,0.0,0.036585365853658534
1967-W31,0.47619047619047616,0.2261904761904762,0.15476190476190477,0.0,0.047619047619047616
1967-W32,0.4588235294117647,0.24705882352941178,0.2,0.0,0.03529411764705882
1967-W33,0.4883720930232558,0.20930232558139536,0.19767441860465115,0.0,0.046511627906976744
1967-W34,0.4939759036144578,0.1927710843373494,0.20481927710843373,0.0,0.024096385542168676
1967-W35,0.5121951219512195,0.17073170731707318,0.2073170731707317,0.0,0.024390243902439025
1967-W36,0.5180722891566265,0.18072289156626506,0.1927710843373494,0.0,0.024096385542168676
1967-W37,0.5060240963855421,0.18072289156626506,0.1927710843373494,0.0,0.03614457831325301
1967-W38,0.4578313253012048,0.1927710843373494,0.2289156626506024,0.0,0.03614457831325301
1967-W39,0.4634146341463415,0.1951219512195122,0.2073170731707317,0.0,0.06097560975609756
1967-W40,0.4430379746835443,0.1518987341772152,0.25316455696202533,0.0,0.06329113924050633
1967-W41,0.49382716049382713,0.13580246913580246,0.2716049382716049,0.0,0.037037037037037035
1967-W42,0.5256410256410257,0.1282051282051282,0.2692307692307692,0.0,0.05128205128205128
1967-W43,0.55,0.1375,0.225,0.0,0.0625
1967-W44,0.5365853658536586,0.12195121951219512,0.24390243902439024,0.0,0.06097560975609756
1967-W45,0.5952380952380952,0.09523809523809523,0.21428571428571427,0.0,0.047619047619047616
1967-W46,0.5764705882352941,0.12941176470588237,0.21176470588235294,0.0,0.047058823529411764
1967-W47,0.5581395348837209,0.10465116279069768,0.2441860465116279,0.0,0.03488372093023256
1967-W48,0.5294117647058824,0.12941176470588237,0.2235294117647059,0.0,0.03529411764705882
1967-W49,0.5301204819277109,0.1566265060240964,0.1927710843373494,0.0,0.03614457831325301
1967-W50,0.5411764705882353,0.15294117647058825,0.18823529411764706,0.0,0.03529411764705882
1967-W51,0.5925925925925926,0.14814814814814814,0.16049382716049382,0.0,0.037037037037037035
1967-W52,0.5569620253164557,0.16455696202531644,0.17721518987341772,0.0,0.02531645569620253
1968-W01,0.5316455696202531,0.1518987341772152,0.189873417721519,0.0,0.0379746835443038
1968-W02,0.5061728395061729,0.16049382716049382,0.20987654320987653,0.0,0.024691358024691357
1968-W03,0.4691358024691358,0.16049382716049382,0.2222222222222222,0.0,0.04938271604938271
1968-W04,0.4375,0.15,0.2375,0.0,0.0625
1968-W05,0.4457831325301205,0.1566265060240964,0.24096385542168675,0.024096385542168676,0.04819277108433735
1968-W06,0.4375,0.15,0.225,0.025,0.05
1968-W07,0.43209876543209874,0.12345679012345678,0.2345679012345679,0.024691358024691357,0.04938271604938271
1968-W08,0.45121951219512196,0.13414634146341464,0.23170731707317074,0.012195121951219513,0.04878048780487805
1968-W09,0.43902439024390244,0.18292682926829268,0.21951219512195122,0.0,0.06097560975609756
1968-W10,0.4634146341463415,0.14634146341463414,0.24390243902439024,0.0,0.06097560975609756
1968-W11,0.42857142857142855,0.16666666666666666,0.2261904761904762,0.011904761904761904,0.05952380952380952
1968-W12,0.4457831325301205,0.1566265060240964,0.20481927710843373,0.012048192771084338,0.060240963855421686
1968-W13,0.4588235294117647,0.17647058823529413,0.17647058823529413,0.011764705882352941,0.07058823529411765
1968-W14,0.4367816091954023,0.1724137931034483,0.1839080459770115,0.011494252873563218,0.06896551724137931
1968-W15,0.42528735632183906,0.20689655172413793,0.19540229885057472,0.0,0.05747126436781609
1968-W16,0.4482758620689655,0.19540229885057472,0.1839080459770115,0.0,0.05747126436781609
1968-W17,0.40229885057471265,0.19540229885057472,0.2413793103448276,0.0,0.05747126436781609
1968-W18,0.38636363636363635,0.19318181818181818,0.2727272727272727,0.0,0.045454545454545456
1968-W19,0.39325842696629215,0.16853932584269662,0.2696629213483146,0.0,0.06741573033707865
1968-W20,0.4222222222222222,0.15555555555555556,0.24444444444444444,0.0,0.07777777777777778
1968-W21,0.4117647058823529,0.16470588235294117,0.25882352941176473,0.0,0.08235294117647059
1968-W22,0.40963855421686746,0.1927710843373494,0.25301204819277107,0.0,0.07228915662650602
1968-W23,0.46987951807228917,0.14457831325301204,0.24096385542168675,0.0,0.07228915662650602
1968-W24,0.47619047619047616,0.13095238095238096,0.2619047619047619,0.0,0.05952380952380952
1968-W25,0.5,0.13095238095238096,0.21428571428571427,0.0,0.05952380952380952
1968-W26,0.4939759036144578,0.1686746987951807,0.1927710843373494,0.0,0.04819277108433735
1968-W27,0.4880952380952381,0.15476190476190477,0.20238095238095238,0.0,0.047619047619047616
1968-W28,0.4523809523809524,0.15476190476190477,0.2261904761904762,0.0,0.047619047619047616
1968-W29,0.4642857142857143,0.13095238095238096,0.25,0.0,0.047619047619047616
1968-W30,0.43902439024390244,0.13414634146341464,0.2682926829268293,0.0,0.036585365853658534
1968-W31,0.44871794871794873,0.15384615384615385,0.24358974358974358,0.0,0.02564102564102564
1968-W32,0.4155844155844156,0.15584415584415584,0.24675324675324675,0.0,0.025974025974025976
1968-W33,0.46835443037974683,0.16455696202531644,0.22784810126582278,0.0,0.012658227848101266
1968-W34,0.43373493975903615,0.1686746987951807,0.25301204819277107,0.0,0.024096385542168676
1968-W35,0.3855421686746988,0.20481927710843373,0.26506024096385544,0.0,0.024096385542168676
1968-W36,0.3333333333333333,0.27380952380952384,0.2261904761904762,0.0,0.03571428571428571
1968-W37,0.3563218390804598,0.27586206896551724,0.21839080459770116,0.0,0.04597701149425287
1968-W38,0.3563218390804598,0.26436781609195403,0.22988505747126436,0.0,0.04597701149425287
1968-W39,0.3493975903614458,0.2289156626506024,0.25301204819277107,0.0,0.04819277108433735
1968-W40,0.3333333333333333,0.27586206896551724,0.22988505747126436,0.0,0.034482758620689655
1968-W41,0.35294117647058826,0.24705882352941178,0.24705882352941178,0.0,0.03529411764705882
1968-W42,0.3375,0.2375,0.2625,0.0,0.0375
1968-W43,0.3333333333333333,0.23076923076923078,0.2564102564102564,0.0,0.0641025641025641
1968-W44,0.35,0.2375,0.225,0.0,0.0625
1968-W45,0.3614457831325301,0.21686746987951808,0.2289156626506024,0.0,0.07228915662650602
1968-W46,0.35294117647058826,0.2235294117647059,0.24705882352941178,0.0,0.07058823529411765
1968-W47,0.36904761904761907,0.23809523809523808,0.21428571428571427,0.0,0.07142857142857142
1968-W48,0.4268292682926829,0.2073170731707317,0.18292682926829268,0.0,0.07317073170731707
1968-W49,0.39759036144578314,0.20481927710843373,0.18072289156626506,0.0,0.10843373493975904
1968-W50,0.3953488372093023,0.19767441860465115,0.1744186046511628,0.0,0.10465116279069768
1968-W51,0.4268292682926829,0.18292682926829268,0.21951219512195122,0.0,0.06097560975609756
1968-W52,0.43902439024390244,0.17073170731707318,0.1951219512195122,0.0,0.08536585365853659
1969-W01,0.4166666666666667,0.15476190476190477,0.2261904761904762,0.0,0.07142857142857142
1969-W02,0.4235294117647059,0.15294117647058825,0.21176470588235294,0.0,0.07058823529411765
1969-W03,0.36904761904761907,0.15476190476190477,0.2619047619047619,0.0,0.07142857142857142
1969-W04,0.3411764705882353,0.16470588235294117,0.2823529411764706,0.0,0.08235294117647059
1969-W05,0.3333333333333333,0.15476190476190477,0.2976190476190476,0.0,0.07142857142857142
1969-W06,0.3522727272727273,0.18181818181818182,0.2840909090909091,0.0,0.07954545454545454
1969-W07,0.3488372093023256,0.23255813953488372,0.2441860465116279,0.0,0.06976744186046512
1969-W08,0.36470588235294116,0.24705882352941178,0.2235294117647059,0.0,0.058823529411764705
1969-W09,0.37349397590361444,0.25301204819277107,0.21686746987951808,0.0,0.060240963855421686
1969-W10,0.3855421686746988,0.26506024096385544,0.2289156626506024,0.012048192771084338,0.03614457831325301
1969-W11,0.4069767441860465,0.26744186046511625,0.20930232558139536,0.011627906976744186,0.03488372093023256
1969-W12,0.4117647058823529,0.2823529411764706,0.17647058823529413,0.023529411764705882,0.03529411764705882
1969-W13,0.4,0.27058823529411763,0.18823529411764706,0.023529411764705882,0.03529411764705882
1969-W14,0.4117647058823529,0.27058823529411763,0.2,0.023529411764705882,0.023529411764705882
1969-W15,0.40963855421686746,0.26506024096385544,0.1927710843373494,0.012048192771084338,0.03614457831325301
1969-W16,0.43529411764705883,0.25882352941176473,0.17647058823529413,0.011764705882352941,0.03529411764705882
1969-W17,0.3953488372093023,0.26744186046511625,0.18604651162790697,0.011627906976744186,0.03488372093023256
1969-W18,0.39325842696629215,0.25842696629213485,0.19101123595505617,0.011235955056179775,0.0449438202247191
1969-W19,0.4482758620689655,0.19540229885057472,0.20689655172413793,0.011494252873563218,0.04597701149425287
1969-W20,0.4069767441860465,0.18604651162790697,0.23255813953488372,0.0,0.046511627906976744
1969-W21,0.4090909090909091,0.20454545454545456,0.23863636363636365,0.0,0.022727272727272728
1969-W22,0.3707865168539326,0.20224719101123595,0.2247191011235955,0.0,0.056179775280898875
1969-W23,0.4,0.17777777777777778,0.2111111111111111,0.0,0.06666666666666667
1969-W24,0.4069767441860465,0.19767441860465115,0.20930232558139536,0.0,0.05813953488372093
1969-W25,0.43023255813953487,0.19767441860465115,0.23255813953488372,0.0,0.046511627906976744
1969-W26,0.4222222222222222,0.18888888888888888,0.24444444444444444,0.0,0.022222222222222223
1969-W27,0.4222222222222222,0.17777777777777778,0.25555555555555554,0.0,0.03333333333333333
1969-W28,0.41379310344827586,0.20689655172413793,0.2413793103448276,0.0,0.04597701149425287
1969-W29,0.3764705882352941,0.21176470588235294,0.27058823529411763,0.0,0.047058823529411764
1969-W30,0.4024390243902439,0.1951219512195122,0.2682926829268293,0.0,0.07317073170731707
1969-W31,0.3875,0.25,0.25,0.0,0.075
1969-W32,0.4024390243902439,0.25609756097560976,0.21951219512195122,0.0,0.07317073170731707
1969-W33,0.45121951219512196,0.24390243902439024,0.18292682926829268,0.0,0.07317073170731707
1969-W34,0.46835443037974683,0.26582278481012656,0.16455696202531644,0.0,0.0759493670886076
1969-W35,0.4457831325301205,0.24096385542168675,0.20481927710843373,0.0,0.08433734939759036
1969-W36,0.39759036144578314,0.27710843373493976,0.18072289156626506,0.0,0.08433734939759036
1969-W37,0.4024390243902439,0.24390243902439024,0.2073170731707317,0.0,0.06097560975609756
1969-W38,0.4146341463414634,0.24390243902439024,0.18292682926829268,0.0,0.07317073170731707
1969-W39,0.4146341463414634,0.23170731707317074,0.2073170731707317,0.0,0.06097560975609756
1969-W40,0.40476190476190477,0.25,0.19047619047619047,0.0,0.08333333333333333
1969-W41,0.4,0.25882352941176473,0.17647058823529413,0.0,0.10588235294117647
1969-W42,0.3764705882352941,0.2823529411764706,0.21176470588235294,0.0,0.07058823529411765
1969-W43,0.35802469135802467,0.30864197530864196,0.18518518518518517,0.0,0.08641975308641975
1969-W44,0.3780487804878049,0.2926829268292683,0.15853658536585366,0.0,0.10975609756097561
1969-W45,0.3855421686746988,0.25301204819277107,0.1686746987951807,0.0,0.12048192771084337
1969-W46,0.4074074074074074,0.2222222222222222,0.14814814814814814,0.0,0.13580246913580246
1969-W47,0.39285714285714285,0.25,0.13095238095238096,0.0,0.14285714285714285
1969-W48,0.425,0.2125,0.15,0.0,0.125
1969-W49,0.4430379746835443,0.22784810126582278,0.13924050632911392,0.0,0.12658227848101267
1969-W50,0.4444444444444444,0.19753086419753085,0.16049382716049382,0.0,0.13580246913580246
1969-W51,0.4642857142857143,0.20238095238095238,0.19047619047619047,0.0,0.08333333333333333
1969-W52,0.4523809523809524,0.21428571428571427,0.21428571428571427,0.0,0.05952380952380952
1970-W01,0.45121951219512196,0.2073170731707317,0.23170731707317074,0.0,0.04878048780487805
1970-W02,0.45,0.2,0.2375,0.0,0.05
1970-W03,0.44155844155844154,0.19480519480519481,0.24675324675324675,0.0,0.05194805194805195
1970-W04,0.4155844155844156,0.23376623376623376,0.2077922077922078,0.0,0.07792207792207792
1970-W05,0.38666666666666666,0.24,0.2,0.0,0.09333333333333334
1970-W06,0.3815789473684211,0.25,0.21052631578947367,0.0,0.09210526315789473
1970-W07,0.35064935064935066,0.2727272727272727,0.22077922077922077,0.0,0.09090909090909091
1970-W08,0.358974358974359,0.2692307692307692,0.23076923076923078,0.0,0.07692307692307693
1970-W09,0.34615384615384615,0.28205128205128205,0.1794871794871795,0.0,0.10256410256410256
1970-W10,0.45569620253164556,0.20253164556962025,0.189873417721519,0.0,0.0759493670886076
1970-W11,0.43209876543209874,0.20987654320987653,0.18518518518518517,0.0,0.09876543209876543
1970-W12,0.4430379746835443,0.21518987341772153,0.21518987341772153,0.0,0.0759493670886076
1970-W13,0.425,0.2625,0.175,0.0,0.0875
1970-W14,0.38666666666666666,0.29333333333333333,0.18666666666666668,0.0,0.09333333333333334
1970-W15,0.38961038961038963,0.2727272727272727,0.18181818181818182,0.0,0.11688311688311688
1970-W16,0.358974358974359,0.2948717948717949,0.19230769230769232,0.0,0.11538461538461539
1970-W17,0.4177215189873418,0.27848101265822783,0.16455696202531644,0.0,0.08860759493670886
1970-W18,0.4358974358974359,0.2948717948717949,0.1282051282051282,0.0,0.07692307692307693
1970-W19,0.42105263157894735,0.27631578947368424,0.17105263157894737,0.0,0.06578947368421052
1970-W20,0.4155844155844156,0.3116883116883117,0.15584415584415584,0.0,0.06493506493506493
1970-W21,0.4177215189873418,0.2911392405063291,0.17721518987341772,0.0,0.05063291139240506
1970-W22,0.44871794871794873,0.24358974358974358,0.19230769230769232,0.0,0.038461538461538464
1970-W23,0.4375,0.2625,0.225,0.0,0.0125
1970-W24,0.43209876543209874,0.25925925925925924,0.20987654320987653,0.0,0.024691358024691357
1970-W25,0.4268292682926829,0.25609756097560976,0.21951219512195122,0.0,0.024390243902439025
1970-W26,0.40476190476190477,0.25,0.23809523809523808,0.0,0.023809523809523808
1970-W27,0.4074074074074074,0.24691358024691357,0.20987654320987653,0.0,0.06172839506172839
1970-W28,0.42168674698795183,0.2289156626506024,0.24096385542168675,0.0,0.060240963855421686
1970-W29,0.4117647058823529,0.2235294117647059,0.24705882352941178,0.0,0.058823529411764705
1970-W30,0.3855421686746988,0.25301204819277107,0.26506024096385544,0.0,0.04819277108433735
1970-W31,0.36904761904761907,0.25,0.27380952380952384,0.0,0.047619047619047616
1970-W32,0.37349397590361444,0.25301204819277107,0.25301204819277107,0.0,0.060240963855421686
1970-W33,0.3950617283950617,0.2716049382716049,0.20987654320987653,0.0,0.06172839506172839
1970-W34,0.43037974683544306,0.22784810126582278,0.27848101265822783,0.0,0.0379746835443038
1970-W35,0.4444444444444444,0.2345679012345679,0.24691358024691357,0.0,0.037037037037037035
1970-W36,0.42857142857142855,0.25,0.25,0.0,0.047619047619047616
1970-W37,0.4470588235294118,0.23529411764705882,0.24705882352941178,0.0,0.047058823529411764
1970-W38,0.4268292682926829,0.2682926829268293,0.23170731707317074,0.0,0.04878048780487805
1970-W39,0.4588235294117647,0.25882352941176473,0.21176470588235294,0.0,0.047058823529411764
1970-W40,0.4444444444444444,0.2777777777777778,0.2111111111111111,0.0,0.044444444444444446
1970-W41,0.45555555555555555,0.24444444444444444,0.2222222222222222,0.0,0.044444444444444446
1970-W42,0.3953488372093023,0.2558139534883721,0.2441860465116279,0.0,0.05813953488372093
1970-W43,0.4069767441860465,0.26744186046511625,0.20930232558139536,0.0,0.06976744186046512
1970-W44,0.3764705882352941,0.2823529411764706,0.21176470588235294,0.0,0.08235294117647059
1970-W45,0.3855421686746988,0.2891566265060241,0.1927710843373494,0.0,0.07228915662650602
1970-W46,0.35802469135802467,0.3333333333333333,0.1728395061728395,0.0,0.08641975308641975
1970-W47,0.3780487804878049,0.3048780487804878,0.18292682926829268,0.0,0.08536585365853659
1970-W48,0.345679012345679,0.3333333333333333,0.18518518518518517,0.0,0.09876543209876543
1970-W49,0.34615384615384615,0.3333333333333333,0.19230769230769232,0.0,0.10256410256410256
1970-W50,0.37333333333333335,0.30666666666666664,0.17333333333333334,0.0,0.12
1970-W51,0.3815789473684211,0.2894736842105263,0.18421052631578946,0.0,0.11842105263157894
1970-W52,0.36363636363636365,0.24675324675324675,0.22077922077922077,0.0,0.11688311688311688
1970-W53,0.34177215189873417,0.22784810126582278,0.22784810126582278,0.0,0.11392405063291139
1971-W01,0.36585365853658536,0.24390243902439024,0.2073170731707317,0.0,0.10975609756097561
1971-W02,0.32926829268292684,0.23170731707317074,0.23170731707317074,0.0,0.13414634146341464
1971-W03,0.32926829268292684,0.18292682926829268,0.3048780487804878,0.0,0.12195121951219512
1971-W04,0.375,0.1875,0.3,0.0,0.0875
1971-W05,0.3924050632911392,0.1518987341772152,0.31645569620253167,0.0,0.08860759493670886
1971-W06,0.4155844155844156,0.18181818181818182,0.2857142857142857,0.0,0.07792207792207792
1971-W07,0.43037974683544306,0.1518987341772152,0.2911392405063291,0.0,0.08860759493670886
1971-W08,0.3974358974358974,0.19230769230769232,0.2564102564102564,0.0,0.11538461538461539
1971-W09,0.42105263157894735,0.15789473684210525,0.25,0.0,0.11842105263157894
1971-W10,0.41333333333333333,0.16,0.25333333333333335,0.0,0.12
1971-W11,0.46153846153846156,0.14102564102564102,0.20512820512820512,0.0,0.14102564102564102
1971-W12,0.4605263157894737,0.19736842105263158,0.18421052631578946,0.0,0.11842105263157894
1971-W13,0.47435897435897434,0.20512820512820512,0.19230769230769232,0.0,0.10256410256410256
1971-W14,0.41975308641975306,0.2222222222222222,0.20987654320987653,0.0,0.1111111111111111
1971-W15,0.4050632911392405,0.22784810126582278,0.21518987341772153,0.0,0.11392405063291139
1971-W16,0.325,0.2375,0.2125,0.0,0.15
1971-W17,0.3375,0.2625,0.1875,0.0,0.125
1971-W18,0.32051282051282054,0.2564102564102564,0.21794871794871795,0.0,0.1282051282051282
1971-W19,0.32051282051282054,0.24358974358974358,0.2692307692307692,0.0,0.10256410256410256
1971-W20,0.32051282051282054,0.2692307692307692,0.2692307692307692,0.0,0.08974358974358974
1971-W21,0.3076923076923077,0.2564102564102564,0.28205128205128205,0.0,0.08974358974358974
1971-W22,0.3170731707317073,0.24390243902439024,0.2926829268292683,0.0,0.08536585365853659
1971-W23,0.32098765432098764,0.25925925925925924,0.25925925925925924,0.0,0.08641975308641975
1971-W24,0.32894736842105265,0.25,0.2631578947368421,0.0,0.06578947368421052
1971-W25,0.4142857142857143,0.14285714285714285,0.2714285714285714,0.0,0.08571428571428572
1971-W26,0.3888888888888889,0.1388888888888889,0.3055555555555556,0.0,0.09722222222222222
1971-W27,0.37333333333333335,0.17333333333333334,0.30666666666666664,0.0,0.08
1971-W28,0.31645569620253167,0.22784810126582278,0.27848101265822783,0.0,0.08860759493670886
1971-W29,0.2875,0.2,0.3125,0.0,0.075
1971-W30,0.30864197530864196,0.20987654320987653,0.2962962962962963,0.0,0.07407407407407407
1971-W31,0.3,0.2375,0.3125,0.0,0.0625
1971-W32,0.30120481927710846,0.24096385542168675,0.30120481927710846,0.0,0.060240963855421686
1971-W33,0.29411764705882354,0.2,0.29411764705882354,0.0,0.11764705882352941
1971-W34,0.32941176470588235,0.17647058823529413,0.3176470588235294,0.0,0.09411764705882353
1971-W35,0.3333333333333333,0.20238095238095238,0.2857142857142857,0.0,0.09523809523809523
1971-W36,0.3176470588235294,0.21176470588235294,0.29411764705882354,0.0,0.09411764705882353
1971-W37,0.3253012048192771,0.20481927710843373,0.2891566265060241,0.0,0.0963855421686747
1971-W38,0.3170731707317073,0.1951219512195122,0.3048780487804878,0.0,0.08536585365853659
1971-W39,0.3375,0.2125,0.3,0.0,0.075
1971-W40,0.35,0.2,0.3,0.0,0.075
1971-W41,0.34615384615384615,0.19230769230769232,0.28205128205128205,0.0,0.07692307692307693
1971-W42,0.35526315789473684,0.21052631578947367,0.23684210526315788,0.0,0.09210526315789473
1971-W43,0.37037037037037035,0.2222222222222222,0.2345679012345679,0.0,0.08641975308641975
1971-W44,0.3950617283950617,0.2222222222222222,0.24691358024691357,0.0,0.07407407407407407
1971-W45,0.37037037037037035,0.24691358024691357,0.24691358024691357,0.0,0.06172839506172839
1971-W46,0.3375,0.2875,0.225,0.0,0.0625
1971-W47,0.345679012345679,0.2839506172839506,0.2222222222222222,0.0,0.06172839506172839
1971-W48,0.35,0.3,0.2,0.0,0.075
1971-W49,0.3291139240506329,0.31645569620253167,0.20253164556962025,0.0,0.0759493670886076
1971-W50,0.3037974683544304,0.3291139240506329,0.22784810126582278,0.0,0.0759493670886076
1971-W51,0.3157894736842105,0.27631578947368424,0.2631578947368421,0.0,0.07894736842105263
1971-W52,0.2857142857142857,0.3246753246753247,0.24675324675324675,0.0,0.06493506493506493
1972-W01,0.27848101265822783,0.3291139240506329,0.26582278481012656,0.0,0.0759493670886076
1972-W02,0.325,0.3,0.25,0.0,0.075
1972-W03,0.33766233766233766,0.2597402597402597,0.2857142857142857,0.0,0.05194805194805195
1972-W04,0.3333333333333333,0.25925925925925924,0.24691358024691357,0.0,0.07407407407407407
1972-W05,0.32926829268292684,0.2804878048780488,0.23170731707317074,0.0,0.06097560975609756
1972-W06,0.3176470588235294,0.3058823529411765,0.21176470588235294,0.0,0.07058823529411765
1972-W07,0.3023255813953488,0.32558139534883723,0.20930232558139536,0.0,0.06976744186046512
1972-W08,0.29411764705882354,0.3058823529411765,0.2235294117647059,0.0,0.058823529411764705
1972-W09,0.3411764705882353,0.3058823529411765,0.21176470588235294,0.0,0.047058823529411764
1972-W10,0.3488372093023256,0.32558139534883723,0.18604651162790697,0.0,0.03488372093023256
1972-W11,0.32558139534883723,0.36046511627906974,0.16279069767441862,0.011627906976744186,0.046511627906976744
1972-W12,0.32558139534883723,0.3488372093023256,0.1744186046511628,0.011627906976744186,0.05813953488372093
1972-W13,0.3068181818181818,0.3068181818181818,0.20454545454545456,0.0,0.10227272727272728
1972-W14,0.29545454545454547,0.29545454545454547,0.22727272727272727,0.0,0.10227272727272728
1972-W15,0.313953488372093,0.27906976744186046,0.23255813953488372,0.0,0.10465116279069768
1972-W16,0.27586206896551724,0.3103448275862069,0.25287356321839083,0.0,0.09195402298850575
1972-W17,0.3103448275862069,0.3218390804597701,0.22988505747126436,0.0,0.06896551724137931
1972-W18,0.3448275862068966,0.3103448275862069,0.2413793103448276,0.0,0.04597701149425287
1972-W19,0.36046511627906974,0.27906976744186046,0.2441860465116279,0.0,0.05813953488372093
1972-W20,0.367816091954023,0.26436781609195403,0.25287356321839083,0.0,0.05747126436781609
1972-W21,0.3595505617977528,0.24719101123595505,0.29213483146067415,0.0,0.056179775280898875
1972-W22,0.38636363636363635,0.2159090909090909,0.29545454545454547,0.0,0.056818181818181816
1972-W23,0.375,0.22727272727272727,0.3181818181818182,0.0,0.045454545454545456
1972-W24,0.4186046511627907,0.20930232558139536,0.29069767441860467,0.0,0.046511627906976744
1972-W25,0.4482758620689655,0.22988505747126436,0.25287356321839083,0.0,0.04597701149425287
1972-W26,0.4827586206896552,0.1724137931034483,0.26436781609195403,0.0,0.04597701149425287
1972-W27,0.4659090909090909,0.17045454545454544,0.2840909090909091,0.0,0.045454545454545456
1972-W28,0.43023255813953487,0.18604651162790697,0.29069767441860467,0.0,0.05813953488372093
1972-W29,0.40229885057471265,0.20689655172413793,0.25287356321839083,0.011494252873563218,0.09195402298850575
1972-W30,0.43529411764705883,0.18823529411764706,0.23529411764705882,0.011764705882352941,0.09411764705882353
1972-W31,0.4222222222222222,0.2,0.2222222222222222,0.011111111111111112,0.1
1972-W32,0.42045454545454547,0.2159090909090909,0.2159090909090909,0.011363636363636364,0.09090909090909091
1972-W33,0.4044943820224719,0.2247191011235955,0.20224719101123595,0.011235955056179775,0.0898876404494382
1972-W34,0.4044943820224719,0.21348314606741572,0.21348314606741572,0.0,0.11235955056179775
1972-W35,0.38202247191011235,0.24719101123595505,0.20224719101123595,0.0,0.10112359550561797
1972-W36,0.40229885057471265,0.22988505747126436,0.21839080459770116,0.0,0.06896551724137931
1972-W37,0.449438202247191,0.20224719101123595,0.2247191011235955,0.0,0.06741573033707865
1972-W38,0.4367816091954023,0.2413793103448276,0.1839080459770115,0.0,0.06896551724137931
1972-W39,0.4117647058823529,0.24705882352941178,0.2,0.0,0.08235294117647059
1972-W40,0.4235294117647059,0.2235294117647059,0.21176470588235294,0.0,0.08235294117647059
1972-W41,0.4367816091954023,0.2413793103448276,0.19540229885057472,0.0,0.05747126436781609
1972-W42,0.42528735632183906,0.26436781609195403,0.22988505747126436,0.0,0.034482758620689655
1972-W43,0.4069767441860465,0.27906976744186046,0.23255813953488372,0.0,0.03488372093023256
1972-W44,0.38823529411764707,0.29411764705882354,0.27058823529411763,0.0,0.011764705882352941
1972-W45,0.39080459770114945,0.2988505747126437,0.26436781609195403,0.0,0.011494252873563218
1972-W46,0.391304347826087,0.29347826086956524,0.2717391304347826,0.0,0.010869565217391304
1972-W47,0.40425531914893614,0.3191489361702128,0.2127659574468085,0.0,0.031914893617021274
1972-W48,0.38202247191011235,0.33707865168539325,0.21348314606741572,0.0,0.033707865168539325
1972-W49,0.42045454545454547,0.2840909090909091,0.2159090909090909,0.0,0.045454545454545456
1972-W50,0.4090909090909091,0.29545454545454547,0.2159090909090909,0.0,0.045454545454545456
1972-W51,0.4418604651162791,0.2441860465116279,0.22093023255813954,0.0,0.046511627906976744
1972-W52,0.4523809523809524,0.21428571428571427,0.21428571428571427,0.0,0.07142857142857142
1973-W01,0.42168674698795183,0.20481927710843373,0.2289156626506024,0.0,0.0963855421686747
1973-W02,0.4024390243902439,0.2073170731707317,0.24390243902439024,0.0,0.08536585365853659
1973-W03,0.3950617283950617,0.20987654320987653,0.2716049382716049,0.0,0.06172839506172839
1973-W04,0.38271604938271603,0.2222222222222222,0.2839506172839506,0.0,0.06172839506172839
1973-W05,0.4146341463414634,0.21951219512195122,0.2682926829268293,0.0,0.06097560975609756
1973-W06,0.4268292682926829,0.2073170731707317,0.2682926829268293,0.0,0.06097560975609756
1973-W07,0.4117647058823529,0.21176470588235294,0.25882352941176473,0.0,0.08235294117647059
1973-W08,0.4318181818181818,0.20454545454545456,0.23863636363636365,0.0,0.09090909090909091
1973-W09,0.45348837209302323,0.18604651162790697,0.2441860465116279,0.0,0.08139534883720931
1973-W10,0.4659090909090909,0.19318181818181818,0.2159090909090909,0.0,0.09090909090909091
1973-W11,0.48314606741573035,0.16853932584269662,0.21348314606741572,0.0,0.0898876404494382
1973-W12,0.4835164835164835,0.15384615384615385,0.21978021978021978,0.0,0.08791208791208792
1973-W13,0.4777777777777778,0.14444444444444443,0.2222222222222222,0.0,0.08888888888888889
1973-W14,0.4777777777777778,0.16666666666666666,0.23333333333333334,0.0,0.06666666666666667
1973-W15,0.45977011494252873,0.1839080459770115,0.25287356321839083,0.0,0.05747126436781609
1973-W16,0.4235294117647059,0.21176470588235294,0.24705882352941178,0.0,0.058823529411764705
1973-W17,0.39080459770114945,0.25287356321839083,0.26436781609195403,0.0,0.05747126436781609
1973-W18,0.40229885057471265,0.25287356321839083,0.26436781609195403,0.0,0.05747126436781609
1973-W19,0.42528735632183906,0.26436781609195403,0.20689655172413793,0.0,0.06896551724137931
1973-W20,0.42696629213483145,0.2808988764044944,0.19101123595505617,0.0,0.06741573033707865
1973-W21,0.39325842696629215,0.29213483146067415,0.1797752808988764,0.0,0.10112359550561797
1973-W22,0.37777777777777777,0.26666666666666666,0.2111111111111111,0.0,0.1
1973-W23,0.38372093023255816,0.2441860465116279,0.23255813953488372,0.0,0.08139534883720931
1973-W24,0.37209302325581395,0.2558139534883721,0.23255813953488372,0.0,0.08139534883720931
1973-W25,0.4157303370786517,0.23595505617977527,0.20224719101123595,0.0,0.07865168539325842
1973-W26,0.3707865168539326,0.2247191011235955,0.21348314606741572,0.0,0.10112359550561797
1973-W27,0.34408602150537637,0.1935483870967742,0.26881720430107525,0.0,0.10752688172043011
1973-W28,0.34444444444444444,0.18888888888888888,0.28888888888888886,0.0,0.1
1973-W29,0.3516483516483517,0.17582417582417584,0.2967032967032967,0.0,0.08791208791208792
1973-W30,0.35555555555555557,0.18888888888888888,0.2777777777777778,0.0,0.1
1973-W31,0.33707865168539325,0.20224719101123595,0.3146067415730337,0.0,0.0898876404494382
1973-W32,0.2840909090909091,0.2159090909090909,0.3522727272727273,0.0,0.09090909090909091
1973-W33,0.2823529411764706,0.21176470588235294,0.35294117647058826,0.0,0.09411764705882353
1973-W34,0.2823529411764706,0.21176470588235294,0.35294117647058826,0.0,0.10588235294117647
1973-W35,0.2558139534883721,0.22093023255813954,0.36046511627906974,0.0,0.11627906976744186
1973-W36,0.2235294117647059,0.24705882352941178,0.3764705882352941,0.0,0.09411764705882353
1973-W37,0.2441860465116279,0.2441860465116279,0.3488372093023256,0.0,0.10465116279069768
1973-W38,0.2823529411764706,0.2235294117647059,0.35294117647058826,0.0,0.09411764705882353
1973-W39,0.3023255813953488,0.23255813953488372,0.29069767441860467,0.0,0.12790697674418605
1973-W40,0.2988505747126437,0.25287356321839083,0.27586206896551724,0.0,0.13793103448275862
1973-W41,0.29069767441860467,0.2441860465116279,0.27906976744186046,0.0,0.1511627906976744
1973-W42,0.2823529411764706,0.27058823529411763,0.2823529411764706,0.0,0.1411764705882353
1973-W43,0.2976190476190476,0.27380952380952384,0.30952380952380953,0.0,0.08333333333333333
1973-W44,0.3176470588235294,0.27058823529411763,0.29411764705882354,0.0,0.07058823529411765
1973-W45,0.32558139534883723,0.2558139534883721,0.29069767441860467,0.0,0.06976744186046512
1973-W46,0.3181818181818182,0.22727272727272727,0.3181818181818182,0.0,0.06818181818181818
1973-W47,0.3,0.23333333333333334,0.3111111111111111,0.0,0.07777777777777778
1973-W48,0.3448275862068966,0.2413793103448276,0.26436781609195403,0.0,0.08045977011494253
1973-W49,0.36363636363636365,0.22727272727272727,0.26136363636363635,0.0,0.07954545454545454
1973-W50,0.3977272727272727,0.23863636363636365,0.22727272727272727,0.0,0.06818181818181818
1973-W51,0.38636363636363635,0.22727272727272727,0.25,0.0,0.06818181818181818
1973-W52,0.3793103448275862,0.21839080459770116,0.26436781609195403,0.0,0.05747126436781609
1974-W01,0.3707865168539326,0.21348314606741572,0.2696629213483146,0.0,0.056179775280898875
1974-W02,0.32954545454545453,0.25,0.2727272727272727,0.0,0.056818181818181816
1974-W03,0.33707865168539325,0.2696629213483146,0.2696629213483146,0.0,0.0449438202247191
1974-W04,0.3595505617977528,0.25842696629213485,0.24719101123595505,0.0,0.056179775280898875
1974-W05,0.3258426966292135,0.25842696629213485,0.2696629213483146,0.0,0.056179775280898875
1974-W06,0.3218390804597701,0.22988505747126436,0.28735632183908044,0.0,0.06896551724137931
1974-W07,0.3181818181818182,0.2159090909090909,0.29545454545454547,0.0,0.09090909090909091
1974-W08,0.3103448275862069,0.22988505747126436,0.27586206896551724,0.0,0.10344827586206896
1974-W09,0.3058823529411765,0.24705882352941178,0.2823529411764706,0.0,0.09411764705882353
1974-W10,0.30120481927710846,0.26506024096385544,0.26506024096385544,0.0,0.10843373493975904
1974-W11,0.3333333333333333,0.2619047619047619,0.2261904761904762,0.0,0.10714285714285714
1974-W12,0.34523809523809523,0.2619047619047619,0.2261904761904762,0.0,0.08333333333333333
1974-W13,0.35714285714285715,0.25,0.23809523809523808,0.0,0.09523809523809523
1974-W14,0.3764705882352941,0.23529411764705882,0.24705882352941178,0.0,0.08235294117647059
1974-W15,0.4166666666666667,0.2261904761904762,0.20238095238095238,0.0,0.09523809523809523
1974-W16,0.40229885057471265,0.2413793103448276,0.19540229885057472,0.0,0.10344827586206896
1974-W17,0.41379310344827586,0.2413793103448276,0.20689655172413793,0.0,0.08045977011494253
1974-W18,0.36666666666666664,0.25555555555555554,0.2222222222222222,0.0,0.1
1974-W19,0.37777777777777777,0.26666666666666666,0.2,0.0,0.08888888888888889
1974-W20,0.34782608695652173,0.2608695652173913,0.21739130434782608,0.0,0.09782608695652174
1974-W21,0.3473684210526316,0.2736842105263158,0.21052631578947367,0.0,0.09473684210526316
1974-W22,0.37894736842105264,0.23157894736842105,0.22105263157894736,0.0,0.09473684210526316
1974-W23,0.3763440860215054,0.22580645161290322,0.23655913978494625,0.0,0.10752688172043011
1974-W24,0.40425531914893614,0.18085106382978725,0.24468085106382978,0.0,0.10638297872340426
1974-W25,0.45161290322580644,0.16129032258064516,0.22580645161290322,0.0,0.0967741935483871
1974-W26,0.46236559139784944,0.13978494623655913,0.21505376344086022,0.0,0.12903225806451613
1974-W27,0.43478260869565216,0.15217391304347827,0.22826086956521738,0.0,0.13043478260869565
1974-W28,0.42696629213483145,0.1797752808988764,0.24719101123595505,0.0,0.11235955056179775
1974-W29,0.45054945054945056,0.18681318681318682,0.21978021978021978,0.0,0.10989010989010989
1974-W30,0.43478260869565216,0.16304347826086957,0.2391304347826087,0.0,0.13043478260869565
1974-W31,0.40860215053763443,0.16129032258064516,0.22580645161290322,0.0,0.13978494623655913
1974-W32,0.37894736842105264,0.15789473684210525,0.24210526315789474,0.0,0.1368421052631579
1974-W33,0.3723404255319149,0.18085106382978725,0.23404255319148937,0.0,0.1276595744680851
1974-W34,0.3684210526315789,0.18947368421052632,0.24210526315789474,0.0,0.12631578947368421
1974-W35,0.42105263157894735,0.17894736842105263,0.23157894736842105,0.0,0.09473684210526316
1974-W36,0.4148936170212766,0.18085106382978725,0.23404255319148937,0.0,0.10638297872340426
1974-W37,0.42391304347826086,0.17391304347826086,0.21739130434782608,0.0,0.11956521739130435
1974-W38,0.47126436781609193,0.16091954022988506,0.19540229885057472,0.0,0.12643678160919541
1974-W39,0.4642857142857143,0.16666666666666666,0.21428571428571427,0.0,0.11904761904761904
1974-W40,0.47560975609756095,0.17073170731707318,0.2073170731707317,0.0,0.10975609756097561
1974-W41,0.46835443037974683,0.17721518987341772,0.24050632911392406,0.0,0.0759493670886076
1974-W42,0.45569620253164556,0.20253164556962025,0.22784810126582278,0.0,0.0759493670886076
1974-W43,0.45569620253164556,0.21518987341772153,0.22784810126582278,0.0,0.06329113924050633
1974-W44,0.4230769230769231,0.2564102564102564,0.24358974358974358,0.0,0.038461538461538464
1974-W45,0.425,0.2375,0.2375,0.0,0.05
1974-W46,0.43209876543209874,0.20987654320987653,0.2345679012345679,0.0,0.07407407407407407
1974-W47,0.4268292682926829,0.24390243902439024,0.21951219512195122,0.0,0.08536585365853659
1974-W48,0.42857142857142855,0.23809523809523808,0.23809523809523808,0.0,0.07142857142857142
1974-W49,0.4482758620689655,0.2413793103448276,0.21839080459770116,0.0,0.05747126436781609
1974-W50,0.4523809523809524,0.23809523809523808,0.2261904761904762,0.0,0.047619047619047616
1974-W51,0.4117647058823529,0.2235294117647059,0.25882352941176473,0.0,0.058823529411764705
1974-W52,0.43023255813953487,0.22093023255813954,0.2558139534883721,0.0,0.06976744186046512
1975-W01,0.42045454545454547,0.2159090909090909,0.26136363636363635,0.0,0.07954545454545454
1975-W02,0.43023255813953487,0.20930232558139536,0.2558139534883721,0.0,0.08139534883720931
1975-W03,0.42528735632183906,0.20689655172413793,0.26436781609195403,0.0,0.08045977011494253
1975-W04,0.45977011494252873,0.20689655172413793,0.25287356321839083,0.0,0.05747126436781609
1975-W05,0.4659090909090909,0.2159090909090909,0.2159090909090909,0.0,0.09090909090909091
1975-W06,0.4418604651162791,0.23255813953488372,0.22093023255813954,0.0,0.09302325581395349
1975-W07,0.38823529411764707,0.2235294117647059,0.2823529411764706,0.0,0.09411764705882353
1975-W08,0.38636363636363635,0.22727272727272727,0.2727272727272727,0.011363636363636364,0.09090909090909091
1975-W09,0.38372093023255816,0.2441860465116279,0.2441860465116279,0.011627906976744186,0.10465116279069768
1975-W10,0.4069767441860465,0.22093023255813954,0.2441860465116279,0.011627906976744186,0.10465116279069768
1975-W11,0.42168674698795183,0.24096385542168675,0.20481927710843373,0.012048192771084338,0.10843373493975904
1975-W12,0.3902439024390244,0.23170731707317074,0.21951219512195122,0.012195121951219513,0.12195121951219512
1975-W13,0.40476190476190477,0.20238095238095238,0.2261904761904762,0.011904761904761904,0.13095238095238096
1975-W14,0.4,0.2,0.24705882352941178,0.0,0.12941176470588237
1975-W15,0.39285714285714285,0.21428571428571427,0.25,0.0,0.11904761904761904
1975-W16,0.4074074074074074,0.2345679012345679,0.25925925925925924,0.0,0.07407407407407407
1975-W17,0.43037974683544306,0.26582278481012656,0.21518987341772153,0.0,0.06329113924050633
1975-W18,0.3815789473684211,0.2894736842105263,0.23684210526315788,0.0,0.06578947368421052
1975-W19,0.3924050632911392,0.26582278481012656,0.25316455696202533,0.0,0.0759493670886076
1975-W20,0.4074074074074074,0.2345679012345679,0.24691358024691357,0.0,0.08641975308641975
1975-W21,0.41975308641975306,0.2222222222222222,0.2345679012345679,0.0,0.09876543209876543
1975-W22,0.4146341463414634,0.2073170731707317,0.23170731707317074,0.0,0.12195121951219512
1975-W23,0.4146341463414634,0.18292682926829268,0.24390243902439024,0.0,0.12195121951219512
1975-W24,0.35714285714285715,0.2261904761904762,0.25,0.0,0.11904761904761904
1975-W25,0.3855421686746988,0.21686746987951808,0.2289156626506024,0.0,0.12048192771084337
1975-W26,0.3953488372093023,0.20930232558139536,0.22093023255813954,0.0,0.11627906976744186
1975-W27,0.42857142857142855,0.2261904761904762,0.2261904761904762,0.0,0.07142857142857142
1975-W28,0.4024390243902439,0.24390243902439024,0.2073170731707317,0.0,0.07317073170731707
1975-W29,0.3764705882352941,0.27058823529411763,0.2,0.0,0.07058823529411765
1975-W30,0.40476190476190477,0.20238095238095238,0.25,0.011904761904761904,0.047619047619047616
1975-W31,0.4117647058823529,0.2235294117647059,0.21176470588235294,0.011764705882352941,0.047058823529411764
1975-W32,0.4069767441860465,0.22093023255813954,0.22093023255813954,0.011627906976744186,0.03488372093023256
1975-W33,0.4186046511627907,0.20930232558139536,0.20930232558139536,0.023255813953488372,0.05813953488372093
1975-W34,0.4235294117647059,0.24705882352941178,0.21176470588235294,0.011764705882352941,0.047058823529411764
1975-W35,0.43529411764705883,0.21176470588235294,0.2235294117647059,0.0,0.07058823529411765
1975-W36,0.4117647058823529,0.23529411764705882,0.21176470588235294,0.0,0.08235294117647059
1975-W37,0.4166666666666667,0.21428571428571427,0.21428571428571427,0.0,0.08333333333333333
1975-W38,0.43209876543209874,0.18518518518518517,0.19753086419753085,0.012345679012345678,0.09876543209876543
1975-W39,0.42857142857142855,0.18181818181818182,0.19480519480519481,0.012987012987012988,0.1038961038961039
1975-W40,0.4155844155844156,0.18181818181818182,0.2077922077922078,0.0,0.1038961038961039
1975-W41,0.4230769230769231,0.1794871794871795,0.21794871794871795,0.0,0.07692307692307693
1975-W42,0.4375,0.175,0.2,0.0,0.0875
1975-W43,0.45569620253164556,0.17721518987341772,0.189873417721519,0.0,0.08860759493670886
1975-W44,0.4074074074074074,0.19753086419753085,0.20987654320987653,0.0,0.09876543209876543
1975-W45,0.39759036144578314,0.18072289156626506,0.25301204819277107,0.0,0.0963855421686747
1975-W46,0.36585365853658536,0.21951219512195122,0.25609756097560976,0.0,0.0975609756097561
1975-W47,0.37037037037037035,0.19753086419753085,0.2962962962962963,0.0,0.08641975308641975
1975-W48,0.3902439024390244,0.2073170731707317,0.24390243902439024,0.0,0.07317073170731707
1975-W49,0.37349397590361444,0.18072289156626506,0.2891566265060241,0.0,0.08433734939759036
1975-W50,0.40963855421686746,0.1927710843373494,0.25301204819277107,0.0,0.08433734939759036
1975-W51,0.42857142857142855,0.19047619047619047,0.23809523809523808,0.0,0.08333333333333333
1975-W52,0.43529411764705883,0.2,0.23529411764705882,0.0,0.07058823529411765
1976-W01,0.4823529411764706,0.18823529411764706,0.2235294117647059,0.0,0.058823529411764705
1976-W02,0.4367816091954023,0.21839080459770116,0.21839080459770116,0.0,0.06896551724137931
1976-W03,0.4318181818181818,0.2159090909090909,0.22727272727272727,0.0,0.06818181818181818
1976-W04,0.3953488372093023,0.22093023255813954,0.23255813953488372,0.0,0.09302325581395349
1976-W05,0.3793103448275862,0.21839080459770116,0.21839080459770116,0.0,0.10344827586206896
1976-W06,0.38636363636363635,0.23863636363636365,0.19318181818181818,0.0,0.09090909090909091
1976-W07,0.375,0.22727272727272727,0.20454545454545456,0.011363636363636364,0.09090909090909091
1976-W08,0.3522727272727273,0.23863636363636365,0.20454545454545456,0.011363636363636364,0.09090909090909091
1976-W09,0.367816091954023,0.25287356321839083,0.1839080459770115,0.011494252873563218,0.08045977011494253
1976-W10,0.39759036144578314,0.21686746987951808,0.1927710843373494,0.012048192771084338,0.060240963855421686
1976-W11,0.37349397590361444,0.21686746987951808,0.1927710843373494,0.012048192771084338,0.07228915662650602
1976-W12,0.37349397590361444,0.24096385542168675,0.18072289156626506,0.012048192771084338,0.07228915662650602
1976-W13,0.39759036144578314,0.24096385542168675,0.18072289156626506,0.012048192771084338,0.08433734939759036
1976-W14,0.4024390243902439,0.23170731707317074,0.1951219512195122,0.012195121951219513,0.08536585365853659
1976-W15,0.4,0.2235294117647059,0.18823529411764706,0.011764705882352941,0.09411764705882353
1976-W16,0.4090909090909091,0.2159090909090909,0.19318181818181818,0.011363636363636364,0.09090909090909091
1976-W17,0.41379310344827586,0.21839080459770116,0.20689655172413793,0.011494252873563218,0.06896551724137931
1976-W18,0.46987951807228917,0.1927710843373494,0.21686746987951808,0.012048192771084338,0.04819277108433735
1976-W19,0.5061728395061729,0.20987654320987653,0.1728395061728395,0.012345679012345678,0.04938271604938271
1976-W20,0.4878048780487805,0.21951219512195122,0.18292682926829268,0.012195121951219513,0.04878048780487805
1976-W21,0.49411764705882355,0.2235294117647059,0.17647058823529413,0.0,0.058823529411764705
1976-W22,0.48148148148148145,0.20987654320987653,0.18518518518518517,0.0,0.06172839506172839
1976-W23,0.43373493975903615,0.24096385542168675,0.20481927710843373,0.0,0.060240963855421686
1976-W24,0.43529411764705883,0.24705882352941178,0.2,0.0,0.047058823529411764
1976-W25,0.45348837209302323,0.2441860465116279,0.19767441860465115,0.0,0.03488372093023256
1976-W26,0.4482758620689655,0.22988505747126436,0.21839080459770116,0.0,0.022988505747126436
1976-W27,0.47191011235955055,0.23595505617977527,0.19101123595505617,0.0,0.02247191011235955
1976-W28,0.4606741573033708,0.25842696629213485,0.1797752808988764,0.0,0.033707865168539325
1976-W29,0.45454545454545453,0.22727272727272727,0.20454545454545456,0.0,0.056818181818181816
1976-W30,0.4367816091954023,0.26436781609195403,0.1724137931034483,0.0,0.06896551724137931
1976-W31,0.43023255813953487,0.27906976744186046,0.18604651162790697,0.0,0.046511627906976744
1976-W32,0.45348837209302323,0.29069767441860467,0.16279069767441862,0.0,0.03488372093023256
1976-W33,0.45348837209302323,0.27906976744186046,0.16279069767441862,0.0,0.03488372093023256
1976-W34,0.4883720930232558,0.2558139534883721,0.16279069767441862,0.0,0.03488372093023256
1976-W35,0.4823529411764706,0.25882352941176473,0.16470588235294117,0.0,0.023529411764705882
1976-W36,0.4642857142857143,0.2976190476190476,0.15476190476190477,0.0,0.023809523809523808
1976-W37,0.46987951807228917,0.24096385542168675,0.18072289156626506,0.0,0.04819277108433735
1976-W38,0.45454545454545453,0.2840909090909091,0.1590909090909091,0.0,0.045454545454545456
1976-W39,0.4606741573033708,0.29213483146067415,0.16853932584269662,0.0,0.02247191011235955
1976-W40,0.4943820224719101,0.2696629213483146,0.1797752808988764,0.0,0.02247191011235955
1976-W41,0.4945054945054945,0.25274725274725274,0.18681318681318682,0.0,0.03296703296703297
1976-W42,0.4835164835164835,0.24175824175824176,0.2087912087912088,0.0,0.02197802197802198
1976-W43,0.4666666666666667,0.2222222222222222,0.2111111111111111,0.0,0.022222222222222223
1976-W44,0.4772727272727273,0.2159090909090909,0.19318181818181818,0.0,0.022727272727272728
1976-W45,0.47619047619047616,0.25,0.15476190476190477,0.0,0.011904761904761904
1976-W46,0.4880952380952381,0.23809523809523808,0.14285714285714285,0.0,0.011904761904761904
1976-W47,0.4642857142857143,0.27380952380952384,0.14285714285714285,0.0,0.023809523809523808
1976-W48,0.4880952380952381,0.2857142857142857,0.11904761904761904,0.0,0.011904761904761904
1976-W49,0.5119047619047619,0.2976190476190476,0.11904761904761904,0.0,0.011904761904761904
1976-W50,0.5058823529411764,0.3058823529411765,0.11764705882352941,0.0,0.011764705882352941
1976-W51,0.5176470588235295,0.3176470588235294,0.10588235294117647,0.0,0.011764705882352941
1976-W52,0.4418604651162791,0.37209302325581395,0.10465116279069768,0.0,0.023255813953488372
1976-W53,0.4418604651162791,0.37209302325581395,0.10465116279069768,0.0,0.023255813953488372
1977-W01,0.43529411764705883,0.35294117647058826,0.11764705882352941,0.0,0.03529411764705882
1977-W02,0.4523809523809524,0.32142857142857145,0.11904761904761904,0.0,0.03571428571428571
1977-W03,0.4567901234567901,0.30864197530864196,0.13580246913580246,0.0,0.037037037037037035
1977-W04,0.4588235294117647,0.3176470588235294,0.15294117647058825,0.0,0.023529411764705882
1977-W05,0.43023255813953487,0.3372093023255814,0.13953488372093023,0.0,0.023255813953488372
1977-W06,0.42857142857142855,0.32142857142857145,0.16666666666666666,0.0,0.023809523809523808
1977-W07,0.4457831325301205,0.2891566265060241,0.18072289156626506,0.0,0.024096385542168676
1977-W08,0.39759036144578314,0.30120481927710846,0.21686746987951808,0.0,0.024096385542168676
1977-W09,0.39285714285714285,0.30952380952380953,0.20238095238095238,0.0,0.023809523809523808
1977-W10,0.37209302325581395,0.27906976744186046,0.19767441860465115,0.0,0.03488372093023256
1977-W11,0.4069767441860465,0.27906976744186046,0.18604651162790697,0.0,0.03488372093023256
1977-W12,0.3977272727272727,0.2840909090909091,0.18181818181818182,0.0,0.045454545454545456
1977-W13,0.41379310344827586,0.28735632183908044,0.16091954022988506,0.0,0.05747126436781609
1977-W14,0.42528735632183906,0.27586206896551724,0.1724137931034483,0.0,0.05747126436781609
1977-W15,0.4186046511627907,0.27906976744186046,0.16279069767441862,0.0,0.05813953488372093
1977-W16,0.3953488372093023,0.27906976744186046,0.1511627906976744,0.0,0.05813953488372093
1977-W17,0.4,0.2823529411764706,0.1411764705882353,0.0,0.047058823529411764
1977-W18,0.4418604651162791,0.2441860465116279,0.11627906976744186,0.0,0.05813953488372093
1977-W19,0.4090909090909091,0.2727272727272727,0.11363636363636363,0.0,0.056818181818181816
1977-W20,0.43333333333333335,0.26666666666666666,0.1111111111111111,0.0,0.05555555555555555
1977-W21,0.45054945054945056,0.27472527472527475,0.10989010989010989,0.0,0.04395604395604396
1977-W22,0.44565217391304346,0.2608695652173913,0.11956521739130435,0.0,0.043478260869565216
1977-W23,0.42857142857142855,0.25274725274725274,0.14285714285714285,0.0,0.04395604395604396
1977-W24,0.43956043956043955,0.23076923076923078,0.15384615384615385,0.0,0.054945054945054944
1977-W25,0.43956043956043955,0.24175824175824176,0.13186813186813187,0.0,0.06593406593406594
1977-W26,0.43956043956043955,0.24175824175824176,0.13186813186813187,0.0,0.06593406593406594
1977-W27,0.4157303370786517,0.2696629213483146,0.1348314606741573,0.0,0.07865168539325842
1977-W28,0.41379310344827586,0.26436781609195403,0.13793103448275862,0.0,0.08045977011494253
1977-W29,0.41379310344827586,0.26436781609195403,0.16091954022988506,0.0,0.08045977011494253
1977-W30,0.3977272727272727,0.2840909090909091,0.1590909090909091,0.0,0.07954545454545454
1977-W31,0.375,0.2727272727272727,0.18181818181818182,0.0,0.07954545454545454
1977-W32,0.33707865168539325,0.2696629213483146,0.19101123595505617,0.0,0.10112359550561797
1977-W33,0.32967032967032966,0.3076923076923077,0.17582417582417584,0.0,0.0989010989010989
1977-W34,0.3956043956043956,0.27472527472527475,0.16483516483516483,0.0,0.07692307692307693
1977-W35,0.3956043956043956,0.2967032967032967,0.16483516483516483,0.0,0.06593406593406594
1977-W36,0.45555555555555555,0.2777777777777778,0.13333333333333333,0.0,0.06666666666666667
1977-W37,0.45454545454545453,0.25,0.14772727272727273,0.0,0.07954545454545454
1977-W38,0.45454545454545453,0.26136363636363635,0.14772727272727273,0.0,0.06818181818181818
1977-W39,0.4090909090909091,0.3068181818181818,0.13636363636363635,0.0,0.06818181818181818
1977-W40,0.3977272727272727,0.29545454545454547,0.14772727272727273,0.0,0.06818181818181818
1977-W41,0.42045454545454547,0.29545454545454547,0.125,0.0,0.07954545454545454
1977-W42,0.4044943820224719,0.29213483146067415,0.1348314606741573,0.0,0.0898876404494382
1977-W43,0.4065934065934066,0.27472527472527475,0.15384615384615385,0.0,0.07692307692307693
1977-W44,0.39325842696629215,0.29213483146067415,0.14606741573033707,0.0,0.0898876404494382
1977-W45,0.41935483870967744,0.2903225806451613,0.11827956989247312,0.0,0.08602150537634409
1977-W46,0.40860215053763443,0.3118279569892473,0.10752688172043011,0.0,0.07526881720430108
1977-W47,0.3763440860215054,0.3118279569892473,0.10752688172043011,0.0,0.07526881720430108
1977-W48,0.3804347826086957,0.31521739130434784,0.09782608695652174,0.0,0.06521739130434782
1977-W49,0.3763440860215054,0.34408602150537637,0.0967741935483871,0.0,0.06451612903225806
1977-W50,0.3548387096774194,0.3225806451612903,0.12903225806451613,0.0,0.07526881720430108
1977-W51,0.3695652173913043,0.31521739130434784,0.11956521739130435,0.0,0.06521739130434782
1977-W52,0.3695652173913043,0.31521739130434784,0.11956521739130435,0.0,0.06521739130434782
1978-W01,0.3804347826086957,0.2826086956521739,0.14130434782608695,0.0,0.05434782608695652
1978-W02,0.391304347826087,0.2608695652173913,0.17391304347826086,0.0,0.05434782608695652
1978-W03,0.391304347826087,0.2608695652173913,0.17391304347826086,0.0,0.05434782608695652
1978-W04,0.42391304347826086,0.2717391304347826,0.15217391304347827,0.0,0.043478260869565216
1978-W05,0.42857142857142855,0.27472527472527475,0.15384615384615385,0.0,0.03296703296703297
1978-W06,0.43010752688172044,0.2903225806451613,0.15053763440860216,0.0,0.021505376344086023
1978-W07,0.40217391304347827,0.31521739130434784,0.15217391304347827,0.0,0.021739130434782608
1978-W08,0.3804347826086957,0.33695652173913043,0.13043478260869565,0.0,0.021739130434782608
1978-W09,0.3626373626373626,0.32967032967032966,0.15384615384615385,0.0,0.03296703296703297
1978-W10,0.37362637362637363,0.37362637362637363,0.12087912087912088,0.0,0.03296703296703297
1978-W11,0.37362637362637363,0.3626373626373626,0.12087912087912088,0.0,0.054945054945054944
1978-W12,0.3655913978494624,0.3763440860215054,0.11827956989247312,0.0,0.053763440860215055
1978-W13,0.3548387096774194,0.3870967741935484,0.10752688172043011,0.010752688172043012,0.053763440860215055
1978-W14,0.34408602150537637,0.3870967741935484,0.10752688172043011,0.010752688172043012,0.053763440860215055
1978-W15,0.3763440860215054,0.3655913978494624,0.10752688172043011,0.010752688172043012,0.043010752688172046
1978-W16,0.4166666666666667,0.3333333333333333,0.08333333333333333,0.010416666666666666,0.041666666666666664
1978-W17,0.42105263157894735,0.3263157894736842,0.10526315789473684,0.010526315789473684,0.042105263157894736
1978-W18,0.4270833333333333,0.3125,0.125,0.010416666666666666,0.03125
1978-W19,0.44680851063829785,0.2978723404255319,0.13829787234042554,0.010638297872340425,0.031914893617021274
1978-W20,0.4574468085106383,0.2978723404255319,0.13829787234042554,0.010638297872340425,0.031914893617021274
1978-W21,0.4673913043478261,0.2826086956521739,0.13043478260869565,0.010869565217391304,0.05434782608695652
1978-W22,0.43956043956043955,0.2967032967032967,0.13186813186813187,0.01098901098901099,0.06593406593406594
1978-W23,0.4157303370786517,0.3146067415730337,0.1348314606741573,0.011235955056179775,0.056179775280898875
1978-W24,0.4157303370786517,0.29213483146067415,0.14606741573033707,0.011235955056179775,0.056179775280898875
1978-W25,0.4111111111111111,0.3,0.1111111111111111,0.011111111111111112,0.06666666666666667
1978-W26,0.4,0.32222222222222224,0.1111111111111111,0.011111111111111112,0.06666666666666667
1978-W27,0.43333333333333335,0.3,0.1,0.011111111111111112,0.05555555555555555
1978-W28,0.44565217391304346,0.29347826086956524,0.08695652173913043,0.010869565217391304,0.06521739130434782
1978-W29,0.44565217391304346,0.2826086956521739,0.10869565217391304,0.010869565217391304,0.06521739130434782
1978-W30,0.44086021505376344,0.27956989247311825,0.11827956989247312,0.010752688172043012,0.06451612903225806
1978-W31,0.42391304347826086,0.31521739130434784,0.10869565217391304,0.0,0.06521739130434782
1978-W32,0.4175824175824176,0.3516483516483517,0.10989010989010989,0.0,0.03296703296703297
1978-W33,0.43010752688172044,0.34408602150537637,0.0967741935483871,0.0,0.03225806451612903
1978-W34,0.42391304347826086,0.358695652173913,0.09782608695652174,0.0,0.021739130434782608
1978-W35,0.45652173913043476,0.33695652173913043,0.08695652173913043,0.0,0.021739130434782608
1978-W36,0.4945054945054945,0.31868131868131866,0.06593406593406594,0.0,0.02197802197802198
1978-W37,0.5056179775280899,0.30337078651685395,0.06741573033707865,0.0,0.02247191011235955
1978-W38,0.4888888888888889,0.3111111111111111,0.07777777777777778,0.0,0.022222222222222223
1978-W39,0.4666666666666667,0.3333333333333333,0.07777777777777778,0.0,0.022222222222222223
1978-W40,0.4772727272727273,0.3181818181818182,0.06818181818181818,0.0,0.022727272727272728
1978-W41,0.45348837209302323,0.32558139534883723,0.06976744186046512,0.0,0.023255813953488372
1978-W42,0.4069767441860465,0.3488372093023256,0.05813953488372093,0.0,0.03488372093023256
1978-W43,0.4069767441860465,0.36046511627906974,0.046511627906976744,0.0,0.03488372093023256
1978-W44,0.4482758620689655,0.3103448275862069,0.034482758620689655,0.0,0.04597701149425287
1978-W45,0.5111111111111111,0.25555555555555554,0.03333333333333333,0.0,0.044444444444444446
1978-W46,0.4835164835164835,0.26373626373626374,0.054945054945054944,0.0,0.04395604395604396
1978-W47,0.4943820224719101,0.24719101123595505,0.056179775280898875,0.0,0.06741573033707865
1978-W48,0.48863636363636365,0.2727272727272727,0.045454545454545456,0.0,0.056818181818181816
1978-W49,0.5340909090909091,0.25,0.045454545454545456,0.0,0.06818181818181818
1978-W50,0.5172413793103449,0.26436781609195403,0.04597701149425287,0.0,0.05747126436781609
1978-W51,0.5444444444444444,0.25555555555555554,0.044444444444444446,0.0,0.05555555555555555
1978-W52,0.5444444444444444,0.25555555555555554,0.044444444444444446,0.0,0.05555555555555555
1979-W01,0.4943820224719101,0.30337078651685395,0.06741573033707865,0.0,0.0449438202247191
1979-W02,0.46153846153846156,0.3076923076923077,0.07692307692307693,0.0,0.04395604395604396
1979-W03,0.44086021505376344,0.3225806451612903,0.07526881720430108,0.0,0.06451612903225806
1979-W04,0.43478260869565216,0.30434782608695654,0.10869565217391304,0.0,0.06521739130434782
1979-W05,0.3978494623655914,0.3225806451612903,0.11827956989247312,0.0,0.06451612903225806
1979-W06,0.45161290322580644,0.26881720430107525,0.11827956989247312,0.0,0.053763440860215055
1979-W07,0.44086021505376344,0.24731182795698925,0.15053763440860216,0.0,0.043010752688172046
1979-W08,0.43617021276595747,0.23404255319148937,0.14893617021276595,0.0,0.0425531914893617
1979-W09,0.4111111111111111,0.25555555555555554,0.14444444444444443,0.0,0.044444444444444446
1979-W10,0.4222222222222222,0.25555555555555554,0.12222222222222222,0.0,0.044444444444444446
1979-W11,0.45161290322580644,0.23655913978494625,0.11827956989247312,0.0,0.053763440860215055
1979-W12,0.4725274725274725,0.21978021978021978,0.13186813186813187,0.0,0.054945054945054944
1979-W13,0.48314606741573035,0.20224719101123595,0.1348314606741573,0.0,0.056179775280898875
1979-W14,0.47191011235955055,0.21348314606741572,0.15730337078651685,0.0,0.02247191011235955
1979-W15,0.4431818181818182,0.23863636363636365,0.18181818181818182,0.0,0.022727272727272728
1979-W16,0.4659090909090909,0.23863636363636365,0.17045454545454544,0.0,0.022727272727272728
1979-W17,0.46153846153846156,0.25274725274725274,0.14285714285714285,0.0,0.03296703296703297
1979-W18,0.4673913043478261,0.25,0.14130434782608695,0.0,0.03260869565217391
1979-W19,0.43010752688172044,0.25806451612903225,0.1827956989247312,0.0,0.03225806451612903
1979-W20,0.4782608695652174,0.2608695652173913,0.15217391304347827,0.0,0.03260869565217391
1979-W21,0.43617021276595747,0.2872340425531915,0.1595744680851064,0.0,0.0425531914893617
1979-W22,0.4270833333333333,0.3020833333333333,0.15625,0.0,0.03125
1979-W23,0.4270833333333333,0.28125,0.15625,0.0,0.052083333333333336
1979-W24,0.40816326530612246,0.2857142857142857,0.16326530612244897,0.0,0.05102040816326531
1979-W25,0.3958333333333333,0.3125,0.15625,0.0,0.0625
1979-W26,0.4020618556701031,0.32989690721649484,0.15463917525773196,0.0,0.061855670103092786
1979-W27,0.3763440860215054,0.3763440860215054,0.12903225806451613,0.0,0.06451612903225806
1979-W28,0.3626373626373626,0.38461538461538464,0.13186813186813187,0.0,0.06593406593406594
1979-W29,0.3516483516483517,0.3516483516483517,0.16483516483516483,0.0,0.06593406593406594
1979-W30,0.36666666666666664,0.3333333333333333,0.17777777777777778,0.0,0.044444444444444446
1979-W31,0.37777777777777777,0.3333333333333333,0.16666666666666666,0.0,0.044444444444444446
1979-W32,0.3793103448275862,0.3218390804597701,0.1839080459770115,0.0,0.034482758620689655
1979-W33,0.39080459770114945,0.2988505747126437,0.20689655172413793,0.0,0.022988505747126436
1979-W34,0.4186046511627907,0.26744186046511625,0.19767441860465115,0.0,0.023255813953488372
1979-W35,0.39080459770114945,0.3333333333333333,0.14942528735632185,0.0,0.022988505747126436
1979-W36,0.3522727272727273,0.38636363636363635,0.125,0.0,0.045454545454545456
1979-W37,0.3563218390804598,0.39080459770114945,0.10344827586206896,0.0,0.04597701149425287
1979-W38,0.40229885057471265,0.3563218390804598,0.09195402298850575,0.0,0.04597701149425287
1979-W39,0.4044943820224719,0.34831460674157305,0.07865168539325842,0.0,0.06741573033707865
1979-W40,0.4090909090909091,0.3181818181818182,0.09090909090909091,0.0,0.06818181818181818
1979-W41,0.4482758620689655,0.3103448275862069,0.08045977011494253,0.0,0.06896551724137931
1979-W42,0.45454545454545453,0.3068181818181818,0.10227272727272728,0.0,0.056818181818181816
1979-W43,0.4418604651162791,0.3372093023255814,0.09302325581395349,0.0,0.046511627906976744
1979-W44,0.45977011494252873,0.3333333333333333,0.09195402298850575,0.0,0.04597701149425287
1979-W45,0.45454545454545453,0.32954545454545453,0.10227272727272728,0.011363636363636364,0.03409090909090909
1979-W46,0.4666666666666667,0.3111111111111111,0.1,0.011111111111111112,0.044444444444444446
1979-W47,0.46153846153846156,0.2857142857142857,0.12087912087912088,0.01098901098901099,0.03296703296703297
1979-W48,0.46153846153846156,0.27472527472527475,0.12087912087912088,0.01098901098901099,0.03296703296703297
1979-W49,0.43956043956043955,0.2967032967032967,0.12087912087912088,0.01098901098901099,0.03296703296703297
1979-W50,0.43956043956043955,0.2857142857142857,0.14285714285714285,0.01098901098901099,0.03296703296703297
1979-W51,0.4666666666666667,0.26666666666666666,0.15555555555555556,0.011111111111111112,0.044444444444444446
1979-W52,0.4666666666666667,0.26666666666666666,0.15555555555555556,0.011111111111111112,0.044444444444444446
1980-W01,0.4444444444444444,0.2777777777777778,0.16666666666666666,0.011111111111111112,0.044444444444444446
1980-W02,0.45054945054945056,0.27472527472527475,0.16483516483516483,0.01098901098901099,0.04395604395604396
1980-W03,0.43478260869565216,0.29347826086956524,0.16304347826086957,0.010869565217391304,0.03260869565217391
1980-W04,0.43478260869565216,0.2826086956521739,0.17391304347826086,0.010869565217391304,0.03260869565217391
1980-W05,0.41304347826086957,0.31521739130434784,0.16304347826086957,0.0,0.03260869565217391
1980-W06,0.43478260869565216,0.29347826086956524,0.17391304347826086,0.0,0.03260869565217391
1980-W07,0.4444444444444444,0.3,0.15555555555555556,0.0,0.03333333333333333
1980-W08,0.43333333333333335,0.28888888888888886,0.15555555555555556,0.0,0.05555555555555555
1980-W09,0.43820224719101125,0.2696629213483146,0.16853932584269662,0.0,0.056179775280898875
1980-W10,0.4444444444444444,0.26666666666666666,0.15555555555555556,0.0,0.06666666666666667
1980-W11,0.4606741573033708,0.24719101123595505,0.15730337078651685,0.0,0.06741573033707865
1980-W12,0.4606741573033708,0.2247191011235955,0.14606741573033707,0.0,0.07865168539325842
1980-W13,0.4772727272727273,0.23863636363636365,0.11363636363636363,0.0,0.07954545454545454
1980-W14,0.45348837209302323,0.26744186046511625,0.11627906976744186,0.0,0.06976744186046512
1980-W15,0.4318181818181818,0.3068181818181818,0.11363636363636363,0.0,0.056818181818181816
1980-W16,0.4044943820224719,0.29213483146067415,0.1348314606741573,0.0,0.0449438202247191
1980-W17,0.38636363636363635,0.29545454545454547,0.14772727272727273,0.0,0.045454545454545456
1980-W18,0.3953488372093023,0.26744186046511625,0.1511627906976744,0.0,0.046511627906976744
1980-W19,0.40229885057471265,0.25287356321839083,0.16091954022988506,0.0,0.05747126436781609
1980-W20,0.36046511627906974,0.27906976744186046,0.1744186046511628,0.0,0.06976744186046512
1980-W21,0.37209302325581395,0.313953488372093,0.12790697674418605,0.0,0.06976744186046512
1980-W22,0.40229885057471265,0.2988505747126437,0.11494252873563218,0.0,0.08045977011494253
1980-W23,0.39080459770114945,0.3333333333333333,0.09195402298850575,0.0,0.08045977011494253
1980-W24,0.36666666666666664,0.32222222222222224,0.1111111111111111,0.0,0.06666666666666667
1980-W25,0.35555555555555557,0.28888888888888886,0.1,0.0,0.1111111111111111
1980-W26,0.3516483516483517,0.26373626373626374,0.0989010989010989,0.0,0.14285714285714285
1980-W27,0.37362637362637363,0.25274725274725274,0.08791208791208792,0.0,0.14285714285714285
1980-W28,0.4065934065934066,0.24175824175824176,0.08791208791208792,0.0,0.13186813186813187
1980-W29,0.39325842696629215,0.24719101123595505,0.10112359550561797,0.0,0.1348314606741573
1980-W30,0.367816091954023,0.3103448275862069,0.10344827586206896,0.0,0.12643678160919541
1980-W31,0.3563218390804598,0.3218390804597701,0.11494252873563218,0.0,0.10344827586206896
1980-W32,0.36363636363636365,0.3409090909090909,0.11363636363636363,0.0,0.09090909090909091
1980-W33,0.3707865168539326,0.3258426966292135,0.10112359550561797,0.0,0.11235955056179775
1980-W34,0.39325842696629215,0.3258426966292135,0.10112359550561797,0.011235955056179775,0.10112359550561797
1980-W35,0.38202247191011235,0.3146067415730337,0.11235955056179775,0.011235955056179775,0.0898876404494382
1980-W36,0.37777777777777777,0.3111111111111111,0.13333333333333333,0.011111111111111112,0.1
1980-W37,0.34831460674157305,0.34831460674157305,0.1348314606741573,0.011235955056179775,0.0898876404494382
1980-W38,0.3333333333333333,0.34444444444444444,0.15555555555555556,0.011111111111111112,0.07777777777777778
1980-W39,0.34065934065934067,0.34065934065934067,0.14285714285714285,0.01098901098901099,0.07692307692307693
1980-W40,0.34065934065934067,0.34065934065934067,0.14285714285714285,0.01098901098901099,0.07692307692307693
1980-W41,0.3448275862068966,0.3563218390804598,0.13793103448275862,0.011494252873563218,0.06896551724137931
1980-W42,0.32558139534883723,0.37209302325581395,0.11627906976744186,0.011627906976744186,0.08139534883720931
1980-W43,0.3522727272727273,0.3409090909090909,0.125,0.011363636363636364,0.07954545454545454
1980-W44,0.36363636363636365,0.3522727272727273,0.125,0.0,0.07954545454545454
1980-W45,0.367816091954023,0.3448275862068966,0.11494252873563218,0.0,0.09195402298850575
1980-W46,0.36363636363636365,0.3409090909090909,0.125,0.0,0.09090909090909091
1980-W47,0.3888888888888889,0.37777777777777777,0.1,0.0,0.07777777777777778
1980-W48,0.37362637362637363,0.3626373626373626,0.0989010989010989,0.0,0.0989010989010989
1980-W49,0.4065934065934066,0.34065934065934067,0.0989010989010989,0.0,0.08791208791208792
1980-W50,0.3977272727272727,0.3522727272727273,0.11363636363636363,0.0,0.07954545454545454
1980-W51,0.375,0.36363636363636365,0.13636363636363635,0.0,0.06818181818181818
1980-W52,0.38372093023255816,0.3372093023255814,0.1511627906976744,0.0,0.06976744186046512
1981-W01,0.38372093023255816,0.3372093023255814,0.1511627906976744,0.0,0.06976744186046512
1981-W02,0.3764705882352941,0.3411764705882353,0.15294117647058825,0.0,0.07058823529411765
1981-W03,0.36666666666666664,0.34444444444444444,0.15555555555555556,0.0,0.07777777777777778
1981-W04,0.3723404255319149,0.3617021276595745,0.14893617021276595,0.0,0.07446808510638298
1981-W05,0.39361702127659576,0.3404255319148936,0.13829787234042554,0.0,0.07446808510638298
1981-W06,0.3854166666666667,0.3229166666666667,0.15625,0.010416666666666666,0.07291666666666667
1981-W07,0.375,0.3125,0.16666666666666666,0.010416666666666666,0.07291666666666667
1981-W08,0.3854166666666667,0.3333333333333333,0.15625,0.010416666666666666,0.07291666666666667
1981-W09,0.4,0.3473684210526316,0.1368421052631579,0.010526315789473684,0.06315789473684211
1981-W10,0.3894736842105263,0.37894736842105264,0.12631578947368421,0.010526315789473684,0.05263157894736842
1981-W11,0.4105263157894737,0.35789473684210527,0.12631578947368421,0.010526315789473684,0.06315789473684211
1981-W12,0.40425531914893614,0.3617021276595745,0.1276595744680851,0.010638297872340425,0.06382978723404255
1981-W13,0.3978494623655914,0.3655913978494624,0.10752688172043011,0.010752688172043012,0.07526881720430108
1981-W14,0.40425531914893614,0.3617021276595745,0.10638297872340426,0.010638297872340425,0.0851063829787234
1981-W15,0.43157894736842106,0.3368421052631579,0.10526315789473684,0.0,0.08421052631578947
1981-W16,0.40860215053763443,0.3225806451612903,0.13978494623655913,0.0,0.0967741935483871
1981-W17,0.41935483870967744,0.3225806451612903,0.11827956989247312,0.0,0.0967741935483871
1981-W18,0.40425531914893614,0.30851063829787234,0.1276595744680851,0.0,0.09574468085106383
1981-W19,0.43157894736842106,0.29473684210526313,0.12631578947368421,0.0,0.08421052631578947
1981-W20,0.42105263157894735,0.2736842105263158,0.14736842105263157,0.0,0.09473684210526316
1981-W21,0.37894736842105264,0.3157894736842105,0.14736842105263157,0.0,0.08421052631578947
1981-W22,0.3617021276595745,0.3191489361702128,0.14893617021276595,0.0,0.09574468085106383
1981-W23,0.3723404255319149,0.32978723404255317,0.11702127659574468,0.0,0.10638297872340426
1981-W24,0.35106382978723405,0.35106382978723405,0.10638297872340426,0.0,0.11702127659574468
1981-W25,0.3684210526315789,0.3684210526315789,0.08421052631578947,0.0,0.11578947368421053
1981-W26,0.3333333333333333,0.3854166666666667,0.09375,0.0,0.125
1981-W27,0.34408602150537637,0.3763440860215054,0.0967741935483871,0.0,0.12903225806451613
1981-W28,0.3473684210526316,0.35789473684210527,0.08421052631578947,0.0,0.14736842105263157
1981-W29,0.3763440860215054,0.3225806451612903,0.07526881720430108,0.0,0.15053763440860216
1981-W30,0.3804347826086957,0.31521739130434784,0.08695652173913043,0.0,0.14130434782608695
1981-W31,0.3804347826086957,0.33695652173913043,0.06521739130434782,0.0,0.14130434782608695
1981-W32,0.37777777777777777,0.36666666666666664,0.06666666666666667,0.0,0.14444444444444443
1981-W33,0.3956043956043956,0.3516483516483517,0.07692307692307693,0.0,0.13186813186813187
1981-W34,0.37777777777777777,0.36666666666666664,0.07777777777777778,0.0,0.13333333333333333
1981-W35,0.3956043956043956,0.3516483516483517,0.08791208791208792,0.0,0.12087912087912088
1981-W36,0.3956043956043956,0.32967032967032966,0.07692307692307693,0.0,0.13186813186813187
1981-W37,0.3888888888888889,0.32222222222222224,0.08888888888888889,0.011111111111111112,0.1111111111111111
1981-W38,0.3595505617977528,0.3258426966292135,0.11235955056179775,0.011235955056179775,0.12359550561797752
1981-W39,0.3522727272727273,0.3181818181818182,0.09090909090909091,0.011363636363636364,0.13636363636363635
1981-W40,0.3888888888888889,0.28888888888888886,0.08888888888888889,0.0,0.12222222222222222
1981-W41,0.38202247191011235,0.30337078651685395,0.0898876404494382,0.0,0.12359550561797752
1981-W42,0.43820224719101125,0.2808988764044944,0.10112359550561797,0.0,0.10112359550561797
1981-W43,0.449438202247191,0.2696629213483146,0.0898876404494382,0.0,0.11235955056179775
1981-W44,0.4318181818181818,0.29545454545454547,0.09090909090909091,0.0,0.10227272727272728
1981-W45,0.4318181818181818,0.29545454545454547,0.09090909090909091,0.0,0.09090909090909091
1981-W46,0.45054945054945056,0.27472527472527475,0.08791208791208792,0.0,0.0989010989010989
1981-W47,0.4444444444444444,0.26666666666666666,0.08888888888888889,0.0,0.1111111111111111
1981-W48,0.46153846153846156,0.26373626373626374,0.08791208791208792,0.0,0.10989010989010989
1981-W49,0.46153846153846156,0.26373626373626374,0.08791208791208792,0.0,0.10989010989010989
1981-W50,0.45555555555555555,0.26666666666666666,0.08888888888888889,0.0,0.1
1981-W51,0.4943820224719101,0.23595505617977527,0.0898876404494382,0.0,0.07865168539325842
1981-W52,0.5056179775280899,0.23595505617977527,0.07865168539325842,0.0,0.07865168539325842
1981-W53,0.5056179775280899,0.23595505617977527,0.07865168539325842,0.0,0.07865168539325842
1982-W01,0.5,0.2222222222222222,0.1111111111111111,0.0,0.07777777777777778
1982-W02,0.45454545454545453,0.2840909090909091,0.10227272727272728,0.0,0.07954545454545454
1982-W03,0.47191011235955055,0.29213483146067415,0.0898876404494382,0.0,0.06741573033707865
1982-W04,0.45555555555555555,0.2777777777777778,0.1,0.0,0.07777777777777778
1982-W05,0.4090909090909091,0.29545454545454547,0.10227272727272728,0.0,0.07954545454545454
1982-W06,0.4044943820224719,0.29213483146067415,0.10112359550561797,0.011235955056179775,0.07865168539325842
1982-W07,0.4318181818181818,0.2727272727272727,0.10227272727272728,0.011363636363636364,0.06818181818181818
1982-W08,0.4318181818181818,0.2727272727272727,0.11363636363636363,0.011363636363636364,0.056818181818181816
1982-W09,0.42528735632183906,0.25287356321839083,0.12643678160919541,0.011494252873563218,0.08045977011494253
1982-W10,0.40229885057471265,0.27586206896551724,0.12643678160919541,0.011494252873563218,0.08045977011494253
1982-W11,0.45348837209302323,0.2441860465116279,0.11627906976744186,0.011627906976744186,0.08139534883720931
1982-W12,0.45454545454545453,0.23863636363636365,0.11363636363636363,0.011363636363636364,0.07954545454545454
1982-W13,0.42696629213483145,0.24719101123595505,0.12359550561797752,0.011235955056179775,0.0898876404494382
1982-W14,0.43333333333333335,0.23333333333333334,0.14444444444444443,0.011111111111111112,0.07777777777777778
1982-W15,0.4222222222222222,0.23333333333333334,0.14444444444444443,0.022222222222222223,0.07777777777777778
1982-W16,0.4157303370786517,0.24719101123595505,0.15730337078651685,0.02247191011235955,0.06741573033707865
1982-W17,0.39325842696629215,0.25842696629213485,0.16853932584269662,0.011235955056179775,0.07865168539325842
1982-W18,0.38636363636363635,0.2727272727272727,0.1590909090909091,0.011363636363636364,0.09090909090909091
1982-W19,0.36046511627906974,0.3023255813953488,0.16279069767441862,0.0,0.10465116279069768
1982-W20,0.375,0.3181818181818182,0.13636363636363635,0.0,0.11363636363636363
1982-W21,0.3563218390804598,0.3448275862068966,0.13793103448275862,0.0,0.10344827586206896
1982-W22,0.33707865168539325,0.3258426966292135,0.14606741573033707,0.011235955056179775,0.0898876404494382
1982-W23,0.34831460674157305,0.3258426966292135,0.1348314606741573,0.011235955056179775,0.0898876404494382
1982-W24,0.375,0.3409090909090909,0.11363636363636363,0.011363636363636364,0.07954545454545454
1982-W25,0.4090909090909091,0.3181818181818182,0.10227272727272728,0.011363636363636364,0.07954545454545454
1982-W26,0.38636363636363635,0.3522727272727273,0.09090909090909091,0.011363636363636364,0.09090909090909091
1982-W27,0.3977272727272727,0.36363636363636365,0.09090909090909091,0.011363636363636364,0.056818181818181816
1982-W28,0.38636363636363635,0.375,0.07954545454545454,0.011363636363636364,0.056818181818181816
1982-W29,0.35555555555555557,0.35555555555555557,0.1,0.011111111111111112,0.07777777777777778
1982-W30,0.3626373626373626,0.34065934065934067,0.08791208791208792,0.01098901098901099,0.0989010989010989
1982-W31,0.35555555555555557,0.3333333333333333,0.07777777777777778,0.011111111111111112,0.12222222222222222
1982-W32,0.34831460674157305,0.33707865168539325,0.0898876404494382,0.0,0.11235955056179775
1982-W33,0.3595505617977528,0.3258426966292135,0.0898876404494382,0.0,0.11235955056179775
1982-W34,0.375,0.3068181818181818,0.10227272727272728,0.0,0.125
1982-W35,0.4044943820224719,0.3146067415730337,0.0898876404494382,0.0,0.11235955056179775
1982-W36,0.4111111111111111,0.3111111111111111,0.08888888888888889,0.0,0.1111111111111111
1982-W37,0.45054945054945056,0.27472527472527475,0.08791208791208792,0.0,0.10989010989010989
1982-W38,0.46236559139784944,0.25806451612903225,0.11827956989247312,0.0,0.0967741935483871
1982-W39,0.46236559139784944,0.25806451612903225,0.11827956989247312,0.0,0.0967741935483871
1982-W40,0.47368421052631576,0.2736842105263158,0.11578947368421053,0.0,0.08421052631578947
1982-W41,0.4574468085106383,0.2765957446808511,0.10638297872340426,0.02127659574468085,0.09574468085106383
1982-W42,0.43617021276595747,0.2978723404255319,0.10638297872340426,0.02127659574468085,0.09574468085106383
1982-W43,0.4787234042553192,0.2553191489361702,0.1276595744680851,0.02127659574468085,0.07446808510638298
1982-W44,0.4946236559139785,0.25806451612903225,0.11827956989247312,0.021505376344086023,0.06451612903225806
1982-W45,0.5053763440860215,0.2903225806451613,0.07526881720430108,0.021505376344086023,0.06451612903225806
1982-W46,0.5,0.2978723404255319,0.07446808510638298,0.02127659574468085,0.06382978723404255
1982-W47,0.5319148936170213,0.2872340425531915,0.07446808510638298,0.02127659574468085,0.06382978723404255
1982-W48,0.5376344086021505,0.27956989247311825,0.08602150537634409,0.0,0.06451612903225806
1982-W49,0.5444444444444444,0.25555555555555554,0.1,0.0,0.05555555555555555
1982-W50,0.550561797752809,0.25842696629213485,0.10112359550561797,0.0,0.0449438202247191
1982-W51,0.5340909090909091,0.2840909090909091,0.11363636363636363,0.0,0.03409090909090909
1982-W52,0.5340909090909091,0.2840909090909091,0.11363636363636363,0.0,0.03409090909090909
1983-W01,0.5168539325842697,0.29213483146067415,0.11235955056179775,0.0,0.0449438202247191
1983-W02,0.5164835164835165,0.3076923076923077,0.10989010989010989,0.0,0.03296703296703297
1983-W03,0.5222222222222223,0.3,0.12222222222222222,0.0,0.03333333333333333
1983-W04,0.5393258426966292,0.30337078651685395,0.10112359550561797,0.0,0.033707865168539325
1983-W05,0.5842696629213483,0.25842696629213485,0.0898876404494382,0.011235955056179775,0.033707865168539325
1983-W06,0.5730337078651685,0.29213483146067415,0.06741573033707865,0.011235955056179775,0.033707865168539325
1983-W07,0.5604395604395604,0.2967032967032967,0.06593406593406594,0.01098901098901099,0.03296703296703297
1983-W08,0.5842696629213483,0.29213483146067415,0.056179775280898875,0.011235955056179775,0.02247191011235955
1983-W09,0.5393258426966292,0.29213483146067415,0.056179775280898875,0.011235955056179775,0.0449438202247191
1983-W10,0.5056179775280899,0.30337078651685395,0.06741573033707865,0.011235955056179775,0.0449438202247191
1983-W11,0.4772727272727273,0.3068181818181818,0.07954545454545454,0.011363636363636364,0.045454545454545456
1983-W12,0.45555555555555555,0.3111111111111111,0.08888888888888889,0.011111111111111112,0.05555555555555555
1983-W13,0.44565217391304346,0.32608695652173914,0.07608695652173914,0.010869565217391304,0.05434782608695652
1983-W14,0.43956043956043955,0.32967032967032966,0.07692307692307693,0.01098901098901099,0.054945054945054944
1983-W15,0.4777777777777778,0.28888888888888886,0.08888888888888889,0.0,0.05555555555555555
1983-W16,0.48314606741573035,0.2808988764044944,0.0898876404494382,0.0,0.056179775280898875
1983-W17,0.4945054945054945,0.2857142857142857,0.08791208791208792,0.01098901098901099,0.054945054945054944
1983-W18,0.532608695652174,0.2608695652173913,0.06521739130434782,0.010869565217391304,0.06521739130434782
1983-W19,0.5268817204301075,0.25806451612903225,0.07526881720430108,0.010752688172043012,0.06451612903225806
1983-W20,0.5054945054945055,0.26373626373626374,0.08791208791208792,0.01098901098901099,0.07692307692307693
1983-W21,0.5111111111111111,0.25555555555555554,0.07777777777777778,0.011111111111111112,0.07777777777777778
1983-W22,0.4945054945054945,0.27472527472527475,0.08791208791208792,0.01098901098901099,0.054945054945054944
1983-W23,0.4835164835164835,0.2967032967032967,0.07692307692307693,0.01098901098901099,0.054945054945054944
1983-W24,0.5052631578947369,0.2736842105263158,0.08421052631578947,0.010526315789473684,0.042105263157894736
1983-W25,0.5052631578947369,0.28421052631578947,0.07368421052631578,0.0,0.042105263157894736
1983-W26,0.4787234042553192,0.2978723404255319,0.0851063829787234,0.0,0.0425531914893617
1983-W27,0.46808510638297873,0.30851063829787234,0.0851063829787234,0.0,0.0425531914893617
1983-W28,0.4787234042553192,0.30851063829787234,0.09574468085106383,0.0,0.02127659574468085
1983-W29,0.49473684210526314,0.30526315789473685,0.08421052631578947,0.0,0.010526315789473684
1983-W30,0.4842105263157895,0.30526315789473685,0.09473684210526316,0.0,0.010526315789473684
1983-W31,0.47368421052631576,0.3263157894736842,0.09473684210526316,0.0,0.010526315789473684
1983-W32,0.4479166666666667,0.34375,0.09375,0.0,0.020833333333333332
1983-W33,0.4148936170212766,0.32978723404255317,0.09574468085106383,0.0,0.031914893617021274
1983-W34,0.40860215053763443,0.34408602150537637,0.10752688172043011,0.0,0.03225806451612903
1983-W35,0.43010752688172044,0.3333333333333333,0.0967741935483871,0.0,0.021505376344086023
1983-W36,0.42391304347826086,0.32608695652173914,0.06521739130434782,0.0,0.03260869565217391
1983-W37,0.41304347826086957,0.33695652173913043,0.07608695652173914,0.0,0.03260869565217391
1983-W38,0.44565217391304346,0.358695652173913,0.05434782608695652,0.0,0.03260869565217391
1983-W39,0.4631578947368421,0.35789473684210527,0.06315789473684211,0.0,0.031578947368421054
1983-W40,0.4842105263157895,0.3263157894736842,0.07368421052631578,0.0,0.031578947368421054
1983-W41,0.5106382978723404,0.2872340425531915,0.10638297872340426,0.0,0.02127659574468085
1983-W42,0.5052631578947369,0.28421052631578947,0.10526315789473684,0.0,0.021052631578947368
1983-W43,0.5578947368421052,0.24210526315789474,0.10526315789473684,0.0,0.021052631578947368
1983-W44,0.53125,0.2708333333333333,0.10416666666666667,0.0,0.03125
1983-W45,0.5212765957446809,0.2765957446808511,0.10638297872340426,0.0,0.031914893617021274
1983-W46,0.4838709677419355,0.3010752688172043,0.11827956989247312,0.0,0.03225806451612903
1983-W47,0.5,0.2717391304347826,0.14130434782608695,0.0,0.021739130434782608
1983-W48,0.5054945054945055,0.27472527472527475,0.13186813186813187,0.0,0.02197802197802198
1983-W49,0.5274725274725275,0.24175824175824176,0.13186813186813187,0.0,0.02197802197802198
1983-W50,0.5054945054945055,0.25274725274725274,0.13186813186813187,0.0,0.02197802197802198
1983-W51,0.5,0.25555555555555554,0.13333333333333333,0.0,0.022222222222222223
1983-W52,0.5,0.25555555555555554,0.13333333333333333,0.0,0.022222222222222223
1984-W01,0.47191011235955055,0.25842696629213485,0.15730337078651685,0.0,0.02247191011235955
1984-W02,0.45054945054945056,0.2857142857142857,0.15384615384615385,0.0,0.02197802197802198
1984-W03,0.4222222222222222,0.28888888888888886,0.17777777777777778,0.0,0.022222222222222223
1984-W04,0.38202247191011235,0.3146067415730337,0.16853932584269662,0.0,0.02247191011235955
1984-W05,0.3977272727272727,0.3181818181818182,0.1590909090909091,0.0,0.022727272727272728
1984-W06,0.43820224719101125,0.29213483146067415,0.14606741573033707,0.0,0.02247191011235955
1984-W07,0.47191011235955055,0.2696629213483146,0.1348314606741573,0.0,0.02247191011235955
1984-W08,0.4666666666666667,0.2777777777777778,0.14444444444444443,0.0,0.022222222222222223
1984-W09,0.4606741573033708,0.2808988764044944,0.15730337078651685,0.0,0.033707865168539325
1984-W10,0.4777777777777778,0.28888888888888886,0.14444444444444443,0.0,0.022222222222222223
1984-W11,0.47191011235955055,0.29213483146067415,0.14606741573033707,0.0,0.02247191011235955
1984-W12,0.4444444444444444,0.3,0.15555555555555556,0.0,0.022222222222222223
1984-W13,0.45054945054945056,0.2857142857142857,0.15384615384615385,0.0,0.02197802197802198
1984-W14,0.44086021505376344,0.2903225806451613,0.15053763440860216,0.0,0.021505376344086023
1984-W15,0.46153846153846156,0.26373626373626374,0.15384615384615385,0.0,0.02197802197802198
1984-W16,0.42391304347826086,0.30434782608695654,0.14130434782608695,0.0,0.021739130434782608
1984-W17,0.45161290322580644,0.2903225806451613,0.12903225806451613,0.0,0.03225806451612903
1984-W18,0.4574468085106383,0.26595744680851063,0.13829787234042554,0.0,0.031914893617021274
1984-W19,0.4574468085106383,0.2872340425531915,0.1276595744680851,0.0,0.02127659574468085
1984-W20,0.4574468085106383,0.2765957446808511,0.1276595744680851,0.0,0.031914893617021274
1984-W21,0.4791666666666667,0.25,0.13541666666666666,0.0,0.03125
1984-W22,0.5,0.24468085106382978,0.11702127659574468,0.0,0.031914893617021274
1984-W23,0.5268817204301075,0.24731182795698925,0.0967741935483871,0.0,0.03225806451612903
1984-W24,0.532608695652174,0.25,0.08695652173913043,0.0,0.03260869565217391
1984-W25,0.532608695652174,0.25,0.07608695652173914,0.010869565217391304,0.03260869565217391
1984-W26,0.5434782608695652,0.25,0.06521739130434782,0.010869565217391304,0.03260869565217391
1984-W27,0.5333333333333333,0.26666666666666666,0.05555555555555555,0.011111111111111112,0.03333333333333333
1984-W28,0.5222222222222223,0.2777777777777778,0.06666666666666667,0.011111111111111112,0.03333333333333333
1984-W29,0.5617977528089888,0.2696629213483146,0.056179775280898875,0.011235955056179775,0.033707865168539325
1984-W30,0.5617977528089888,0.2808988764044944,0.056179775280898875,0.011235955056179775,0.011235955056179775
1984-W31,0.5280898876404494,0.29213483146067415,0.06741573033707865,0.011235955056179775,0.02247191011235955
1984-W32,0.5617977528089888,0.25842696629213485,0.06741573033707865,0.011235955056179775,0.011235955056179775
1984-W33,0.5714285714285714,0.25274725274725274,0.06593406593406594,0.0,0.01098901098901099
1984-W34,0.6153846153846154,0.21978021978021978,0.06593406593406594,0.0,0.01098901098901099
1984-W35,0.6153846153846154,0.21978021978021978,0.08791208791208792,0.0,0.0
1984-W36,0.6195652173913043,0.22826086956521738,0.07608695652173914,0.0,0.0
1984-W37,0.6021505376344086,0.23655913978494625,0.0967741935483871,0.0,0.010752688172043012
1984-W38,0.5978260869565217,0.2391304347826087,0.10869565217391304,0.0,0.010869565217391304
1984-W39,0.574468085106383,0.2553191489361702,0.10638297872340426,0.0,0.010638297872340425
1984-W40,0.5698924731182796,0.22580645161290322,0.12903225806451613,0.0,0.010752688172043012
1984-W41,0.5,0.26666666666666666,0.15555555555555556,0.0,0.011111111111111112
1984-W42,0.5111111111111111,0.2777777777777778,0.12222222222222222,0.0,0.011111111111111112
1984-W43,0.4835164835164835,0.2967032967032967,0.13186813186813187,0.0,0.01098901098901099
1984-W44,0.4666666666666667,0.32222222222222224,0.13333333333333333,0.0,0.011111111111111112
1984-W45,0.4725274725274725,0.31868131868131866,0.10989010989010989,0.01098901098901099,0.01098901098901099
1984-W46,0.45652173913043476,0.30434782608695654,0.13043478260869565,0.010869565217391304,0.010869565217391304
1984-W47,0.44086021505376344,0.3010752688172043,0.13978494623655913,0.010752688172043012,0.010752688172043012
1984-W48,0.43617021276595747,0.2872340425531915,0.14893617021276595,0.010638297872340425,0.010638297872340425
1984-W49,0.44086021505376344,0.2903225806451613,0.13978494623655913,0.010752688172043012,0.010752688172043012
1984-W50,0.42391304347826086,0.30434782608695654,0.15217391304347827,0.010869565217391304,0.010869565217391304
1984-W51,0.4157303370786517,0.30337078651685395,0.16853932584269662,0.011235955056179775,0.011235955056179775
1984-W52,0.4157303370786517,0.30337078651685395,0.16853932584269662,0.011235955056179775,0.011235955056179775
1985-W01,0.3977272727272727,0.32954545454545453,0.17045454545454544,0.011363636363636364,0.011363636363636364
1985-W02,0.4044943820224719,0.3146067415730337,0.1797752808988764,0.011235955056179775,0.011235955056179775
1985-W03,0.4222222222222222,0.3111111111111111,0.17777777777777778,0.011111111111111112,0.011111111111111112
1985-W04,0.45054945054945056,0.2967032967032967,0.16483516483516483,0.01098901098901099,0.01098901098901099
1985-W05,0.4777777777777778,0.2777777777777778,0.17777777777777778,0.011111111111111112,0.011111111111111112
1985-W06,0.4888888888888889,0.26666666666666666,0.15555555555555556,0.011111111111111112,0.011111111111111112
1985-W07,0.45555555555555555,0.2777777777777778,0.17777777777777778,0.011111111111111112,0.011111111111111112
1985-W08,0.45161290322580644,0.27956989247311825,0.1827956989247312,0.010752688172043012,0.010752688172043012
1985-W09,0.45161290322580644,0.25806451612903225,0.21505376344086022,0.010752688172043012,0.010752688172043012
1985-W10,0.44680851063829785,0.26595744680851063,0.2127659574468085,0.02127659574468085,0.010638297872340425
1985-W11,0.42391304347826086,0.29347826086956524,0.20652173913043478,0.021739130434782608,0.010869565217391304
1985-W12,0.4725274725274725,0.26373626373626374,0.1978021978021978,0.02197802197802198,0.0
1985-W13,0.4673913043478261,0.2608695652173913,0.21739130434782608,0.021739130434782608,0.0
1985-W14,0.4725274725274725,0.26373626373626374,0.2087912087912088,0.02197802197802198,0.0
1985-W15,0.4835164835164835,0.26373626373626374,0.2087912087912088,0.01098901098901099,0.0
1985-W16,0.4835164835164835,0.2857142857142857,0.18681318681318682,0.01098901098901099,0.0
1985-W17,0.4945054945054945,0.27472527472527475,0.18681318681318682,0.0,0.0
1985-W18,0.48314606741573035,0.2696629213483146,0.19101123595505617,0.0,0.0
1985-W19,0.5222222222222223,0.23333333333333334,0.18888888888888888,0.0,0.0
1985-W20,0.4943820224719101,0.25842696629213485,0.16853932584269662,0.0,0.0
1985-W21,0.48863636363636365,0.29545454545454547,0.14772727272727273,0.0,0.0
1985-W22,0.5,0.2717391304347826,0.16304347826086957,0.0,0.0
1985-W23,0.5164835164835165,0.27472527472527475,0.14285714285714285,0.0,0.0
1985-W24,0.4787234042553192,0.30851063829787234,0.14893617021276595,0.0,0.0
1985-W25,0.4787234042553192,0.2978723404255319,0.14893617021276595,0.0,0.0
1985-W26,0.4895833333333333,0.2916666666666667,0.14583333333333334,0.0,0.0
1985-W27,0.4742268041237113,0.29896907216494845,0.15463917525773196,0.0,0.0
1985-W28,0.47959183673469385,0.2857142857142857,0.15306122448979592,0.0,0.0
1985-W29,0.5204081632653061,0.25510204081632654,0.14285714285714285,0.01020408163265306,0.0
1985-W30,0.5102040816326531,0.2653061224489796,0.12244897959183673,0.01020408163265306,0.0
1985-W31,0.5463917525773195,0.23711340206185566,0.12371134020618557,0.010309278350515464,0.0
1985-W32,0.5578947368421052,0.24210526315789474,0.10526315789473684,0.010526315789473684,0.0
1985-W33,0.5638297872340425,0.2553191489361702,0.09574468085106383,0.010638297872340425,0.0
1985-W34,0.5483870967741935,0.26881720430107525,0.0967741935483871,0.010752688172043012,0.0
1985-W35,0.5164835164835165,0.2967032967032967,0.10989010989010989,0.01098901098901099,0.0
1985-W36,0.4891304347826087,0.31521739130434784,0.13043478260869565,0.010869565217391304,0.0
1985-W37,0.4838709677419355,0.3118279569892473,0.13978494623655913,0.010752688172043012,0.0
1985-W38,0.5053763440860215,0.26881720430107525,0.15053763440860216,0.010752688172043012,0.0
1985-W39,0.5425531914893617,0.2553191489361702,0.13829787234042554,0.0,0.0
1985-W40,0.5425531914893617,0.26595744680851063,0.13829787234042554,0.0,0.0
1985-W41,0.5368421052631579,0.2631578947368421,0.1368421052631579,0.0,0.0
1985-W42,0.5520833333333334,0.2604166666666667,0.125,0.0,0.0
1985-W43,0.5833333333333334,0.22916666666666666,0.125,0.0,0.0
1985-W44,0.5729166666666666,0.23958333333333334,0.125,0.0,0.0
1985-W45,0.5612244897959183,0.2653061224489796,0.11224489795918367,0.0,0.0
1985-W46,0.5463917525773195,0.27835051546391754,0.10309278350515463,0.0,0.0
1985-W47,0.5510204081632653,0.24489795918367346,0.12244897959183673,0.0,0.01020408163265306
1985-W48,0.5353535353535354,0.25252525252525254,0.12121212121212122,0.0,0.010101010101010102
1985-W49,0.5463917525773195,0.2268041237113402,0.13402061855670103,0.0,0.010309278350515464
1985-W50,0.5306122448979592,0.23469387755102042,0.14285714285714285,0.0,0.01020408163265306
1985-W51,0.5154639175257731,0.25773195876288657,0.13402061855670103,0.0,0.010309278350515464
1985-W52,0.5051546391752577,0.26804123711340205,0.12371134020618557,0.0,0.010309278350515464
1986-W01,0.5051546391752577,0.26804123711340205,0.12371134020618557,0.0,0.010309278350515464
1986-W02,0.5,0.2604166666666667,0.13541666666666666,0.0,0.010416666666666666
1986-W03,0.53125,0.22916666666666666,0.13541666666666666,0.0,0.010416666666666666
1986-W04,0.5257731958762887,0.2268041237113402,0.13402061855670103,0.0,0.010309278350515464
1986-W05,0.5051546391752577,0.25773195876288657,0.12371134020618557,0.0,0.010309278350515464
1986-W06,0.5154639175257731,0.23711340206185566,0.12371134020618557,0.0,0.010309278350515464
1986-W07,0.5208333333333334,0.23958333333333334,0.125,0.0,0.010416666666666666
1986-W08,0.5051546391752577,0.23711340206185566,0.15463917525773196,0.0,0.010309278350515464
1986-W09,0.5425531914893617,0.2127659574468085,0.14893617021276595,0.0,0.010638297872340425
1986-W10,0.5578947368421052,0.21052631578947367,0.14736842105263157,0.0,0.010526315789473684
1986-W11,0.5684210526315789,0.21052631578947367,0.1368421052631579,0.0,0.010526315789473684
1986-W12,0.5578947368421052,0.22105263157894736,0.1368421052631579,0.0,0.010526315789473684
1986-W13,0.5729166666666666,0.21875,0.125,0.0,0.010416666666666666
1986-W14,0.59375,0.22916666666666666,0.11458333333333333,0.0,0.010416666666666666
1986-W15,0.6185567010309279,0.20618556701030927,0.09278350515463918,0.0,0.010309278350515464
1986-W16,0.5876288659793815,0.2268041237113402,0.1134020618556701,0.0,0.010309278350515464
1986-W17,0.59375,0.23958333333333334,0.10416666666666667,0.0,0.010416666666666666
1986-W18,0.5957446808510638,0.23404255319148937,0.10638297872340426,0.0,0.010638297872340425
1986-W19,0.574468085106383,0.2553191489361702,0.10638297872340426,0.0,0.0
1986-W20,0.5806451612903226,0.23655913978494625,0.12903225806451613,0.0,0.0
1986-W21,0.5591397849462365,0.23655913978494625,0.15053763440860216,0.0,0.0
1986-W22,0.5666666666666667,0.2222222222222222,0.15555555555555556,0.0,0.0
1986-W23,0.5934065934065934,0.21978021978021978,0.10989010989010989,0.0,0.0
1986-W24,0.5494505494505495,0.21978021978021978,0.13186813186813187,0.0,0.0
1986-W25,0.5108695652173914,0.25,0.15217391304347827,0.0,0.0
1986-W26,0.5274725274725275,0.23076923076923078,0.14285714285714285,0.0,0.0
1986-W27,0.5434782608695652,0.21739130434782608,0.14130434782608695,0.0,0.0
1986-W28,0.5217391304347826,0.21739130434782608,0.15217391304347827,0.0,0.0
1986-W29,0.4945054945054945,0.21978021978021978,0.17582417582417584,0.0,0.0
1986-W30,0.4945054945054945,0.2087912087912088,0.16483516483516483,0.01098901098901099,0.0
1986-W31,0.5054945054945055,0.2087912087912088,0.16483516483516483,0.01098901098901099,0.0
1986-W32,0.5053763440860215,0.22580645161290322,0.16129032258064516,0.010752688172043012,0.0
1986-W33,0.4891304347826087,0.25,0.14130434782608695,0.010869565217391304,0.0
1986-W34,0.4835164835164835,0.24175824175824176,0.15384615384615385,0.01098901098901099,0.0
1986-W35,0.4945054945054945,0.25274725274725274,0.14285714285714285,0.01098901098901099,0.0
1986-W36,0.4946236559139785,0.25806451612903225,0.13978494623655913,0.010752688172043012,0.0
1986-W37,0.4731182795698925,0.25806451612903225,0.16129032258064516,0.010752688172043012,0.0
1986-W38,0.4946236559139785,0.21505376344086022,0.17204301075268819,0.010752688172043012,0.0
1986-W39,0.45263157894736844,0.25263157894736843,0.16842105263157894,0.021052631578947368,0.0
1986-W40,0.47368421052631576,0.2631578947368421,0.14736842105263157,0.021052631578947368,0.0
1986-W41,0.4791666666666667,0.2604166666666667,0.14583333333333334,0.020833333333333332,0.0
1986-W42,0.4845360824742268,0.25773195876288657,0.14432989690721648,0.020618556701030927,0.0
1986-W43,0.5,0.2604166666666667,0.13541666666666666,0.020833333333333332,0.0
1986-W44,0.5104166666666666,0.28125,0.125,0.020833333333333332,0.0
1986-W45,0.5208333333333334,0.2708333333333333,0.13541666666666666,0.020833333333333332,0.0
1986-W46,0.5212765957446809,0.26595744680851063,0.1595744680851064,0.010638297872340425,0.0
1986-W47,0.5106382978723404,0.2765957446808511,0.1595744680851064,0.010638297872340425,0.0
1986-W48,0.4731182795698925,0.2903225806451613,0.17204301075268819,0.010752688172043012,0.0
1986-W49,0.4631578947368421,0.29473684210526313,0.17894736842105263,0.010526315789473684,0.0
1986-W50,0.4731182795698925,0.2903225806451613,0.17204301075268819,0.010752688172043012,0.0
1986-W51,0.45161290322580644,0.2903225806451613,0.17204301075268819,0.021505376344086023,0.0
1986-W52,0.48936170212765956,0.26595744680851063,0.1595744680851064,0.02127659574468085,0.0
1987-W01,0.48936170212765956,0.26595744680851063,0.1595744680851064,0.02127659574468085,0.0
1987-W02,0.4946236559139785,0.25806451612903225,0.16129032258064516,0.021505376344086023,0.0
1987-W03,0.47368421052631576,0.24210526315789474,0.16842105263157894,0.021052631578947368,0.010526315789473684
1987-W04,0.5,0.23958333333333334,0.14583333333333334,0.03125,0.010416666666666666
1987-W05,0.5104166666666666,0.25,0.13541666666666666,0.03125,0.010416666666666666
1987-W06,0.5,0.23958333333333334,0.15625,0.03125,0.010416666666666666
1987-W07,0.49473684210526314,0.24210526315789474,0.15789473684210525,0.031578947368421054,0.010526315789473684
1987-W08,0.5052631578947369,0.22105263157894736,0.16842105263157894,0.021052631578947368,0.010526315789473684
1987-W09,0.4891304347826087,0.20652173913043478,0.17391304347826086,0.021739130434782608,0.010869565217391304
1987-W10,0.4835164835164835,0.23076923076923078,0.16483516483516483,0.02197802197802198,0.01098901098901099
1987-W11,0.4782608695652174,0.2391304347826087,0.17391304347826086,0.021739130434782608,0.0
1987-W12,0.45161290322580644,0.24731182795698925,0.17204301075268819,0.03225806451612903,0.0
1987-W13,0.43478260869565216,0.2608695652173913,0.18478260869565216,0.03260869565217391,0.0
1987-W14,0.43478260869565216,0.2717391304347826,0.16304347826086957,0.03260869565217391,0.0
1987-W15,0.4065934065934066,0.27472527472527475,0.14285714285714285,0.03296703296703297,0.01098901098901099
1987-W16,0.40217391304347827,0.2717391304347826,0.14130434782608695,0.043478260869565216,0.010869565217391304
1987-W17,0.41304347826086957,0.30434782608695654,0.14130434782608695,0.03260869565217391,0.010869565217391304
1987-W18,0.3763440860215054,0.3333333333333333,0.15053763440860216,0.03225806451612903,0.010752688172043012
1987-W19,0.3829787234042553,0.32978723404255317,0.14893617021276595,0.02127659574468085,0.010638297872340425
1987-W20,0.4,0.3368421052631579,0.12631578947368421,0.021052631578947368,0.010526315789473684
1987-W21,0.40425531914893614,0.3404255319148936,0.13829787234042554,0.010638297872340425,0.010638297872340425
1987-W22,0.40425531914893614,0.32978723404255317,0.14893617021276595,0.0,0.010638297872340425
1987-W23,0.3870967741935484,0.3333333333333333,0.16129032258064516,0.0,0.010752688172043012
1987-W24,0.391304347826087,0.358695652173913,0.13043478260869565,0.0,0.010869565217391304
1987-W25,0.3695652173913043,0.3804347826086957,0.11956521739130435,0.0,0.010869565217391304
1987-W26,0.3548387096774194,0.3763440860215054,0.11827956989247312,0.010752688172043012,0.010752688172043012
1987-W27,0.3763440860215054,0.3655913978494624,0.11827956989247312,0.010752688172043012,0.010752688172043012
1987-W28,0.3548387096774194,0.3548387096774194,0.12903225806451613,0.03225806451612903,0.010752688172043012
1987-W29,0.3870967741935484,0.3225806451612903,0.11827956989247312,0.03225806451612903,0.010752688172043012
1987-W30,0.40425531914893614,0.3191489361702128,0.11702127659574468,0.031914893617021274,0.010638297872340425
1987-W31,0.4574468085106383,0.26595744680851063,0.11702127659574468,0.031914893617021274,0.010638297872340425
1987-W32,0.4787234042553192,0.26595744680851063,0.10638297872340426,0.02127659574468085,0.010638297872340425
1987-W33,0.5,0.24468085106382978,0.1276595744680851,0.010638297872340425,0.0
1987-W34,0.5106382978723404,0.23404255319148937,0.11702127659574468,0.010638297872340425,0.0
1987-W35,0.5531914893617021,0.23404255319148937,0.10638297872340426,0.010638297872340425,0.0
1987-W36,0.5531914893617021,0.2553191489361702,0.10638297872340426,0.010638297872340425,0.0
1987-W37,0.5319148936170213,0.26595744680851063,0.10638297872340426,0.010638297872340425,0.0
1987-W38,0.5319148936170213,0.2765957446808511,0.09574468085106383,0.010638297872340425,0.0
1987-W39,0.5212765957446809,0.2765957446808511,0.09574468085106383,0.010638297872340425,0.0
1987-W40,0.5,0.30851063829787234,0.10638297872340426,0.010638297872340425,0.0
1987-W41,0.5051546391752577,0.29896907216494845,0.1134020618556701,0.010309278350515464,0.0
1987-W42,0.5208333333333334,0.28125,0.10416666666666667,0.010416666666666666,0.0
1987-W43,0.5212765957446809,0.2978723404255319,0.09574468085106383,0.010638297872340425,0.0
1987-W44,0.5106382978723404,0.30851063829787234,0.09574468085106383,0.010638297872340425,0.0
1987-W45,0.5052631578947369,0.30526315789473685,0.08421052631578947,0.010526315789473684,0.0
1987-W46,0.5,0.2872340425531915,0.09574468085106383,0.010638297872340425,0.0
1987-W47,0.5157894736842106,0.2736842105263158,0.09473684210526316,0.0,0.0
1987-W48,0.4787234042553192,0.2978723404255319,0.0851063829787234,0.0,0.0
1987-W49,0.46808510638297873,0.30851063829787234,0.0851063829787234,0.0,0.0
1987-W50,0.4787234042553192,0.2978723404255319,0.0851063829787234,0.0,0.0
1987-W51,0.48936170212765956,0.30851063829787234,0.07446808510638298,0.0,0.0
1987-W52,0.49473684210526314,0.30526315789473685,0.07368421052631578,0.0,0.0
1987-W53,0.49473684210526314,0.30526315789473685,0.07368421052631578,0.0,0.0
1988-W01,0.4895833333333333,0.3020833333333333,0.08333333333333333,0.0,0.0
1988-W02,0.47368421052631576,0.30526315789473685,0.09473684210526316,0.0,0.0
1988-W03,0.5,0.2978723404255319,0.09574468085106383,0.0,0.0
1988-W04,0.5368421052631579,0.2736842105263158,0.08421052631578947,0.0,0.0
1988-W05,0.5416666666666666,0.28125,0.09375,0.0,0.0
1988-W06,0.5257731958762887,0.28865979381443296,0.10309278350515463,0.0,0.0
1988-W07,0.5360824742268041,0.27835051546391754,0.1134020618556701,0.0,0.0
1988-W08,0.5306122448979592,0.25510204081632654,0.11224489795918367,0.0,0.0
1988-W09,0.5154639175257731,0.24742268041237114,0.1134020618556701,0.0,0.0
1988-W10,0.49473684210526314,0.2736842105263158,0.10526315789473684,0.0,0.0
1988-W11,0.4842105263157895,0.28421052631578947,0.10526315789473684,0.0,0.0
1988-W12,0.48936170212765956,0.26595744680851063,0.10638297872340426,0.0,0.0
1988-W13,0.4731182795698925,0.27956989247311825,0.10752688172043011,0.0,0.0
1988-W14,0.44680851063829785,0.2978723404255319,0.09574468085106383,0.0,0.0
1988-W15,0.4421052631578947,0.29473684210526313,0.10526315789473684,0.0,0.0
1988-W16,0.4479166666666667,0.2916666666666667,0.10416666666666667,0.010416666666666666,0.0
1988-W17,0.4583333333333333,0.2708333333333333,0.10416666666666667,0.020833333333333332,0.0
1988-W18,0.5,0.23958333333333334,0.125,0.020833333333333332,0.0
1988-W19,0.4895833333333333,0.23958333333333334,0.13541666666666666,0.020833333333333332,0.0
1988-W20,0.5,0.25,0.125,0.020833333333333332,0.0
1988-W21,0.5157894736842106,0.23157894736842105,0.12631578947368421,0.021052631578947368,0.0
1988-W22,0.5106382978723404,0.24468085106382978,0.11702127659574468,0.02127659574468085,0.0
1988-W23,0.5157894736842106,0.24210526315789474,0.10526315789473684,0.031578947368421054,0.0
1988-W24,0.5157894736842106,0.22105263157894736,0.10526315789473684,0.042105263157894736,0.0
1988-W25,0.5212765957446809,0.22340425531914893,0.09574468085106383,0.0425531914893617,0.0
1988-W26,0.5106382978723404,0.23404255319148937,0.10638297872340426,0.0425531914893617,0.0
1988-W27,0.5053763440860215,0.24731182795698925,0.0967741935483871,0.043010752688172046,0.0
1988-W28,0.5217391304347826,0.2391304347826087,0.08695652173913043,0.03260869565217391,0.0
1988-W29,0.5376344086021505,0.21505376344086022,0.0967741935483871,0.03225806451612903,0.0
1988-W30,0.532608695652174,0.22826086956521738,0.09782608695652174,0.03260869565217391,0.0
1988-W31,0.5434782608695652,0.21739130434782608,0.09782608695652174,0.03260869565217391,0.0
1988-W32,0.5161290322580645,0.24731182795698925,0.10752688172043011,0.03225806451612903,0.0
1988-W33,0.5217391304347826,0.2391304347826087,0.10869565217391304,0.043478260869565216,0.0
1988-W34,0.5,0.25,0.10869565217391304,0.043478260869565216,0.0
1988-W35,0.5161290322580645,0.27956989247311825,0.08602150537634409,0.043010752688172046,0.0
1988-W36,0.5274725274725275,0.2967032967032967,0.06593406593406594,0.03296703296703297,0.0
1988-W37,0.5274725274725275,0.2857142857142857,0.06593406593406594,0.04395604395604396,0.0
1988-W38,0.5333333333333333,0.2777777777777778,0.07777777777777778,0.03333333333333333,0.0
1988-W39,0.5111111111111111,0.3111111111111111,0.07777777777777778,0.022222222222222223,0.0
1988-W40,0.5164835164835165,0.2967032967032967,0.08791208791208792,0.02197802197802198,0.0
1988-W41,0.5054945054945055,0.2967032967032967,0.08791208791208792,0.03296703296703297,0.0
1988-W42,0.4777777777777778,0.32222222222222224,0.1,0.03333333333333333,0.0
1988-W43,0.4606741573033708,0.3258426966292135,0.10112359550561797,0.0449438202247191,0.0
1988-W44,0.45555555555555555,0.32222222222222224,0.12222222222222222,0.03333333333333333,0.0
1988-W45,0.4888888888888889,0.2777777777777778,0.13333333333333333,0.03333333333333333,0.0
1988-W46,0.4943820224719101,0.2808988764044944,0.1348314606741573,0.02247191011235955,0.0
1988-W47,0.4835164835164835,0.2967032967032967,0.12087912087912088,0.02197802197802198,0.0
1988-W48,0.4835164835164835,0.2967032967032967,0.12087912087912088,0.03296703296703297,0.0
1988-W49,0.5054945054945055,0.2857142857142857,0.10989010989010989,0.03296703296703297,0.0
1988-W50,0.4725274725274725,0.2967032967032967,0.10989010989010989,0.04395604395604396,0.0
1988-W51,0.4782608695652174,0.29347826086956524,0.10869565217391304,0.05434782608695652,0.0
1988-W52,0.4782608695652174,0.29347826086956524,0.10869565217391304,0.05434782608695652,0.0
1989-W01,0.4835164835164835,0.2967032967032967,0.0989010989010989,0.054945054945054944,0.0
1989-W02,0.4835164835164835,0.3076923076923077,0.0989010989010989,0.04395604395604396,0.0
1989-W03,0.4891304347826087,0.31521739130434784,0.07608695652173914,0.03260869565217391,0.0
1989-W04,0.5,0.31521739130434784,0.07608695652173914,0.03260869565217391,0.0
1989-W05,0.5108695652173914,0.2826086956521739,0.07608695652173914,0.03260869565217391,0.0
1989-W06,0.5217391304347826,0.25,0.09782608695652174,0.03260869565217391,0.0
1989-W07,0.5106382978723404,0.2765957446808511,0.0851063829787234,0.02127659574468085,0.0
1989-W08,0.5108695652173914,0.2826086956521739,0.09782608695652174,0.021739130434782608,0.0
1989-W09,0.4945054945054945,0.2857142857142857,0.08791208791208792,0.03296703296703297,0.0
1989-W10,0.4777777777777778,0.3,0.07777777777777778,0.03333333333333333,0.0
1989-W11,0.5,0.3,0.07777777777777778,0.03333333333333333,0.0
1989-W12,0.5274725274725275,0.25274725274725274,0.08791208791208792,0.03296703296703297,0.0
1989-W13,0.532608695652174,0.22826086956521738,0.08695652173913043,0.043478260869565216,0.0
1989-W14,0.5494505494505495,0.24175824175824176,0.07692307692307693,0.04395604395604396,0.0
1989-W15,0.5494505494505495,0.2087912087912088,0.10989010989010989,0.04395604395604396,0.0
1989-W16,0.5730337078651685,0.20224719101123595,0.0898876404494382,0.0449438202247191,0.0
1989-W17,0.5681818181818182,0.2159090909090909,0.09090909090909091,0.03409090909090909,0.0
1989-W18,0.5842696629213483,0.20224719101123595,0.0898876404494382,0.033707865168539325,0.0
1989-W19,0.5555555555555556,0.24444444444444444,0.07777777777777778,0.03333333333333333,0.0
1989-W20,0.5280898876404494,0.2696629213483146,0.07865168539325842,0.033707865168539325,0.0
1989-W21,0.5393258426966292,0.23595505617977527,0.07865168539325842,0.033707865168539325,0.0
1989-W22,0.5384615384615384,0.21978021978021978,0.07692307692307693,0.054945054945054944,0.0
1989-W23,0.5319148936170213,0.20212765957446807,0.07446808510638298,0.06382978723404255,0.0
1989-W24,0.5483870967741935,0.1827956989247312,0.07526881720430108,0.06451612903225806,0.0
1989-W25,0.5222222222222223,0.2111111111111111,0.06666666666666667,0.07777777777777778,0.0
1989-W26,0.5111111111111111,0.2222222222222222,0.06666666666666667,0.07777777777777778,0.0
1989-W27,0.5,0.24444444444444444,0.07777777777777778,0.06666666666666667,0.0
1989-W28,0.5,0.25555555555555554,0.06666666666666667,0.06666666666666667,0.0
1989-W29,0.5108695652173914,0.2608695652173913,0.05434782608695652,0.07608695652173914,0.0
1989-W30,0.4946236559139785,0.26881720430107525,0.06451612903225806,0.07526881720430108,0.0
1989-W31,0.4838709677419355,0.25806451612903225,0.06451612903225806,0.08602150537634409,0.0
1989-W32,0.46875,0.28125,0.0625,0.08333333333333333,0.0
1989-W33,0.47368421052631576,0.28421052631578947,0.05263157894736842,0.08421052631578947,0.0
1989-W34,0.4842105263157895,0.28421052631578947,0.05263157894736842,0.07368421052631578,0.0
1989-W35,0.46808510638297873,0.2978723404255319,0.06382978723404255,0.07446808510638298,0.0
1989-W36,0.43617021276595747,0.2978723404255319,0.0851063829787234,0.07446808510638298,0.0
1989-W37,0.4574468085106383,0.30851063829787234,0.07446808510638298,0.06382978723404255,0.0
1989-W38,0.4574468085106383,0.2978723404255319,0.07446808510638298,0.06382978723404255,0.0
1989-W39,0.48936170212765956,0.2765957446808511,0.07446808510638298,0.0425531914893617,0.0
1989-W40,0.4574468085106383,0.2978723404255319,0.0851063829787234,0.0425531914893617,0.0
1989-W41,0.46808510638297873,0.2765957446808511,0.09574468085106383,0.031914893617021274,0.0
1989-W42,0.4731182795698925,0.27956989247311825,0.0967741935483871,0.03225806451612903,0.0
1989-W43,0.4838709677419355,0.3010752688172043,0.0967741935483871,0.010752688172043012,0.0
1989-W44,0.45161290322580644,0.3333333333333333,0.0967741935483871,0.021505376344086023,0.0
1989-W45,0.4782608695652174,0.33695652173913043,0.07608695652173914,0.010869565217391304,0.0
1989-W46,0.45161290322580644,0.34408602150537637,0.0967741935483871,0.010752688172043012,0.0
1989-W47,0.46236559139784944,0.3333333333333333,0.0967741935483871,0.021505376344086023,0.0
1989-W48,0.44086021505376344,0.3333333333333333,0.10752688172043011,0.021505376344086023,0.0
1989-W49,0.44086021505376344,0.3548387096774194,0.08602150537634409,0.021505376344086023,0.0
1989-W50,0.4444444444444444,0.35555555555555557,0.08888888888888889,0.022222222222222223,0.0
1989-W51,0.43820224719101125,0.33707865168539325,0.10112359550561797,0.033707865168539325,0.0
1989-W52,0.43820224719101125,0.33707865168539325,0.10112359550561797,0.033707865168539325,0.0
1990-W01,0.449438202247191,0.3258426966292135,0.10112359550561797,0.02247191011235955,0.0
1990-W02,0.4725274725274725,0.31868131868131866,0.08791208791208792,0.02197802197802198,0.0
1990-W03,0.5054945054945055,0.31868131868131866,0.06593406593406594,0.03296703296703297,0.0
1990-W04,0.4777777777777778,0.34444444444444444,0.05555555555555555,0.03333333333333333,0.0
1990-W05,0.4942528735632184,0.3333333333333333,0.05747126436781609,0.022988505747126436,0.0
1990-W06,0.5057471264367817,0.3103448275862069,0.06896551724137931,0.022988505747126436,0.0
1990-W07,0.5227272727272727,0.29545454545454547,0.056818181818181816,0.022727272727272728,0.0
1990-W08,0.5287356321839081,0.28735632183908044,0.06896551724137931,0.022988505747126436,0.0
1990-W09,0.5227272727272727,0.29545454545454547,0.06818181818181818,0.011363636363636364,0.0
1990-W10,0.4943820224719101,0.3146067415730337,0.06741573033707865,0.011235955056179775,0.011235955056179775
1990-W11,0.5056179775280899,0.30337078651685395,0.06741573033707865,0.02247191011235955,0.011235955056179775
1990-W12,0.47191011235955055,0.3146067415730337,0.056179775280898875,0.0449438202247191,0.011235955056179775
1990-W13,0.4827586206896552,0.3218390804597701,0.05747126436781609,0.04597701149425287,0.011494252873563218
1990-W14,0.4772727272727273,0.3181818181818182,0.06818181818181818,0.056818181818181816,0.011363636363636364
1990-W15,0.4659090909090909,0.2840909090909091,0.09090909090909091,0.06818181818181818,0.011363636363636364
1990-W16,0.4431818181818182,0.29545454545454547,0.09090909090909091,0.06818181818181818,0.011363636363636364
1990-W17,0.5176470588235295,0.24705882352941178,0.09411764705882353,0.058823529411764705,0.011764705882352941
1990-W18,0.5058823529411764,0.23529411764705882,0.10588235294117647,0.058823529411764705,0.011764705882352941
1990-W19,0.4942528735632184,0.2413793103448276,0.10344827586206896,0.06896551724137931,0.0
1990-W20,0.4943820224719101,0.24719101123595505,0.10112359550561797,0.06741573033707865,0.0
1990-W21,0.4777777777777778,0.24444444444444444,0.12222222222222222,0.06666666666666667,0.0
1990-W22,0.4777777777777778,0.23333333333333334,0.13333333333333333,0.06666666666666667,0.0
1990-W23,0.4777777777777778,0.24444444444444444,0.1111111111111111,0.06666666666666667,0.0
1990-W24,0.5057471264367817,0.2413793103448276,0.11494252873563218,0.06896551724137931,0.0
1990-W25,0.4883720930232558,0.26744186046511625,0.11627906976744186,0.05813953488372093,0.0
1990-W26,0.45977011494252873,0.25287356321839083,0.11494252873563218,0.05747126436781609,0.0
1990-W27,0.42696629213483145,0.2808988764044944,0.11235955056179775,0.06741573033707865,0.0
1990-W28,0.43820224719101125,0.25842696629213485,0.10112359550561797,0.06741573033707865,0.011235955056179775
1990-W29,0.43023255813953487,0.26744186046511625,0.09302325581395349,0.05813953488372093,0.011627906976744186
1990-W30,0.4186046511627907,0.27906976744186046,0.09302325581395349,0.05813953488372093,0.011627906976744186
1990-W31,0.4659090909090909,0.23863636363636365,0.10227272727272728,0.056818181818181816,0.011363636363636364
1990-W32,0.4482758620689655,0.2413793103448276,0.09195402298850575,0.05747126436781609,0.011494252873563218
1990-W33,0.4431818181818182,0.25,0.09090909090909091,0.056818181818181816,0.011363636363636364
1990-W34,0.48314606741573035,0.20224719101123595,0.10112359550561797,0.033707865168539325,0.011235955056179775
1990-W35,0.4827586206896552,0.19540229885057472,0.11494252873563218,0.034482758620689655,0.0
1990-W36,0.4318181818181818,0.22727272727272727,0.10227272727272728,0.045454545454545456,0.0
1990-W37,0.4157303370786517,0.24719101123595505,0.10112359550561797,0.0449438202247191,0.0
1990-W38,0.4111111111111111,0.25555555555555554,0.1,0.044444444444444446,0.0
1990-W39,0.38461538461538464,0.25274725274725274,0.10989010989010989,0.06593406593406594,0.0
1990-W40,0.3804347826086957,0.25,0.11956521739130435,0.06521739130434782,0.0
1990-W41,0.3870967741935484,0.26881720430107525,0.12903225806451613,0.06451612903225806,0.0
1990-W42,0.40425531914893614,0.2765957446808511,0.11702127659574468,0.06382978723404255,0.0
1990-W43,0.40860215053763443,0.3118279569892473,0.10752688172043011,0.053763440860215055,0.0
1990-W44,0.4105263157894737,0.28421052631578947,0.12631578947368421,0.05263157894736842,0.0
1990-W45,0.4148936170212766,0.2872340425531915,0.11702127659574468,0.0425531914893617,0.0
1990-W46,0.4421052631578947,0.25263157894736843,0.11578947368421053,0.042105263157894736,0.0
1990-W47,0.4631578947368421,0.2631578947368421,0.10526315789473684,0.042105263157894736,0.0
1990-W48,0.4574468085106383,0.2765957446808511,0.10638297872340426,0.0425531914893617,0.0
1990-W49,0.41935483870967744,0.3118279569892473,0.10752688172043011,0.053763440860215055,0.0
1990-W50,0.42391304347826086,0.31521739130434784,0.10869565217391304,0.05434782608695652,0.0
1990-W51,0.41304347826086957,0.30434782608695654,0.13043478260869565,0.05434782608695652,0.0
1990-W52,0.41304347826086957,0.30434782608695654,0.13043478260869565,0.05434782608695652,0.0
1991-W01,0.4175824175824176,0.2857142857142857,0.13186813186813187,0.06593406593406594,0.0
1991-W02,0.4065934065934066,0.26373626373626374,0.15384615384615385,0.07692307692307693,0.0
1991-W03,0.4065934065934066,0.26373626373626374,0.15384615384615385,0.07692307692307693,0.0
1991-W04,0.42857142857142855,0.27472527472527475,0.14285714285714285,0.07692307692307693,0.0
1991-W05,0.44565217391304346,0.2717391304347826,0.13043478260869565,0.05434782608695652,0.0
1991-W06,0.46153846153846156,0.27472527472527475,0.10989010989010989,0.054945054945054944,0.0
1991-W07,0.45555555555555555,0.2777777777777778,0.1111111111111111,0.05555555555555555,0.0
1991-W08,0.43956043956043955,0.26373626373626374,0.13186813186813187,0.06593406593406594,0.0
1991-W09,0.46153846153846156,0.24175824175824176,0.13186813186813187,0.054945054945054944,0.0
1991-W10,0.43333333333333335,0.26666666666666666,0.14444444444444443,0.05555555555555555,0.0
1991-W11,0.38202247191011235,0.30337078651685395,0.12359550561797752,0.06741573033707865,0.0
1991-W12,0.35555555555555557,0.32222222222222224,0.13333333333333333,0.06666666666666667,0.0
1991-W13,0.34444444444444444,0.3,0.13333333333333333,0.06666666666666667,0.011111111111111112
1991-W14,0.3870967741935484,0.3010752688172043,0.10752688172043011,0.053763440860215055,0.010752688172043012
1991-W15,0.41304347826086957,0.29347826086956524,0.10869565217391304,0.043478260869565216,0.010869565217391304
1991-W16,0.4,0.3333333333333333,0.08888888888888889,0.044444444444444446,0.011111111111111112
1991-W17,0.3888888888888889,0.3111111111111111,0.1111111111111111,0.06666666666666667,0.011111111111111112
1991-W18,0.36666666666666664,0.3,0.1111111111111111,0.07777777777777778,0.011111111111111112
1991-W19,0.37777777777777777,0.28888888888888886,0.08888888888888889,0.06666666666666667,0.011111111111111112
1991-W20,0.38202247191011235,0.2696629213483146,0.11235955056179775,0.07865168539325842,0.011235955056179775
1991-W21,0.38636363636363635,0.25,0.125,0.09090909090909091,0.011363636363636364
1991-W22,0.4186046511627907,0.2441860465116279,0.10465116279069768,0.08139534883720931,0.011627906976744186
1991-W23,0.4117647058823529,0.27058823529411763,0.10588235294117647,0.058823529411764705,0.011764705882352941
1991-W24,0.43023255813953487,0.27906976744186046,0.11627906976744186,0.05813953488372093,0.011627906976744186
1991-W25,0.4166666666666667,0.30952380952380953,0.13095238095238096,0.03571428571428571,0.011904761904761904
1991-W26,0.39285714285714285,0.3333333333333333,0.13095238095238096,0.047619047619047616,0.011904761904761904
1991-W27,0.4,0.3176470588235294,0.11764705882352941,0.047058823529411764,0.011764705882352941
1991-W28,0.36470588235294116,0.3176470588235294,0.11764705882352941,0.058823529411764705,0.011764705882352941
1991-W29,0.367816091954023,0.3103448275862069,0.12643678160919541,0.06896551724137931,0.022988505747126436
1991-W30,0.40229885057471265,0.26436781609195403,0.12643678160919541,0.06896551724137931,0.022988505747126436
1991-W31,0.3793103448275862,0.27586206896551724,0.13793103448275862,0.08045977011494253,0.022988505747126436
1991-W32,0.37209302325581395,0.26744186046511625,0.12790697674418605,0.08139534883720931,0.03488372093023256
1991-W33,0.375,0.25,0.11363636363636363,0.07954545454545454,0.03409090909090909
1991-W34,0.3488372093023256,0.29069767441860467,0.08139534883720931,0.10465116279069768,0.03488372093023256
1991-W35,0.32941176470588235,0.3058823529411765,0.08235294117647059,0.10588235294117647,0.03529411764705882
1991-W36,0.32941176470588235,0.3058823529411765,0.09411764705882353,0.10588235294117647,0.023529411764705882
1991-W37,0.3372093023255814,0.3023255813953488,0.09302325581395349,0.10465116279069768,0.023255813953488372
1991-W38,0.3448275862068966,0.2988505747126437,0.09195402298850575,0.09195402298850575,0.022988505747126436
1991-W39,0.367816091954023,0.2988505747126437,0.09195402298850575,0.08045977011494253,0.022988505747126436
1991-W40,0.37209302325581395,0.3023255813953488,0.08139534883720931,0.09302325581395349,0.011627906976744186
1991-W41,0.36046511627906974,0.32558139534883723,0.08139534883720931,0.10465116279069768,0.011627906976744186
1991-W42,0.35294117647058826,0.3176470588235294,0.09411764705882353,0.12941176470588237,0.011764705882352941
1991-W43,0.38372093023255816,0.27906976744186046,0.11627906976744186,0.11627906976744186,0.011627906976744186
1991-W44,0.4090909090909091,0.25,0.10227272727272728,0.125,0.022727272727272728
1991-W45,0.38636363636363635,0.2840909090909091,0.125,0.125,0.022727272727272728
1991-W46,0.39325842696629215,0.2696629213483146,0.12359550561797752,0.1348314606741573,0.02247191011235955
1991-W47,0.3516483516483517,0.26373626373626374,0.13186813186813187,0.15384615384615385,0.03296703296703297
1991-W48,0.34444444444444444,0.24444444444444444,0.13333333333333333,0.14444444444444443,0.03333333333333333
1991-W49,0.34444444444444444,0.25555555555555554,0.13333333333333333,0.14444444444444443,0.011111111111111112
1991-W50,0.3516483516483517,0.23076923076923078,0.14285714285714285,0.15384615384615385,0.01098901098901099
1991-W51,0.3626373626373626,0.23076923076923078,0.12087912087912088,0.15384615384615385,0.01098901098901099
1991-W52,0.3626373626373626,0.23076923076923078,0.12087912087912088,0.15384615384615385,0.01098901098901099
1992-W01,0.33695652173913043,0.2391304347826087,0.14130434782608695,0.15217391304347827,0.010869565217391304
1992-W02,0.33695652173913043,0.22826086956521738,0.14130434782608695,0.16304347826086957,0.010869565217391304
1992-W03,0.3333333333333333,0.23333333333333334,0.14444444444444443,0.16666666666666666,0.011111111111111112
1992-W04,0.36363636363636365,0.20454545454545456,0.13636363636363635,0.1590909090909091,0.011363636363636364
1992-W05,0.375,0.20454545454545456,0.13636363636363635,0.11363636363636363,0.011363636363636364
1992-W06,0.3595505617977528,0.20224719101123595,0.12359550561797752,0.12359550561797752,0.011235955056179775
1992-W07,0.3409090909090909,0.22727272727272727,0.125,0.13636363636363635,0.011363636363636364
1992-W08,0.3488372093023256,0.19767441860465115,0.1511627906976744,0.11627906976744186,0.011627906976744186
1992-W09,0.36363636363636365,0.19318181818181818,0.14772727272727273,0.11363636363636363,0.011363636363636364
1992-W10,0.3488372093023256,0.18604651162790697,0.1511627906976744,0.11627906976744186,0.011627906976744186
1992-W11,0.32954545454545453,0.18181818181818182,0.1590909090909091,0.125,0.011363636363636364
1992-W12,0.2808988764044944,0.21348314606741572,0.15730337078651685,0.1348314606741573,0.011235955056179775
1992-W13,0.3,0.2222222222222222,0.15555555555555556,0.1111111111111111,0.011111111111111112
1992-W14,0.29347826086956524,0.20652173913043478,0.16304347826086957,0.10869565217391304,0.010869565217391304
1992-W15,0.28888888888888886,0.2111111111111111,0.16666666666666666,0.1111111111111111,0.0
1992-W16,0.31521739130434784,0.20652173913043478,0.16304347826086957,0.11956521739130435,0.010869565217391304
1992-W17,0.33695652173913043,0.18478260869565216,0.16304347826086957,0.11956521739130435,0.010869565217391304
1992-W18,0.34444444444444444,0.17777777777777778,0.14444444444444443,0.12222222222222222,0.022222222222222223
1992-W19,0.34831460674157305,0.16853932584269662,0.14606741573033707,0.11235955056179775,0.033707865168539325
1992-W20,0.34831460674157305,0.1797752808988764,0.1348314606741573,0.11235955056179775,0.033707865168539325
1992-W21,0.33707865168539325,0.15730337078651685,0.14606741573033707,0.11235955056179775,0.033707865168539325
1992-W22,0.32222222222222224,0.15555555555555556,0.14444444444444443,0.1111111111111111,0.03333333333333333
1992-W23,0.3111111111111111,0.15555555555555556,0.16666666666666666,0.13333333333333333,0.03333333333333333
1992-W24,0.3111111111111111,0.14444444444444443,0.16666666666666666,0.12222222222222222,0.03333333333333333
1992-W25,0.28888888888888886,0.15555555555555556,0.2,0.12222222222222222,0.03333333333333333
1992-W26,0.29213483146067415,0.1797752808988764,0.20224719101123595,0.11235955056179775,0.033707865168539325
1992-W27,0.2696629213483146,0.19101123595505617,0.20224719101123595,0.1348314606741573,0.02247191011235955
1992-W28,0.2857142857142857,0.1978021978021978,0.17582417582417584,0.14285714285714285,0.02197802197802198
1992-W29,0.2857142857142857,0.2087912087912088,0.16483516483516483,0.14285714285714285,0.02197802197802198
1992-W30,0.2903225806451613,0.1935483870967742,0.13978494623655913,0.16129032258064516,0.03225806451612903
1992-W31,0.3118279569892473,0.15053763440860216,0.15053763440860216,0.16129032258064516,0.03225806451612903
1992-W32,0.30851063829787234,0.1595744680851064,0.13829787234042554,0.1595744680851064,0.0425531914893617
1992-W33,0.3191489361702128,0.1595744680851064,0.11702127659574468,0.1595744680851064,0.031914893617021274
1992-W34,0.32978723404255317,0.1702127659574468,0.11702127659574468,0.1595744680851064,0.031914893617021274
1992-W35,0.30851063829787234,0.14893617021276595,0.14893617021276595,0.14893617021276595,0.031914893617021274
1992-W36,0.3368421052631579,0.14736842105263157,0.1368421052631579,0.1368421052631579,0.031578947368421054
1992-W37,0.30851063829787234,0.1702127659574468,0.1702127659574468,0.11702127659574468,0.031914893617021274
1992-W38,0.29473684210526313,0.16842105263157894,0.17894736842105263,0.11578947368421053,0.031578947368421054
1992-W39,0.30526315789473685,0.16842105263157894,0.16842105263157894,0.12631578947368421,0.031578947368421054
1992-W40,0.30526315789473685,0.18947368421052632,0.15789473684210525,0.12631578947368421,0.021052631578947368
1992-W41,0.30526315789473685,0.18947368421052632,0.16842105263157894,0.10526315789473684,0.031578947368421054
1992-W42,0.3263157894736842,0.15789473684210525,0.18947368421052632,0.12631578947368421,0.031578947368421054
1992-W43,0.3368421052631579,0.16842105263157894,0.18947368421052632,0.10526315789473684,0.042105263157894736
1992-W44,0.35789473684210527,0.16842105263157894,0.18947368421052632,0.10526315789473684,0.031578947368421054
1992-W45,0.37894736842105264,0.16842105263157894,0.17894736842105263,0.10526315789473684,0.021052631578947368
1992-W46,0.37894736842105264,0.15789473684210525,0.2,0.09473684210526316,0.031578947368421054
1992-W47,0.3711340206185567,0.16494845360824742,0.1958762886597938,0.10309278350515463,0.030927835051546393
1992-W48,0.3894736842105263,0.15789473684210525,0.2,0.10526315789473684,0.021052631578947368
1992-W49,0.35789473684210527,0.16842105263157894,0.23157894736842105,0.09473684210526316,0.021052631578947368
1992-W50,0.3368421052631579,0.16842105263157894,0.24210526315789474,0.09473684210526316,0.021052631578947368
1992-W51,0.3125,0.16666666666666666,0.22916666666666666,0.125,0.020833333333333332
1992-W52,0.3118279569892473,0.1935483870967742,0.21505376344086022,0.11827956989247312,0.03225806451612903
1992-W53,0.3225806451612903,0.1827956989247312,0.20430107526881722,0.12903225806451613,0.03225806451612903
1993-W01,0.3191489361702128,0.18085106382978725,0.20212765957446807,0.13829787234042554,0.02127659574468085
1993-W02,0.32978723404255317,0.18085106382978725,0.20212765957446807,0.13829787234042554,0.010638297872340425
1993-W03,0.3548387096774194,0.20430107526881722,0.1935483870967742,0.0967741935483871,0.010752688172043012
1993-W04,0.3655913978494624,0.1935483870967742,0.1827956989247312,0.11827956989247312,0.010752688172043012
1993-W05,0.3870967741935484,0.17204301075268819,0.1935483870967742,0.10752688172043011,0.010752688172043012
1993-W06,0.3655913978494624,0.17204301075268819,0.1935483870967742,0.11827956989247312,0.010752688172043012
1993-W07,0.37894736842105264,0.15789473684210525,0.21052631578947367,0.11578947368421053,0.010526315789473684
1993-W08,0.37894736842105264,0.1368421052631579,0.22105263157894736,0.11578947368421053,0.010526315789473684
1993-W09,0.37894736842105264,0.1368421052631579,0.22105263157894736,0.12631578947368421,0.010526315789473684
1993-W10,0.3402061855670103,0.14432989690721648,0.21649484536082475,0.12371134020618557,0.030927835051546393
1993-W11,0.336734693877551,0.1326530612244898,0.22448979591836735,0.1326530612244898,0.030612244897959183
1993-W12,0.32653061224489793,0.12244897959183673,0.22448979591836735,0.15306122448979592,0.04081632653061224
1993-W13,0.3402061855670103,0.1134020618556701,0.1958762886597938,0.18556701030927836,0.030927835051546393
1993-W14,0.35051546391752575,0.10309278350515463,0.20618556701030927,0.16494845360824742,0.030927835051546393
1993-W15,0.3402061855670103,0.1134020618556701,0.1958762886597938,0.16494845360824742,0.041237113402061855
1993-W16,0.35714285714285715,0.11224489795918367,0.20408163265306123,0.14285714285714285,0.04081632653061224
1993-W17,0.32653061224489793,0.11224489795918367,0.21428571428571427,0.16326530612244897,0.04081632653061224
1993-W18,0.31958762886597936,0.14432989690721648,0.17525773195876287,0.16494845360824742,0.05154639175257732
1993-W19,0.30927835051546393,0.13402061855670103,0.1958762886597938,0.18556701030927836,0.041237113402061855
1993-W20,0.3163265306122449,0.1326530612244898,0.20408163265306123,0.17346938775510204,0.04081632653061224
1993-W21,0.3125,0.11458333333333333,0.20833333333333334,0.1875,0.041666666666666664
1993-W22,0.3263157894736842,0.11578947368421053,0.21052631578947367,0.15789473684210525,0.042105263157894736
1993-W23,0.30526315789473685,0.11578947368421053,0.24210526315789474,0.14736842105263157,0.05263157894736842
1993-W24,0.29347826086956524,0.13043478260869565,0.2391304347826087,0.16304347826086957,0.043478260869565216
1993-W25,0.2903225806451613,0.11827956989247312,0.22580645161290322,0.17204301075268819,0.043010752688172046
1993-W26,0.30851063829787234,0.11702127659574468,0.22340425531914893,0.1595744680851064,0.05319148936170213
1993-W27,0.2903225806451613,0.10752688172043011,0.20430107526881722,0.1935483870967742,0.043010752688172046
1993-W28,0.34065934065934067,0.0989010989010989,0.17582417582417584,0.18681318681318682,0.04395604395604396
1993-W29,0.358695652173913,0.10869565217391304,0.18478260869565216,0.15217391304347827,0.043478260869565216
1993-W30,0.3516483516483517,0.0989010989010989,0.17582417582417584,0.17582417582417584,0.04395604395604396
1993-W31,0.34408602150537637,0.0967741935483871,0.1935483870967742,0.1827956989247312,0.03225806451612903
1993-W32,0.3118279569892473,0.10752688172043011,0.1827956989247312,0.20430107526881722,0.03225806451612903
1993-W33,0.3225806451612903,0.11827956989247312,0.1935483870967742,0.20430107526881722,0.03225806451612903
1993-W34,0.33695652173913043,0.10869565217391304,0.20652173913043478,0.1956521739130435,0.021739130434782608
1993-W35,0.34408602150537637,0.11827956989247312,0.20430107526881722,0.17204301075268819,0.021505376344086023
1993-W36,0.34408602150537637,0.11827956989247312,0.20430107526881722,0.16129032258064516,0.021505376344086023
1993-W37,0.3763440860215054,0.11827956989247312,0.21505376344086022,0.15053763440860216,0.021505376344086023
1993-W38,0.3655913978494624,0.10752688172043011,0.22580645161290322,0.16129032258064516,0.021505376344086023
1993-W39,0.40425531914893614,0.10638297872340426,0.18085106382978725,0.1595744680851064,0.02127659574468085
1993-W40,0.3684210526315789,0.12631578947368421,0.16842105263157894,0.17894736842105263,0.031578947368421054
1993-W41,0.3225806451612903,0.12903225806451613,0.20430107526881722,0.1935483870967742,0.03225806451612903
1993-W42,0.3225806451612903,0.15053763440860216,0.20430107526881722,0.1827956989247312,0.03225806451612903
1993-W43,0.30526315789473685,0.1368421052631579,0.22105263157894736,0.18947368421052632,0.031578947368421054
1993-W44,0.29591836734693877,0.14285714285714285,0.21428571428571427,0.1836734693877551,0.030612244897959183
1993-W45,0.29591836734693877,0.14285714285714285,0.20408163265306123,0.20408163265306123,0.030612244897959183
1993-W46,0.29591836734693877,0.14285714285714285,0.19387755102040816,0.21428571428571427,0.030612244897959183
1993-W47,0.2755102040816326,0.15306122448979592,0.19387755102040816,0.19387755102040816,0.030612244897959183
1993-W48,0.25773195876288657,0.15463917525773196,0.1958762886597938,0.20618556701030927,0.030927835051546393
1993-W49,0.25,0.14583333333333334,0.19791666666666666,0.19791666666666666,0.041666666666666664
1993-W50,0.23711340206185566,0.15463917525773196,0.1958762886597938,0.1958762886597938,0.030927835051546393
1993-W51,0.24742268041237114,0.14432989690721648,0.1958762886597938,0.17525773195876287,0.041237113402061855
1993-W52,0.2708333333333333,0.13541666666666666,0.16666666666666666,0.17708333333333334,0.052083333333333336
1994-W01,0.25263157894736843,0.1368421052631579,0.17894736842105263,0.18947368421052632,0.05263157894736842
1994-W02,0.2631578947368421,0.14736842105263157,0.2,0.16842105263157894,0.05263157894736842
1994-W03,0.26595744680851063,0.14893617021276595,0.2127659574468085,0.1595744680851064,0.0425531914893617
1994-W04,0.29347826086956524,0.13043478260869565,0.21739130434782608,0.15217391304347827,0.03260869565217391
1994-W05,0.2717391304347826,0.13043478260869565,0.22826086956521738,0.15217391304347827,0.03260869565217391
1994-W06,0.2967032967032967,0.13186813186813187,0.1978021978021978,0.15384615384615385,0.04395604395604396
1994-W07,0.28888888888888886,0.14444444444444443,0.2,0.16666666666666666,0.03333333333333333
1994-W08,0.2777777777777778,0.13333333333333333,0.2,0.17777777777777778,0.05555555555555555
1994-W09,0.3010752688172043,0.13978494623655913,0.1827956989247312,0.17204301075268819,0.06451612903225806
1994-W10,0.2903225806451613,0.13978494623655913,0.20430107526881722,0.16129032258064516,0.053763440860215055
1994-W11,0.29347826086956524,0.14130434782608695,0.20652173913043478,0.15217391304347827,0.05434782608695652
1994-W12,0.3010752688172043,0.13978494623655913,0.20430107526881722,0.1827956989247312,0.043010752688172046
1994-W13,0.30434782608695654,0.15217391304347827,0.1956521739130435,0.15217391304347827,0.05434782608695652
1994-W14,0.3076923076923077,0.12087912087912088,0.2087912087912088,0.16483516483516483,0.054945054945054944
1994-W15,0.3103448275862069,0.13793103448275862,0.1839080459770115,0.1724137931034483,0.05747126436781609
1994-W16,0.33707865168539325,0.1348314606741573,0.19101123595505617,0.1797752808988764,0.056179775280898875
1994-W17,0.34444444444444444,0.12222222222222222,0.18888888888888888,0.17777777777777778,0.05555555555555555
1994-W18,0.3888888888888889,0.1,0.17777777777777778,0.17777777777777778,0.03333333333333333
1994-W19,0.39325842696629215,0.07865168539325842,0.20224719101123595,0.1797752808988764,0.033707865168539325
1994-W20,0.3707865168539326,0.07865168539325842,0.21348314606741572,0.16853932584269662,0.056179775280898875
1994-W21,0.37777777777777777,0.08888888888888889,0.2,0.17777777777777778,0.05555555555555555
1994-W22,0.3707865168539326,0.0898876404494382,0.20224719101123595,0.1797752808988764,0.056179775280898875
1994-W23,0.37362637362637363,0.10989010989010989,0.2087912087912088,0.16483516483516483,0.054945054945054944
1994-W24,0.358695652173913,0.13043478260869565,0.1956521739130435,0.16304347826086957,0.05434782608695652
1994-W25,0.35106382978723405,0.13829787234042554,0.2127659574468085,0.14893617021276595,0.05319148936170213
1994-W26,0.3626373626373626,0.14285714285714285,0.23076923076923078,0.13186813186813187,0.04395604395604396
1994-W27,0.3548387096774194,0.13978494623655913,0.22580645161290322,0.13978494623655913,0.043010752688172046
1994-W28,0.3333333333333333,0.13978494623655913,0.22580645161290322,0.16129032258064516,0.053763440860215055
1994-W29,0.3118279569892473,0.12903225806451613,0.23655913978494625,0.17204301075268819,0.043010752688172046
1994-W30,0.2903225806451613,0.12903225806451613,0.24731182795698925,0.17204301075268819,0.021505376344086023
1994-W31,0.2708333333333333,0.125,0.23958333333333334,0.16666666666666666,0.041666666666666664
1994-W32,0.29473684210526313,0.1368421052631579,0.23157894736842105,0.14736842105263157,0.031578947368421054
1994-W33,0.3368421052631579,0.12631578947368421,0.23157894736842105,0.12631578947368421,0.031578947368421054
1994-W34,0.3263157894736842,0.1368421052631579,0.22105263157894736,0.12631578947368421,0.031578947368421054
1994-W35,0.3263157894736842,0.14736842105263157,0.22105263157894736,0.1368421052631579,0.031578947368421054
1994-W36,0.30526315789473685,0.14736842105263157,0.23157894736842105,0.1368421052631579,0.042105263157894736
1994-W37,0.2978723404255319,0.1276595744680851,0.23404255319148937,0.14893617021276595,0.0425531914893617
1994-W38,0.2872340425531915,0.1276595744680851,0.24468085106382978,0.1595744680851064,0.031914893617021274
1994-W39,0.2978723404255319,0.14893617021276595,0.22340425531914893,0.14893617021276595,0.031914893617021274
1994-W40,0.32978723404255317,0.13829787234042554,0.22340425531914893,0.14893617021276595,0.02127659574468085
1994-W41,0.3157894736842105,0.14736842105263157,0.23157894736842105,0.16842105263157894,0.010526315789473684
1994-W42,0.3191489361702128,0.14893617021276595,0.2127659574468085,0.1595744680851064,0.02127659574468085
1994-W43,0.3157894736842105,0.14736842105263157,0.2,0.16842105263157894,0.021052631578947368
1994-W44,0.3263157894736842,0.1368421052631579,0.18947368421052632,0.17894736842105263,0.031578947368421054
1994-W45,0.3473684210526316,0.1368421052631579,0.16842105263157894,0.17894736842105263,0.021052631578947368
1994-W46,0.32608695652173914,0.15217391304347827,0.17391304347826086,0.18478260869565216,0.021739130434782608
1994-W47,0.31521739130434784,0.13043478260869565,0.18478260869565216,0.18478260869565216,0.010869565217391304
1994-W48,0.31521739130434784,0.14130434782608695,0.17391304347826086,0.18478260869565216,0.010869565217391304
1994-W49,0.31521739130434784,0.14130434782608695,0.20652173913043478,0.18478260869565216,0.010869565217391304
1994-W50,0.33695652173913043,0.14130434782608695,0.20652173913043478,0.16304347826086957,0.021739130434782608
1994-W51,0.33695652173913043,0.14130434782608695,0.17391304347826086,0.18478260869565216,0.03260869565217391
1994-W52,0.3548387096774194,0.15053763440860216,0.15053763440860216,0.1935483870967742,0.03225806451612903
1995-W01,0.3655913978494624,0.13978494623655913,0.16129032258064516,0.1827956989247312,0.03225806451612903
1995-W02,0.3548387096774194,0.12903225806451613,0.17204301075268819,0.21505376344086022,0.021505376344086023
1995-W03,0.3655913978494624,0.10752688172043011,0.17204301075268819,0.20430107526881722,0.021505376344086023
1995-W04,0.3978494623655914,0.08602150537634409,0.15053763440860216,0.21505376344086022,0.010752688172043012
1995-W05,0.3763440860215054,0.0967741935483871,0.15053763440860216,0.23655913978494625,0.010752688172043012
1995-W06,0.3626373626373626,0.10989010989010989,0.15384615384615385,0.23076923076923078,0.01098901098901099
1995-W07,0.34831460674157305,0.11235955056179775,0.1797752808988764,0.20224719101123595,0.011235955056179775
1995-W08,0.34444444444444444,0.1111111111111111,0.15555555555555556,0.24444444444444444,0.0
1995-W09,0.33707865168539325,0.0898876404494382,0.16853932584269662,0.24719101123595505,0.0
1995-W10,0.3522727272727273,0.09090909090909091,0.18181818181818182,0.2159090909090909,0.0
1995-W11,0.3258426966292135,0.0898876404494382,0.1797752808988764,0.2247191011235955,0.0
1995-W12,0.30337078651685395,0.12359550561797752,0.16853932584269662,0.20224719101123595,0.0
1995-W13,0.3111111111111111,0.12222222222222222,0.17777777777777778,0.16666666666666666,0.011111111111111112
1995-W14,0.3,0.12222222222222222,0.17777777777777778,0.18888888888888888,0.022222222222222223
1995-W15,0.3,0.1,0.17777777777777778,0.2111111111111111,0.022222222222222223
1995-W16,0.3,0.1,0.18888888888888888,0.18888888888888888,0.022222222222222223
1995-W17,0.31868131868131866,0.10989010989010989,0.1978021978021978,0.17582417582417584,0.02197802197802198
1995-W18,0.31521739130434784,0.09782608695652174,0.1956521739130435,0.1956521739130435,0.021739130434782608
1995-W19,0.2826086956521739,0.10869565217391304,0.18478260869565216,0.1956521739130435,0.03260869565217391
1995-W20,0.2857142857142857,0.0989010989010989,0.1978021978021978,0.1978021978021978,0.03296703296703297
1995-W21,0.26373626373626374,0.10989010989010989,0.2087912087912088,0.2087912087912088,0.02197802197802198
1995-W22,0.29347826086956524,0.11956521739130435,0.20652173913043478,0.1956521739130435,0.021739130434782608
1995-W23,0.30434782608695654,0.14130434782608695,0.20652173913043478,0.20652173913043478,0.010869565217391304
1995-W24,0.31868131868131866,0.12087912087912088,0.2087912087912088,0.1978021978021978,0.01098901098901099
1995-W25,0.31868131868131866,0.10989010989010989,0.21978021978021978,0.2087912087912088,0.01098901098901099
1995-W26,0.30434782608695654,0.11956521739130435,0.20652173913043478,0.21739130434782608,0.010869565217391304
1995-W27,0.30434782608695654,0.13043478260869565,0.20652173913043478,0.20652173913043478,0.010869565217391304
1995-W28,0.3076923076923077,0.12087912087912088,0.2087912087912088,0.2087912087912088,0.01098901098901099
1995-W29,0.30434782608695654,0.11956521739130435,0.1956521739130435,0.21739130434782608,0.010869565217391304
1995-W30,0.27956989247311825,0.13978494623655913,0.20430107526881722,0.22580645161290322,0.010752688172043012
1995-W31,0.2826086956521739,0.15217391304347827,0.1956521739130435,0.22826086956521738,0.021739130434782608
1995-W32,0.2826086956521739,0.14130434782608695,0.1956521739130435,0.25,0.03260869565217391
1995-W33,0.30434782608695654,0.13043478260869565,0.1956521739130435,0.2391304347826087,0.03260869565217391
1995-W34,0.30434782608695654,0.13043478260869565,0.1956521739130435,0.2391304347826087,0.043478260869565216
1995-W35,0.358695652173913,0.14130434782608695,0.17391304347826086,0.22826086956521738,0.03260869565217391
1995-W36,0.3804347826086957,0.15217391304347827,0.16304347826086957,0.21739130434782608,0.03260869565217391
1995-W37,0.3655913978494624,0.15053763440860216,0.16129032258064516,0.22580645161290322,0.043010752688172046
1995-W38,0.3626373626373626,0.13186813186813187,0.18681318681318682,0.21978021978021978,0.04395604395604396
1995-W39,0.35555555555555557,0.12222222222222222,0.2,0.2222222222222222,0.03333333333333333
1995-W40,0.31868131868131866,0.13186813186813187,0.2087912087912088,0.23076923076923078,0.04395604395604396
1995-W41,0.34065934065934067,0.13186813186813187,0.1978021978021978,0.24175824175824176,0.03296703296703297
1995-W42,0.3516483516483517,0.10989010989010989,0.18681318681318682,0.25274725274725274,0.03296703296703297
1995-W43,0.3516483516483517,0.07692307692307693,0.18681318681318682,0.27472527472527475,0.03296703296703297
1995-W44,0.3626373626373626,0.07692307692307693,0.21978021978021978,0.25274725274725274,0.02197802197802198
1995-W45,0.3516483516483517,0.07692307692307693,0.21978021978021978,0.25274725274725274,0.02197802197802198
1995-W46,0.3516483516483517,0.07692307692307693,0.2087912087912088,0.26373626373626374,0.02197802197802198
1995-W47,0.35555555555555557,0.1,0.2111111111111111,0.23333333333333334,0.022222222222222223
1995-W48,0.37362637362637363,0.10989010989010989,0.2087912087912088,0.2087912087912088,0.02197802197802198
1995-W49,0.3763440860215054,0.10752688172043011,0.20430107526881722,0.20430107526881722,0.021505376344086023
1995-W50,0.3804347826086957,0.10869565217391304,0.1956521739130435,0.21739130434782608,0.021739130434782608
1995-W51,0.3804347826086957,0.09782608695652174,0.18478260869565216,0.22826086956521738,0.03260869565217391
1995-W52,0.37777777777777777,0.12222222222222222,0.16666666666666666,0.24444444444444444,0.03333333333333333
1996-W01,0.35555555555555557,0.12222222222222222,0.17777777777777778,0.24444444444444444,0.044444444444444446
1996-W02,0.3595505617977528,0.12359550561797752,0.19101123595505617,0.23595505617977527,0.033707865168539325
1996-W03,0.34444444444444444,0.1111111111111111,0.17777777777777778,0.23333333333333334,0.03333333333333333
1996-W04,0.3516483516483517,0.10989010989010989,0.17582417582417584,0.2087912087912088,0.03296703296703297
1996-W05,0.3595505617977528,0.11235955056179775,0.1797752808988764,0.19101123595505617,0.033707865168539325
1996-W06,0.36363636363636365,0.10227272727272728,0.20454545454545456,0.18181818181818182,0.022727272727272728
1996-W07,0.37362637362637363,0.08791208791208792,0.21978021978021978,0.17582417582417584,0.02197802197802198
1996-W08,0.4,0.08888888888888889,0.2222222222222222,0.15555555555555556,0.011111111111111112
1996-W09,0.38461538461538464,0.07692307692307693,0.23076923076923078,0.17582417582417584,0.01098901098901099
1996-W10,0.37777777777777777,0.08888888888888889,0.2111111111111111,0.17777777777777778,0.011111111111111112
1996-W11,0.3448275862068966,0.06896551724137931,0.22988505747126436,0.19540229885057472,0.011494252873563218
1996-W12,0.3103448275862069,0.09195402298850575,0.21839080459770116,0.20689655172413793,0.011494252873563218
1996-W13,0.29545454545454547,0.09090909090909091,0.22727272727272727,0.2159090909090909,0.011363636363636364
1996-W14,0.29069767441860467,0.10465116279069768,0.20930232558139536,0.20930232558139536,0.011627906976744186
1996-W15,0.29411764705882354,0.12941176470588237,0.17647058823529413,0.2235294117647059,0.0
1996-W16,0.3023255813953488,0.12790697674418605,0.19767441860465115,0.19767441860465115,0.0
1996-W17,0.29411764705882354,0.12941176470588237,0.17647058823529413,0.2,0.023529411764705882
1996-W18,0.3068181818181818,0.125,0.19318181818181818,0.18181818181818182,0.022727272727272728
1996-W19,0.3,0.1111111111111111,0.18888888888888888,0.2,0.022222222222222223
1996-W20,0.32222222222222224,0.1111111111111111,0.18888888888888888,0.17777777777777778,0.022222222222222223
1996-W21,0.33707865168539325,0.11235955056179775,0.16853932584269662,0.1797752808988764,0.02247191011235955
1996-W22,0.34444444444444444,0.1,0.16666666666666666,0.17777777777777778,0.022222222222222223
1996-W23,0.3595505617977528,0.11235955056179775,0.15730337078651685,0.1797752808988764,0.02247191011235955
1996-W24,0.375,0.10227272727272728,0.14772727272727273,0.18181818181818182,0.022727272727272728
1996-W25,0.36363636363636365,0.10227272727272728,0.11363636363636363,0.19318181818181818,0.03409090909090909
1996-W26,0.3707865168539326,0.11235955056179775,0.11235955056179775,0.1797752808988764,0.033707865168539325
1996-W27,0.36363636363636365,0.125,0.125,0.1590909090909091,0.03409090909090909
1996-W28,0.375,0.11363636363636363,0.14772727272727273,0.1590909090909091,0.03409090909090909
1996-W29,0.3977272727272727,0.13636363636363635,0.13636363636363635,0.14772727272727273,0.022727272727272728
1996-W30,0.3793103448275862,0.12643678160919541,0.12643678160919541,0.1724137931034483,0.022988505747126436
1996-W31,0.3563218390804598,0.12643678160919541,0.14942528735632185,0.16091954022988506,0.022988505747126436
1996-W32,0.36046511627906974,0.11627906976744186,0.16279069767441862,0.1744186046511628,0.023255813953488372
1996-W33,0.3448275862068966,0.11494252873563218,0.16091954022988506,0.1724137931034483,0.022988505747126436
1996-W34,0.32954545454545453,0.11363636363636363,0.17045454545454544,0.18181818181818182,0.022727272727272728
1996-W35,0.3146067415730337,0.10112359550561797,0.16853932584269662,0.20224719101123595,0.033707865168539325
1996-W36,0.30337078651685395,0.10112359550561797,0.1797752808988764,0.20224719101123595,0.033707865168539325
1996-W37,0.3111111111111111,0.1,0.18888888888888888,0.2111111111111111,0.022222222222222223
1996-W38,0.28888888888888886,0.1,0.2111111111111111,0.2111111111111111,0.022222222222222223
1996-W39,0.32222222222222224,0.1,0.2222222222222222,0.18888888888888888,0.022222222222222223
1996-W40,0.2967032967032967,0.0989010989010989,0.25274725274725274,0.16483516483516483,0.03296703296703297
1996-W41,0.3076923076923077,0.0989010989010989,0.24175824175824176,0.15384615384615385,0.03296703296703297
1996-W42,0.2857142857142857,0.07692307692307693,0.23076923076923078,0.17582417582417584,0.03296703296703297
1996-W43,0.2826086956521739,0.05434782608695652,0.25,0.18478260869565216,0.03260869565217391
1996-W44,0.2608695652173913,0.05434782608695652,0.2717391304347826,0.16304347826086957,0.03260869565217391
1996-W45,0.25,0.05434782608695652,0.29347826086956524,0.15217391304347827,0.021739130434782608
1996-W46,0.2391304347826087,0.05434782608695652,0.2717391304347826,0.15217391304347827,0.03260869565217391
1996-W47,0.25274725274725274,0.054945054945054944,0.27472527472527475,0.14285714285714285,0.03296703296703297
1996-W48,0.2608695652173913,0.05434782608695652,0.2391304347826087,0.17391304347826086,0.03260869565217391
1996-W49,0.2717391304347826,0.05434782608695652,0.22826086956521738,0.18478260869565216,0.03260869565217391
1996-W50,0.2857142857142857,0.04395604395604396,0.25274725274725274,0.16483516483516483,0.02197802197802198
1996-W51,0.30434782608695654,0.05434782608695652,0.2391304347826087,0.15217391304347827,0.021739130434782608
1996-W52,0.29347826086956524,0.05434782608695652,0.22826086956521738,0.15217391304347827,0.043478260869565216
1997-W01,0.3010752688172043,0.053763440860215055,0.23655913978494625,0.17204301075268819,0.043010752688172046
1997-W02,0.30851063829787234,0.05319148936170213,0.2553191489361702,0.1702127659574468,0.0425531914893617
1997-W03,0.2978723404255319,0.05319148936170213,0.24468085106382978,0.1702127659574468,0.0425531914893617
1997-W04,0.31521739130434784,0.05434782608695652,0.25,0.16304347826086957,0.021739130434782608
1997-W05,0.3111111111111111,0.05555555555555555,0.24444444444444444,0.17777777777777778,0.011111111111111112
1997-W06,0.2967032967032967,0.054945054945054944,0.24175824175824176,0.18681318681318682,0.02197802197802198
1997-W07,0.26666666666666666,0.044444444444444446,0.26666666666666666,0.2,0.022222222222222223
1997-W08,0.21978021978021978,0.07692307692307693,0.26373626373626374,0.18681318681318682,0.02197802197802198
1997-W09,0.22580645161290322,0.0967741935483871,0.26881720430107525,0.1827956989247312,0.021505376344086023
1997-W10,0.21739130434782608,0.08695652173913043,0.2608695652173913,0.18478260869565216,0.021739130434782608
1997-W11,0.21978021978021978,0.07692307692307693,0.2857142857142857,0.17582417582417584,0.02197802197802198
1997-W12,0.25,0.08695652173913043,0.2717391304347826,0.17391304347826086,0.010869565217391304
1997-W13,0.25274725274725274,0.07692307692307693,0.27472527472527475,0.17582417582417584,0.01098901098901099
1997-W14,0.2087912087912088,0.08791208791208792,0.27472527472527475,0.1978021978021978,0.02197802197802198
1997-W15,0.20652173913043478,0.08695652173913043,0.2826086956521739,0.20652173913043478,0.010869565217391304
1997-W16,0.2222222222222222,0.08888888888888889,0.2777777777777778,0.2,0.011111111111111112
1997-W17,0.23595505617977527,0.0898876404494382,0.23595505617977527,0.2247191011235955,0.011235955056179775
1997-W18,0.23863636363636365,0.09090909090909091,0.23863636363636365,0.20454545454545456,0.011363636363636364
1997-W19,0.25,0.07954545454545454,0.23863636363636365,0.2159090909090909,0.011363636363636364
1997-W20,0.25287356321839083,0.08045977011494253,0.25287356321839083,0.19540229885057472,0.022988505747126436
1997-W21,0.2696629213483146,0.0898876404494382,0.24719101123595505,0.1797752808988764,0.02247191011235955
1997-W22,0.2777777777777778,0.08888888888888889,0.23333333333333334,0.16666666666666666,0.022222222222222223
1997-W23,0.3076923076923077,0.08791208791208792,0.21978021978021978,0.17582417582417584,0.02197802197802198
1997-W24,0.32222222222222224,0.06666666666666667,0.2222222222222222,0.17777777777777778,0.022222222222222223
1997-W25,0.30337078651685395,0.056179775280898875,0.21348314606741572,0.19101123595505617,0.0449438202247191
1997-W26,0.29213483146067415,0.06741573033707865,0.2247191011235955,0.20224719101123595,0.033707865168539325
1997-W27,0.2808988764044944,0.06741573033707865,0.23595505617977527,0.16853932584269662,0.033707865168539325
1997-W28,0.3068181818181818,0.045454545454545456,0.22727272727272727,0.18181818181818182,0.03409090909090909
1997-W29,0.29213483146067415,0.056179775280898875,0.23595505617977527,0.19101123595505617,0.0449438202247191
1997-W30,0.3146067415730337,0.056179775280898875,0.23595505617977527,0.19101123595505617,0.0449438202247191
1997-W31,0.3146067415730337,0.0449438202247191,0.23595505617977527,0.19101123595505617,0.0449438202247191
1997-W32,0.3111111111111111,0.044444444444444446,0.23333333333333334,0.18888888888888888,0.05555555555555555
1997-W33,0.3111111111111111,0.044444444444444446,0.2222222222222222,0.18888888888888888,0.05555555555555555
1997-W34,0.3522727272727273,0.056818181818181816,0.20454545454545456,0.14772727272727273,0.056818181818181816
1997-W35,0.39080459770114945,0.04597701149425287,0.21839080459770116,0.13793103448275862,0.05747126436781609
1997-W36,0.367816091954023,0.04597701149425287,0.22988505747126436,0.14942528735632185,0.05747126436781609
1997-W37,0.39080459770114945,0.022988505747126436,0.2413793103448276,0.12643678160919541,0.05747126436781609
1997-W38,0.39080459770114945,0.022988505747126436,0.22988505747126436,0.14942528735632185,0.05747126436781609
1997-W39,0.38372093023255816,0.023255813953488372,0.2441860465116279,0.1511627906976744,0.046511627906976744
1997-W40,0.37209302325581395,0.023255813953488372,0.2558139534883721,0.1511627906976744,0.046511627906976744
1997-W41,0.3953488372093023,0.03488372093023256,0.22093023255813954,0.1511627906976744,0.05813953488372093
1997-W42,0.3953488372093023,0.03488372093023256,0.20930232558139536,0.16279069767441862,0.05813953488372093
1997-W43,0.36046511627906974,0.03488372093023256,0.19767441860465115,0.1744186046511628,0.06976744186046512
1997-W44,0.37209302325581395,0.03488372093023256,0.18604651162790697,0.19767441860465115,0.06976744186046512
1997-W45,0.4166666666666667,0.023809523809523808,0.20238095238095238,0.17857142857142858,0.05952380952380952
1997-W46,0.4235294117647059,0.011764705882352941,0.2,0.2,0.058823529411764705
1997-W47,0.4418604651162791,0.011627906976744186,0.18604651162790697,0.18604651162790697,0.06976744186046512
1997-W48,0.45454545454545453,0.022727272727272728,0.18181818181818182,0.17045454545454544,0.06818181818181818
1997-W49,0.4367816091954023,0.034482758620689655,0.14942528735632185,0.1724137931034483,0.09195402298850575
1997-W50,0.4090909090909091,0.022727272727272728,0.19318181818181818,0.17045454545454544,0.11363636363636363
1997-W51,0.39325842696629215,0.033707865168539325,0.20224719101123595,0.16853932584269662,0.11235955056179775
1997-W52,0.375,0.022727272727272728,0.20454545454545456,0.19318181818181818,0.11363636363636363
1998-W01,0.39080459770114945,0.022988505747126436,0.20689655172413793,0.1839080459770115,0.11494252873563218
1998-W02,0.39080459770114945,0.022988505747126436,0.19540229885057472,0.19540229885057472,0.10344827586206896
1998-W03,0.39325842696629215,0.02247191011235955,0.20224719101123595,0.1797752808988764,0.0898876404494382
1998-W04,0.38636363636363635,0.022727272727272728,0.2159090909090909,0.18181818181818182,0.07954545454545454
1998-W05,0.38372093023255816,0.023255813953488372,0.19767441860465115,0.22093023255813954,0.06976744186046512
1998-W06,0.3764705882352941,0.011764705882352941,0.21176470588235294,0.2235294117647059,0.058823529411764705
1998-W07,0.3764705882352941,0.023529411764705882,0.18823529411764706,0.2235294117647059,0.08235294117647059
1998-W08,0.3372093023255814,0.03488372093023256,0.22093023255813954,0.23255813953488372,0.08139534883720931
1998-W09,0.375,0.045454545454545456,0.19318181818181818,0.20454545454545456,0.09090909090909091
1998-W10,0.34523809523809523,0.05952380952380952,0.2261904761904762,0.17857142857142858,0.09523809523809523
1998-W11,0.34523809523809523,0.05952380952380952,0.2261904761904762,0.17857142857142858,0.08333333333333333
1998-W12,0.37209302325581395,0.06976744186046512,0.20930232558139536,0.1511627906976744,0.09302325581395349
1998-W13,0.3488372093023256,0.08139534883720931,0.22093023255813954,0.1744186046511628,0.06976744186046512
1998-W14,0.3372093023255814,0.08139534883720931,0.22093023255813954,0.18604651162790697,0.08139534883720931
1998-W15,0.3023255813953488,0.08139534883720931,0.22093023255813954,0.20930232558139536,0.08139534883720931
1998-W16,0.3068181818181818,0.07954545454545454,0.23863636363636365,0.19318181818181818,0.09090909090909091
1998-W17,0.27586206896551724,0.08045977011494253,0.22988505747126436,0.19540229885057472,0.11494252873563218
1998-W18,0.2696629213483146,0.07865168539325842,0.21348314606741572,0.21348314606741572,0.12359550561797752
1998-W19,0.25842696629213485,0.0898876404494382,0.19101123595505617,0.21348314606741572,0.14606741573033707
1998-W20,0.25,0.09090909090909091,0.19318181818181818,0.2159090909090909,0.14772727272727273
1998-W21,0.27586206896551724,0.08045977011494253,0.1839080459770115,0.19540229885057472,0.16091954022988506
1998-W22,0.3058823529411765,0.07058823529411765,0.18823529411764706,0.2,0.16470588235294117
1998-W23,0.3176470588235294,0.07058823529411765,0.17647058823529413,0.21176470588235294,0.16470588235294117
1998-W24,0.3132530120481928,0.07228915662650602,0.18072289156626506,0.21686746987951808,0.1566265060240964
1998-W25,0.3373493975903614,0.07228915662650602,0.1566265060240964,0.21686746987951808,0.1566265060240964
1998-W26,0.3373493975903614,0.060240963855421686,0.1686746987951807,0.2289156626506024,0.14457831325301204
1998-W27,0.3625,0.075,0.1375,0.2125,0.15
1998-W28,0.37037037037037035,0.07407407407407407,0.13580246913580246,0.2222222222222222,0.14814814814814814
1998-W29,0.37349397590361444,0.07228915662650602,0.13253012048192772,0.21686746987951808,0.1566265060240964
1998-W30,0.38095238095238093,0.08333333333333333,0.13095238095238096,0.20238095238095238,0.15476190476190477
1998-W31,0.3411764705882353,0.08235294117647059,0.11764705882352941,0.24705882352941178,0.15294117647058825
1998-W32,0.35714285714285715,0.07142857142857142,0.14285714285714285,0.2261904761904762,0.13095238095238096
1998-W33,0.3372093023255814,0.05813953488372093,0.18604651162790697,0.22093023255813954,0.12790697674418605
1998-W34,0.3411764705882353,0.058823529411764705,0.21176470588235294,0.2,0.11764705882352941
1998-W35,0.34523809523809523,0.05952380952380952,0.21428571428571427,0.19047619047619047,0.11904761904761904
1998-W36,0.32142857142857145,0.07142857142857142,0.2261904761904762,0.20238095238095238,0.10714285714285714
1998-W37,0.313953488372093,0.06976744186046512,0.23255813953488372,0.23255813953488372,0.09302325581395349
1998-W38,0.3058823529411765,0.07058823529411765,0.23529411764705882,0.23529411764705882,0.09411764705882353
1998-W39,0.30952380952380953,0.07142857142857142,0.23809523809523808,0.23809523809523808,0.09523809523809523
1998-W40,0.3333333333333333,0.08333333333333333,0.23809523809523808,0.2619047619047619,0.047619047619047616
1998-W41,0.32941176470588235,0.07058823529411765,0.2235294117647059,0.25882352941176473,0.07058823529411765
1998-W42,0.3372093023255814,0.06976744186046512,0.19767441860465115,0.26744186046511625,0.05813953488372093
1998-W43,0.3218390804597701,0.06896551724137931,0.19540229885057472,0.28735632183908044,0.05747126436781609
1998-W44,0.33707865168539325,0.06741573033707865,0.19101123595505617,0.29213483146067415,0.056179775280898875
1998-W45,0.3333333333333333,0.06896551724137931,0.19540229885057472,0.2988505747126437,0.05747126436781609
1998-W46,0.3409090909090909,0.06818181818181818,0.20454545454545456,0.2840909090909091,0.045454545454545456
1998-W47,0.34444444444444444,0.05555555555555555,0.2111111111111111,0.26666666666666666,0.05555555555555555
1998-W48,0.35555555555555557,0.05555555555555555,0.2111111111111111,0.24444444444444444,0.05555555555555555
1998-W49,0.3010752688172043,0.10752688172043011,0.16129032258064516,0.12903225806451613,0.25806451612903225
1998-W50,0.29473684210526313,0.10526315789473684,0.15789473684210525,0.10526315789473684,0.29473684210526313
1998-W51,0.2916666666666667,0.11458333333333333,0.15625,0.10416666666666667,0.2916666666666667
1998-W52,0.29473684210526313,0.11578947368421053,0.1368421052631579,0.12631578947368421,0.28421052631578947
1998-W53,0.28125,0.11458333333333333,0.14583333333333334,0.125,0.28125
1999-W01,0.3125,0.11458333333333333,0.16666666666666666,0.13541666666666666,0.22916666666666666
1999-W02,0.3229166666666667,0.11458333333333333,0.16666666666666666,0.13541666666666666,0.22916666666666666
1999-W03,0.3125,0.10416666666666667,0.14583333333333334,0.13541666666666666,0.2708333333333333
1999-W04,0.2916666666666667,0.10416666666666667,0.14583333333333334,0.15625,0.2708333333333333
1999-W05,0.3229166666666667,0.09375,0.125,0.15625,0.2708333333333333
1999-W06,0.34375,0.09375,0.10416666666666667,0.16666666666666666,0.2604166666666667
1999-W07,0.34375,0.09375,0.11458333333333333,0.17708333333333334,0.23958333333333334
1999-W08,0.3368421052631579,0.11578947368421053,0.11578947368421053,0.17894736842105263,0.22105263157894736
1999-W09,0.3333333333333333,0.125,0.10416666666666667,0.17708333333333334,0.22916666666666666
1999-W10,0.34375,0.125,0.11458333333333333,0.17708333333333334,0.20833333333333334
1999-W11,0.34375,0.11458333333333333,0.11458333333333333,0.19791666666666666,0.19791666666666666
1999-W12,0.3404255319148936,0.1276595744680851,0.11702127659574468,0.18085106382978725,0.20212765957446807
1999-W13,0.3333333333333333,0.0967741935483871,0.11827956989247312,0.1827956989247312,0.24731182795698925
1999-W14,0.3010752688172043,0.12903225806451613,0.11827956989247312,0.1827956989247312,0.24731182795698925
1999-W15,0.33695652173913043,0.13043478260869565,0.13043478260869565,0.15217391304347827,0.22826086956521738
1999-W16,0.3626373626373626,0.12087912087912088,0.12087912087912088,0.15384615384615385,0.23076923076923078
1999-W17,0.3626373626373626,0.13186813186813187,0.13186813186813187,0.14285714285714285,0.21978021978021978
1999-W18,0.3695652173913043,0.13043478260869565,0.13043478260869565,0.15217391304347827,0.20652173913043478
1999-W19,0.3655913978494624,0.11827956989247312,0.15053763440860216,0.12903225806451613,0.22580645161290322
1999-W20,0.3978494623655914,0.11827956989247312,0.13978494623655913,0.11827956989247312,0.21505376344086022
1999-W21,0.3870967741935484,0.12903225806451613,0.15053763440860216,0.10752688172043011,0.21505376344086022
1999-W22,0.358695652173913,0.13043478260869565,0.15217391304347827,0.10869565217391304,0.22826086956521738
1999-W23,0.3763440860215054,0.11827956989247312,0.15053763440860216,0.10752688172043011,0.22580645161290322
1999-W24,0.3978494623655914,0.12903225806451613,0.13978494623655913,0.07526881720430108,0.23655913978494625
1999-W25,0.3695652173913043,0.11956521739130435,0.15217391304347827,0.08695652173913043,0.25
1999-W26,0.358695652173913,0.11956521739130435,0.15217391304347827,0.09782608695652174,0.2391304347826087
1999-W27,0.3617021276595745,0.10638297872340426,0.14893617021276595,0.09574468085106383,0.2553191489361702
1999-W28,0.3645833333333333,0.10416666666666667,0.13541666666666666,0.09375,0.25
1999-W29,0.3894736842105263,0.08421052631578947,0.1368421052631579,0.10526315789473684,0.23157894736842105
1999-W30,0.3894736842105263,0.09473684210526316,0.1368421052631579,0.09473684210526316,0.24210526315789474
1999-W31,0.39361702127659576,0.09574468085106383,0.1276595744680851,0.09574468085106383,0.24468085106382978
1999-W32,0.3829787234042553,0.10638297872340426,0.13829787234042554,0.10638297872340426,0.22340425531914893
1999-W33,0.3829787234042553,0.10638297872340426,0.1595744680851064,0.10638297872340426,0.20212765957446807
1999-W34,0.3548387096774194,0.10752688172043011,0.17204301075268819,0.10752688172043011,0.20430107526881722
1999-W35,0.3978494623655914,0.0967741935483871,0.15053763440860216,0.10752688172043011,0.20430107526881722
1999-W36,0.3978494623655914,0.0967741935483871,0.13978494623655913,0.0967741935483871,0.21505376344086022
1999-W37,0.40860215053763443,0.0967741935483871,0.10752688172043011,0.11827956989247312,0.21505376344086022
1999-W38,0.391304347826087,0.09782608695652174,0.11956521739130435,0.11956521739130435,0.20652173913043478
1999-W39,0.37362637362637363,0.10989010989010989,0.12087912087912088,0.12087912087912088,0.21978021978021978
1999-W40,0.358695652173913,0.11956521739130435,0.13043478260869565,0.11956521739130435,0.20652173913043478
1999-W41,0.33695652173913043,0.11956521739130435,0.11956521739130435,0.10869565217391304,0.2391304347826087
1999-W42,0.3333333333333333,0.0967741935483871,0.13978494623655913,0.12903225806451613,0.22580645161290322
1999-W43,0.33695652173913043,0.11956521739130435,0.14130434782608695,0.10869565217391304,0.21739130434782608
1999-W44,0.32608695652173914,0.11956521739130435,0.15217391304347827,0.10869565217391304,0.20652173913043478
1999-W45,0.33695652173913043,0.11956521739130435,0.14130434782608695,0.10869565217391304,0.21739130434782608
1999-W46,0.3333333333333333,0.12903225806451613,0.15053763440860216,0.10752688172043011,0.20430107526881722
1999-W47,0.3333333333333333,0.12903225806451613,0.12903225806451613,0.12903225806451613,0.1935483870967742
1999-W48,0.2978723404255319,0.14893617021276595,0.13829787234042554,0.1276595744680851,0.20212765957446807
1999-W49,0.2978723404255319,0.13829787234042554,0.1702127659574468,0.1276595744680851,0.1702127659574468
1999-W50,0.27956989247311825,0.12903225806451613,0.1827956989247312,0.13978494623655913,0.17204301075268819
1999-W51,0.26595744680851063,0.11702127659574468,0.19148936170212766,0.1276595744680851,0.19148936170212766
1999-W52,0.27956989247311825,0.10752688172043011,0.20430107526881722,0.10752688172043011,0.1935483870967742
2000-W01,0.2903225806451613,0.10752688172043011,0.21505376344086022,0.0967741935483871,0.1827956989247312
2000-W02,0.3010752688172043,0.10752688172043011,0.20430107526881722,0.10752688172043011,0.17204301075268819
2000-W03,0.30526315789473685,0.10526315789473684,0.16842105263157894,0.1368421052631579,0.16842105263157894
2000-W04,0.29473684210526313,0.09473684210526316,0.18947368421052632,0.11578947368421053,0.22105263157894736
2000-W05,0.28421052631578947,0.09473684210526316,0.17894736842105263,0.12631578947368421,0.23157894736842105
2000-W06,0.2765957446808511,0.10638297872340426,0.19148936170212766,0.11702127659574468,0.2127659574468085
2000-W07,0.30851063829787234,0.0851063829787234,0.19148936170212766,0.11702127659574468,0.20212765957446807
2000-W08,0.30851063829787234,0.0851063829787234,0.18085106382978725,0.1276595744680851,0.19148936170212766
2000-W09,0.2978723404255319,0.0851063829787234,0.20212765957446807,0.1276595744680851,0.19148936170212766
2000-W10,0.2978723404255319,0.0851063829787234,0.19148936170212766,0.11702127659574468,0.22340425531914893
2000-W11,0.26881720430107525,0.08602150537634409,0.20430107526881722,0.12903225806451613,0.22580645161290322
2000-W12,0.24731182795698925,0.0967741935483871,0.1935483870967742,0.13978494623655913,0.22580645161290322
2000-W13,0.2872340425531915,0.0851063829787234,0.1702127659574468,0.1276595744680851,0.24468085106382978
2000-W14,0.3010752688172043,0.07526881720430108,0.16129032258064516,0.12903225806451613,0.23655913978494625
2000-W15,0.3263157894736842,0.06315789473684211,0.16842105263157894,0.12631578947368421,0.23157894736842105
2000-W16,0.3617021276595745,0.05319148936170213,0.14893617021276595,0.11702127659574468,0.23404255319148937
2000-W17,0.3829787234042553,0.05319148936170213,0.13829787234042554,0.10638297872340426,0.24468085106382978
2000-W18,0.3617021276595745,0.06382978723404255,0.13829787234042554,0.11702127659574468,0.24468085106382978
2000-W19,0.3263157894736842,0.07368421052631578,0.1368421052631579,0.11578947368421053,0.2631578947368421
2000-W20,0.3368421052631579,0.07368421052631578,0.15789473684210525,0.09473684210526316,0.25263157894736843
2000-W21,0.3263157894736842,0.06315789473684211,0.16842105263157894,0.10526315789473684,0.25263157894736843
2000-W22,0.3157894736842105,0.06315789473684211,0.15789473684210525,0.11578947368421053,0.25263157894736843
2000-W23,0.29473684210526313,0.06315789473684211,0.15789473684210525,0.10526315789473684,0.2736842105263158
2000-W24,0.3157894736842105,0.06315789473684211,0.14736842105263157,0.11578947368421053,0.2631578947368421
2000-W25,0.3118279569892473,0.06451612903225806,0.16129032258064516,0.10752688172043011,0.26881720430107525
2000-W26,0.3225806451612903,0.06451612903225806,0.17204301075268819,0.0967741935483871,0.25806451612903225
2000-W27,0.3191489361702128,0.07446808510638298,0.1702127659574468,0.09574468085106383,0.24468085106382978
2000-W28,0.32978723404255317,0.07446808510638298,0.18085106382978725,0.0851063829787234,0.24468085106382978
2000-W29,0.3404255319148936,0.07446808510638298,0.1702127659574468,0.07446808510638298,0.2553191489361702
2000-W30,0.3404255319148936,0.0851063829787234,0.19148936170212766,0.0851063829787234,0.20212765957446807
2000-W31,0.3263157894736842,0.08421052631578947,0.22105263157894736,0.09473684210526316,0.2
2000-W32,0.3125,0.09375,0.20833333333333334,0.09375,0.20833333333333334
2000-W33,0.29473684210526313,0.09473684210526316,0.22105263157894736,0.09473684210526316,0.21052631578947367
2000-W34,0.3020833333333333,0.09375,0.20833333333333334,0.10416666666666667,0.20833333333333334
2000-W35,0.3125,0.08333333333333333,0.20833333333333334,0.10416666666666667,0.20833333333333334
2000-W36,0.28125,0.08333333333333333,0.1875,0.125,0.23958333333333334
2000-W37,0.26804123711340205,0.08247422680412371,0.1958762886597938,0.12371134020618557,0.23711340206185566
2000-W38,0.25,0.08333333333333333,0.20833333333333334,0.125,0.23958333333333334
2000-W39,0.25263157894736843,0.07368421052631578,0.21052631578947367,0.1368421052631579,0.23157894736842105
2000-W40,0.26595744680851063,0.09574468085106383,0.2127659574468085,0.13829787234042554,0.23404255319148937
2000-W41,0.2553191489361702,0.09574468085106383,0.22340425531914893,0.1276595744680851,0.24468085106382978
2000-W42,0.25806451612903225,0.0967741935483871,0.1935483870967742,0.11827956989247312,0.27956989247311825
2000-W43,0.2553191489361702,0.11702127659574468,0.20212765957446807,0.10638297872340426,0.2553191489361702
2000-W44,0.25806451612903225,0.11827956989247312,0.21505376344086022,0.10752688172043011,0.24731182795698925
2000-W45,0.24175824175824176,0.12087912087912088,0.21978021978021978,0.12087912087912088,0.24175824175824176
2000-W46,0.24175824175824176,0.13186813186813187,0.2087912087912088,0.13186813186813187,0.23076923076923078
2000-W47,0.24175824175824176,0.14285714285714285,0.2087912087912088,0.14285714285714285,0.21978021978021978
2000-W48,0.2391304347826087,0.14130434782608695,0.1956521739130435,0.14130434782608695,0.22826086956521738
2000-W49,0.24175824175824176,0.12087912087912088,0.23076923076923078,0.13186813186813187,0.23076923076923078
2000-W50,0.24175824175824176,0.10989010989010989,0.23076923076923078,0.13186813186813187,0.24175824175824176
2000-W51,0.23076923076923078,0.10989010989010989,0.23076923076923078,0.13186813186813187,0.25274725274725274
2000-W52,0.22826086956521738,0.09782608695652174,0.22826086956521738,0.10869565217391304,0.2608695652173913
2001-W01,0.24444444444444444,0.1,0.23333333333333334,0.1,0.23333333333333334
2001-W02,0.25555555555555554,0.1,0.23333333333333334,0.1,0.24444444444444444
2001-W03,0.24444444444444444,0.1,0.23333333333333334,0.1111111111111111,0.24444444444444444
2001-W04,0.24719101123595505,0.11235955056179775,0.23595505617977527,0.11235955056179775,0.23595505617977527
2001-W05,0.23333333333333334,0.1111111111111111,0.23333333333333334,0.12222222222222222,0.25555555555555554
2001-W06,0.23595505617977527,0.10112359550561797,0.24719101123595505,0.11235955056179775,0.23595505617977527
2001-W07,0.24719101123595505,0.12359550561797752,0.23595505617977527,0.10112359550561797,0.21348314606741572
2001-W08,0.24719101123595505,0.12359550561797752,0.23595505617977527,0.11235955056179775,0.21348314606741572
2001-W09,0.26136363636363635,0.125,0.2159090909090909,0.13636363636363635,0.20454545454545456
2001-W10,0.25,0.125,0.2159090909090909,0.13636363636363635,0.20454545454545456
2001-W11,0.23863636363636365,0.13636363636363635,0.20454545454545456,0.13636363636363635,0.2159090909090909
2001-W12,0.23863636363636365,0.13636363636363635,0.2159090909090909,0.125,0.2159090909090909
2001-W13,0.23595505617977527,0.11235955056179775,0.24719101123595505,0.12359550561797752,0.21348314606741572
2001-W14,0.25555555555555554,0.08888888888888889,0.25555555555555554,0.12222222222222222,0.2
2001-W15,0.24719101123595505,0.07865168539325842,0.2696629213483146,0.11235955056179775,0.21348314606741572
2001-W16,0.24719101123595505,0.07865168539325842,0.2696629213483146,0.11235955056179775,0.21348314606741572
2001-W17,0.24444444444444444,0.08888888888888889,0.23333333333333334,0.1111111111111111,0.24444444444444444
2001-W18,0.23333333333333334,0.08888888888888889,0.25555555555555554,0.1,0.25555555555555554
2001-W19,0.25555555555555554,0.1,0.26666666666666666,0.08888888888888889,0.2222222222222222
2001-W20,0.25555555555555554,0.1111111111111111,0.25555555555555554,0.1111111111111111,0.2111111111111111
2001-W21,0.25,0.10869565217391304,0.2391304347826087,0.11956521739130435,0.21739130434782608
2001-W22,0.25263157894736843,0.10526315789473684,0.2631578947368421,0.10526315789473684,0.21052631578947367
2001-W23,0.3020833333333333,0.10416666666666667,0.25,0.09375,0.19791666666666666
2001-W24,0.2916666666666667,0.09375,0.25,0.10416666666666667,0.21875
2001-W25,0.2916666666666667,0.09375,0.23958333333333334,0.11458333333333333,0.21875
2001-W26,0.29473684210526313,0.07368421052631578,0.23157894736842105,0.1368421052631579,0.23157894736842105
2001-W27,0.29473684210526313,0.07368421052631578,0.23157894736842105,0.1368421052631579,0.23157894736842105
2001-W28,0.2736842105263158,0.07368421052631578,0.23157894736842105,0.15789473684210525,0.23157894736842105
2001-W29,0.25773195876288657,0.061855670103092786,0.2268041237113402,0.16494845360824742,0.23711340206185566
2001-W30,0.28125,0.0625,0.21875,0.14583333333333334,0.22916666666666666
2001-W31,0.2736842105263158,0.05263157894736842,0.21052631578947367,0.14736842105263157,0.24210526315789474
2001-W32,0.2631578947368421,0.05263157894736842,0.2,0.15789473684210525,0.24210526315789474
2001-W33,0.26595744680851063,0.05319148936170213,0.20212765957446807,0.1595744680851064,0.23404255319148937
2001-W34,0.2872340425531915,0.06382978723404255,0.20212765957446807,0.1595744680851064,0.22340425531914893
2001-W35,0.2872340425531915,0.07446808510638298,0.19148936170212766,0.1702127659574468,0.20212765957446807
2001-W36,0.2903225806451613,0.08602150537634409,0.1935483870967742,0.17204301075268819,0.1827956989247312
2001-W37,0.28421052631578947,0.08421052631578947,0.2,0.14736842105263157,0.21052631578947367
2001-W38,0.2765957446808511,0.09574468085106383,0.20212765957446807,0.1595744680851064,0.19148936170212766
2001-W39,0.29473684210526313,0.10526315789473684,0.22105263157894736,0.15789473684210525,0.17894736842105263
2001-W40,0.28125,0.11458333333333333,0.21875,0.13541666666666666,0.1875
2001-W41,0.2604166666666667,0.13541666666666666,0.21875,0.15625,0.17708333333333334
2001-W42,0.27835051546391754,0.14432989690721648,0.20618556701030927,0.14432989690721648,0.17525773195876287
2001-W43,0.24742268041237114,0.14432989690721648,0.20618556701030927,0.15463917525773196,0.18556701030927836
2001-W44,0.23711340206185566,0.15463917525773196,0.21649484536082475,0.15463917525773196,0.16494845360824742
2001-W45,0.22105263157894736,0.1368421052631579,0.23157894736842105,0.16842105263157894,0.16842105263157894
2001-W46,0.23958333333333334,0.13541666666666666,0.22916666666666666,0.15625,0.17708333333333334
2001-W47,0.23958333333333334,0.13541666666666666,0.22916666666666666,0.14583333333333334,0.17708333333333334
2001-W48,0.23958333333333334,0.13541666666666666,0.22916666666666666,0.14583333333333334,0.1875
2001-W49,0.2604166666666667,0.13541666666666666,0.22916666666666666,0.125,0.19791666666666666
2001-W50,0.2604166666666667,0.11458333333333333,0.23958333333333334,0.13541666666666666,0.1875
2001-W51,0.24742268041237114,0.12371134020618557,0.23711340206185566,0.14432989690721648,0.17525773195876287
2001-W52,0.24468085106382978,0.11702127659574468,0.2553191489361702,0.13829787234042554,0.18085106382978725
2002-W01,0.25806451612903225,0.15053763440860216,0.24731182795698925,0.11827956989247312,0.16129032258064516
2002-W02,0.24468085106382978,0.13829787234042554,0.24468085106382978,0.11702127659574468,0.19148936170212766
2002-W03,0.22340425531914893,0.13829787234042554,0.2553191489361702,0.11702127659574468,0.20212765957446807
2002-W04,0.21505376344086022,0.15053763440860216,0.25806451612903225,0.12903225806451613,0.1935483870967742
2002-W05,0.21505376344086022,0.17204301075268819,0.23655913978494625,0.13978494623655913,0.1827956989247312
2002-W06,0.20430107526881722,0.16129032258064516,0.24731182795698925,0.13978494623655913,0.1935483870967742
2002-W07,0.20430107526881722,0.13978494623655913,0.23655913978494625,0.15053763440860216,0.20430107526881722
2002-W08,0.20212765957446807,0.13829787234042554,0.22340425531914893,0.14893617021276595,0.22340425531914893
2002-W09,0.23404255319148937,0.1276595744680851,0.19148936170212766,0.1595744680851064,0.2127659574468085
2002-W10,0.22105263157894736,0.12631578947368421,0.2,0.17894736842105263,0.18947368421052632
2002-W11,0.21875,0.14583333333333334,0.19791666666666666,0.16666666666666666,0.1875
2002-W12,0.24210526315789474,0.11578947368421053,0.21052631578947367,0.15789473684210525,0.17894736842105263
2002-W13,0.24210526315789474,0.11578947368421053,0.21052631578947367,0.14736842105263157,0.18947368421052632
2002-W14,0.23157894736842105,0.11578947368421053,0.22105263157894736,0.14736842105263157,0.18947368421052632
2002-W15,0.23655913978494625,0.11827956989247312,0.22580645161290322,0.16129032258064516,0.1827956989247312
2002-W16,0.25,0.11956521739130435,0.21739130434782608,0.16304347826086957,0.17391304347826086
2002-W17,0.24731182795698925,0.11827956989247312,0.24731182795698925,0.15053763440860216,0.16129032258064516
2002-W18,0.27956989247311825,0.12903225806451613,0.20430107526881722,0.15053763440860216,0.17204301075268819
2002-W19,0.2826086956521739,0.13043478260869565,0.18478260869565216,0.15217391304347827,0.17391304347826086
2002-W20,0.2717391304347826,0.13043478260869565,0.16304347826086957,0.17391304347826086,0.18478260869565216
2002-W21,0.29347826086956524,0.13043478260869565,0.15217391304347827,0.16304347826086957,0.1956521739130435
2002-W22,0.30851063829787234,0.11702127659574468,0.14893617021276595,0.14893617021276595,0.19148936170212766
2002-W23,0.30851063829787234,0.1276595744680851,0.1276595744680851,0.1595744680851064,0.2127659574468085
2002-W24,0.30851063829787234,0.1276595744680851,0.11702127659574468,0.1595744680851064,0.20212765957446807
2002-W25,0.31521739130434784,0.11956521739130435,0.09782608695652174,0.17391304347826086,0.20652173913043478
2002-W26,0.3118279569892473,0.12903225806451613,0.10752688172043011,0.17204301075268819,0.1935483870967742
2002-W27,0.3118279569892473,0.12903225806451613,0.08602150537634409,0.16129032258064516,0.20430107526881722
2002-W28,0.3010752688172043,0.15053763440860216,0.08602150537634409,0.1827956989247312,0.1827956989247312
2002-W29,0.2903225806451613,0.15053763440860216,0.07526881720430108,0.1827956989247312,0.1935483870967742
2002-W30,0.3118279569892473,0.15053763440860216,0.07526881720430108,0.17204301075268819,0.1935483870967742
2002-W31,0.30434782608695654,0.16304347826086957,0.08695652173913043,0.18478260869565216,0.17391304347826086
2002-W32,0.2826086956521739,0.16304347826086957,0.10869565217391304,0.16304347826086957,0.1956521739130435
2002-W33,0.27956989247311825,0.17204301075268819,0.11827956989247312,0.16129032258064516,0.1935483870967742
2002-W34,0.29473684210526313,0.16842105263157894,0.12631578947368421,0.16842105263157894,0.17894736842105263
2002-W35,0.30526315789473685,0.15789473684210525,0.11578947368421053,0.17894736842105263,0.17894736842105263
2002-W36,0.2765957446808511,0.1595744680851064,0.1276595744680851,0.18085106382978725,0.18085106382978725
2002-W37,0.29473684210526313,0.1368421052631579,0.12631578947368421,0.18947368421052632,0.17894736842105263
2002-W38,0.30851063829787234,0.13829787234042554,0.1276595744680851,0.19148936170212766,0.1595744680851064
2002-W39,0.2872340425531915,0.1595744680851064,0.11702127659574468,0.18085106382978725,0.18085106382978725
2002-W40,0.2765957446808511,0.1595744680851064,0.10638297872340426,0.19148936170212766,0.20212765957446807
2002-W41,0.3010752688172043,0.15053763440860216,0.10752688172043011,0.1827956989247312,0.20430107526881722
2002-W42,0.3010752688172043,0.11827956989247312,0.10752688172043011,0.20430107526881722,0.20430107526881722
2002-W43,0.3333333333333333,0.11827956989247312,0.11827956989247312,0.20430107526881722,0.16129032258064516
2002-W44,0.3655913978494624,0.10752688172043011,0.11827956989247312,0.1935483870967742,0.13978494623655913
2002-W45,0.3368421052631579,0.09473684210526316,0.11578947368421053,0.21052631578947367,0.15789473684210525
2002-W46,0.3263157894736842,0.09473684210526316,0.12631578947368421,0.2,0.16842105263157894
2002-W47,0.3157894736842105,0.11578947368421053,0.12631578947368421,0.21052631578947367,0.15789473684210525
2002-W48,0.3157894736842105,0.11578947368421053,0.10526315789473684,0.23157894736842105,0.15789473684210525
2002-W49,0.3125,0.11458333333333333,0.11458333333333333,0.22916666666666666,0.16666666666666666
2002-W50,0.3125,0.13541666666666666,0.11458333333333333,0.22916666666666666,0.15625
2002-W51,0.3157894736842105,0.1368421052631579,0.11578947368421053,0.22105263157894736,0.15789473684210525
2002-W52,0.3157894736842105,0.15789473684210525,0.10526315789473684,0.21052631578947367,0.14736842105263157
2003-W01,0.3263157894736842,0.14736842105263157,0.11578947368421053,0.21052631578947367,0.1368421052631579
2003-W02,0.3157894736842105,0.14736842105263157,0.10526315789473684,0.23157894736842105,0.12631578947368421
2003-W03,0.29473684210526313,0.14736842105263157,0.11578947368421053,0.22105263157894736,0.14736842105263157
2003-W04,0.28421052631578947,0.14736842105263157,0.11578947368421053,0.21052631578947367,0.16842105263157894
2003-W05,0.2978723404255319,0.14893617021276595,0.10638297872340426,0.20212765957446807,0.1702127659574468
2003-W06,0.26595744680851063,0.13829787234042554,0.10638297872340426,0.22340425531914893,0.18085106382978725
2003-W07,0.2765957446808511,0.11702127659574468,0.10638297872340426,0.2553191489361702,0.1702127659574468
2003-W08,0.2978723404255319,0.10638297872340426,0.1276595744680851,0.24468085106382978,0.14893617021276595
2003-W09,0.28421052631578947,0.11578947368421053,0.1368421052631579,0.24210526315789474,0.14736842105263157
2003-W10,0.2604166666666667,0.10416666666666667,0.16666666666666666,0.2604166666666667,0.14583333333333334
2003-W11,0.25,0.11458333333333333,0.13541666666666666,0.25,0.17708333333333334
2003-W12,0.2604166666666667,0.09375,0.15625,0.22916666666666666,0.19791666666666666
2003-W13,0.28421052631578947,0.11578947368421053,0.16842105263157894,0.2,0.16842105263157894
2003-W14,0.28865979381443296,0.12371134020618557,0.13402061855670103,0.21649484536082475,0.17525773195876287
2003-W15,0.29292929292929293,0.12121212121212122,0.13131313131313133,0.21212121212121213,0.16161616161616163
2003-W16,0.29591836734693877,0.1326530612244898,0.1326530612244898,0.19387755102040816,0.16326530612244897
2003-W17,0.3163265306122449,0.14285714285714285,0.11224489795918367,0.19387755102040816,0.15306122448979592
2003-W18,0.3229166666666667,0.13541666666666666,0.125,0.19791666666666666,0.15625
2003-W19,0.3020833333333333,0.14583333333333334,0.13541666666666666,0.19791666666666666,0.15625
2003-W20,0.3020833333333333,0.125,0.14583333333333334,0.20833333333333334,0.15625
2003-W21,0.28125,0.13541666666666666,0.14583333333333334,0.19791666666666666,0.16666666666666666
2003-W22,0.27835051546391754,0.13402061855670103,0.15463917525773196,0.18556701030927836,0.18556701030927836
2003-W23,0.2604166666666667,0.13541666666666666,0.14583333333333334,0.20833333333333334,0.1875
2003-W24,0.23958333333333334,0.11458333333333333,0.16666666666666666,0.22916666666666666,0.1875
2003-W25,0.21649484536082475,0.12371134020618557,0.16494845360824742,0.2268041237113402,0.20618556701030927
2003-W26,0.2736842105263158,0.12631578947368421,0.14736842105263157,0.17894736842105263,0.22105263157894736
2003-W27,0.26595744680851063,0.10638297872340426,0.14893617021276595,0.19148936170212766,0.24468085106382978
2003-W28,0.26595744680851063,0.10638297872340426,0.13829787234042554,0.19148936170212766,0.2553191489361702
2003-W29,0.26595744680851063,0.09574468085106383,0.14893617021276595,0.18085106382978725,0.2553191489361702
2003-W30,0.24468085106382978,0.11702127659574468,0.1595744680851064,0.18085106382978725,0.23404255319148937
2003-W31,0.26595744680851063,0.1276595744680851,0.1595744680851064,0.19148936170212766,0.22340425531914893
2003-W32,0.2717391304347826,0.13043478260869565,0.15217391304347827,0.1956521739130435,0.21739130434782608
2003-W33,0.29347826086956524,0.13043478260869565,0.16304347826086957,0.17391304347826086,0.21739130434782608
2003-W34,0.2826086956521739,0.13043478260869565,0.18478260869565216,0.14130434782608695,0.2391304347826087
2003-W35,0.2826086956521739,0.14130434782608695,0.17391304347826086,0.14130434782608695,0.2391304347826087
2003-W36,0.25,0.11956521739130435,0.1956521739130435,0.16304347826086957,0.2391304347826087
2003-W37,0.25,0.13043478260869565,0.1956521739130435,0.15217391304347827,0.22826086956521738
2003-W38,0.25806451612903225,0.15053763440860216,0.17204301075268819,0.16129032258064516,0.20430107526881722
2003-W39,0.27956989247311825,0.13978494623655913,0.16129032258064516,0.17204301075268819,0.1935483870967742
2003-W40,0.2553191489361702,0.13829787234042554,0.1595744680851064,0.19148936170212766,0.2127659574468085
2003-W41,0.26595744680851063,0.1276595744680851,0.1702127659574468,0.18085106382978725,0.2127659574468085
2003-W42,0.26595744680851063,0.1276595744680851,0.1702127659574468,0.20212765957446807,0.19148936170212766
2003-W43,0.2765957446808511,0.10638297872340426,0.1595744680851064,0.22340425531914893,0.19148936170212766
2003-W44,0.2978723404255319,0.10638297872340426,0.13829787234042554,0.23404255319148937,0.18085106382978725
2003-W45,0.2872340425531915,0.10638297872340426,0.13829787234042554,0.23404255319148937,0.18085106382978725
2003-W46,0.30526315789473685,0.11578947368421053,0.12631578947368421,0.24210526315789474,0.15789473684210525
2003-W47,0.3157894736842105,0.12631578947368421,0.12631578947368421,0.22105263157894736,0.16842105263157894
2003-W48,0.3229166666666667,0.11458333333333333,0.125,0.21875,0.16666666666666666
2003-W49,0.32989690721649484,0.1134020618556701,0.1134020618556701,0.23711340206185566,0.15463917525773196
2003-W50,0.32653061224489793,0.09183673469387756,0.12244897959183673,0.22448979591836735,0.19387755102040816
2003-W51,0.3163265306122449,0.10204081632653061,0.11224489795918367,0.23469387755102042,0.20408163265306123
2003-W52,0.30612244897959184,0.10204081632653061,0.12244897959183673,0.22448979591836735,0.20408163265306123
2004-W01,0.30612244897959184,0.09183673469387756,0.12244897959183673,0.23469387755102042,0.1836734693877551
2004-W02,0.29896907216494845,0.1134020618556701,0.12371134020618557,0.24742268041237114,0.15463917525773196
2004-W03,0.27835051546391754,0.1134020618556701,0.1134020618556701,0.25773195876288657,0.16494845360824742
2004-W04,0.25510204081632654,0.11224489795918367,0.11224489795918367,0.2653061224489796,0.1836734693877551
2004-W05,0.2653061224489796,0.10204081632653061,0.10204081632653061,0.2755102040816326,0.1836734693877551
2004-W06,0.2653061224489796,0.12244897959183673,0.10204081632653061,0.2755102040816326,0.1836734693877551
2004-W07,0.2755102040816326,0.12244897959183673,0.09183673469387756,0.2857142857142857,0.17346938775510204
2004-W08,0.25510204081632654,0.11224489795918367,0.10204081632653061,0.2857142857142857,0.1836734693877551
2004-W09,0.2653061224489796,0.11224489795918367,0.09183673469387756,0.2755102040816326,0.19387755102040816
2004-W10,0.26262626262626265,0.12121212121212122,0.08080808080808081,0.26262626262626265,0.20202020202020202
2004-W11,0.23,0.11,0.1,0.28,0.2
2004-W12,0.19387755102040816,0.12244897959183673,0.10204081632653061,0.2755102040816326,0.20408163265306123
2004-W13,0.21428571428571427,0.12244897959183673,0.10204081632653061,0.2857142857142857,0.17346938775510204
2004-W14,0.24242424242424243,0.10101010101010101,0.08080808080808081,0.2828282828282828,0.1919191919191919
2004-W15,0.23469387755102042,0.10204081632653061,0.09183673469387756,0.24489795918367346,0.22448979591836735
2004-W16,0.22448979591836735,0.10204081632653061,0.08163265306122448,0.25510204081632654,0.24489795918367346
2004-W17,0.22448979591836735,0.10204081632653061,0.10204081632653061,0.23469387755102042,0.23469387755102042
2004-W18,0.20408163265306123,0.12244897959183673,0.12244897959183673,0.23469387755102042,0.21428571428571427
2004-W19,0.21428571428571427,0.11224489795918367,0.12244897959183673,0.24489795918367346,0.20408163265306123
2004-W20,0.21428571428571427,0.12244897959183673,0.11224489795918367,0.25510204081632654,0.1836734693877551
2004-W21,0.21428571428571427,0.11224489795918367,0.11224489795918367,0.2755102040816326,0.17346938775510204
2004-W22,0.21428571428571427,0.11224489795918367,0.12244897959183673,0.25510204081632654,0.17346938775510204
2004-W23,0.21428571428571427,0.11224489795918367,0.1326530612244898,0.25510204081632654,0.16326530612244897
2004-W24,0.21428571428571427,0.09183673469387756,0.14285714285714285,0.25510204081632654,0.19387755102040816
2004-W25,0.22448979591836735,0.09183673469387756,0.1326530612244898,0.25510204081632654,0.20408163265306123
2004-W26,0.22448979591836735,0.08163265306122448,0.1326530612244898,0.2857142857142857,0.1836734693877551
2004-W27,0.21428571428571427,0.10204081632653061,0.14285714285714285,0.2653061224489796,0.1836734693877551
2004-W28,0.20408163265306123,0.09183673469387756,0.14285714285714285,0.29591836734693877,0.17346938775510204
2004-W29,0.20202020202020202,0.08080808080808081,0.1414141414141414,0.32323232323232326,0.16161616161616163
2004-W30,0.20202020202020202,0.09090909090909091,0.12121212121212122,0.31313131313131315,0.1717171717171717
2004-W31,0.21428571428571427,0.09183673469387756,0.12244897959183673,0.2857142857142857,0.19387755102040816
2004-W32,0.21649484536082475,0.08247422680412371,0.13402061855670103,0.25773195876288657,0.21649484536082475
2004-W33,0.20618556701030927,0.08247422680412371,0.13402061855670103,0.24742268041237114,0.2268041237113402
2004-W34,0.17708333333333334,0.0625,0.14583333333333334,0.2604166666666667,0.25
2004-W35,0.1958762886597938,0.061855670103092786,0.13402061855670103,0.27835051546391754,0.24742268041237114
2004-W36,0.1875,0.07291666666666667,0.13541666666666666,0.2708333333333333,0.22916666666666666
2004-W37,0.2,0.08421052631578947,0.1368421052631579,0.2631578947368421,0.22105263157894736
2004-W38,0.2,0.07368421052631578,0.1368421052631579,0.2736842105263158,0.23157894736842105
2004-W39,0.2,0.07368421052631578,0.1368421052631579,0.2736842105263158,0.23157894736842105
2004-W40,0.2,0.08421052631578947,0.14736842105263157,0.2736842105263158,0.22105263157894736
2004-W41,0.20212765957446807,0.09574468085106383,0.14893617021276595,0.2872340425531915,0.19148936170212766
2004-W42,0.21052631578947367,0.08421052631578947,0.12631578947368421,0.3157894736842105,0.2
2004-W43,0.22105263157894736,0.08421052631578947,0.10526315789473684,0.3263157894736842,0.2
2004-W44,0.23157894736842105,0.08421052631578947,0.09473684210526316,0.3263157894736842,0.2
2004-W45,0.25,0.08333333333333333,0.09375,0.3125,0.19791666666666666
2004-W46,0.25,0.08333333333333333,0.09375,0.3020833333333333,0.21875
2004-W47,0.23958333333333334,0.08333333333333333,0.08333333333333333,0.3333333333333333,0.19791666666666666
2004-W48,0.23958333333333334,0.09375,0.08333333333333333,0.3333333333333333,0.17708333333333334
2004-W49,0.23711340206185566,0.09278350515463918,0.08247422680412371,0.31958762886597936,0.1958762886597938
2004-W50,0.23711340206185566,0.10309278350515463,0.09278350515463918,0.31958762886597936,0.1958762886597938
2004-W51,0.23711340206185566,0.10309278350515463,0.09278350515463918,0.29896907216494845,0.21649484536082475
2004-W52,0.24742268041237114,0.10309278350515463,0.10309278350515463,0.28865979381443296,0.20618556701030927
2004-W53,0.23711340206185566,0.10309278350515463,0.09278350515463918,0.30927835051546393,0.20618556701030927
2005-W01,0.24742268041237114,0.10309278350515463,0.10309278350515463,0.29896907216494845,0.20618556701030927
2005-W02,0.25773195876288657,0.09278350515463918,0.1134020618556701,0.29896907216494845,0.1958762886597938
2005-W03,0.25773195876288657,0.09278350515463918,0.1134020618556701,0.30927835051546393,0.1958762886597938
2005-W04,0.2708333333333333,0.0625,0.11458333333333333,0.2916666666666667,0.21875
2005-W05,0.24742268041237114,0.07216494845360824,0.10309278350515463,0.31958762886597936,0.21649484536082475
2005-W06,0.29591836734693877,0.09183673469387756,0.061224489795918366,0.2857142857142857,0.21428571428571427
2005-W07,0.30612244897959184,0.09183673469387756,0.061224489795918366,0.2653061224489796,0.22448979591836735
2005-W08,0.32323232323232326,0.0707070707070707,0.0707070707070707,0.25252525252525254,0.2222222222222222
2005-W09,0.32653061224489793,0.061224489795918366,0.09183673469387756,0.2653061224489796,0.20408163265306123
2005-W10,0.29591836734693877,0.07142857142857142,0.09183673469387756,0.2653061224489796,0.22448979591836735
2005-W11,0.25510204081632654,0.08163265306122448,0.10204081632653061,0.2857142857142857,0.22448979591836735
2005-W12,0.25510204081632654,0.08163265306122448,0.10204081632653061,0.2653061224489796,0.23469387755102042
2005-W13,0.29473684210526313,0.08421052631578947,0.09473684210526316,0.2631578947368421,0.21052631578947367
2005-W14,0.28421052631578947,0.08421052631578947,0.10526315789473684,0.24210526315789474,0.21052631578947367
2005-W15,0.29896907216494845,0.10309278350515463,0.09278350515463918,0.23711340206185566,0.1958762886597938
2005-W16,0.2916666666666667,0.10416666666666667,0.10416666666666667,0.22916666666666666,0.19791666666666666
2005-W17,0.3020833333333333,0.09375,0.10416666666666667,0.20833333333333334,0.19791666666666666
2005-W18,0.28421052631578947,0.09473684210526316,0.12631578947368421,0.22105263157894736,0.17894736842105263
2005-W19,0.28421052631578947,0.09473684210526316,0.12631578947368421,0.21052631578947367,0.17894736842105263
2005-W20,0.2872340425531915,0.10638297872340426,0.1276595744680851,0.2127659574468085,0.1702127659574468
2005-W21,0.2978723404255319,0.09574468085106383,0.1276595744680851,0.22340425531914893,0.1702127659574468
2005-W22,0.2916666666666667,0.09375,0.10416666666666667,0.2604166666666667,0.16666666666666666
2005-W23,0.2916666666666667,0.08333333333333333,0.10416666666666667,0.25,0.1875
2005-W24,0.28421052631578947,0.08421052631578947,0.10526315789473684,0.25263157894736843,0.17894736842105263
2005-W25,0.28125,0.09375,0.10416666666666667,0.2708333333333333,0.15625
2005-W26,0.25263157894736843,0.11578947368421053,0.08421052631578947,0.2631578947368421,0.17894736842105263
2005-W27,0.24742268041237114,0.13402061855670103,0.08247422680412371,0.25773195876288657,0.18556701030927836
2005-W28,0.28125,0.11458333333333333,0.052083333333333336,0.2708333333333333,0.19791666666666666
2005-W29,0.2916666666666667,0.11458333333333333,0.041666666666666664,0.28125,0.1875
2005-W30,0.2736842105263158,0.11578947368421053,0.05263157894736842,0.2736842105263158,0.17894736842105263
2005-W31,0.27835051546391754,0.1134020618556701,0.05154639175257732,0.26804123711340205,0.1958762886597938
2005-W32,0.2916666666666667,0.10416666666666667,0.07291666666666667,0.2604166666666667,0.17708333333333334
2005-W33,0.3020833333333333,0.10416666666666667,0.0625,0.22916666666666666,0.1875
2005-W34,0.2916666666666667,0.09375,0.08333333333333333,0.25,0.17708333333333334
2005-W35,0.28421052631578947,0.08421052631578947,0.06315789473684211,0.2631578947368421,0.2
2005-W36,0.2736842105263158,0.07368421052631578,0.06315789473684211,0.2736842105263158,0.2
2005-W37,0.2872340425531915,0.0851063829787234,0.06382978723404255,0.2553191489361702,0.20212765957446807
2005-W38,0.2978723404255319,0.07446808510638298,0.06382978723404255,0.24468085106382978,0.2127659574468085
2005-W39,0.2872340425531915,0.1276595744680851,0.06382978723404255,0.22340425531914893,0.19148936170212766
2005-W40,0.2872340425531915,0.1276595744680851,0.07446808510638298,0.20212765957446807,0.2127659574468085
2005-W41,0.25806451612903225,0.11827956989247312,0.07526881720430108,0.22580645161290322,0.22580645161290322
2005-W42,0.3125,0.125,0.07291666666666667,0.1875,0.22916666666666666
2005-W43,0.3125,0.125,0.0625,0.19791666666666666,0.22916666666666666
2005-W44,0.3229166666666667,0.10416666666666667,0.0625,0.22916666666666666,0.21875
2005-W45,0.3125,0.11458333333333333,0.052083333333333336,0.23958333333333334,0.21875
2005-W46,0.29896907216494845,0.12371134020618557,0.061855670103092786,0.24742268041237114,0.2268041237113402
2005-W47,0.3229166666666667,0.10416666666666667,0.07291666666666667,0.25,0.20833333333333334
2005-W48,0.29473684210526313,0.08421052631578947,0.08421052631578947,0.23157894736842105,0.2631578947368421
2005-W49,0.2916666666666667,0.11458333333333333,0.09375,0.22916666666666666,0.22916666666666666
2005-W50,0.2604166666666667,0.10416666666666667,0.09375,0.2604166666666667,0.21875
2005-W51,0.2631578947368421,0.11578947368421053,0.09473684210526316,0.24210526315789474,0.22105263157894736
2005-W52,0.2604166666666667,0.10416666666666667,0.09375,0.2604166666666667,0.22916666666666666
2006-W01,0.25,0.10416666666666667,0.09375,0.28125,0.20833333333333334
2006-W02,0.2604166666666667,0.14583333333333334,0.09375,0.25,0.1875
2006-W03,0.2708333333333333,0.10416666666666667,0.09375,0.23958333333333334,0.22916666666666666
2006-W04,0.2604166666666667,0.10416666666666667,0.09375,0.22916666666666666,0.23958333333333334
2006-W05,0.2631578947368421,0.10526315789473684,0.10526315789473684,0.22105263157894736,0.21052631578947367
2006-W06,0.3010752688172043,0.0967741935483871,0.0967741935483871,0.22580645161290322,0.1935483870967742
2006-W07,0.2978723404255319,0.09574468085106383,0.09574468085106383,0.22340425531914893,0.2127659574468085
2006-W08,0.3010752688172043,0.0967741935483871,0.0967741935483871,0.22580645161290322,0.20430107526881722
2006-W09,0.2978723404255319,0.0851063829787234,0.09574468085106383,0.24468085106382978,0.20212765957446807
2006-W10,0.28421052631578947,0.10526315789473684,0.10526315789473684,0.2631578947368421,0.16842105263157894
2006-W11,0.28421052631578947,0.10526315789473684,0.11578947368421053,0.2631578947368421,0.15789473684210525
2006-W12,0.26595744680851063,0.11702127659574468,0.1276595744680851,0.2553191489361702,0.1702127659574468
2006-W13,0.2631578947368421,0.1368421052631579,0.12631578947368421,0.21052631578947367,0.17894736842105263
2006-W14,0.25263157894736843,0.14736842105263157,0.11578947368421053,0.21052631578947367,0.18947368421052632
2006-W15,0.24210526315789474,0.14736842105263157,0.12631578947368421,0.18947368421052632,0.2
2006-W16,0.23157894736842105,0.14736842105263157,0.14736842105263157,0.2,0.18947368421052632
2006-W17,0.2604166666666667,0.09375,0.14583333333333334,0.20833333333333334,0.20833333333333334
2006-W18,0.25263157894736843,0.09473684210526316,0.15789473684210525,0.21052631578947367,0.21052631578947367
2006-W19,0.23958333333333334,0.125,0.15625,0.19791666666666666,0.21875
2006-W20,0.23711340206185566,0.13402061855670103,0.15463917525773196,0.1958762886597938,0.18556701030927836
2006-W21,0.24742268041237114,0.1134020618556701,0.14432989690721648,0.20618556701030927,0.18556701030927836
2006-W22,0.23711340206185566,0.12371134020618557,0.12371134020618557,0.18556701030927836,0.21649484536082475
2006-W23,0.26804123711340205,0.1134020618556701,0.1134020618556701,0.17525773195876287,0.21649484536082475
2006-W24,0.25773195876288657,0.12371134020618557,0.10309278350515463,0.1958762886597938,0.21649484536082475
2006-W25,0.2604166666666667,0.11458333333333333,0.11458333333333333,0.19791666666666666,0.21875
2006-W26,0.2708333333333333,0.11458333333333333,0.09375,0.19791666666666666,0.21875
2006-W27,0.2916666666666667,0.10416666666666667,0.10416666666666667,0.16666666666666666,0.22916666666666666
2006-W28,0.3020833333333333,0.10416666666666667,0.07291666666666667,0.16666666666666666,0.23958333333333334
2006-W29,0.28865979381443296,0.1134020618556701,0.08247422680412371,0.17525773195876287,0.23711340206185566
2006-W30,0.29896907216494845,0.12371134020618557,0.08247422680412371,0.15463917525773196,0.23711340206185566
2006-W31,0.3125,0.14583333333333334,0.07291666666666667,0.14583333333333334,0.21875
2006-W32,0.3020833333333333,0.16666666666666666,0.0625,0.14583333333333334,0.21875
2006-W33,0.28865979381443296,0.16494845360824742,0.07216494845360824,0.16494845360824742,0.20618556701030927
2006-W34,0.27835051546391754,0.16494845360824742,0.08247422680412371,0.16494845360824742,0.21649484536082475
2006-W35,0.2755102040816326,0.17346938775510204,0.09183673469387756,0.16326530612244897,0.17346938775510204
2006-W36,0.2857142857142857,0.16326530612244897,0.08163265306122448,0.16326530612244897,0.1836734693877551
2006-W37,0.25510204081632654,0.16326530612244897,0.08163265306122448,0.1836734693877551,0.17346938775510204
2006-W38,0.28865979381443296,0.16494845360824742,0.07216494845360824,0.1958762886597938,0.16494845360824742
2006-W39,0.2857142857142857,0.15306122448979592,0.07142857142857142,0.21428571428571427,0.16326530612244897
2006-W40,0.28865979381443296,0.14432989690721648,0.061855670103092786,0.21649484536082475,0.17525773195876287
2006-W41,0.3125,0.15625,0.07291666666666667,0.20833333333333334,0.16666666666666666
2006-W42,0.31958762886597936,0.14432989690721648,0.07216494845360824,0.21649484536082475,0.16494845360824742
2006-W43,0.3125,0.13541666666666666,0.0625,0.21875,0.1875
2006-W44,0.3229166666666667,0.14583333333333334,0.0625,0.20833333333333334,0.1875
2006-W45,0.36082474226804123,0.13402061855670103,0.07216494845360824,0.20618556701030927,0.17525773195876287
2006-W46,0.29896907216494845,0.15463917525773196,0.07216494845360824,0.20618556701030927,0.20618556701030927
2006-W47,0.3125,0.16666666666666666,0.07291666666666667,0.20833333333333334,0.1875
2006-W48,0.28125,0.16666666666666666,0.07291666666666667,0.23958333333333334,0.17708333333333334
2006-W49,0.2916666666666667,0.16666666666666666,0.0625,0.25,0.16666666666666666
2006-W50,0.34375,0.15625,0.0625,0.20833333333333334,0.16666666666666666
2006-W51,0.3157894736842105,0.1368421052631579,0.05263157894736842,0.23157894736842105,0.2
2006-W52,0.30526315789473685,0.1368421052631579,0.05263157894736842,0.24210526315789474,0.17894736842105263
2007-W01,0.3263157894736842,0.14736842105263157,0.05263157894736842,0.23157894736842105,0.15789473684210525
2007-W02,0.3229166666666667,0.14583333333333334,0.052083333333333336,0.25,0.15625
2007-W03,0.3229166666666667,0.13541666666666666,0.052083333333333336,0.25,0.16666666666666666
2007-W04,0.34375,0.13541666666666666,0.052083333333333336,0.22916666666666666,0.16666666666666666
2007-W05,0.35789473684210527,0.1368421052631579,0.031578947368421054,0.22105263157894736,0.16842105263157894
2007-W06,0.3333333333333333,0.13541666666666666,0.041666666666666664,0.21875,0.16666666666666666
2007-W07,0.35789473684210527,0.09473684210526316,0.042105263157894736,0.2,0.2
2007-W08,0.3645833333333333,0.08333333333333333,0.041666666666666664,0.23958333333333334,0.16666666666666666
2007-W09,0.37894736842105264,0.07368421052631578,0.05263157894736842,0.23157894736842105,0.17894736842105263
2007-W10,0.34375,0.08333333333333333,0.052083333333333336,0.2604166666666667,0.17708333333333334
2007-W11,0.3404255319148936,0.07446808510638298,0.07446808510638298,0.24468085106382978,0.18085106382978725
2007-W12,0.32978723404255317,0.07446808510638298,0.0851063829787234,0.22340425531914893,0.19148936170212766
2007-W13,0.3125,0.09375,0.11458333333333333,0.23958333333333334,0.16666666666666666
2007-W14,0.3402061855670103,0.08247422680412371,0.10309278350515463,0.2268041237113402,0.16494845360824742
2007-W15,0.30927835051546393,0.08247422680412371,0.10309278350515463,0.24742268041237114,0.18556701030927836
2007-W16,0.28865979381443296,0.08247422680412371,0.10309278350515463,0.25773195876288657,0.18556701030927836
2007-W17,0.29896907216494845,0.08247422680412371,0.08247422680412371,0.23711340206185566,0.18556701030927836
2007-W18,0.27835051546391754,0.08247422680412371,0.08247422680412371,0.20618556701030927,0.25773195876288657
2007-W19,0.3010752688172043,0.08602150537634409,0.08602150537634409,0.1935483870967742,0.22580645161290322
2007-W20,0.3118279569892473,0.0967741935483871,0.08602150537634409,0.1827956989247312,0.21505376344086022
2007-W21,0.2903225806451613,0.10752688172043011,0.07526881720430108,0.17204301075268819,0.22580645161290322
2007-W22,0.2826086956521739,0.09782608695652174,0.09782608695652174,0.15217391304347827,0.22826086956521738
2007-W23,0.2727272727272727,0.09090909090909091,0.09090909090909091,0.20454545454545456,0.2159090909090909
2007-W24,0.26666666666666666,0.08888888888888889,0.1,0.2111111111111111,0.2111111111111111
2007-W25,0.27956989247311825,0.08602150537634409,0.10752688172043011,0.21505376344086022,0.20430107526881722
2007-W26,0.27956989247311825,0.08602150537634409,0.10752688172043011,0.20430107526881722,0.20430107526881722
2007-W27,0.2765957446808511,0.09574468085106383,0.1276595744680851,0.19148936170212766,0.19148936170212766
2007-W28,0.2826086956521739,0.08695652173913043,0.13043478260869565,0.17391304347826086,0.1956521739130435
2007-W29,0.2978723404255319,0.07446808510638298,0.13829787234042554,0.1702127659574468,0.20212765957446807
2007-W30,0.31521739130434784,0.07608695652173914,0.11956521739130435,0.17391304347826086,0.20652173913043478
2007-W31,0.2857142857142857,0.06593406593406594,0.12087912087912088,0.1978021978021978,0.21978021978021978
2007-W32,0.26373626373626374,0.06593406593406594,0.12087912087912088,0.21978021978021978,0.24175824175824176
2007-W33,0.2826086956521739,0.043478260869565216,0.11956521739130435,0.21739130434782608,0.25
2007-W34,0.31521739130434784,0.043478260869565216,0.11956521739130435,0.21739130434782608,0.20652173913043478
2007-W35,0.28735632183908044,0.04597701149425287,0.10344827586206896,0.22988505747126436,0.19540229885057472
2007-W36,0.29069767441860467,0.046511627906976744,0.10465116279069768,0.2441860465116279,0.18604651162790697
2007-W37,0.3,0.044444444444444446,0.08888888888888889,0.2777777777777778,0.16666666666666666
2007-W38,0.31521739130434784,0.05434782608695652,0.08695652173913043,0.2608695652173913,0.17391304347826086
2007-W39,0.2978723404255319,0.05319148936170213,0.0851063829787234,0.2978723404255319,0.1702127659574468
2007-W40,0.2872340425531915,0.0425531914893617,0.09574468085106383,0.30851063829787234,0.18085106382978725
2007-W41,0.27956989247311825,0.053763440860215055,0.08602150537634409,0.3118279569892473,0.1935483870967742
2007-W42,0.27956989247311825,0.043010752688172046,0.07526881720430108,0.3118279569892473,0.21505376344086022
2007-W43,0.2765957446808511,0.05319148936170213,0.07446808510638298,0.2872340425531915,0.24468085106382978
2007-W44,0.26595744680851063,0.05319148936170213,0.06382978723404255,0.2872340425531915,0.24468085106382978
2007-W45,0.26595744680851063,0.06382978723404255,0.06382978723404255,0.26595744680851063,0.26595744680851063
2007-W46,0.26595744680851063,0.05319148936170213,0.06382978723404255,0.2978723404255319,0.2553191489361702
2007-W47,0.2553191489361702,0.05319148936170213,0.0851063829787234,0.2872340425531915,0.22340425531914893
2007-W48,0.26595744680851063,0.0425531914893617,0.0851063829787234,0.26595744680851063,0.23404255319148937
2007-W49,0.2553191489361702,0.0425531914893617,0.0851063829787234,0.2872340425531915,0.22340425531914893
2007-W50,0.2391304347826087,0.043478260869565216,0.09782608695652174,0.2608695652173913,0.2391304347826087
2007-W51,0.25806451612903225,0.053763440860215055,0.10752688172043011,0.25806451612903225,0.22580645161290322
2007-W52,0.27956989247311825,0.06451612903225806,0.10752688172043011,0.25806451612903225,0.20430107526881722
2008-W01,0.2826086956521739,0.06521739130434782,0.10869565217391304,0.2717391304347826,0.17391304347826086
2008-W02,0.3118279569892473,0.08602150537634409,0.0967741935483871,0.25806451612903225,0.17204301075268819
2008-W03,0.29347826086956524,0.08695652173913043,0.10869565217391304,0.25,0.17391304347826086
2008-W04,0.27472527472527475,0.054945054945054944,0.12087912087912088,0.27472527472527475,0.18681318681318682
2008-W05,0.26881720430107525,0.053763440860215055,0.11827956989247312,0.24731182795698925,0.21505376344086022
2008-W06,0.2978723404255319,0.05319148936170213,0.11702127659574468,0.23404255319148937,0.19148936170212766
2008-W07,0.2857142857142857,0.054945054945054944,0.12087912087912088,0.21978021978021978,0.1978021978021978
2008-W08,0.2967032967032967,0.06593406593406594,0.13186813186813187,0.1978021978021978,0.2087912087912088
2008-W09,0.2967032967032967,0.06593406593406594,0.15384615384615385,0.21978021978021978,0.17582417582417584
2008-W10,0.2967032967032967,0.054945054945054944,0.14285714285714285,0.2087912087912088,0.2087912087912088
2008-W11,0.26373626373626374,0.054945054945054944,0.17582417582417584,0.21978021978021978,0.18681318681318682
2008-W12,0.26373626373626374,0.054945054945054944,0.17582417582417584,0.2087912087912088,0.1978021978021978
2008-W13,0.26373626373626374,0.06593406593406594,0.17582417582417584,0.2087912087912088,0.18681318681318682
2008-W14,0.2857142857142857,0.06593406593406594,0.16483516483516483,0.1978021978021978,0.18681318681318682
2008-W15,0.27472527472527475,0.06593406593406594,0.16483516483516483,0.17582417582417584,0.18681318681318682
2008-W16,0.2608695652173913,0.06521739130434782,0.17391304347826086,0.17391304347826086,0.1956521739130435
2008-W17,0.29213483146067415,0.06741573033707865,0.16853932584269662,0.1797752808988764,0.21348314606741572
2008-W18,0.31868131868131866,0.07692307692307693,0.16483516483516483,0.16483516483516483,0.1978021978021978
2008-W19,0.31868131868131866,0.07692307692307693,0.14285714285714285,0.17582417582417584,0.1978021978021978
2008-W20,0.31521739130434784,0.08695652173913043,0.14130434782608695,0.16304347826086957,0.20652173913043478
2008-W21,0.30851063829787234,0.10638297872340426,0.14893617021276595,0.18085106382978725,0.18085106382978725
2008-W22,0.32978723404255317,0.10638297872340426,0.14893617021276595,0.14893617021276595,0.19148936170212766
2008-W23,0.3333333333333333,0.08641975308641975,0.14814814814814814,0.16049382716049382,0.2222222222222222
2008-W24,0.31868131868131866,0.07692307692307693,0.15384615384615385,0.16483516483516483,0.2087912087912088
2008-W25,0.30851063829787234,0.06382978723404255,0.13829787234042554,0.20212765957446807,0.19148936170212766
2008-W26,0.2872340425531915,0.0851063829787234,0.13829787234042554,0.20212765957446807,0.20212765957446807
2008-W27,0.29473684210526313,0.09473684210526316,0.12631578947368421,0.18947368421052632,0.17894736842105263
2008-W28,0.29473684210526313,0.09473684210526316,0.12631578947368421,0.17894736842105263,0.18947368421052632
2008-W29,0.29896907216494845,0.09278350515463918,0.12371134020618557,0.16494845360824742,0.21649484536082475
2008-W30,0.28865979381443296,0.08247422680412371,0.1134020618556701,0.17525773195876287,0.24742268041237114
2008-W31,0.30927835051546393,0.07216494845360824,0.12371134020618557,0.16494845360824742,0.2268041237113402
2008-W32,0.3402061855670103,0.061855670103092786,0.12371134020618557,0.17525773195876287,0.21649484536082475
2008-W33,0.37755102040816324,0.061224489795918366,0.10204081632653061,0.1836734693877551,0.20408163265306123
2008-W34,0.35714285714285715,0.07142857142857142,0.10204081632653061,0.20408163265306123,0.19387755102040816
2008-W35,0.3473684210526316,0.07368421052631578,0.10526315789473684,0.21052631578947367,0.17894736842105263
2008-W36,0.3541666666666667,0.09375,0.10416666666666667,0.19791666666666666,0.16666666666666666
2008-W37,0.37894736842105264,0.10526315789473684,0.09473684210526316,0.2,0.14736842105263157
2008-W38,0.375,0.09375,0.09375,0.20833333333333334,0.14583333333333334
2008-W39,0.3711340206185567,0.07216494845360824,0.10309278350515463,0.1958762886597938,0.15463917525773196
2008-W40,0.34375,0.07291666666666667,0.09375,0.21875,0.16666666666666666
2008-W41,0.3229166666666667,0.09375,0.10416666666666667,0.22916666666666666,0.16666666666666666
2008-W42,0.3333333333333333,0.10416666666666667,0.10416666666666667,0.19791666666666666,0.19791666666666666
2008-W43,0.3125,0.11458333333333333,0.11458333333333333,0.17708333333333334,0.19791666666666666
2008-W44,0.2872340425531915,0.10638297872340426,0.11702127659574468,0.20212765957446807,0.20212765957446807
2008-W45,0.3010752688172043,0.11827956989247312,0.11827956989247312,0.1935483870967742,0.1935483870967742
2008-W46,0.28888888888888886,0.13333333333333333,0.1111111111111111,0.18888888888888888,0.2
2008-W47,0.3,0.1111111111111111,0.12222222222222222,0.18888888888888888,0.18888888888888888
2008-W48,0.2808988764044944,0.12359550561797752,0.1348314606741573,0.15730337078651685,0.2247191011235955
2008-W49,0.23655913978494625,0.13978494623655913,0.13978494623655913,0.17204301075268819,0.22580645161290322
2008-W50,0.2717391304347826,0.15217391304347827,0.11956521739130435,0.18478260869565216,0.18478260869565216
2008-W51,0.30526315789473685,0.12631578947368421,0.12631578947368421,0.17894736842105263,0.18947368421052632
2008-W52,0.2736842105263158,0.12631578947368421,0.1368421052631579,0.2,0.18947368421052632
2009-W01,0.2736842105263158,0.12631578947368421,0.16842105263157894,0.16842105263157894,0.18947368421052632
2009-W02,0.33695652173913043,0.15217391304347827,0.13043478260869565,0.17391304347826086,0.13043478260869565
2009-W03,0.3225806451612903,0.13978494623655913,0.15053763440860216,0.16129032258064516,0.15053763440860216
2009-W04,0.27956989247311825,0.13978494623655913,0.17204301075268819,0.1827956989247312,0.15053763440860216
2009-W05,0.3010752688172043,0.13978494623655913,0.15053763440860216,0.17204301075268819,0.17204301075268819
2009-W06,0.28421052631578947,0.1368421052631579,0.1368421052631579,0.17894736842105263,0.18947368421052632
2009-W07,0.28421052631578947,0.12631578947368421,0.1368421052631579,0.21052631578947367,0.18947368421052632
2009-W08,0.3020833333333333,0.125,0.14583333333333334,0.20833333333333334,0.15625
2009-W09,0.2872340425531915,0.09574468085106383,0.13829787234042554,0.23404255319148937,0.18085106382978725
2009-W10,0.3157894736842105,0.08421052631578947,0.12631578947368421,0.22105263157894736,0.18947368421052632
2009-W11,0.28125,0.09375,0.10416666666666667,0.21875,0.21875
2009-W12,0.2872340425531915,0.09574468085106383,0.0851063829787234,0.2127659574468085,0.23404255319148937
2009-W13,0.2717391304347826,0.09782608695652174,0.09782608695652174,0.21739130434782608,0.21739130434782608
2009-W14,0.26373626373626374,0.08791208791208792,0.0989010989010989,0.21978021978021978,0.23076923076923078
2009-W15,0.2608695652173913,0.09782608695652174,0.08695652173913043,0.20652173913043478,0.22826086956521738
2009-W16,0.2717391304347826,0.09782608695652174,0.10869565217391304,0.21739130434782608,0.20652173913043478
2009-W17,0.25806451612903225,0.07526881720430108,0.11827956989247312,0.1935483870967742,0.23655913978494625
2009-W18,0.26595744680851063,0.0851063829787234,0.0851063829787234,0.20212765957446807,0.22340425531914893
2009-W19,0.2872340425531915,0.09574468085106383,0.0851063829787234,0.22340425531914893,0.20212765957446807
2009-W20,0.26373626373626374,0.08791208791208792,0.10989010989010989,0.21978021978021978,0.2087912087912088
2009-W21,0.24731182795698925,0.08602150537634409,0.0967741935483871,0.26881720430107525,0.20430107526881722
2009-W22,0.2903225806451613,0.08602150537634409,0.07526881720430108,0.24731182795698925,0.20430107526881722
2009-W23,0.3258426966292135,0.10112359550561797,0.033707865168539325,0.23595505617977527,0.20224719101123595
2009-W24,0.2872340425531915,0.0851063829787234,0.06382978723404255,0.23404255319148937,0.23404255319148937
2009-W25,0.2903225806451613,0.0967741935483871,0.07526881720430108,0.22580645161290322,0.22580645161290322
2009-W26,0.25274725274725274,0.0989010989010989,0.07692307692307693,0.23076923076923078,0.25274725274725274
2009-W27,0.24444444444444444,0.1,0.06666666666666667,0.25555555555555554,0.23333333333333334
2009-W28,0.24444444444444444,0.1111111111111111,0.06666666666666667,0.23333333333333334,0.24444444444444444
2009-W29,0.25274725274725274,0.0989010989010989,0.07692307692307693,0.2087912087912088,0.25274725274725274
2009-W30,0.26373626373626374,0.08791208791208792,0.07692307692307693,0.2087912087912088,0.2087912087912088
2009-W31,0.26666666666666666,0.1111111111111111,0.07777777777777778,0.2111111111111111,0.2111111111111111
2009-W32,0.27472527472527475,0.10989010989010989,0.06593406593406594,0.2087912087912088,0.21978021978021978
2009-W33,0.2857142857142857,0.12087912087912088,0.054945054945054944,0.18681318681318682,0.23076923076923078
2009-W34,0.3076923076923077,0.10989010989010989,0.06593406593406594,0.17582417582417584,0.2087912087912088
2009-W35,0.32222222222222224,0.12222222222222222,0.05555555555555555,0.16666666666666666,0.2222222222222222
2009-W36,0.31868131868131866,0.0989010989010989,0.054945054945054944,0.16483516483516483,0.23076923076923078
2009-W37,0.2967032967032967,0.10989010989010989,0.07692307692307693,0.16483516483516483,0.21978021978021978
2009-W38,0.3076923076923077,0.08791208791208792,0.08791208791208792,0.16483516483516483,0.23076923076923078
2009-W39,0.2967032967032967,0.07692307692307693,0.07692307692307693,0.1978021978021978,0.21978021978021978
2009-W40,0.2777777777777778,0.1,0.07777777777777778,0.2,0.18888888888888888
2009-W41,0.2857142857142857,0.07692307692307693,0.0989010989010989,0.17582417582417584,0.2087912087912088
2009-W42,0.26373626373626374,0.07692307692307693,0.10989010989010989,0.16483516483516483,0.2087912087912088
2009-W43,0.2857142857142857,0.08791208791208792,0.0989010989010989,0.17582417582417584,0.18681318681318682
2009-W44,0.26881720430107525,0.08602150537634409,0.11827956989247312,0.17204301075268819,0.1935483870967742
2009-W45,0.24468085106382978,0.07446808510638298,0.1276595744680851,0.18085106382978725,0.20212765957446807
2009-W46,0.24444444444444444,0.07777777777777778,0.12222222222222222,0.18888888888888888,0.17777777777777778
2009-W47,0.2826086956521739,0.08695652173913043,0.09782608695652174,0.15217391304347827,0.1956521739130435
2009-W48,0.2765957446808511,0.11702127659574468,0.10638297872340426,0.14893617021276595,0.19148936170212766
2009-W49,0.3157894736842105,0.12631578947368421,0.11578947368421053,0.15789473684210525,0.17894736842105263
2009-W50,0.3225806451612903,0.11827956989247312,0.10752688172043011,0.15053763440860216,0.1827956989247312
2009-W51,0.3225806451612903,0.0967741935483871,0.10752688172043011,0.15053763440860216,0.20430107526881722
2009-W52,0.3404255319148936,0.09574468085106383,0.10638297872340426,0.1702127659574468,0.18085106382978725
2009-W53,0.3010752688172043,0.10752688172043011,0.12903225806451613,0.1935483870967742,0.17204301075268819
2010-W01,0.33695652173913043,0.11956521739130435,0.08695652173913043,0.18478260869565216,0.14130434782608695
2010-W02,0.31521739130434784,0.09782608695652174,0.08695652173913043,0.18478260869565216,0.18478260869565216
2010-W03,0.34782608695652173,0.09782608695652174,0.09782608695652174,0.16304347826086957,0.18478260869565216
2010-W04,0.34065934065934067,0.10989010989010989,0.0989010989010989,0.15384615384615385,0.18681318681318682
2010-W05,0.3488372093023256,0.10465116279069768,0.09302325581395349,0.16279069767441862,0.18604651162790697
2010-W06,0.3448275862068966,0.08045977011494253,0.10344827586206896,0.1839080459770115,0.19540229885057472
2010-W07,0.3333333333333333,0.09195402298850575,0.09195402298850575,0.21839080459770116,0.16091954022988506
2010-W08,0.34831460674157305,0.0898876404494382,0.10112359550561797,0.2247191011235955,0.16853932584269662
2010-W09,0.36363636363636365,0.06818181818181818,0.09090909090909091,0.23863636363636365,0.14772727272727273
2010-W10,0.32954545454545453,0.06818181818181818,0.09090909090909091,0.23863636363636365,0.17045454545454544
2010-W11,0.32954545454545453,0.056818181818181816,0.10227272727272728,0.2159090909090909,0.19318181818181818
2010-W12,0.32222222222222224,0.05555555555555555,0.1,0.2222222222222222,0.17777777777777778
2010-W13,0.35555555555555557,0.044444444444444446,0.12222222222222222,0.2222222222222222,0.16666666666666666
2010-W14,0.32222222222222224,0.03333333333333333,0.12222222222222222,0.26666666666666666,0.18888888888888888
2010-W15,0.32222222222222224,0.03333333333333333,0.14444444444444443,0.24444444444444444,0.18888888888888888
2010-W16,0.32222222222222224,0.05555555555555555,0.1111111111111111,0.26666666666666666,0.18888888888888888
2010-W17,0.35555555555555557,0.05555555555555555,0.1,0.23333333333333334,0.2111111111111111
2010-W18,0.37362637362637363,0.04395604395604396,0.12087912087912088,0.21978021978021978,0.2087912087912088
2010-W19,0.38202247191011235,0.033707865168539325,0.11235955056179775,0.20224719101123595,0.21348314606741572
2010-W20,0.3626373626373626,0.04395604395604396,0.0989010989010989,0.2087912087912088,0.23076923076923078
2010-W21,0.3956043956043956,0.02197802197802198,0.10989010989010989,0.21978021978021978,0.2087912087912088
2010-W22,0.4065934065934066,0.02197802197802198,0.10989010989010989,0.17582417582417584,0.21978021978021978
2010-W23,0.39325842696629215,0.033707865168539325,0.10112359550561797,0.21348314606741572,0.19101123595505617
2010-W24,0.37362637362637363,0.01098901098901099,0.0989010989010989,0.23076923076923078,0.1978021978021978
2010-W25,0.40425531914893614,0.02127659574468085,0.09574468085106383,0.23404255319148937,0.18085106382978725
2010-W26,0.31521739130434784,0.03260869565217391,0.09782608695652174,0.2717391304347826,0.20652173913043478
2010-W27,0.33695652173913043,0.021739130434782608,0.07608695652173914,0.29347826086956524,0.20652173913043478
2010-W28,0.3333333333333333,0.021505376344086023,0.08602150537634409,0.25806451612903225,0.21505376344086022
2010-W29,0.3404255319148936,0.031914893617021274,0.0851063829787234,0.24468085106382978,0.22340425531914893
2010-W30,0.3191489361702128,0.031914893617021274,0.0851063829787234,0.2553191489361702,0.22340425531914893
2010-W31,0.3404255319148936,0.031914893617021274,0.09574468085106383,0.23404255319148937,0.2127659574468085
2010-W32,0.32978723404255317,0.05319148936170213,0.0851063829787234,0.22340425531914893,0.23404255319148937
2010-W33,0.3548387096774194,0.03225806451612903,0.08602150537634409,0.21505376344086022,0.22580645161290322
2010-W34,0.3978494623655914,0.03225806451612903,0.0967741935483871,0.1935483870967742,0.1935483870967742
2010-W35,0.3804347826086957,0.03260869565217391,0.09782608695652174,0.1956521739130435,0.20652173913043478
2010-W36,0.3723404255319149,0.02127659574468085,0.10638297872340426,0.20212765957446807,0.22340425531914893
2010-W37,0.3473684210526316,0.021052631578947368,0.10526315789473684,0.18947368421052632,0.25263157894736843
2010-W38,0.35789473684210527,0.021052631578947368,0.08421052631578947,0.21052631578947367,0.25263157894736843
2010-W39,0.3368421052631579,0.021052631578947368,0.09473684210526316,0.21052631578947367,0.24210526315789474
2010-W40,0.37894736842105264,0.021052631578947368,0.09473684210526316,0.21052631578947367,0.22105263157894736
2010-W41,0.3645833333333333,0.020833333333333332,0.10416666666666667,0.22916666666666666,0.20833333333333334
2010-W42,0.38144329896907214,0.020618556701030927,0.09278350515463918,0.21649484536082475,0.20618556701030927
2010-W43,0.3541666666666667,0.010416666666666666,0.09375,0.21875,0.25
2010-W44,0.3368421052631579,0.021052631578947368,0.10526315789473684,0.2,0.21052631578947367
2010-W45,0.3595505617977528,0.02247191011235955,0.12359550561797752,0.16853932584269662,0.2247191011235955
2010-W46,0.34375,0.020833333333333332,0.11458333333333333,0.16666666666666666,0.25
2010-W47,0.375,0.020833333333333332,0.11458333333333333,0.16666666666666666,0.23958333333333334
2010-W48,0.3684210526315789,0.021052631578947368,0.10526315789473684,0.17894736842105263,0.24210526315789474
2010-W49,0.35789473684210527,0.010526315789473684,0.11578947368421053,0.17894736842105263,0.23157894736842105
2010-W50,0.3978494623655914,0.010752688172043012,0.10752688172043011,0.1827956989247312,0.21505376344086022
2010-W51,0.3333333333333333,0.021505376344086023,0.11827956989247312,0.20430107526881722,0.21505376344086022
2010-W52,0.30434782608695654,0.010869565217391304,0.11956521739130435,0.22826086956521738,0.2391304347826087
2011-W01,0.30851063829787234,0.010638297872340425,0.09574468085106383,0.24468085106382978,0.23404255319148937
2011-W02,0.30526315789473685,0.010526315789473684,0.09473684210526316,0.24210526315789474,0.24210526315789474
2011-W03,0.2736842105263158,0.021052631578947368,0.08421052631578947,0.24210526315789474,0.2631578947368421
2011-W04,0.3157894736842105,0.010526315789473684,0.08421052631578947,0.22105263157894736,0.23157894736842105
2011-W05,0.34375,0.010416666666666666,0.08333333333333333,0.20833333333333334,0.20833333333333334
2011-W06,0.3541666666666667,0.020833333333333332,0.09375,0.20833333333333334,0.20833333333333334
2011-W07,0.375,0.020833333333333332,0.09375,0.19791666666666666,0.19791666666666666
2011-W08,0.42105263157894735,0.0,0.08421052631578947,0.18947368421052632,0.22105263157894736
2011-W09,0.42391304347826086,0.0,0.08695652173913043,0.17391304347826086,0.21739130434782608
2011-W10,0.40860215053763443,0.0,0.08602150537634409,0.1827956989247312,0.22580645161290322
2011-W11,0.3723404255319149,0.010638297872340425,0.0851063829787234,0.20212765957446807,0.23404255319148937
2011-W12,0.3723404255319149,0.02127659574468085,0.09574468085106383,0.20212765957446807,0.2553191489361702
2011-W13,0.4479166666666667,0.010416666666666666,0.08333333333333333,0.17708333333333334,0.23958333333333334
2011-W14,0.3723404255319149,0.02127659574468085,0.10638297872340426,0.20212765957446807,0.24468085106382978
2011-W15,0.36082474226804123,0.030927835051546393,0.10309278350515463,0.2268041237113402,0.2268041237113402
2011-W16,0.3402061855670103,0.030927835051546393,0.09278350515463918,0.2268041237113402,0.25773195876288657
2011-W17,0.3711340206185567,0.030927835051546393,0.08247422680412371,0.20618556701030927,0.24742268041237114
2011-W18,0.41237113402061853,0.030927835051546393,0.07216494845360824,0.18556701030927836,0.2268041237113402
2011-W19,0.3958333333333333,0.03125,0.0625,0.19791666666666666,0.23958333333333334
2011-W20,0.3854166666666667,0.041666666666666664,0.0625,0.20833333333333334,0.22916666666666666
2011-W21,0.4,0.031578947368421054,0.05263157894736842,0.18947368421052632,0.24210526315789474
2011-W22,0.4,0.031578947368421054,0.06315789473684211,0.18947368421052632,0.24210526315789474
2011-W23,0.4148936170212766,0.0425531914893617,0.05319148936170213,0.18085106382978725,0.24468085106382978
2011-W24,0.39361702127659576,0.031914893617021274,0.06382978723404255,0.18085106382978725,0.2553191489361702
2011-W25,0.40860215053763443,0.03225806451612903,0.06451612903225806,0.16129032258064516,0.25806451612903225
2011-W26,0.4148936170212766,0.031914893617021274,0.06382978723404255,0.1595744680851064,0.24468085106382978
2011-W27,0.43010752688172044,0.03225806451612903,0.08602150537634409,0.13978494623655913,0.23655913978494625
2011-W28,0.44086021505376344,0.043010752688172046,0.053763440860215055,0.15053763440860216,0.22580645161290322
2011-W29,0.3829787234042553,0.0425531914893617,0.05319148936170213,0.18085106382978725,0.24468085106382978
2011-W30,0.4,0.05263157894736842,0.05263157894736842,0.15789473684210525,0.25263157894736843
2011-W31,0.35789473684210527,0.042105263157894736,0.06315789473684211,0.21052631578947367,0.24210526315789474
2011-W32,0.35789473684210527,0.031578947368421054,0.06315789473684211,0.17894736842105263,0.2736842105263158
2011-W33,0.35106382978723405,0.05319148936170213,0.06382978723404255,0.18085106382978725,0.26595744680851063
2011-W34,0.3655913978494624,0.043010752688172046,0.053763440860215055,0.1935483870967742,0.24731182795698925
2011-W35,0.37362637362637363,0.03296703296703297,0.03296703296703297,0.18681318681318682,0.27472527472527475
2011-W36,0.358695652173913,0.03260869565217391,0.03260869565217391,0.18478260869565216,0.2826086956521739
2011-W37,0.30851063829787234,0.031914893617021274,0.02127659574468085,0.2553191489361702,0.2553191489361702
2011-W38,0.3118279569892473,0.043010752688172046,0.043010752688172046,0.20430107526881722,0.27956989247311825
2011-W39,0.3191489361702128,0.05319148936170213,0.031914893617021274,0.2127659574468085,0.2765957446808511
2011-W40,0.35789473684210527,0.042105263157894736,0.031578947368421054,0.2,0.2736842105263158
2011-W41,0.32978723404255317,0.05319148936170213,0.0425531914893617,0.20212765957446807,0.26595744680851063
2011-W42,0.375,0.03125,0.03125,0.21875,0.25
2011-W43,0.37894736842105264,0.042105263157894736,0.031578947368421054,0.23157894736842105,0.21052631578947367
2011-W44,0.3617021276595745,0.031914893617021274,0.031914893617021274,0.24468085106382978,0.23404255319148937
2011-W45,0.3191489361702128,0.0425531914893617,0.02127659574468085,0.24468085106382978,0.2553191489361702
2011-W46,0.3225806451612903,0.043010752688172046,0.010752688172043012,0.24731182795698925,0.26881720430107525
2011-W47,0.34831460674157305,0.033707865168539325,0.011235955056179775,0.2247191011235955,0.2696629213483146
2011-W48,0.3804347826086957,0.03260869565217391,0.0,0.25,0.21739130434782608
2011-W49,0.39361702127659576,0.0425531914893617,0.0,0.23404255319148937,0.2127659574468085
2011-W50,0.3978494623655914,0.021505376344086023,0.0,0.25806451612903225,0.1935483870967742
2011-W51,0.3723404255319149,0.02127659574468085,0.0,0.24468085106382978,0.23404255319148937
2011-W52,0.3333333333333333,0.021505376344086023,0.0,0.23655913978494625,0.25806451612903225
2012-W01,0.32967032967032966,0.02197802197802198,0.0,0.2967032967032967,0.1978021978021978
2012-W02,0.3118279569892473,0.021505376344086023,0.0,0.2903225806451613,0.22580645161290322
2012-W03,0.3229166666666667,0.020833333333333332,0.0,0.28125,0.20833333333333334
2012-W04,0.34375,0.03125,0.0,0.22916666666666666,0.20833333333333334
2012-W05,0.3684210526315789,0.010526315789473684,0.010526315789473684,0.23157894736842105,0.22105263157894736
2012-W06,0.3229166666666667,0.020833333333333332,0.010416666666666666,0.25,0.23958333333333334
2012-W07,0.35789473684210527,0.010526315789473684,0.010526315789473684,0.25263157894736843,0.23157894736842105
2012-W08,0.3263157894736842,0.021052631578947368,0.021052631578947368,0.2736842105263158,0.2
2012-W09,0.3645833333333333,0.020833333333333332,0.010416666666666666,0.23958333333333334,0.1875
2012-W10,0.3541666666666667,0.020833333333333332,0.020833333333333332,0.22916666666666666,0.19791666666666666
2012-W11,0.3020833333333333,0.020833333333333332,0.041666666666666664,0.2708333333333333,0.20833333333333334
2012-W12,0.3125,0.020833333333333332,0.041666666666666664,0.23958333333333334,0.20833333333333334
2012-W13,0.3125,0.020833333333333332,0.041666666666666664,0.23958333333333334,0.20833333333333334
2012-W14,0.3157894736842105,0.031578947368421054,0.042105263157894736,0.23157894736842105,0.21052631578947367
2012-W15,0.3229166666666667,0.020833333333333332,0.052083333333333336,0.23958333333333334,0.20833333333333334
2012-W16,0.30526315789473685,0.021052631578947368,0.031578947368421054,0.2736842105263158,0.22105263157894736
2012-W17,0.29896907216494845,0.010309278350515464,0.041237113402061855,0.26804123711340205,0.21649484536082475
2012-W18,0.2916666666666667,0.0,0.03125,0.2708333333333333,0.20833333333333334
2012-W19,0.30927835051546393,0.0,0.041237113402061855,0.26804123711340205,0.20618556701030927
2012-W20,0.2755102040816326,0.02040816326530612,0.04081632653061224,0.25510204081632654,0.23469387755102042
2012-W21,0.2857142857142857,0.02040816326530612,0.061224489795918366,0.25510204081632654,0.22448979591836735
2012-W22,0.24489795918367346,0.01020408163265306,0.04081632653061224,0.25510204081632654,0.25510204081632654
2012-W23,0.27835051546391754,0.0,0.041237113402061855,0.25773195876288657,0.23711340206185566
2012-W24,0.30303030303030304,0.0,0.050505050505050504,0.23232323232323232,0.23232323232323232
2012-W25,0.30303030303030304,0.0,0.050505050505050504,0.25252525252525254,0.2222222222222222
2012-W26,0.2857142857142857,0.0,0.05102040816326531,0.24489795918367346,0.23469387755102042
2012-W27,0.28,0.0,0.05,0.24,0.24
2012-W28,0.29292929292929293,0.0,0.050505050505050504,0.24242424242424243,0.2222222222222222
2012-W29,0.2727272727272727,0.0,0.06060606060606061,0.25252525252525254,0.23232323232323232
2012-W30,0.29292929292929293,0.0,0.04040404040404041,0.23232323232323232,0.23232323232323232
2012-W31,0.2828282828282828,0.010101010101010102,0.04040404040404041,0.21212121212121213,0.25252525252525254
2012-W32,0.2828282828282828,0.0,0.04040404040404041,0.2222222222222222,0.2828282828282828
2012-W33,0.30303030303030304,0.0,0.06060606060606061,0.2222222222222222,0.25252525252525254
2012-W34,0.28865979381443296,0.0,0.061855670103092786,0.20618556701030927,0.25773195876288657
2012-W35,0.25773195876288657,0.0,0.061855670103092786,0.2268041237113402,0.25773195876288657
2012-W36,0.26804123711340205,0.0,0.07216494845360824,0.21649484536082475,0.24742268041237114
2012-W37,0.2708333333333333,0.0,0.07291666666666667,0.19791666666666666,0.2604166666666667
2012-W38,0.28865979381443296,0.0,0.07216494845360824,0.1958762886597938,0.24742268041237114
2012-W39,0.32989690721649484,0.0,0.07216494845360824,0.16494845360824742,0.24742268041237114
2012-W40,0.3163265306122449,0.0,0.07142857142857142,0.1836734693877551,0.24489795918367346
2012-W41,0.3020833333333333,0.0,0.07291666666666667,0.16666666666666666,0.23958333333333334
2012-W42,0.3368421052631579,0.0,0.05263157894736842,0.16842105263157894,0.23157894736842105
2012-W43,0.32978723404255317,0.0,0.0425531914893617,0.18085106382978725,0.2553191489361702
2012-W44,0.34408602150537637,0.0,0.043010752688172046,0.1827956989247312,0.23655913978494625
2012-W45,0.32608695652173914,0.0,0.05434782608695652,0.21739130434782608,0.21739130434782608
2012-W46,0.32978723404255317,0.0,0.06382978723404255,0.2127659574468085,0.23404255319148937
2012-W47,0.3368421052631579,0.0,0.05263157894736842,0.21052631578947367,0.23157894736842105
2012-W48,0.3263157894736842,0.0,0.05263157894736842,0.21052631578947367,0.23157894736842105
2012-W49,0.3157894736842105,0.0,0.031578947368421054,0.22105263157894736,0.23157894736842105
2012-W50,0.30526315789473685,0.0,0.031578947368421054,0.23157894736842105,0.25263157894736843
2012-W51,0.3368421052631579,0.0,0.042105263157894736,0.24210526315789474,0.21052631578947367
2012-W52,0.3157894736842105,0.0,0.05263157894736842,0.25263157894736843,0.22105263157894736
2013-W01,0.3157894736842105,0.0,0.042105263157894736,0.25263157894736843,0.23157894736842105
2013-W02,0.3333333333333333,0.0,0.043010752688172046,0.23655913978494625,0.22580645161290322
2013-W03,0.29473684210526313,0.0,0.042105263157894736,0.22105263157894736,0.23157894736842105
2013-W04,0.30851063829787234,0.0,0.031914893617021274,0.22340425531914893,0.2127659574468085
2013-W05,0.3020833333333333,0.0,0.03125,0.23958333333333334,0.22916666666666666
2013-W06,0.26804123711340205,0.0,0.030927835051546393,0.24742268041237114,0.24742268041237114
2013-W07,0.29896907216494845,0.0,0.030927835051546393,0.2268041237113402,0.23711340206185566
2013-W08,0.28125,0.0,0.041666666666666664,0.23958333333333334,0.2604166666666667
2013-W09,0.3020833333333333,0.0,0.03125,0.22916666666666666,0.23958333333333334
2013-W10,0.3125,0.0,0.03125,0.25,0.20833333333333334
2013-W11,0.3125,0.0,0.03125,0.23958333333333334,0.21875
2013-W12,0.3125,0.0,0.041666666666666664,0.21875,0.25
2013-W13,0.3157894736842105,0.0,0.042105263157894736,0.22105263157894736,0.24210526315789474
2013-W14,0.30851063829787234,0.0,0.031914893617021274,0.22340425531914893,0.2553191489361702
2013-W15,0.30851063829787234,0.0,0.02127659574468085,0.24468085106382978,0.23404255319148937
2013-W16,0.2978723404255319,0.0,0.031914893617021274,0.23404255319148937,0.2553191489361702
2013-W17,0.26881720430107525,0.0,0.03225806451612903,0.23655913978494625,0.27956989247311825
2013-W18,0.30434782608695654,0.0,0.03260869565217391,0.25,0.2391304347826087
2013-W19,0.2967032967032967,0.0,0.04395604395604396,0.23076923076923078,0.25274725274725274
2013-W20,0.2857142857142857,0.0,0.04395604395604396,0.23076923076923078,0.25274725274725274
2013-W21,0.31521739130434784,0.0,0.043478260869565216,0.20652173913043478,0.2826086956521739
2013-W22,0.34065934065934067,0.0,0.04395604395604396,0.18681318681318682,0.2857142857142857
2013-W23,0.33695652173913043,0.010869565217391304,0.043478260869565216,0.20652173913043478,0.25
2013-W24,0.31521739130434784,0.010869565217391304,0.043478260869565216,0.1956521739130435,0.2826086956521739
2013-W25,0.32967032967032966,0.0,0.03296703296703297,0.18681318681318682,0.2857142857142857
2013-W26,0.32967032967032966,0.01098901098901099,0.02197802197802198,0.17582417582417584,0.2967032967032967
2013-W27,0.33695652173913043,0.010869565217391304,0.021739130434782608,0.1956521739130435,0.2826086956521739
2013-W28,0.3225806451612903,0.0,0.03225806451612903,0.20430107526881722,0.25806451612903225
2013-W29,0.32978723404255317,0.0,0.05319148936170213,0.19148936170212766,0.24468085106382978
2013-W30,0.3118279569892473,0.0,0.03225806451612903,0.23655913978494625,0.24731182795698925
2013-W31,0.3010752688172043,0.021505376344086023,0.03225806451612903,0.1935483870967742,0.25806451612903225
2013-W32,0.31521739130434784,0.0,0.03260869565217391,0.20652173913043478,0.2717391304347826
2013-W33,0.31521739130434784,0.0,0.03260869565217391,0.21739130434782608,0.2608695652173913
2013-W34,0.3516483516483517,0.0,0.02197802197802198,0.23076923076923078,0.21978021978021978
2013-W35,0.33695652173913043,0.010869565217391304,0.03260869565217391,0.21739130434782608,0.2391304347826087
2013-W36,0.3695652173913043,0.021739130434782608,0.021739130434782608,0.22826086956521738,0.21739130434782608
2013-W37,0.37362637362637363,0.01098901098901099,0.02197802197802198,0.23076923076923078,0.21978021978021978
2013-W38,0.391304347826087,0.0,0.03260869565217391,0.22826086956521738,0.20652173913043478
2013-W39,0.3368421052631579,0.0,0.021052631578947368,0.22105263157894736,0.24210526315789474
2013-W40,0.3368421052631579,0.0,0.021052631578947368,0.21052631578947367,0.24210526315789474
2013-W41,0.3125,0.0,0.020833333333333332,0.3020833333333333,0.20833333333333334
2013-W42,0.3333333333333333,0.0,0.03125,0.25,0.21875
2013-W43,0.3368421052631579,0.010526315789473684,0.042105263157894736,0.21052631578947367,0.22105263157894736
2013-W44,0.2978723404255319,0.0,0.0425531914893617,0.22340425531914893,0.24468085106382978
2013-W45,0.2978723404255319,0.0,0.0425531914893617,0.22340425531914893,0.24468085106382978
2013-W46,0.3125,0.0,0.041666666666666664,0.22916666666666666,0.22916666666666666
2013-W47,0.3333333333333333,0.0,0.03125,0.20833333333333334,0.25
2013-W48,0.3125,0.010416666666666666,0.03125,0.22916666666666666,0.22916666666666666
2013-W49,0.3333333333333333,0.0,0.03125,0.23958333333333334,0.21875
2013-W50,0.29896907216494845,0.0,0.030927835051546393,0.23711340206185566,0.24742268041237114
2013-W51,0.28865979381443296,0.010309278350515464,0.041237113402061855,0.2268041237113402,0.2268041237113402
2013-W52,0.32653061224489793,0.0,0.04081632653061224,0.21428571428571427,0.21428571428571427
2014-W01,0.3229166666666667,0.010416666666666666,0.03125,0.21875,0.21875
2014-W02,0.30303030303030304,0.0,0.030303030303030304,0.2222222222222222,0.2222222222222222
2014-W03,0.30612244897959184,0.0,0.030612244897959183,0.19387755102040816,0.24489795918367346
2014-W04,0.29292929292929293,0.0,0.04040404040404041,0.18181818181818182,0.26262626262626265
2014-W05,0.2727272727272727,0.0,0.050505050505050504,0.1414141414141414,0.2727272727272727
2014-W06,0.2828282828282828,0.0,0.050505050505050504,0.15151515151515152,0.25252525252525254
2014-W07,0.29292929292929293,0.0,0.06060606060606061,0.1414141414141414,0.25252525252525254
2014-W08,0.29292929292929293,0.0,0.0707070707070707,0.13131313131313133,0.23232323232323232
2014-W09,0.29292929292929293,0.0,0.06060606060606061,0.12121212121212122,0.24242424242424243
2014-W10,0.2828282828282828,0.010101010101010102,0.06060606060606061,0.13131313131313133,0.23232323232323232
2014-W11,0.2828282828282828,0.0,0.06060606060606061,0.12121212121212122,0.23232323232323232
2014-W12,0.2828282828282828,0.010101010101010102,0.06060606060606061,0.15151515151515152,0.1919191919191919
2014-W13,0.2727272727272727,0.0,0.050505050505050504,0.15151515151515152,0.21212121212121213
2014-W14,0.2727272727272727,0.0,0.050505050505050504,0.15151515151515152,0.21212121212121213
2014-W15,0.27,0.0,0.04,0.14,0.23
2014-W16,0.26,0.0,0.04,0.15,0.22
2014-W17,0.2727272727272727,0.0,0.04040404040404041,0.1414141414141414,0.21212121212121213
2014-W18,0.2828282828282828,0.0,0.04040404040404041,0.1414141414141414,0.21212121212121213
2014-W19,0.29292929292929293,0.0,0.030303030303030304,0.15151515151515152,0.2222222222222222
2014-W20,0.32323232323232326,0.0,0.030303030303030304,0.13131313131313133,0.2222222222222222
2014-W21,0.3333333333333333,0.0,0.04040404040404041,0.13131313131313133,0.2222222222222222
2014-W22,0.29292929292929293,0.0,0.04040404040404041,0.15151515151515152,0.25252525252525254
2014-W23,0.35051546391752575,0.0,0.041237113402061855,0.13402061855670103,0.2268041237113402
2014-W24,0.32989690721649484,0.0,0.041237113402061855,0.14432989690721648,0.2268041237113402
2014-W25,0.31958762886597936,0.0,0.041237113402061855,0.13402061855670103,0.23711340206185566
2014-W26,0.32989690721649484,0.0,0.041237113402061855,0.13402061855670103,0.23711340206185566
2014-W27,0.35051546391752575,0.0,0.041237113402061855,0.14432989690721648,0.23711340206185566
2014-W28,0.32989690721649484,0.0,0.05154639175257732,0.15463917525773196,0.24742268041237114
2014-W29,0.3402061855670103,0.0,0.061855670103092786,0.16494845360824742,0.23711340206185566
2014-W30,0.3333333333333333,0.0,0.052083333333333336,0.17708333333333334,0.25
2014-W31,0.34375,0.0,0.052083333333333336,0.17708333333333334,0.22916666666666666
2014-W32,0.3229166666666667,0.0,0.0625,0.16666666666666666,0.25
2014-W33,0.3333333333333333,0.0,0.0625,0.17708333333333334,0.23958333333333334
2014-W34,0.3125,0.0,0.052083333333333336,0.19791666666666666,0.25
2014-W35,0.3125,0.0,0.052083333333333336,0.19791666666666666,0.25
2014-W36,0.30526315789473685,0.0,0.05263157894736842,0.21052631578947367,0.24210526315789474
2014-W37,0.29473684210526313,0.0,0.05263157894736842,0.23157894736842105,0.25263157894736843
2014-W38,0.29473684210526313,0.0,0.05263157894736842,0.24210526315789474,0.24210526315789474
2014-W39,0.3125,0.0,0.052083333333333336,0.22916666666666666,0.22916666666666666
2014-W40,0.3229166666666667,0.0,0.08333333333333333,0.20833333333333334,0.21875
2014-W41,0.30851063829787234,0.0,0.05319148936170213,0.24468085106382978,0.22340425531914893
2014-W42,0.29473684210526313,0.0,0.05263157894736842,0.24210526315789474,0.23157894736842105
2014-W43,0.30927835051546393,0.0,0.05154639175257732,0.24742268041237114,0.21649484536082475
2014-W44,0.3368421052631579,0.0,0.05263157894736842,0.23157894736842105,0.22105263157894736
2014-W45,0.30526315789473685,0.0,0.042105263157894736,0.24210526315789474,0.22105263157894736
2014-W46,0.31521739130434784,0.0,0.043478260869565216,0.21739130434782608,0.2391304347826087
2014-W47,0.34375,0.0,0.041666666666666664,0.20833333333333334,0.22916666666666666
2014-W48,0.3229166666666667,0.0,0.052083333333333336,0.20833333333333334,0.23958333333333334
2014-W49,0.32978723404255317,0.0,0.0425531914893617,0.2127659574468085,0.22340425531914893
2014-W50,0.3118279569892473,0.0,0.053763440860215055,0.20430107526881722,0.22580645161290322
2014-W51,0.2826086956521739,0.0,0.05434782608695652,0.1956521739130435,0.2391304347826087
2014-W52,0.3,0.0,0.05555555555555555,0.18888888888888888,0.23333333333333334
2015-W01,0.30434782608695654,0.0,0.05434782608695652,0.20652173913043478,0.21739130434782608
2015-W02,0.35555555555555557,0.0,0.044444444444444446,0.18888888888888888,0.2111111111111111
2015-W03,0.2826086956521739,0.0,0.043478260869565216,0.20652173913043478,0.2608695652173913
2015-W04,0.2717391304347826,0.010869565217391304,0.043478260869565216,0.20652173913043478,0.2608695652173913
2015-W05,0.2717391304347826,0.0,0.043478260869565216,0.22826086956521738,0.25
2015-W06,0.2967032967032967,0.0,0.03296703296703297,0.2087912087912088,0.25274725274725274
2015-W07,0.31521739130434784,0.0,0.010869565217391304,0.21739130434782608,0.25
2015-W08,0.31868131868131866,0.0,0.02197802197802198,0.24175824175824176,0.24175824175824176
2015-W09,0.30434782608695654,0.0,0.010869565217391304,0.22826086956521738,0.22826086956521738
2015-W10,0.27472527472527475,0.0,0.03296703296703297,0.2857142857142857,0.2087912087912088
2015-W11,0.29347826086956524,0.010869565217391304,0.021739130434782608,0.2717391304347826,0.22826086956521738
2015-W12,0.30434782608695654,0.0,0.021739130434782608,0.2391304347826087,0.2391304347826087
2015-W13,0.3191489361702128,0.0,0.02127659574468085,0.2127659574468085,0.24468085106382978
2015-W14,0.2978723404255319,0.0,0.02127659574468085,0.2765957446808511,0.20212765957446807
2015-W15,0.26881720430107525,0.010752688172043012,0.021505376344086023,0.24731182795698925,0.24731182795698925
2015-W16,0.26881720430107525,0.0,0.021505376344086023,0.26881720430107525,0.22580645161290322
2015-W17,0.26881720430107525,0.0,0.010752688172043012,0.26881720430107525,0.23655913978494625
2015-W18,0.26595744680851063,0.02127659574468085,0.010638297872340425,0.2553191489361702,0.23404255319148937
2015-W19,0.25263157894736843,0.010526315789473684,0.021052631578947368,0.2631578947368421,0.22105263157894736
2015-W20,0.25263157894736843,0.010526315789473684,0.021052631578947368,0.2631578947368421,0.24210526315789474
2015-W21,0.25263157894736843,0.010526315789473684,0.031578947368421054,0.25263157894736843,0.24210526315789474
2015-W22,0.2717391304347826,0.010869565217391304,0.021739130434782608,0.2391304347826087,0.25
2015-W23,0.25,0.021739130434782608,0.021739130434782608,0.2391304347826087,0.2391304347826087
2015-W24,0.25,0.0,0.043478260869565216,0.2608695652173913,0.2608695652173913
2015-W25,0.25,0.0,0.043478260869565216,0.2717391304347826,0.2608695652173913
2015-W26,0.2391304347826087,0.0,0.05434782608695652,0.25,0.2826086956521739
2015-W27,0.2391304347826087,0.0,0.06521739130434782,0.22826086956521738,0.2826086956521739
2015-W28,0.2608695652173913,0.0,0.043478260869565216,0.22826086956521738,0.29347826086956524
2015-W29,0.21739130434782608,0.010869565217391304,0.05434782608695652,0.2717391304347826,0.2826086956521739
2015-W30,0.21505376344086022,0.010752688172043012,0.043010752688172046,0.25806451612903225,0.3118279569892473
2015-W31,0.22580645161290322,0.0,0.043010752688172046,0.26881720430107525,0.3010752688172043
2015-W32,0.22340425531914893,0.0,0.0425531914893617,0.24468085106382978,0.30851063829787234
2015-W33,0.26595744680851063,0.0,0.0425531914893617,0.24468085106382978,0.2765957446808511
2015-W34,0.23157894736842105,0.0,0.042105263157894736,0.28421052631578947,0.2631578947368421
2015-W35,0.25,0.0,0.03125,0.2708333333333333,0.2604166666666667
2015-W36,0.2604166666666667,0.0,0.03125,0.28125,0.2604166666666667
2015-W37,0.25773195876288657,0.0,0.05154639175257732,0.27835051546391754,0.25773195876288657
2015-W38,0.25773195876288657,0.0,0.1134020618556701,0.24742268041237114,0.21649484536082475
2015-W39,0.24742268041237114,0.0,0.1134020618556701,0.28865979381443296,0.20618556701030927
2015-W40,0.26804123711340205,0.0,0.09278350515463918,0.29896907216494845,0.21649484536082475
2015-W41,0.26804123711340205,0.0,0.041237113402061855,0.38144329896907214,0.1958762886597938
2015-W42,0.25773195876288657,0.0,0.05154639175257732,0.38144329896907214,0.18556701030927836
2015-W43,0.23711340206185566,0.0,0.05154639175257732,0.3917525773195876,0.1958762886597938
2015-W44,0.2268041237113402,0.0,0.041237113402061855,0.3917525773195876,0.20618556701030927
2015-W45,0.2653061224489796,0.0,0.04081632653061224,0.3673469387755102,0.19387755102040816
2015-W46,0.2828282828282828,0.0,0.050505050505050504,0.3333333333333333,0.20202020202020202
2015-W47,0.2727272727272727,0.0,0.050505050505050504,0.3333333333333333,0.2222222222222222
2015-W48,0.30612244897959184,0.0,0.05102040816326531,0.3163265306122449,0.21428571428571427
2015-W49,0.41836734693877553,0.0,0.061224489795918366,0.2653061224489796,0.16326530612244897
2015-W50,0.3673469387755102,0.0,0.061224489795918366,0.30612244897959184,0.17346938775510204
2015-W51,0.3469387755102041,0.0,0.061224489795918366,0.2857142857142857,0.1836734693877551
2015-W52,0.34375,0.0,0.0625,0.3125,0.17708333333333334
2015-W53,0.3541666666666667,0.0,0.07291666666666667,0.2916666666666667,0.1875
2016-W01,0.30526315789473685,0.0,0.10526315789473684,0.3263157894736842,0.14736842105263157
2016-W02,0.2857142857142857,0.0,0.09183673469387756,0.32653061224489793,0.19387755102040816
2016-W03,0.26804123711340205,0.0,0.08247422680412371,0.31958762886597936,0.21649484536082475
2016-W04,0.28125,0.010416666666666666,0.08333333333333333,0.3020833333333333,0.19791666666666666
2016-W05,0.26804123711340205,0.0,0.09278350515463918,0.27835051546391754,0.18556701030927836
2016-W06,0.27835051546391754,0.0,0.09278350515463918,0.25773195876288657,0.24742268041237114
2016-W07,0.31958762886597936,0.0,0.09278350515463918,0.25773195876288657,0.1958762886597938
2016-W08,0.3125,0.0,0.09375,0.22916666666666666,0.21875
2016-W09,0.34375,0.0,0.09375,0.20833333333333334,0.22916666666666666
2016-W10,0.28865979381443296,0.010309278350515464,0.09278350515463918,0.25773195876288657,0.21649484536082475
2016-W11,0.2857142857142857,0.01020408163265306,0.09183673469387756,0.24489795918367346,0.21428571428571427
2016-W12,0.2736842105263158,0.010526315789473684,0.10526315789473684,0.23157894736842105,0.24210526315789474
2016-W13,0.27835051546391754,0.010309278350515464,0.10309278350515463,0.20618556701030927,0.2268041237113402
2016-W14,0.28865979381443296,0.010309278350515464,0.09278350515463918,0.2268041237113402,0.20618556701030927
2016-W15,0.25773195876288657,0.010309278350515464,0.061855670103092786,0.28865979381443296,0.21649484536082475
2016-W16,0.20618556701030927,0.010309278350515464,0.07216494845360824,0.30927835051546393,0.24742268041237114
2016-W17,0.20618556701030927,0.010309278350515464,0.07216494845360824,0.29896907216494845,0.20618556701030927
2016-W18,0.27835051546391754,0.010309278350515464,0.07216494845360824,0.27835051546391754,0.18556701030927836
2016-W19,0.37755102040816324,0.01020408163265306,0.061224489795918366,0.25510204081632654,0.15306122448979592
2016-W20,0.28865979381443296,0.010309278350515464,0.041237113402061855,0.3711340206185567,0.12371134020618557
2016-W21,0.23711340206185566,0.010309278350515464,0.041237113402061855,0.31958762886597936,0.18556701030927836
2016-W22,0.2268041237113402,0.010309278350515464,0.041237113402061855,0.35051546391752575,0.17525773195876287
2016-W23,0.28865979381443296,0.010309278350515464,0.030927835051546393,0.29896907216494845,0.17525773195876287
2016-W24,0.25773195876288657,0.010309278350515464,0.020618556701030927,0.29896907216494845,0.21649484536082475
2016-W25,0.25510204081632654,0.01020408163265306,0.02040816326530612,0.3163265306122449,0.20408163265306123
2016-W26,0.25510204081632654,0.01020408163265306,0.02040816326530612,0.32653061224489793,0.1836734693877551
2016-W27,0.25773195876288657,0.010309278350515464,0.010309278350515464,0.31958762886597936,0.1958762886597938
2016-W28,0.23711340206185566,0.010309278350515464,0.020618556701030927,0.35051546391752575,0.18556701030927836
2016-W29,0.24489795918367346,0.02040816326530612,0.02040816326530612,0.32653061224489793,0.1836734693877551
2016-W30,0.25773195876288657,0.010309278350515464,0.010309278350515464,0.31958762886597936,0.18556701030927836
2016-W31,0.29591836734693877,0.0,0.02040816326530612,0.3163265306122449,0.17346938775510204
2016-W32,0.2604166666666667,0.0,0.020833333333333332,0.3333333333333333,0.1875
2016-W33,0.2653061224489796,0.0,0.02040816326530612,0.336734693877551,0.1836734693877551
2016-W34,0.24489795918367346,0.0,0.02040816326530612,0.3163265306122449,0.19387755102040816
2016-W35,0.25,0.0,0.020833333333333332,0.3333333333333333,0.1875
2016-W36,0.28125,0.0,0.020833333333333332,0.3125,0.16666666666666666
2016-W37,0.22916666666666666,0.0,0.03125,0.3333333333333333,0.1875
2016-W38,0.24210526315789474,0.0,0.031578947368421054,0.3473684210526316,0.16842105263157894
2016-W39,0.21875,0.0,0.03125,0.3541666666666667,0.1875
2016-W40,0.2,0.0,0.042105263157894736,0.35789473684210527,0.17894736842105263
2016-W41,0.22105263157894736,0.0,0.031578947368421054,0.3263157894736842,0.18947368421052632
2016-W42,0.21739130434782608,0.0,0.043478260869565216,0.33695652173913043,0.18478260869565216
2016-W43,0.28421052631578947,0.0,0.031578947368421054,0.29473684210526313,0.17894736842105263
2016-W44,0.24731182795698925,0.0,0.043010752688172046,0.3225806451612903,0.1827956989247312
2016-W45,0.29896907216494845,0.0,0.030927835051546393,0.31958762886597936,0.15463917525773196
2016-W46,0.2653061224489796,0.0,0.030612244897959183,0.35714285714285715,0.17346938775510204
2016-W47,0.25773195876288657,0.0,0.030927835051546393,0.31958762886597936,0.18556701030927836
2016-W48,0.28125,0.0,0.020833333333333332,0.3229166666666667,0.17708333333333334
2016-W49,0.28125,0.010416666666666666,0.041666666666666664,0.28125,0.1875
2016-W50,0.23958333333333334,0.0,0.19791666666666666,0.21875,0.13541666666666666
2016-W51,0.25263157894736843,0.0,0.15789473684210525,0.22105263157894736,0.1368421052631579
2016-W52,0.23157894736842105,0.0,0.08421052631578947,0.3157894736842105,0.14736842105263157
2017-W01,0.2553191489361702,0.0,0.07446808510638298,0.2978723404255319,0.11702127659574468
2017-W02,0.2708333333333333,0.0,0.041666666666666664,0.28125,0.16666666666666666
2017-W03,0.22916666666666666,0.0,0.041666666666666664,0.3020833333333333,0.1875
2017-W04,0.24742268041237114,0.0,0.05154639175257732,0.28865979381443296,0.20618556701030927
2017-W05,0.25,0.0,0.0625,0.2708333333333333,0.17708333333333334
2017-W06,0.29896907216494845,0.010309278350515464,0.061855670103092786,0.23711340206185566,0.20618556701030927
2017-W07,0.26804123711340205,0.0,0.061855670103092786,0.26804123711340205,0.20618556701030927
2017-W08,0.26804123711340205,0.010309278350515464,0.061855670103092786,0.28865979381443296,0.18556701030927836
2017-W09,0.29896907216494845,0.0,0.061855670103092786,0.25773195876288657,0.20618556701030927
2017-W10,0.28865979381443296,0.0,0.07216494845360824,0.28865979381443296,0.1958762886597938
2017-W11,0.25773195876288657,0.0,0.061855670103092786,0.27835051546391754,0.20618556701030927
2017-W12,0.35051546391752575,0.0,0.05154639175257732,0.2268041237113402,0.18556701030927836
2017-W13,0.26804123711340205,0.0,0.061855670103092786,0.28865979381443296,0.17525773195876287
2017-W14,0.22916666666666666,0.0,0.052083333333333336,0.4270833333333333,0.125
2017-W15,0.21649484536082475,0.0,0.061855670103092786,0.4020618556701031,0.14432989690721648
2017-W16,0.2,0.0,0.05263157894736842,0.3473684210526316,0.18947368421052632
2017-W17,0.1875,0.0,0.052083333333333336,0.34375,0.19791666666666666
2017-W18,0.19791666666666666,0.0,0.03125,0.4479166666666667,0.15625
2017-W19,0.20618556701030927,0.0,0.05154639175257732,0.41237113402061853,0.14432989690721648
2017-W20,0.22916666666666666,0.0,0.0625,0.375,0.15625
2017-W21,0.21875,0.0,0.052083333333333336,0.3958333333333333,0.1875
2017-W22,0.25,0.0,0.052083333333333336,0.3541666666666667,0.19791666666666666
2017-W23,0.25773195876288657,0.0,0.041237113402061855,0.31958762886597936,0.21649484536082475
2017-W24,0.25510204081632654,0.0,0.08163265306122448,0.336734693877551,0.16326530612244897
2017-W25,0.2604166666666667,0.0,0.041666666666666664,0.3541666666666667,0.1875
2017-W26,0.25,0.0,0.052083333333333336,0.34375,0.21875
2017-W27,0.23958333333333334,0.0,0.052083333333333336,0.3645833333333333,0.20833333333333334
2017-W28,0.23958333333333334,0.0,0.041666666666666664,0.3958333333333333,0.19791666666666666
2017-W29,0.22916666666666666,0.0,0.041666666666666664,0.3958333333333333,0.19791666666666666
2017-W30,0.23469387755102042,0.0,0.04081632653061224,0.42857142857142855,0.16326530612244897
2017-W31,0.25773195876288657,0.0,0.041237113402061855,0.3917525773195876,0.16494845360824742
2017-W32,0.23157894736842105,0.0,0.042105263157894736,0.3894736842105263,0.16842105263157894
2017-W33,0.25,0.0,0.0625,0.3333333333333333,0.20833333333333334
2017-W34,0.25,0.0,0.07291666666666667,0.3333333333333333,0.19791666666666666
2017-W35,0.2268041237113402,0.0,0.07216494845360824,0.35051546391752575,0.2268041237113402
2017-W36,0.22916666666666666,0.0,0.08333333333333333,0.3541666666666667,0.19791666666666666
2017-W37,0.23958333333333334,0.0,0.052083333333333336,0.4479166666666667,0.16666666666666666
2017-W38,0.21875,0.0,0.08333333333333333,0.3854166666666667,0.20833333333333334
2017-W39,0.23958333333333334,0.0,0.07291666666666667,0.3645833333333333,0.20833333333333334
2017-W40,0.22916666666666666,0.0,0.07291666666666667,0.3645833333333333,0.19791666666666666
2017-W41,0.21875,0.0,0.07291666666666667,0.3645833333333333,0.21875
2017-W42,0.21052631578947367,0.0,0.08421052631578947,0.3684210526315789,0.23157894736842105
2017-W43,0.23157894736842105,0.0,0.08421052631578947,0.3368421052631579,0.23157894736842105
2017-W44,0.22340425531914893,0.0,0.09574468085106383,0.35106382978723405,0.23404255319148937
2017-W45,0.24468085106382978,0.0,0.0851063829787234,0.39361702127659576,0.19148936170212766
2017-W46,0.23404255319148937,0.0,0.0851063829787234,0.3829787234042553,0.2127659574468085
2017-W47,0.24731182795698925,0.0,0.053763440860215055,0.43010752688172044,0.1827956989247312
2017-W48,0.23655913978494625,0.0,0.053763440860215055,0.44086021505376344,0.1827956989247312
2017-W49,0.25806451612903225,0.010752688172043012,0.06451612903225806,0.40860215053763443,0.17204301075268819
2017-W50,0.2872340425531915,0.010638297872340425,0.05319148936170213,0.39361702127659576,0.1595744680851064
2017-W51,0.24175824175824176,0.0,0.04395604395604396,0.4065934065934066,0.17582417582417584
2017-W52,0.25,0.0,0.043478260869565216,0.42391304347826086,0.17391304347826086
2018-W01,0.21978021978021978,0.0,0.03296703296703297,0.4835164835164835,0.14285714285714285
2018-W02,0.2127659574468085,0.0,0.05319148936170213,0.39361702127659576,0.18085106382978725
2018-W03,0.22916666666666666,0.0,0.041666666666666664,0.40625,0.16666666666666666
2018-W04,0.21649484536082475,0.0,0.041237113402061855,0.4329896907216495,0.16494845360824742
2018-W05,0.22448979591836735,0.0,0.030612244897959183,0.4489795918367347,0.15306122448979592
2018-W06,0.20408163265306123,0.0,0.02040816326530612,0.4897959183673469,0.14285714285714285
2018-W07,0.23469387755102042,0.0,0.030612244897959183,0.4387755102040816,0.16326530612244897
2018-W08,0.23469387755102042,0.0,0.04081632653061224,0.46938775510204084,0.1326530612244898
2018-W09,0.22448979591836735,0.0,0.04081632653061224,0.47959183673469385,0.14285714285714285
2018-W10,0.1919191919191919,0.0,0.050505050505050504,0.5151515151515151,0.1414141414141414
2018-W11,0.21212121212121213,0.0,0.0707070707070707,0.48484848484848486,0.12121212121212122
2018-W12,0.20408163265306123,0.01020408163265306,0.04081632653061224,0.5306122448979592,0.12244897959183673
2018-W13,0.25510204081632654,0.01020408163265306,0.061224489795918366,0.40816326530612246,0.14285714285714285
2018-W14,0.22448979591836735,0.01020408163265306,0.04081632653061224,0.42857142857142855,0.16326530612244897
2018-W15,0.19387755102040816,0.01020408163265306,0.14285714285714285,0.336734693877551,0.1836734693877551
2018-W16,0.1717171717171717,0.010101010101010102,0.09090909090909091,0.45454545454545453,0.16161616161616163
2018-W17,0.1717171717171717,0.010101010101010102,0.0707070707070707,0.47474747474747475,0.16161616161616163
2018-W18,0.15306122448979592,0.01020408163265306,0.061224489795918366,0.4897959183673469,0.15306122448979592
2018-W19,0.14285714285714285,0.01020408163265306,0.061224489795918366,0.5510204081632653,0.14285714285714285
2018-W20,0.15306122448979592,0.01020408163265306,0.061224489795918366,0.5,0.16326530612244897
2018-W21,0.16326530612244897,0.01020408163265306,0.061224489795918366,0.47959183673469385,0.16326530612244897
2018-W22,0.14432989690721648,0.010309278350515464,0.05154639175257732,0.4742268041237113,0.15463917525773196
2018-W23,0.16326530612244897,0.01020408163265306,0.05102040816326531,0.46938775510204084,0.15306122448979592
2018-W24,0.15306122448979592,0.01020408163265306,0.05102040816326531,0.4489795918367347,0.17346938775510204
2018-W25,0.16326530612244897,0.01020408163265306,0.04081632653061224,0.47959183673469385,0.17346938775510204
2018-W26,0.20833333333333334,0.010416666666666666,0.052083333333333336,0.4479166666666667,0.125
2018-W27,0.21649484536082475,0.010309278350515464,0.05154639175257732,0.422680412371134,0.15463917525773196
2018-W28,0.16666666666666666,0.010416666666666666,0.041666666666666664,0.5,0.1875
2018-W29,0.13541666666666666,0.0,0.041666666666666664,0.5208333333333334,0.16666666666666666
2018-W30,0.16494845360824742,0.010309278350515464,0.061855670103092786,0.38144329896907214,0.1958762886597938
2018-W31,0.19387755102040816,0.0,0.07142857142857142,0.3469387755102041,0.19387755102040816
2018-W32,0.19387755102040816,0.0,0.08163265306122448,0.32653061224489793,0.20408163265306123
2018-W33,0.19387755102040816,0.0,0.061224489795918366,0.41836734693877553,0.17346938775510204
2018-W34,0.21052631578947367,0.0,0.042105263157894736,0.4421052631578947,0.14736842105263157
2018-W35,0.2708333333333333,0.0,0.041666666666666664,0.3125,0.17708333333333334
2018-W36,0.1875,0.0,0.052083333333333336,0.375,0.15625
2018-W37,0.14583333333333334,0.0,0.0625,0.4583333333333333,0.15625
2018-W38,0.14736842105263157,0.0,0.06315789473684211,0.43157894736842106,0.16842105263157894
2018-W39,0.1368421052631579,0.0,0.07368421052631578,0.45263157894736844,0.18947368421052632
2018-W40,0.14736842105263157,0.0,0.06315789473684211,0.45263157894736844,0.17894736842105263
2018-W41,0.13978494623655913,0.0,0.053763440860215055,0.5268817204301075,0.13978494623655913
2018-W42,0.125,0.0,0.052083333333333336,0.46875,0.13541666666666666
2018-W43,0.125,0.0,0.052083333333333336,0.46875,0.15625
2018-W44,0.11458333333333333,0.0,0.07291666666666667,0.4583333333333333,0.14583333333333334
2018-W45,0.12371134020618557,0.0,0.041237113402061855,0.4639175257731959,0.14432989690721648
2018-W46,0.12371134020618557,0.0,0.041237113402061855,0.5154639175257731,0.10309278350515463
2018-W47,0.1326530612244898,0.0,0.04081632653061224,0.4897959183673469,0.14285714285714285
2018-W48,0.15306122448979592,0.0,0.04081632653061224,0.45918367346938777,0.15306122448979592
2018-W49,0.14583333333333334,0.0,0.052083333333333336,0.46875,0.13541666666666666
2018-W50,0.1368421052631579,0.0,0.031578947368421054,0.5684210526315789,0.06315789473684211
2018-W51,0.22105263157894736,0.0,0.031578947368421054,0.42105263157894735,0.10526315789473684
2018-W52,0.17582417582417584,0.01098901098901099,0.03296703296703297,0.3956043956043956,0.12087912087912088
2019-W01,0.15730337078651685,0.02247191011235955,0.033707865168539325,0.4044943820224719,0.11235955056179775
2019-W02,0.16161616161616163,0.0,0.030303030303030304,0.40404040404040403,0.1919191919191919
2019-W03,0.15151515151515152,0.0,0.04040404040404041,0.42424242424242425,0.18181818181818182
2019-W04,0.15151515151515152,0.0,0.06060606060606061,0.40404040404040403,0.1717171717171717
2019-W05,0.15,0.0,0.06,0.43,0.16
2019-W06,0.16161616161616163,0.0,0.0707070707070707,0.40404040404040403,0.18181818181818182
2019-W07,0.1414141414141414,0.0,0.0707070707070707,0.40404040404040403,0.18181818181818182
2019-W08,0.21,0.0,0.05,0.37,0.18
2019-W09,0.2,0.0,0.05,0.36,0.19
2019-W10,0.16161616161616163,0.0,0.06060606060606061,0.4444444444444444,0.15151515151515152
2019-W11,0.13131313131313133,0.0,0.06060606060606061,0.3939393939393939,0.21212121212121213
2019-W12,0.12121212121212122,0.0,0.08080808080808081,0.3838383838383838,0.20202020202020202
2019-W13,0.13131313131313133,0.0,0.08080808080808081,0.37373737373737376,0.21212121212121213
2019-W14,0.1414141414141414,0.0,0.06060606060606061,0.3939393939393939,0.21212121212121213
2019-W15,0.1414141414141414,0.0,0.050505050505050504,0.3333333333333333,0.18181818181818182
2019-W16,0.16161616161616163,0.0,0.10101010101010101,0.32323232323232326,0.16161616161616163
2019-W17,0.15151515151515152,0.010101010101010102,0.050505050505050504,0.32323232323232326,0.18181818181818182
2019-W18,0.15306122448979592,0.0,0.05102040816326531,0.35714285714285715,0.17346938775510204
2019-W19,0.16494845360824742,0.0,0.041237113402061855,0.38144329896907214,0.16494845360824742
2019-W20,0.17346938775510204,0.0,0.04081632653061224,0.37755102040816324,0.1836734693877551
2019-W21,0.17525773195876287,0.0,0.05154639175257732,0.36082474226804123,0.18556701030927836
2019-W22,0.13541666666666666,0.0,0.041666666666666664,0.4583333333333333,0.17708333333333334
2019-W23,0.16494845360824742,0.0,0.041237113402061855,0.4020618556701031,0.1958762886597938
2019-W24,0.14432989690721648,0.0,0.030927835051546393,0.4020618556701031,0.21649484536082475
2019-W25,0.15306122448979592,0.0,0.07142857142857142,0.336734693877551,0.22448979591836735
2019-W26,0.15463917525773196,0.0,0.05154639175257732,0.38144329896907214,0.20618556701030927
2019-W27,0.17525773195876287,0.0,0.05154639175257732,0.3711340206185567,0.1958762886597938
2019-W28,0.16494845360824742,0.0,0.061855670103092786,0.38144329896907214,0.18556701030927836
2019-W29,0.1875,0.0,0.052083333333333336,0.375,0.1875
2019-W30,0.21875,0.0,0.041666666666666664,0.3541666666666667,0.20833333333333334
2019-W31,0.21052631578947367,0.0,0.042105263157894736,0.37894736842105264,0.18947368421052632
2019-W32,0.20212765957446807,0.0,0.0425531914893617,0.3829787234042553,0.18085106382978725
2019-W33,0.18947368421052632,0.010526315789473684,0.05263157894736842,0.35789473684210527,0.22105263157894736
2019-W34,0.17894736842105263,0.0,0.042105263157894736,0.37894736842105264,0.23157894736842105
2019-W35,0.17204301075268819,0.0,0.043010752688172046,0.3978494623655914,0.22580645161290322
2019-W36,0.2345679012345679,0.0,0.04938271604938271,0.32098765432098764,0.2222222222222222
2019-W37,0.18478260869565216,0.0,0.043478260869565216,0.358695652173913,0.22826086956521738
2019-W38,0.16666666666666666,0.0,0.052083333333333336,0.40625,0.21875
2019-W39,0.16666666666666666,0.0,0.052083333333333336,0.3958333333333333,0.21875
2019-W40,0.17708333333333334,0.0,0.052083333333333336,0.3645833333333333,0.20833333333333334
2019-W41,0.15625,0.0,0.041666666666666664,0.4791666666666667,0.15625
2019-W42,0.16494845360824742,0.0,0.12371134020618557,0.4020618556701031,0.16494845360824742
2019-W43,0.15463917525773196,0.0,0.061855670103092786,0.4639175257731959,0.17525773195876287
2019-W44,0.1958762886597938,0.0,0.05154639175257732,0.422680412371134,0.17525773195876287
2019-W45,0.18556701030927836,0.0,0.05154639175257732,0.4639175257731959,0.17525773195876287
2019-W46,0.1875,0.0,0.0625,0.4270833333333333,0.19791666666666666
2019-W47,0.19387755102040816,0.0,0.08163265306122448,0.3979591836734694,0.19387755102040816
2019-W48,0.21649484536082475,0.0,0.10309278350515463,0.3711340206185567,0.18556701030927836
2019-W49,0.19791666666666666,0.0,0.10416666666666667,0.3854166666666667,0.14583333333333334
2019-W50,0.1827956989247312,0.0,0.0967741935483871,0.3655913978494624,0.12903225806451613
2019-W51,0.20430107526881722,0.0,0.08602150537634409,0.3763440860215054,0.12903225806451613
2019-W52,0.24175824175824176,0.0,0.08791208791208792,0.3626373626373626,0.10989010989010989
2020-W01,0.2159090909090909,0.011363636363636364,0.10227272727272728,0.32954545454545453,0.10227272727272728
2020-W02,0.1958762886597938,0.0,0.10309278350515463,0.3917525773195876,0.17525773195876287
2020-W03,0.19387755102040816,0.0,0.09183673469387756,0.40816326530612246,0.1836734693877551
2020-W04,0.21428571428571427,0.0,0.10204081632653061,0.3673469387755102,0.1836734693877551
2020-W05,0.1717171717171717,0.0,0.0707070707070707,0.48484848484848486,0.16161616161616163
2020-W06,0.21428571428571427,0.0,0.10204081632653061,0.35714285714285715,0.20408163265306123
2020-W07,0.21875,0.0,0.09375,0.375,0.20833333333333334
2020-W08,0.20618556701030927,0.0,0.10309278350515463,0.3402061855670103,0.20618556701030927
2020-W09,0.25263157894736843,0.0,0.08421052631578947,0.3368421052631579,0.18947368421052632
2020-W10,0.22105263157894736,0.0,0.08421052631578947,0.3473684210526316,0.18947368421052632
2020-W11,0.16494845360824742,0.0,0.07216494845360824,0.36082474226804123,0.16494845360824742
2020-W12,0.16326530612244897,0.0,0.11224489795918367,0.4489795918367347,0.1326530612244898
2020-W13,0.16161616161616163,0.0,0.08080808080808081,0.48484848484848486,0.15151515151515152
2020-W14,0.15789473684210525,0.0,0.17894736842105263,0.3684210526315789,0.15789473684210525
2020-W15,0.18085106382978725,0.0,0.1276595744680851,0.35106382978723405,0.18085106382978725
2020-W16,0.15789473684210525,0.0,0.10526315789473684,0.42105263157894735,0.2
2020-W17,0.16666666666666666,0.0,0.11458333333333333,0.375,0.19791666666666666
2020-W18,0.15789473684210525,0.0,0.09473684210526316,0.42105263157894735,0.2
2020-W19,0.14736842105263157,0.0,0.10526315789473684,0.4,0.22105263157894736
2020-W20,0.125,0.0,0.07291666666666667,0.46875,0.20833333333333334
2020-W21,0.14583333333333334,0.0,0.08333333333333333,0.4166666666666667,0.21875
2020-W22,0.15625,0.0,0.052083333333333336,0.5104166666666666,0.16666666666666666
2020-W23,0.16666666666666666,0.0,0.052083333333333336,0.4895833333333333,0.16666666666666666
2020-W24,0.20833333333333334,0.0,0.0625,0.375,0.21875
2020-W25,0.17708333333333334,0.0,0.0625,0.375,0.2708333333333333
2020-W26,0.16666666666666666,0.0,0.07291666666666667,0.3958333333333333,0.2604166666666667
2020-W27,0.16494845360824742,0.0,0.07216494845360824,0.3917525773195876,0.26804123711340205
2020-W28,0.16494845360824742,0.0,0.08247422680412371,0.3711340206185567,0.28865979381443296
2020-W29,0.11458333333333333,0.0,0.041666666666666664,0.5104166666666666,0.25
2020-W30,0.12121212121212122,0.0,0.050505050505050504,0.5252525252525253,0.24242424242424243
2020-W31,0.12244897959183673,0.0,0.04081632653061224,0.5204081632653061,0.23469387755102042
2020-W32,0.13253012048192772,0.0,0.03614457831325301,0.4939759036144578,0.25301204819277107
2020-W33,0.12359550561797752,0.0,0.033707865168539325,0.47191011235955055,0.2696629213483146
2020-W34,0.1276595744680851,0.0,0.031914893617021274,0.44680851063829785,0.2765957446808511
2020-W35,0.14736842105263157,0.0,0.031578947368421054,0.4421052631578947,0.2736842105263158
2020-W36,0.13829787234042554,0.0,0.031914893617021274,0.44680851063829785,0.26595744680851063
2020-W37,0.14736842105263157,0.0,0.031578947368421054,0.4105263157894737,0.28421052631578947
2020-W38,0.14583333333333334,0.0,0.052083333333333336,0.40625,0.2604166666666667
2020-W39,0.13402061855670103,0.0,0.061855670103092786,0.422680412371134,0.25773195876288657
2020-W40,0.15625,0.0,0.07291666666666667,0.4166666666666667,0.22916666666666666
2020-W41,0.18085106382978725,0.0,0.07446808510638298,0.3723404255319149,0.23404255319148937
2020-W42,0.1595744680851064,0.010638297872340425,0.07446808510638298,0.44680851063829785,0.19148936170212766
2020-W43,0.15789473684210525,0.010526315789473684,0.06315789473684211,0.4105263157894737,0.23157894736842105
2020-W44,0.14736842105263157,0.010526315789473684,0.06315789473684211,0.42105263157894735,0.24210526315789474
2020-W45,0.15789473684210525,0.010526315789473684,0.08421052631578947,0.3894736842105263,0.2736842105263158
2020-W46,0.2916666666666667,0.0,0.041666666666666664,0.3541666666666667,0.22916666666666666
2020-W47,0.19148936170212766,0.0,0.0425531914893617,0.425531914893617,0.24468085106382978
2020-W48,0.17894736842105263,0.0,0.042105263157894736,0.43157894736842106,0.24210526315789474
2020-W49,0.18085106382978725,0.0,0.0425531914893617,0.3404255319148936,0.24468085106382978
2020-W50,0.18823529411764706,0.0,0.03529411764705882,0.24705882352941178,0.2
2020-W51,0.2222222222222222,0.012345679012345678,0.037037037037037035,0.30864197530864196,0.18518518518518517
2020-W52,0.16666666666666666,0.015151515151515152,0.030303030303030304,0.4393939393939394,0.12121212121212122
2020-W53,0.21428571428571427,0.014285714285714285,0.05714285714285714,0.34285714285714286,0.14285714285714285
2021-W01,0.1839080459770115,0.011494252873563218,0.05747126436781609,0.39080459770114945,0.22988505747126436
2021-W02,0.2087912087912088,0.0,0.054945054945054944,0.32967032967032966,0.31868131868131866
2021-W03,0.17391304347826086,0.0,0.08695652173913043,0.2826086956521739,0.3804347826086957
2021-W04,0.18681318681318682,0.0,0.06593406593406594,0.32967032967032966,0.34065934065934067
2021-W05,0.2087912087912088,0.0,0.06593406593406594,0.34065934065934067,0.2967032967032967
2021-W06,0.18681318681318682,0.0,0.07692307692307693,0.3516483516483517,0.3076923076923077
2021-W07,0.17582417582417584,0.0,0.06593406593406594,0.37362637362637363,0.2967032967032967
2021-W08,0.15555555555555556,0.0,0.08888888888888889,0.3888888888888889,0.26666666666666666
2021-W09,0.17777777777777778,0.0,0.1,0.36666666666666664,0.24444444444444444
2021-W10,0.14130434782608695,0.0,0.09782608695652174,0.358695652173913,0.2717391304347826
2021-W11,0.16304347826086957,0.0,0.08695652173913043,0.391304347826087,0.2608695652173913
2021-W12,0.14285714285714285,0.0,0.0989010989010989,0.37362637362637363,0.26373626373626374
2021-W13,0.25,0.0,0.08695652173913043,0.32608695652173914,0.2391304347826087
2021-W14,0.16483516483516483,0.0,0.08791208791208792,0.4725274725274725,0.18681318681318682
2021-W15,0.2087912087912088,0.0,0.08791208791208792,0.38461538461538464,0.21978021978021978
2021-W16,0.2,0.0,0.08235294117647059,0.38823529411764707,0.23529411764705882
2021-W17,0.17777777777777778,0.0,0.08888888888888889,0.4111111111111111,0.2222222222222222
2021-W18,0.17391304347826086,0.0,0.09782608695652174,0.40217391304347827,0.21739130434782608
2021-W19,0.14893617021276595,0.0,0.07446808510638298,0.4574468085106383,0.20212765957446807
2021-W20,0.1702127659574468,0.0,0.07446808510638298,0.425531914893617,0.20212765957446807
2021-W21,0.1686746987951807,0.0,0.08433734939759036,0.42168674698795183,0.21686746987951808
2021-W22,0.27906976744186046,0.0,0.06976744186046512,0.37209302325581395,0.19767441860465115
2021-W23,0.26373626373626374,0.0,0.054945054945054944,0.38461538461538464,0.1978021978021978
2021-W24,0.23655913978494625,0.0,0.043010752688172046,0.45161290322580644,0.16129032258064516
2021-W25,0.22580645161290322,0.0,0.043010752688172046,0.44086021505376344,0.16129032258064516
2021-W26,0.2391304347826087,0.0,0.06521739130434782,0.3695652173913043,0.20652173913043478
2021-W27,0.27956989247311825,0.0,0.053763440860215055,0.3655913978494624,0.1827956989247312
2021-W28,0.2857142857142857,0.0,0.06593406593406594,0.2857142857142857,0.23076923076923078
2021-W29,0.27956989247311825,0.0,0.06451612903225806,0.25806451612903225,0.22580645161290322
2021-W30,0.27956989247311825,0.0,0.053763440860215055,0.3118279569892473,0.21505376344086022
2021-W31,0.26595744680851063,0.0,0.05319148936170213,0.2978723404255319,0.23404255319148937
2021-W32,0.26595744680851063,0.0,0.07446808510638298,0.2127659574468085,0.20212765957446807
2021-W33,0.26595744680851063,0.0,0.0851063829787234,0.2553191489361702,0.24468085106382978
2021-W34,0.2765957446808511,0.0,0.09574468085106383,0.23404255319148937,0.26595744680851063
2021-W35,0.29896907216494845,0.0,0.08247422680412371,0.25773195876288657,0.23711340206185566
2021-W36,0.2604166666666667,0.0,0.07291666666666667,0.3645833333333333,0.19791666666666666
2021-W37,0.25,0.0,0.052083333333333336,0.4270833333333333,0.1875
2021-W38,0.2653061224489796,0.0,0.07142857142857142,0.3673469387755102,0.19387755102040816
2021-W39,0.3402061855670103,0.0,0.07216494845360824,0.29896907216494845,0.17525773195876287
2021-W40,0.23469387755102042,0.0,0.07142857142857142,0.40816326530612246,0.17346938775510204
2021-W41,0.23958333333333334,0.0,0.07291666666666667,0.3541666666666667,0.19791666666666666
2021-W42,0.2708333333333333,0.0,0.08333333333333333,0.2916666666666667,0.23958333333333334
2021-W43,0.25263157894736843,0.0,0.09473684210526316,0.3157894736842105,0.22105263157894736
2021-W44,0.23958333333333334,0.0,0.09375,0.3020833333333333,0.22916666666666666
