week,genre,count,avg_rank,avg_last_week,avg_peak_rank,avg_weeks_on_board
1958-08-04,Country,3,47.333333333333336,0.0,47.333333333333336,1.0
1958-08-11,Country,6,57.5,23.666666666666668,56.666666666666664,1.5
1958-08-18,Country,5,51.8,30.8,40.2,2.4
1958-08-25,Country,8,61.375,32.375,49.625,2.5
1958-09-01,Country,6,59.0,57.666666666666664,49.5,3.1666666666666665
1958-09-08,Country,9,65.44444444444444,39.333333333333336,50.666666666666664,3.888888888888889
1958-09-15,Country,7,63.0,50.142857142857146,37.57142857142857,5.0
1958-09-22,Country,5,53.2,35.6,35.2,5.0
1958-09-29,Country,5,51.2,16.0,43.0,3.6
1958-10-06,Country,7,58.42857142857143,36.57142857142857,51.857142857142854,3.5714285714285716
1958-10-13,Country,7,61.714285714285715,58.42857142857143,51.0,4.571428571428571
1958-10-20,Country,7,58.0,61.714285714285715,46.0,5.571428571428571
1958-10-27,Country,6,43.5,51.0,31.666666666666668,7.0
1958-11-03,Country,6,47.0,43.5,31.166666666666668,8.0
1958-11-10,Country,5,38.6,38.6,31.4,8.4
1958-11-17,Country,5,53.8,38.6,30.8,9.4
1958-11-24,Country,6,60.333333333333336,44.833333333333336,40.0,8.833333333333334
1958-12-01,Country,6,63.833333333333336,60.333333333333336,32.833333333333336,9.833333333333334
1958-12-08,Country,4,51.0,30.75,41.0,6.75
1958-12-15,Country,4,48.75,27.25,36.0,7.5
1958-12-22,Country,2,11.5,14.0,7.5,10.0
1958-12-29,Country,2,11.5,11.5,6.0,11.0
1959-01-05,Country,2,14.0,11.5,5.0,12.0
1959-01-12,Country,2,13.0,14.0,2.5,13.0
1959-01-19,Country,4,53.5,6.5,44.0,7.5
1959-01-26,Country,4,52.5,53.5,36.0,8.5
1959-02-02,Country,5,63.8,42.0,44.8,7.8
1959-02-09,Country,4,48.5,56.5,47.5,5.5
1959-02-16,Country,4,47.75,48.5,45.75,6.5
1959-02-23,Country,4,43.75,47.75,40.5,7.5
1959-03-02,Country,4,45.0,43.75,37.5,8.5
1959-03-09,Country,5,55.6,36.0,47.6,7.8
1959-03-16,Country,5,62.4,55.6,42.8,8.8
1959-03-23,Country,3,53.666666666666664,41.0,24.666666666666668,12.0
1959-03-30,Country,3,63.333333333333336,53.666666666666664,24.666666666666668,13.0
1959-04-06,Country,3,74.0,63.333333333333336,24.666666666666668,14.0
1959-04-13,Country,2,64.0,23.0,62.5,6.0
1959-04-20,Country,2,70.0,64.0,59.5,7.0
1959-04-27,Country,3,83.33333333333333,46.666666666666664,62.666666666666664,5.666666666666667
1959-05-04,Country,4,71.25,37.5,70.5,2.0
1959-05-11,Country,3,48.666666666666664,62.0,48.666666666666664,3.3333333333333335
1959-05-18,Country,2,29.0,36.5,28.5,5.0
1959-05-25,Country,4,61.5,14.5,55.75,4.0
1959-06-01,Country,5,62.2,49.2,56.0,4.2
1959-06-08,Country,5,56.6,62.2,48.8,5.2
1959-06-15,Country,4,42.25,30.25,42.25,4.0
1959-06-22,Country,4,35.5,42.25,34.25,5.0
1959-06-29,Country,4,31.25,35.5,27.75,6.0
1959-07-06,Country,4,25.25,31.25,23.75,7.0
1959-07-13,Country,4,27.25,6.25,27.0,6.5
1959-07-20,Country,5,38.8,21.8,37.8,6.2
1959-07-27,Country,6,46.166666666666664,32.333333333333336,45.333333333333336,6.166666666666667
1959-08-03,Country,8,55.625,34.625,53.0,5.625
1959-08-10,Country,11,64.63636363636364,40.45454545454545,61.18181818181818,5.090909090909091
1959-08-17,Country,12,61.333333333333336,51.5,56.166666666666664,5.416666666666667
1959-08-24,Country,13,57.61538461538461,50.07692307692308,49.0,5.846153846153846
1959-08-31,Country,11,51.63636363636363,53.09090909090909,44.18181818181818,6.818181818181818
1959-09-07,Country,12,55.75,47.333333333333336,43.333333333333336,7.25
1959-09-14,Country,12,60.833333333333336,42.833333333333336,45.666666666666664,6.75
1959-09-21,Country,10,49.4,47.5,45.9,6.2
1959-09-28,Country,11,52.90909090909091,38.0,46.27272727272727,6.363636363636363
1959-10-05,Country,10,49.7,48.8,37.0,7.3
1959-10-12,Country,9,42.0,45.55555555555556,33.111111111111114,7.777777777777778
1959-10-19,Country,8,41.0,28.25,34.875,7.375
1959-10-26,Country,8,48.25,41.0,34.375,8.375
1959-11-02,Country,9,54.22222222222222,32.333333333333336,37.44444444444444,8.222222222222221
1959-11-09,Country,10,56.9,40.4,45.0,7.0
1959-11-16,Country,8,46.25,53.75,41.5,6.75
1959-11-23,Country,7,36.42857142857143,41.714285714285715,33.285714285714285,7.571428571428571
1959-11-30,Country,7,30.142857142857142,36.42857142857143,27.428571428571427,8.571428571428571
1959-12-07,Country,7,29.857142857142858,30.142857142857142,24.857142857142858,9.571428571428571
1959-12-14,Country,7,32.857142857142854,29.857142857142858,24.285714285714285,10.571428571428571
1959-12-21,Country,8,42.125,28.75,31.375,10.25
1959-12-28,Country,11,48.36363636363637,30.636363636363637,39.0,8.454545454545455
1960-01-04,Country,14,58.857142857142854,38.0,45.07142857142857,7.642857142857143
1960-01-11,Country,10,51.7,52.1,41.7,6.3
1960-01-18,Country,12,56.75,43.083333333333336,45.083333333333336,6.25
1960-01-25,Country,10,50.7,52.0,38.3,7.0
1960-02-01,Country,9,47.888888888888886,48.44444444444444,38.22222222222222,6.777777777777778
1960-02-08,Country,7,39.714285714285715,39.285714285714285,33.42857142857143,7.285714285714286
1960-02-15,Country,7,43.57142857142857,17.0,37.42857142857143,6.428571428571429
1960-02-22,Country,6,35.166666666666664,37.0,28.166666666666668,8.333333333333334
1960-02-29,Country,6,35.166666666666664,35.166666666666664,26.666666666666668,9.333333333333334
1960-03-07,Country,7,44.42857142857143,19.714285714285715,33.57142857142857,8.571428571428571
1960-03-14,Country,8,51.25,29.75,40.75,7.5
1960-03-21,Country,8,45.125,51.25,33.0,8.5
1960-03-28,Country,9,58.111111111111114,40.111111111111114,36.22222222222222,8.555555555555555
1960-04-04,Country,8,56.625,55.375,32.125,9.0
1960-04-11,Country,7,42.0,36.57142857142857,41.714285714285715,6.0
1960-04-18,Country,8,45.25,36.75,43.5,6.25
1960-04-25,Country,9,43.0,40.22222222222222,42.0,6.555555555555555
1960-05-02,Country,10,41.0,38.7,38.3,6.9
1960-05-09,Country,11,43.27272727272727,28.818181818181817,38.0,7.090909090909091
1960-05-16,Country,11,44.81818181818182,43.27272727272727,34.27272727272727,8.090909090909092
1960-05-23,Country,10,41.3,37.2,35.7,7.8
1960-05-30,Country,10,39.4,41.3,30.7,8.8
1960-06-06,Country,9,41.77777777777778,37.77777777777778,31.555555555555557,8.222222222222221
1960-06-13,Country,8,42.0,27.25,32.75,8.25
1960-06-20,Country,8,41.875,35.375,35.25,9.0
1960-06-27,Country,8,43.75,31.125,33.375,9.25
1960-07-04,Country,9,51.888888888888886,38.888888888888886,35.77777777777778,9.222222222222221
1960-07-11,Country,9,53.0,32.888888888888886,44.55555555555556,7.888888888888889
1960-07-18,Country,9,50.55555555555556,53.0,42.22222222222222,8.88888888888889
1960-07-25,Country,12,62.5,37.916666666666664,51.666666666666664,7.666666666666667
1960-08-01,Country,8,57.125,39.375,34.75,11.25
1960-08-08,Country,5,42.8,46.8,31.4,10.2
1960-08-15,Country,4,45.5,39.5,38.5,9.5
1960-08-22,Country,6,59.833333333333336,30.333333333333332,51.666666666666664,7.5
1960-08-29,Country,5,52.2,43.8,45.8,7.4
1960-09-05,Country,4,34.75,40.75,33.0,9.0
1960-09-12,Country,6,51.833333333333336,23.166666666666668,48.833333333333336,7.0
1960-09-19,Country,7,54.42857142857143,44.42857142857143,47.714285714285715,7.0
1960-09-26,Country,8,59.25,47.625,50.625,7.125
1960-10-03,Country,8,61.5,59.25,45.625,8.125
1960-10-10,Country,6,58.833333333333336,43.833333333333336,48.666666666666664,6.833333333333333
1960-10-17,Country,6,52.666666666666664,58.833333333333336,37.166666666666664,7.833333333333333
1960-10-24,Country,6,47.166666666666664,37.666666666666664,45.166666666666664,5.166666666666667
1960-10-31,Country,6,39.833333333333336,47.166666666666664,36.166666666666664,6.166666666666667
1960-11-07,Country,5,31.4,36.2,31.2,6.4
1960-11-14,Country,7,48.42857142857143,22.428571428571427,46.142857142857146,5.571428571428571
1960-11-21,Country,8,51.75,42.375,48.125,5.875
1960-11-28,Country,8,44.5,39.375,41.75,6.75
1960-12-05,Country,10,53.8,35.6,50.0,6.4
1960-12-12,Country,9,49.333333333333336,39.333333333333336,43.888888888888886,7.555555555555555
1960-12-19,Country,8,47.0,45.375,36.25,8.0
1960-12-26,Country,6,42.166666666666664,27.666666666666668,39.666666666666664,7.666666666666667
1961-01-02,Country,6,33.0,42.166666666666664,29.666666666666668,8.666666666666666
1961-01-09,Country,6,36.0,25.0,33.0,8.333333333333334
1961-01-16,Country,5,23.4,23.4,20.0,10.2
1961-01-23,Country,5,21.2,23.4,17.6,11.2
1961-01-30,Country,6,35.166666666666664,17.666666666666668,24.333333333333332,10.333333333333334
1961-02-06,Country,5,25.8,28.2,18.6,11.8
1961-02-13,Country,6,43.333333333333336,21.5,28.666666666666668,10.833333333333334
1961-02-20,Country,5,38.0,32.0,11.8,13.8
1961-02-27,Country,3,26.0,25.333333333333332,14.333333333333334,9.666666666666666
1961-03-06,Country,2,12.0,11.0,8.0,10.5
1961-03-13,Country,2,17.0,12.0,8.0,11.5
1961-03-20,Country,3,47.0,11.333333333333334,38.333333333333336,8.666666666666666
1961-03-27,Country,5,59.0,28.2,49.6,6.2
1961-04-03,Country,4,39.5,59.5,38.75,4.25
1961-04-10,Country,8,69.75,19.75,66.0,3.125
1961-04-17,Country,7,62.42857142857143,68.71428571428571,61.142857142857146,4.0
1961-04-24,Country,5,46.4,51.2,43.4,5.8
1961-05-01,Country,5,41.6,46.4,37.6,6.8
1961-05-08,Country,5,46.4,41.6,33.0,7.8
1961-05-15,Country,3,34.0,36.0,34.0,6.666666666666667
1961-05-22,Country,4,48.75,25.5,47.5,6.0
1961-05-29,Country,4,47.0,48.75,43.0,7.0
1961-06-05,Country,7,67.71428571428571,26.857142857142858,61.42857142857143,5.0
1961-06-12,Country,7,61.285714285714285,67.71428571428571,53.285714285714285,6.0
1961-06-19,Country,8,59.75,46.625,58.875,4.75
1961-06-26,Country,8,51.625,59.75,47.875,5.75
1961-07-03,Country,8,48.5,39.5,45.875,6.25
1961-07-10,Country,9,52.333333333333336,32.666666666666664,47.333333333333336,6.222222222222222
1961-07-17,Country,10,54.9,47.1,48.9,6.6
1961-07-24,Country,10,56.2,49.4,53.1,6.5
1961-07-31,Country,8,47.25,52.875,46.75,6.625
1961-08-07,Country,6,35.666666666666664,35.5,32.166666666666664,8.666666666666666
1961-08-14,Country,5,28.8,28.2,21.6,10.4
1961-08-21,Country,5,30.4,28.8,18.2,11.4
1961-08-28,Country,7,56.142857142857146,14.428571428571429,49.0,7.857142857142857
1961-09-04,Country,6,65.33333333333333,58.833333333333336,52.666666666666664,8.0
1961-09-11,Country,4,61.0,31.25,52.75,8.5
1961-09-18,Country,6,73.16666666666667,40.666666666666664,63.5,6.666666666666667
1961-09-25,Country,6,76.16666666666667,63.166666666666664,70.66666666666667,5.333333333333333
1961-10-02,Country,8,67.0,57.125,62.5,5.0
1961-10-09,Country,7,55.714285714285715,69.71428571428571,55.714285714285715,3.857142857142857
1961-10-16,Country,8,56.375,36.875,54.125,4.125
1961-10-23,Country,10,61.5,45.1,56.7,4.3
1961-10-30,Country,11,60.36363636363637,46.90909090909091,56.72727272727273,4.818181818181818
1961-11-06,Country,10,50.4,57.5,46.9,6.0
1961-11-13,Country,9,42.44444444444444,29.444444444444443,41.0,5.666666666666667
1961-11-20,Country,10,44.6,38.2,42.4,6.3
1961-11-27,Country,8,33.125,38.5,32.5,7.25
1961-12-04,Country,12,51.166666666666664,22.083333333333332,49.166666666666664,6.083333333333333
1961-12-11,Country,13,52.69230769230769,47.23076923076923,48.61538461538461,6.615384615384615
1961-12-18,Country,12,53.416666666666664,49.416666666666664,42.0,8.0
1961-12-25,Country,8,49.125,35.375,40.125,7.75
1962-01-01,Country,9,54.888888888888886,43.666666666666664,37.888888888888886,7.888888888888889
1962-01-08,Country,11,55.72727272727273,36.63636363636363,41.0,7.2727272727272725
1962-01-15,Country,11,50.54545454545455,32.54545454545455,43.72727272727273,5.7272727272727275
1962-01-22,Country,11,47.63636363636363,38.18181818181818,47.18181818181818,4.363636363636363
1962-01-29,Country,11,40.90909090909091,47.63636363636363,38.54545454545455,5.363636363636363
1962-02-05,Country,10,38.8,31.2,34.9,5.8
1962-02-12,Country,10,39.4,38.8,30.7,6.8
1962-02-19,Country,7,21.714285714285715,25.857142857142858,21.714285714285715,7.142857142857143
1962-02-26,Country,7,20.428571428571427,21.714285714285715,19.571428571428573,8.142857142857142
1962-03-05,Country,8,30.0,17.875,25.375,8.125
1962-03-12,Country,7,32.0,27.428571428571427,21.0,9.142857142857142
1962-03-19,Country,5,27.4,25.4,16.8,10.4
1962-03-26,Country,6,48.333333333333336,16.5,43.0,7.0
1962-04-02,Country,6,53.166666666666664,48.333333333333336,39.333333333333336,8.0
1962-04-09,Country,4,45.25,43.0,26.25,9.25
1962-04-16,Country,4,58.25,29.25,39.75,6.25
1962-04-23,Country,2,44.5,55.0,44.5,3.5
1962-04-30,Country,2,41.5,44.5,41.5,4.5
1962-05-07,Country,3,56.666666666666664,27.666666666666668,56.0,4.0
1962-05-14,Country,4,60.75,42.5,60.75,4.0
1962-05-21,Country,4,54.75,38.25,54.75,4.5
1962-05-28,Country,4,54.5,54.75,50.75,5.5
1962-06-04,Country,4,52.5,54.5,43.0,6.5
1962-06-11,Country,3,60.333333333333336,35.333333333333336,60.333333333333336,3.3333333333333335
1962-06-18,Country,3,54.0,60.333333333333336,51.666666666666664,4.333333333333333
1962-06-25,Country,3,61.0,34.0,61.0,3.3333333333333335
1962-07-02,Country,4,55.25,45.75,55.25,3.5
1962-07-09,Country,4,50.5,55.25,50.5,4.5
1962-07-16,Country,6,56.5,33.666666666666664,56.5,4.0
1962-07-23,Country,7,54.42857142857143,48.42857142857143,54.285714285714285,4.428571428571429
1962-07-30,Country,6,40.166666666666664,50.333333333333336,39.0,5.333333333333333
1962-08-06,Country,6,31.833333333333332,40.166666666666664,30.833333333333332,6.333333333333333
1962-08-13,Country,6,27.333333333333332,31.833333333333332,24.5,7.333333333333333
1962-08-20,Country,9,43.0,18.22222222222222,39.0,5.888888888888889
1962-08-27,Country,7,39.0,35.0,30.285714285714285,6.857142857142857
1962-09-03,Country,6,39.0,32.833333333333336,16.833333333333332,8.666666666666666
1962-09-10,Country,6,43.166666666666664,17.5,36.333333333333336,5.333333333333333
1962-09-17,Country,6,48.5,33.166666666666664,43.0,4.833333333333333
1962-09-24,Country,7,49.42857142857143,41.57142857142857,44.42857142857143,5.142857142857143
1962-10-01,Country,7,43.285714285714285,36.857142857142854,36.857142857142854,6.0
1962-10-08,Country,6,45.333333333333336,36.5,44.833333333333336,4.333333333333333
1962-10-15,Country,6,42.0,45.333333333333336,42.0,5.333333333333333
1962-10-22,Country,7,48.142857142857146,36.0,46.142857142857146,5.571428571428571
1962-10-29,Country,7,50.857142857142854,48.142857142857146,42.57142857142857,6.571428571428571
1962-11-05,Country,6,54.666666666666664,51.333333333333336,46.5,7.333333333333333
1962-11-12,Country,6,67.66666666666667,36.5,62.333333333333336,5.833333333333333
1962-11-19,Country,6,68.16666666666667,52.0,57.5,6.166666666666667
1962-11-26,Country,4,65.0,70.5,58.5,4.75
1962-12-03,Country,5,61.8,40.2,61.8,2.6
1962-12-10,Country,5,51.2,61.8,51.2,3.6
1962-12-17,Country,5,48.0,51.2,46.4,4.6
1962-12-24,Country,7,56.857142857142854,34.285714285714285,55.714285714285715,4.285714285714286
1962-12-31,Country,6,44.5,55.333333333333336,43.0,5.0
1963-01-07,Country,6,42.0,44.5,37.666666666666664,6.0
1963-01-14,Country,6,40.666666666666664,42.0,34.166666666666664,7.0
1963-01-21,Country,6,43.333333333333336,31.166666666666668,43.0,6.333333333333333
1963-01-28,Country,6,40.833333333333336,43.333333333333336,39.333333333333336,7.333333333333333
1963-02-04,Country,6,49.833333333333336,35.333333333333336,48.333333333333336,6.333333333333333
1963-02-11,Country,5,47.6,42.2,39.4,8.4
1963-02-18,Country,5,57.0,35.2,49.2,7.2
1963-02-25,Country,4,64.0,39.25,60.0,5.75
1963-03-04,Country,4,54.75,64.0,49.0,6.75
1963-03-11,Country,5,69.4,30.6,65.4,4.2
1963-03-18,Country,6,73.16666666666667,57.833333333333336,64.33333333333333,4.666666666666667
1963-03-25,Country,3,58.0,66.33333333333333,58.0,4.666666666666667
1963-04-01,Country,3,53.0,58.0,53.0,5.666666666666667
1963-04-08,Country,4,65.5,39.75,64.25,5.25
1963-04-15,Country,4,72.0,47.25,69.25,5.0
1963-04-22,Country,2,84.0,93.5,84.0,2.5
1963-04-29,Country,3,78.0,56.0,77.66666666666667,2.6666666666666665
1963-05-06,Country,4,66.75,58.5,66.75,3.0
1963-05-13,Country,4,61.25,66.75,59.0,4.0
1963-05-20,Country,3,42.666666666666664,50.666666666666664,42.666666666666664,5.333333333333333
1963-05-27,Country,4,46.25,32.0,46.25,5.0
1963-06-03,Country,5,48.8,37.0,48.8,5.0
1963-06-10,Country,6,50.5,40.666666666666664,50.5,5.166666666666667
1963-06-17,Country,6,46.0,50.5,44.333333333333336,6.166666666666667
1963-06-24,Country,5,44.6,36.2,43.2,5.0
1963-07-01,Country,6,46.666666666666664,37.166666666666664,44.833333333333336,5.166666666666667
1963-07-08,Country,7,47.285714285714285,40.0,44.285714285714285,5.428571428571429
1963-07-15,Country,7,39.0,47.285714285714285,35.0,6.428571428571429
1963-07-22,Country,6,32.0,39.5,32.0,6.0
1963-07-29,Country,6,28.166666666666668,32.0,28.166666666666668,7.0
1963-08-05,Country,7,38.42857142857143,24.142857142857142,36.714285714285715,7.0
1963-08-12,Country,7,41.142857142857146,24.857142857142858,36.142857142857146,7.857142857142857
1963-08-19,Country,6,52.333333333333336,33.666666666666664,42.833333333333336,7.0
1963-08-26,Country,6,69.5,30.5,55.833333333333336,5.5
1963-09-02,Country,2,79.0,85.0,79.0,2.5
1963-09-09,Country,1,53.0,62.0,53.0,4.0
1963-09-16,Country,2,79.0,26.5,74.5,4.0
1963-09-23,Country,2,76.5,30.5,73.0,3.5
1963-09-30,Country,2,90.5,46.5,90.5,1.5
1963-10-07,Country,4,82.5,45.25,82.5,1.75
1963-10-14,Country,3,67.0,78.33333333333333,67.0,3.0
1963-10-21,Country,4,65.0,50.25,65.0,3.25
1963-10-28,Country,4,52.75,65.0,52.75,4.25
1963-11-04,Country,4,45.0,52.75,45.0,5.25
1963-11-11,Country,4,46.0,45.0,43.5,6.25
1963-11-18,Country,2,30.0,28.0,28.0,6.5
1963-11-25,Country,3,49.0,20.0,45.666666666666664,5.333333333333333
1963-12-02,Country,3,54.0,49.0,44.666666666666664,6.333333333333333
1963-12-09,Country,2,59.5,56.5,44.0,7.0
1963-12-16,Country,1,78.0,78.0,78.0,4.0
1963-12-23,Country,2,76.0,39.0,76.0,3.0
1963-12-30,Country,1,71.0,78.0,71.0,2.0
1964-01-06,Country,1,66.0,71.0,66.0,3.0
1964-01-13,Country,1,69.0,66.0,66.0,4.0
1964-01-20,Country,2,71.5,34.5,71.0,3.0
1964-01-27,Country,2,79.0,38.0,79.0,1.5
1964-02-03,Country,4,79.0,39.5,79.0,1.75
1964-02-10,Country,6,78.0,52.666666666666664,72.33333333333333,3.0
1964-02-17,Country,6,69.0,61.333333333333336,69.0,3.0
1964-02-24,Country,5,58.6,64.4,58.6,4.4
1964-03-02,Country,7,65.42857142857143,41.857142857142854,63.714285714285715,4.142857142857143
1964-03-09,Country,7,60.142857142857146,57.0,59.714285714285715,4.142857142857143
1964-03-16,Country,6,54.833333333333336,58.666666666666664,52.833333333333336,4.833333333333333
1964-03-23,Country,5,53.4,56.8,51.4,5.4
1964-03-30,Country,4,44.0,48.5,42.0,5.5
1964-04-06,Country,3,43.0,44.333333333333336,41.333333333333336,5.666666666666667
1964-04-13,Country,2,26.0,30.5,26.0,7.0
1964-04-20,Country,2,28.0,26.0,25.0,8.0
1964-04-27,Country,3,52.666666666666664,18.666666666666668,46.666666666666664,6.333333333333333
1964-05-04,Country,2,58.5,57.5,56.5,6.0
1964-05-11,Country,3,71.33333333333333,39.0,62.333333333333336,5.0
1964-05-18,Country,1,55.0,68.0,55.0,4.0
1964-05-25,Country,2,70.0,27.5,70.0,3.0
1964-06-01,Country,2,67.0,70.0,67.0,4.0
1964-06-08,Country,3,76.66666666666667,44.666666666666664,75.33333333333333,3.6666666666666665
1964-06-15,Country,2,70.0,89.0,70.0,3.0
1964-06-22,Country,2,57.0,70.0,57.0,4.0
1964-06-29,Country,3,63.333333333333336,38.0,63.333333333333336,3.6666666666666665
1964-07-06,Country,3,53.666666666666664,63.333333333333336,53.666666666666664,4.666666666666667
1964-07-13,Country,2,29.5,33.5,29.5,7.0
1964-07-20,Country,3,47.333333333333336,19.666666666666668,47.333333333333336,5.666666666666667
1964-07-27,Country,2,35.0,45.5,35.0,5.0
1964-08-03,Country,3,52.333333333333336,23.333333333333332,52.0,4.333333333333333
1964-08-10,Country,3,50.333333333333336,52.333333333333336,46.666666666666664,5.333333333333333
1964-08-17,Country,5,65.2,30.2,59.8,4.2
1964-08-24,Country,4,71.5,73.0,71.5,3.5
1964-08-31,Country,4,71.0,48.75,71.0,4.0
1964-09-07,Country,2,48.5,59.0,48.5,5.0
1964-09-14,Country,2,41.0,48.5,41.0,6.0
1964-09-21,Country,3,54.666666666666664,27.333333333333332,51.666666666666664,5.666666666666667
1964-09-28,Country,3,49.666666666666664,54.666666666666664,44.0,6.666666666666667
1964-10-05,Country,2,59.0,56.5,52.0,5.5
1964-10-12,Country,2,41.0,11.0,41.0,4.0
1964-10-19,Country,2,28.5,41.0,28.5,5.0
1964-10-26,Country,5,60.0,11.4,60.0,3.0
1964-11-02,Country,5,50.4,60.0,50.4,4.0
1964-11-09,Country,5,40.8,50.4,39.8,5.0
1964-11-16,Country,5,37.2,40.8,33.0,6.0
1964-11-23,Country,6,46.833333333333336,31.0,40.833333333333336,6.0
1964-11-30,Country,6,53.5,39.333333333333336,50.5,4.833333333333333
1964-12-07,Country,6,53.166666666666664,53.5,47.666666666666664,5.833333333333333
1964-12-14,Country,4,52.25,53.5,48.75,5.75
1964-12-21,Country,4,61.0,35.25,58.5,4.75
1964-12-28,Country,6,67.5,25.0,65.83333333333333,3.5
1965-01-04,Country,7,65.57142857142857,57.857142857142854,62.857142857142854,4.0
1965-01-11,Country,7,65.14285714285714,65.57142857142857,58.714285714285715,5.0
1965-01-18,Country,8,73.625,47.375,73.625,2.875
1965-01-25,Country,8,65.125,61.625,65.125,3.75
1965-02-01,Country,7,52.142857142857146,62.0,52.142857142857146,4.714285714285714
1965-02-08,Country,8,55.5,45.625,53.375,5.125
1965-02-15,Country,6,48.333333333333336,50.833333333333336,47.166666666666664,6.166666666666667
1965-02-22,Country,5,48.6,46.2,45.2,6.6
1965-03-01,Country,4,43.0,41.0,38.0,7.75
1965-03-08,Country,3,48.0,43.666666666666664,40.0,8.0
1965-03-15,Country,3,57.666666666666664,48.0,40.0,9.0
1965-04-12,Country,1,99.0,0.0,99.0,1.0
1965-05-10,Country,3,94.33333333333333,0.0,94.33333333333333,1.0
1965-05-17,Country,3,80.66666666666667,94.33333333333333,80.66666666666667,2.0
1965-05-24,Country,3,78.0,53.0,78.0,2.3333333333333335
1965-05-31,Country,3,67.33333333333333,78.0,67.33333333333333,3.3333333333333335
1965-06-07,Country,3,61.0,67.33333333333333,61.0,4.333333333333333
1965-06-14,Country,3,50.333333333333336,61.0,50.333333333333336,5.333333333333333
1965-06-21,Country,6,67.33333333333333,25.166666666666668,67.33333333333333,3.6666666666666665
1965-06-28,Country,6,62.333333333333336,51.333333333333336,61.166666666666664,4.5
1965-07-05,Country,7,63.42857142857143,53.42857142857143,61.857142857142854,4.857142857142857
1965-07-12,Country,6,53.166666666666664,47.0,52.666666666666664,4.666666666666667
1965-07-19,Country,6,48.166666666666664,53.166666666666664,47.0,5.666666666666667
1965-07-26,Country,5,32.4,38.2,29.8,7.4
1965-08-02,Country,4,30.25,25.5,19.25,8.75
1965-08-09,Country,4,42.0,18.75,36.25,6.5
1965-08-16,Country,4,46.25,42.0,35.5,7.5
1965-08-23,Country,5,71.6,19.0,71.6,3.0
1965-08-30,Country,5,63.8,71.6,63.0,4.0
1965-09-06,Country,7,63.0,45.57142857142857,61.857142857142854,3.857142857142857
1965-09-13,Country,7,58.0,63.0,54.714285714285715,4.857142857142857
1965-09-20,Country,8,60.125,28.875,55.125,4.25
1965-09-27,Country,7,51.714285714285715,61.714285714285715,51.714285714285715,4.0
1965-10-04,Country,7,48.42857142857143,39.285714285714285,48.42857142857143,4.714285714285714
1965-10-11,Country,10,57.6,33.9,57.0,4.3
1965-10-18,Country,9,58.44444444444444,59.44444444444444,56.0,4.888888888888889
1965-10-25,Country,7,59.714285714285715,64.42857142857143,58.57142857142857,5.0
1965-11-01,Country,8,58.625,52.25,56.25,5.375
1965-11-08,Country,7,62.0,42.57142857142857,62.0,4.0
1965-11-15,Country,6,49.333333333333336,62.333333333333336,49.333333333333336,4.333333333333333
1965-11-22,Country,6,42.166666666666664,49.333333333333336,40.5,5.333333333333333
1965-11-29,Country,5,31.6,38.2,31.6,5.8
1965-12-06,Country,5,30.4,31.6,27.8,6.8
1965-12-13,Country,6,38.0,25.333333333333332,32.666666666666664,6.666666666666667
1965-12-20,Country,5,31.0,36.2,31.0,7.0
1965-12-27,Country,5,31.2,31.0,29.8,8.0
1966-01-03,Country,6,43.666666666666664,26.0,37.5,7.666666666666667
1966-01-10,Country,6,50.166666666666664,31.333333333333332,40.166666666666664,7.166666666666667
1966-01-17,Country,4,58.0,57.5,54.5,5.5
1966-01-24,Country,4,62.5,36.75,55.75,5.75
1966-01-31,Country,4,71.5,47.75,64.75,5.0
1966-02-07,Country,3,79.66666666666667,85.0,79.66666666666667,3.3333333333333335
1966-02-14,Country,4,74.0,59.75,72.75,3.5
1966-02-21,Country,4,64.25,56.25,64.25,3.0
1966-02-28,Country,4,58.75,64.25,58.75,4.0
1966-03-07,Country,4,52.5,58.75,49.25,5.0
1966-03-14,Country,3,39.333333333333336,46.666666666666664,39.333333333333336,5.333333333333333
1966-03-21,Country,3,41.0,39.333333333333336,37.333333333333336,6.333333333333333
1966-03-28,Country,4,56.25,30.75,52.25,5.75
1966-04-04,Country,4,68.75,46.25,67.5,5.0
1966-04-11,Country,2,65.5,63.0,56.0,6.5
1966-04-18,Country,2,62.0,38.0,62.0,2.0
1966-04-25,Country,3,56.0,41.333333333333336,56.0,2.3333333333333335
1966-05-02,Country,3,48.0,56.0,48.0,3.3333333333333335
1966-05-09,Country,6,64.16666666666667,24.0,64.16666666666667,2.6666666666666665
1966-05-16,Country,7,61.285714285714285,55.0,60.42857142857143,3.2857142857142856
1966-05-23,Country,7,66.0,43.714285714285715,64.71428571428571,2.7142857142857144
1966-05-30,Country,7,63.857142857142854,66.0,60.857142857142854,3.7142857142857144
1966-06-06,Country,7,62.857142857142854,51.285714285714285,58.57142857142857,4.285714285714286
1966-06-13,Country,7,65.71428571428571,57.57142857142857,65.71428571428571,4.142857142857143
1966-06-20,Country,8,68.125,57.5,65.125,4.625
1966-06-27,Country,4,73.0,38.5,73.0,2.0
1966-07-04,Country,4,62.75,73.0,62.75,3.0
1966-07-11,Country,4,54.25,38.75,54.25,3.5
1966-07-18,Country,6,58.666666666666664,36.166666666666664,58.666666666666664,3.3333333333333335
1966-07-25,Country,7,51.142857142857146,50.285714285714285,50.714285714285715,3.857142857142857
1966-08-01,Country,6,48.666666666666664,52.5,45.666666666666664,4.5
1966-08-08,Country,5,42.6,45.0,42.2,5.2
1966-08-15,Country,5,40.0,42.6,39.2,6.2
1966-08-22,Country,5,42.0,25.0,39.8,6.4
1966-08-29,Country,6,50.166666666666664,35.0,44.333333333333336,6.333333333333333
1966-09-05,Country,7,61.0,35.714285714285715,56.0,5.428571428571429
1966-09-12,Country,6,58.666666666666664,48.833333333333336,58.666666666666664,4.666666666666667
1966-09-19,Country,5,45.8,52.0,45.0,6.2
1966-09-26,Country,6,47.5,38.166666666666664,47.333333333333336,6.166666666666667
1966-10-03,Country,7,51.0,40.714285714285715,49.42857142857143,6.571428571428571
1966-10-10,Country,8,54.5,44.625,51.0,6.75
1966-10-17,Country,6,50.666666666666664,52.0,44.333333333333336,7.833333333333333
1966-10-24,Country,4,54.25,37.5,54.0,4.25
1966-10-31,Country,5,60.4,43.4,60.2,4.4
1966-11-07,Country,5,56.4,60.4,55.8,5.4
1966-11-14,Country,5,57.6,56.4,50.8,6.4
1966-11-21,Country,3,51.0,56.333333333333336,51.0,6.0
1966-11-28,Country,2,28.5,34.5,28.5,8.0
1966-12-05,Country,3,49.666666666666664,19.0,46.666666666666664,6.333333333333333
1966-12-12,Country,4,62.75,37.25,57.25,5.75
1966-12-19,Country,4,59.0,62.75,50.25,6.75
1966-12-26,Country,2,65.0,72.5,65.0,3.5
1967-01-02,Country,3,72.0,43.333333333333336,71.33333333333333,3.3333333333333335
1967-01-09,Country,2,66.0,74.0,66.0,3.5
1967-01-16,Country,2,62.0,66.0,62.0,4.5
1967-01-23,Country,2,59.0,62.0,59.0,5.5
1967-01-30,Country,2,53.0,59.0,53.0,6.5
1967-02-06,Country,2,61.0,53.0,52.0,7.5
1967-02-13,Country,1,73.0,72.0,72.0,7.0
1967-02-20,Country,1,65.0,73.0,65.0,8.0
1967-02-27,Country,2,87.0,32.5,81.5,5.0
1967-03-06,Country,2,79.5,49.0,79.5,1.5
1967-03-13,Country,3,74.66666666666667,53.0,74.66666666666667,2.0
1967-03-20,Country,5,72.6,44.8,72.6,2.2
1967-03-27,Country,4,62.75,69.0,62.75,3.25
1967-04-03,Country,4,51.25,62.75,51.25,4.25
1967-04-10,Country,5,58.0,41.0,58.0,4.4
1967-04-17,Country,5,57.8,58.0,54.8,5.4
1967-04-24,Country,3,52.0,51.0,50.333333333333336,7.0
1967-05-01,Country,4,68.75,25.5,68.75,4.0
1967-05-08,Country,2,70.5,71.0,65.0,5.0
1967-05-15,Country,1,60.0,70.0,60.0,3.0
1967-05-22,Country,1,59.0,60.0,59.0,4.0
1967-05-29,Country,2,77.5,29.5,77.5,3.0
1967-06-05,Country,1,57.0,59.0,57.0,6.0
1967-06-12,Country,1,57.0,57.0,57.0,7.0
1967-06-19,Country,2,69.5,28.5,68.0,4.5
1967-06-26,Country,1,50.0,79.0,50.0,2.0
1967-07-03,Country,3,76.33333333333333,16.666666666666668,76.33333333333333,1.6666666666666667
1967-07-10,Country,3,66.66666666666667,76.33333333333333,66.66666666666667,2.6666666666666665
1967-07-17,Country,3,58.333333333333336,66.66666666666667,58.333333333333336,3.6666666666666665
1967-07-24,Country,3,56.0,58.333333333333336,56.0,4.666666666666667
1967-07-31,Country,4,59.0,42.0,59.0,4.5
1967-08-07,Country,3,32.333333333333336,49.0,32.333333333333336,5.333333333333333
1967-08-14,Country,4,53.0,24.25,44.5,5.0
1967-08-21,Country,2,43.5,51.0,43.5,3.0
1967-08-28,Country,2,43.0,43.5,43.0,4.0
1967-09-04,Country,2,35.5,43.0,35.5,5.0
1967-09-11,Country,3,56.0,23.666666666666668,56.0,4.333333333333333
1967-09-18,Country,3,56.0,56.0,55.666666666666664,5.333333333333333
1967-09-25,Country,5,71.2,33.6,71.0,4.2
1967-10-02,Country,5,70.6,51.8,69.4,4.6
1967-10-09,Country,3,53.0,61.666666666666664,51.666666666666664,5.333333333333333
1967-10-16,Country,4,56.0,39.75,52.75,5.0
1967-10-23,Country,5,58.2,44.8,52.6,5.0
1967-10-30,Country,5,55.6,58.2,47.2,6.0
1967-11-06,Country,4,50.75,58.75,50.75,5.0
1967-11-13,Country,4,51.75,50.75,49.0,6.0
1967-11-20,Country,3,48.666666666666664,23.0,47.0,4.0
1967-11-27,Country,3,59.333333333333336,40.333333333333336,59.333333333333336,3.0
1967-12-04,Country,3,57.333333333333336,59.333333333333336,57.333333333333336,4.0
1967-12-11,Country,3,57.0,57.333333333333336,57.0,5.0
1967-12-18,Country,3,68.0,39.0,66.66666666666667,4.666666666666667
1967-12-25,Country,2,50.5,56.5,47.0,6.0
1968-01-01,Country,3,55.0,33.666666666666664,51.666666666666664,5.0
1968-01-08,Country,2,53.5,64.5,53.5,3.0
1968-01-15,Country,4,67.0,26.75,67.0,2.5
1968-01-22,Country,5,66.4,53.6,66.4,3.0
1968-01-29,Country,4,54.25,58.75,54.25,4.25
1968-02-05,Country,4,52.5,31.5,52.5,4.75
1968-02-12,Country,4,51.0,52.5,51.0,5.75
1968-02-19,Country,4,53.5,51.0,50.0,6.75
1968-02-26,Country,5,68.2,35.0,66.4,4.8
1968-03-04,Country,5,78.2,56.4,74.0,4.4
1968-03-11,Country,5,82.2,69.0,82.2,3.0
1968-03-18,Country,5,75.2,62.6,75.2,3.6
1968-03-25,Country,6,70.16666666666667,62.666666666666664,70.16666666666667,4.0
1968-04-01,Country,6,64.16666666666667,53.666666666666664,64.16666666666667,4.5
1968-04-08,Country,5,50.8,57.6,50.8,6.0
1968-04-15,Country,5,44.8,50.8,44.8,7.0
1968-04-22,Country,5,47.8,44.8,44.8,8.0
1968-04-29,Country,4,50.25,46.25,45.75,8.75
1968-05-06,Country,6,64.5,33.5,61.0,6.833333333333333
1968-05-13,Country,7,65.85714285714286,55.285714285714285,62.0,6.857142857142857
1968-05-20,Country,7,67.57142857142857,57.42857142857143,64.28571428571429,6.142857142857143
1968-05-27,Country,6,62.0,64.66666666666667,61.333333333333336,5.5
1968-06-03,Country,6,60.833333333333336,62.0,58.0,6.5
1968-06-10,Country,5,52.8,58.2,49.0,7.8
1968-06-17,Country,5,57.0,37.0,48.8,7.6
1968-06-24,Country,4,57.5,58.25,46.0,7.5
1968-07-01,Country,4,69.0,27.25,69.0,3.0
1968-07-08,Country,4,59.0,69.0,59.0,4.0
1968-07-15,Country,4,58.5,59.0,58.5,5.0
1968-07-22,Country,3,50.333333333333336,46.666666666666664,46.666666666666664,6.666666666666667
1968-07-29,Country,2,35.0,41.0,32.5,8.0
1968-08-05,Country,2,39.0,35.0,32.0,9.0
1968-08-12,Country,1,39.0,32.0,32.0,7.0
1968-08-19,Country,2,63.0,19.5,56.5,4.5
1968-08-26,Country,2,39.5,40.5,39.5,1.5
1968-09-02,Country,3,50.666666666666664,26.333333333333332,50.666666666666664,2.0
1968-09-09,Country,4,58.75,38.0,52.0,4.25
1968-09-16,Country,4,48.25,58.75,44.0,5.25
1968-09-23,Country,4,50.75,48.25,43.75,6.25
1968-09-30,Country,3,28.666666666666668,36.333333333333336,27.666666666666668,8.0
1968-10-07,Country,3,25.333333333333332,28.666666666666668,25.0,9.0
1968-10-14,Country,3,27.0,25.333333333333332,24.333333333333332,10.0
1968-10-21,Country,5,52.4,16.2,47.2,7.0
1968-10-28,Country,5,54.4,44.6,51.8,6.2
1968-11-04,Country,6,62.0,45.333333333333336,57.833333333333336,6.166666666666667
1968-11-11,Country,6,61.166666666666664,53.666666666666664,55.5,4.5
1968-11-18,Country,6,63.833333333333336,55.333333333333336,63.833333333333336,3.3333333333333335
1968-11-25,Country,6,55.5,63.833333333333336,55.5,4.333333333333333
1968-12-02,Country,9,66.44444444444444,37.0,66.44444444444444,3.888888888888889
1968-12-09,Country,9,64.77777777777777,66.44444444444444,63.333333333333336,4.888888888888889
1968-12-16,Country,5,51.4,57.8,51.4,5.4
1968-12-23,Country,7,54.0,36.714285714285715,53.142857142857146,4.857142857142857
1968-12-30,Country,6,53.333333333333336,54.0,53.166666666666664,5.5
1969-01-06,Country,6,55.5,53.333333333333336,52.833333333333336,6.5
1969-01-13,Country,6,54.333333333333336,30.666666666666668,53.833333333333336,5.5
1969-01-20,Country,7,59.857142857142854,46.57142857142857,58.42857142857143,5.714285714285714
1969-01-27,Country,6,51.5,56.0,48.5,6.833333333333333
1969-02-03,Country,7,56.714285714285715,44.142857142857146,52.42857142857143,6.857142857142857
1969-02-10,Country,6,57.0,61.333333333333336,56.166666666666664,6.5
1969-02-17,Country,5,48.0,50.0,45.0,8.0
1969-02-24,Country,5,58.4,41.2,57.2,5.8
1969-03-03,Country,3,36.333333333333336,50.666666666666664,36.333333333333336,6.0
1969-03-10,Country,3,26.666666666666668,36.333333333333336,25.333333333333332,7.0
1969-03-17,Country,3,27.0,26.666666666666668,23.0,8.0
1969-03-24,Country,3,44.666666666666664,13.333333333333334,37.666666666666664,5.666666666666667
1969-03-31,Country,2,41.5,47.0,41.5,4.0
1969-04-07,Country,3,60.333333333333336,27.666666666666668,60.333333333333336,3.6666666666666665
1969-04-14,Country,3,64.33333333333333,60.333333333333336,58.333333333333336,4.666666666666667
1969-04-21,Country,3,60.333333333333336,33.333333333333336,59.333333333333336,4.333333333333333
1969-04-28,Country,4,58.0,45.25,56.5,4.25
1969-05-05,Country,4,57.5,58.0,50.75,5.25
1969-05-12,Country,4,61.0,35.75,54.25,5.0
1969-05-19,Country,2,62.5,66.5,62.5,3.0
1969-05-26,Country,5,80.8,25.0,80.8,2.2
1969-06-02,Country,6,82.5,67.33333333333333,82.5,2.8333333333333335
1969-06-09,Country,5,77.0,61.6,75.2,3.6
1969-06-16,Country,4,72.0,74.75,66.25,4.25
1969-06-23,Country,2,52.5,73.5,52.5,3.5
1969-06-30,Country,3,55.0,35.0,55.0,3.3333333333333335
1969-07-07,Country,4,52.25,41.25,52.25,3.5
1969-07-14,Country,4,46.5,52.25,46.5,4.5
1969-07-21,Country,6,36.166666666666664,31.0,36.166666666666664,4.0
1969-07-28,Country,6,23.666666666666668,36.166666666666664,23.666666666666668,5.0
1969-08-04,Country,6,18.833333333333332,23.666666666666668,17.833333333333332,6.0
1969-08-11,Country,6,18.166666666666668,18.833333333333332,16.833333333333332,7.0
1969-08-18,Country,6,27.833333333333332,13.833333333333334,27.0,6.333333333333333
1969-08-25,Country,7,39.285714285714285,23.857142857142858,36.142857142857146,6.428571428571429
1969-09-01,Country,7,51.285714285714285,36.142857142857146,48.285714285714285,5.571428571428571
1969-09-08,Country,5,45.0,42.4,40.8,7.0
1969-09-15,Country,6,57.666666666666664,22.0,49.833333333333336,6.5
1969-09-22,Country,5,58.2,42.2,53.8,5.4
1969-09-29,Country,7,62.42857142857143,41.57142857142857,58.285714285714285,5.142857142857143
1969-10-06,Country,9,61.77777777777778,48.55555555555556,57.22222222222222,5.0
1969-10-13,Country,6,61.0,70.83333333333333,61.0,3.5
1969-10-20,Country,7,55.285714285714285,52.285714285714285,55.285714285714285,4.0
1969-10-27,Country,9,55.666666666666664,43.0,55.666666666666664,4.111111111111111
1969-11-03,Country,10,59.6,43.6,58.9,4.0
1969-11-10,Country,11,56.45454545454545,54.18181818181818,55.54545454545455,4.636363636363637
1969-11-17,Country,12,54.0,51.75,52.333333333333336,5.25
1969-11-24,Country,10,49.0,52.5,48.3,6.0
1969-12-01,Country,10,52.9,49.0,45.2,7.0
1969-12-08,Country,11,59.81818181818182,41.90909090909091,53.0,6.7272727272727275
1969-12-15,Country,7,51.42857142857143,51.0,44.285714285714285,7.857142857142857
1969-12-22,Country,5,47.4,46.2,44.6,8.6
1969-12-29,Country,4,50.25,49.75,45.5,8.75
1970-01-05,Country,4,55.5,50.25,44.5,9.75
1970-01-12,Country,4,63.5,43.25,60.0,7.0
1970-01-19,Country,6,72.0,29.166666666666668,67.83333333333333,4.666666666666667
1970-01-26,Country,7,69.85714285714286,61.714285714285715,66.0,5.0
1970-02-02,Country,7,68.42857142857143,60.142857142857146,68.42857142857143,4.0
1970-02-09,Country,7,63.857142857142854,40.714285714285715,63.857142857142854,4.285714285714286
1970-02-16,Country,6,50.666666666666664,60.0,49.833333333333336,5.333333333333333
1970-02-23,Country,8,65.375,33.5,65.375,3.25
1970-03-02,Country,6,56.166666666666664,56.333333333333336,53.5,4.666666666666667
1970-03-09,Country,8,62.25,42.125,59.125,4.5
1970-03-16,Country,6,57.5,69.66666666666667,57.166666666666664,4.166666666666667
1970-03-23,Country,7,52.42857142857143,49.285714285714285,52.0,4.571428571428571
1970-03-30,Country,7,48.142857142857146,52.42857142857143,47.42857142857143,5.571428571428571
1970-04-06,Country,9,56.22222222222222,31.77777777777778,55.666666666666664,4.333333333333333
1970-04-13,Country,9,48.22222222222222,56.22222222222222,47.111111111111114,5.333333333333333
1970-04-20,Country,7,44.285714285714285,47.0,43.0,5.857142857142857
1970-04-27,Country,6,42.166666666666664,39.833333333333336,37.833333333333336,6.666666666666667
1970-05-04,Country,5,38.4,39.2,34.8,7.4
1970-05-11,Country,5,40.8,24.2,35.0,7.4
1970-05-18,Country,4,42.75,41.5,35.5,7.25
1970-05-25,Country,3,46.333333333333336,40.666666666666664,39.333333333333336,6.333333333333333
1970-06-01,Country,1,59.0,59.0,59.0,4.0
1970-06-08,Country,2,76.5,29.5,76.5,3.0
1970-06-15,Country,2,75.0,76.5,75.0,4.0
1970-06-22,Country,2,86.5,26.5,76.0,4.0
1970-06-29,Country,5,85.8,34.6,81.6,2.6
1970-07-06,Country,5,85.0,71.0,85.0,2.0
1970-07-13,Country,5,80.6,85.0,80.6,3.0
1970-07-20,Country,4,74.75,79.0,74.75,4.0
1970-07-27,Country,4,69.5,74.75,69.5,5.0
1970-08-03,Country,5,76.4,40.0,76.0,3.8
1970-08-10,Country,5,71.8,76.4,71.2,4.8
1970-08-17,Country,3,55.0,60.333333333333336,54.333333333333336,6.333333333333333
1970-08-24,Country,3,66.0,17.0,66.0,2.0
1970-08-31,Country,4,65.5,49.5,65.5,2.5
1970-09-07,Country,4,56.75,65.5,56.75,3.5
1970-09-14,Country,4,48.5,56.75,48.5,4.5
1970-09-21,Country,4,43.75,48.5,43.75,5.5
1970-09-28,Country,4,40.75,43.75,40.75,6.5
1970-10-05,Country,4,39.0,40.75,37.25,7.5
1970-10-12,Country,5,51.2,20.6,50.0,5.6
1970-10-19,Country,6,57.833333333333336,27.0,54.0,5.5
1970-10-26,Country,7,66.28571428571429,43.285714285714285,66.28571428571429,4.0
1970-11-02,Country,6,61.833333333333336,62.0,60.833333333333336,5.333333333333333
1970-11-09,Country,7,65.28571428571429,53.0,63.714285714285715,5.571428571428571
1970-11-16,Country,7,63.714285714285715,52.42857142857143,60.857142857142854,6.142857142857143
1970-11-23,Country,8,72.375,52.0,72.125,4.875
1970-11-30,Country,8,62.625,63.25,62.125,5.125
1970-12-07,Country,9,54.888888888888886,55.666666666666664,54.44444444444444,5.555555555555555
1970-12-14,Country,9,53.111111111111114,54.888888888888886,51.44444444444444,6.555555555555555
1970-12-21,Country,9,50.77777777777778,47.77777777777778,50.77777777777778,6.444444444444445
1970-12-28,Country,9,47.111111111111114,41.55555555555556,46.666666666666664,7.0
1971-01-04,Country,9,43.111111111111114,47.111111111111114,42.111111111111114,8.0
1971-01-11,Country,11,52.27272727272727,35.27272727272727,50.36363636363637,7.545454545454546
1971-01-18,Country,10,47.8,48.1,41.2,9.0
1971-01-25,Country,7,33.42857142857143,39.714285714285715,31.714285714285715,10.0
1971-02-01,Country,7,30.0,33.42857142857143,27.571428571428573,11.0
1971-02-08,Country,6,27.333333333333332,30.333333333333332,27.333333333333332,9.833333333333334
1971-02-15,Country,7,32.57142857142857,23.428571428571427,32.57142857142857,9.428571428571429
1971-02-22,Country,9,40.55555555555556,25.333333333333332,40.44444444444444,8.333333333333334
1971-03-01,Country,9,39.888888888888886,40.55555555555556,37.111111111111114,9.333333333333334
1971-03-08,Country,9,35.22222222222222,19.444444444444443,30.555555555555557,9.777777777777779
1971-03-15,Country,11,45.90909090909091,23.454545454545453,40.18181818181818,8.181818181818182
1971-03-22,Country,9,47.44444444444444,48.77777777777778,45.111111111111114,7.666666666666667
1971-03-29,Country,8,47.125,40.25,46.0,6.875
1971-04-05,Country,9,53.77777777777778,31.88888888888889,50.22222222222222,6.777777777777778
1971-04-12,Country,9,59.333333333333336,38.77777777777778,58.55555555555556,5.0
1971-04-19,Country,12,63.5,44.5,59.583333333333336,4.75
1971-04-26,Country,10,63.2,54.9,60.2,5.2
1971-05-03,Country,10,64.7,51.0,62.5,4.4
1971-05-10,Country,8,67.0,59.0,65.0,3.875
1971-05-17,Country,7,65.71428571428571,70.85714285714286,64.0,4.857142857142857
1971-05-24,Country,7,60.285714285714285,65.71428571428571,59.42857142857143,5.857142857142857
1971-05-31,Country,7,57.0,60.285714285714285,56.42857142857143,6.857142857142857
1971-06-07,Country,7,54.0,57.0,52.57142857142857,7.857142857142857
1971-06-14,Country,5,44.4,46.8,43.8,9.0
1971-06-21,Country,6,59.333333333333336,19.0,59.333333333333336,5.166666666666667
1971-06-28,Country,7,57.714285714285715,50.857142857142854,57.714285714285715,5.428571428571429
1971-07-05,Country,6,47.0,52.166666666666664,46.666666666666664,7.0
1971-07-12,Country,7,53.42857142857143,40.285714285714285,51.0,7.0
1971-07-19,Country,6,49.166666666666664,51.5,47.0,7.0
1971-07-26,Country,6,59.333333333333336,45.5,59.333333333333336,6.0
1971-08-02,Country,5,53.8,53.0,52.2,7.6
1971-08-09,Country,5,58.8,40.0,58.2,7.2
1971-08-16,Country,10,70.2,29.4,69.9,4.6
1971-08-23,Country,8,67.625,68.625,67.625,5.125
1971-08-30,Country,8,61.0,55.875,59.5,5.875
1971-09-06,Country,8,61.5,55.875,60.75,5.625
1971-09-13,Country,8,59.0,61.5,56.75,6.625
1971-09-20,Country,7,51.857142857142854,56.42857142857143,48.42857142857143,7.714285714285714
1971-09-27,Country,6,52.666666666666664,56.166666666666664,52.166666666666664,6.166666666666667
1971-10-04,Country,6,57.166666666666664,41.666666666666664,55.5,6.0
1971-10-11,Country,6,59.5,47.0,59.5,6.0
1971-10-18,Country,7,62.142857142857146,51.0,62.142857142857146,6.142857142857143
1971-10-25,Country,7,66.14285714285714,62.142857142857146,60.857142857142854,7.142857142857143
1971-11-01,Country,6,63.5,50.0,57.5,7.333333333333333
1971-11-08,Country,5,61.6,44.0,58.0,6.6
1971-11-15,Country,5,64.2,52.8,63.4,5.0
1971-11-22,Country,5,53.0,47.2,53.0,5.0
1971-11-29,Country,6,51.666666666666664,44.166666666666664,51.0,5.166666666666667
1971-12-06,Country,6,45.0,51.666666666666664,43.0,6.166666666666667
1971-12-13,Country,6,50.0,40.166666666666664,50.0,4.333333333333333
1971-12-20,Country,6,46.0,50.0,46.0,5.333333333333333
1971-12-27,Country,5,34.0,37.0,34.0,7.0
1972-01-03,Country,6,41.0,28.333333333333332,40.666666666666664,6.833333333333333
1972-01-10,Country,6,40.166666666666664,41.0,38.833333333333336,7.833333333333333
1972-01-17,Country,4,35.75,37.25,34.0,8.25
1972-01-24,Country,6,54.833333333333336,23.833333333333332,52.666666666666664,6.5
1972-01-31,Country,5,52.4,55.2,51.8,6.8
1972-02-07,Country,6,60.833333333333336,32.833333333333336,59.5,5.833333333333333
1972-02-14,Country,6,58.0,60.833333333333336,53.833333333333336,6.833333333333333
1972-02-21,Country,5,57.0,52.4,44.0,8.4
1972-02-28,Country,4,63.75,41.0,56.75,6.25
1972-03-06,Country,3,62.333333333333336,38.0,62.333333333333336,2.6666666666666665
1972-03-13,Country,4,65.5,46.75,65.5,3.0
1972-03-20,Country,5,70.4,52.4,70.4,3.4
1972-03-27,Country,9,72.66666666666667,39.111111111111114,72.66666666666667,2.888888888888889
1972-04-03,Country,9,69.55555555555556,72.66666666666667,69.55555555555556,3.888888888888889
1972-04-10,Country,9,68.0,69.55555555555556,66.0,4.888888888888889
1972-04-17,Country,8,63.0,53.875,60.875,5.75
1972-04-24,Country,6,60.0,63.5,58.5,6.166666666666667
1972-05-01,Country,4,51.75,54.25,48.75,7.0
1972-05-08,Country,5,64.4,30.4,64.4,4.6
1972-05-15,Country,5,61.6,64.4,61.6,5.6
1972-05-22,Country,5,53.4,42.0,53.4,6.2
1972-05-29,Country,5,55.4,53.4,50.8,7.2
1972-06-05,Country,4,49.0,51.5,46.75,7.0
1972-06-12,Country,4,46.0,49.0,43.0,8.0
1972-06-19,Country,4,43.75,46.0,37.75,9.0
1972-06-26,Country,4,56.25,16.75,56.25,4.75
1972-07-03,Country,4,51.0,56.25,51.0,5.75
1972-07-10,Country,5,53.8,40.8,53.8,5.6
1972-07-17,Country,8,67.75,33.625,67.75,4.5
1972-07-24,Country,8,63.125,67.75,63.125,5.5
1972-07-31,Country,9,61.666666666666664,56.111111111111114,61.666666666666664,5.888888888888889
1972-08-07,Country,8,57.75,57.5,54.875,7.25
1972-08-14,Country,8,54.0,45.875,53.625,7.375
1972-08-21,Country,10,60.9,43.2,59.6,6.9
1972-08-28,Country,9,57.666666666666664,57.888888888888886,53.111111111111114,8.0
1972-09-04,Country,6,53.0,56.833333333333336,49.166666666666664,7.166666666666667
1972-09-11,Country,6,58.666666666666664,47.333333333333336,58.666666666666664,5.5
1972-09-18,Country,6,56.0,58.666666666666664,56.0,6.5
1972-09-25,Country,7,59.142857142857146,48.0,59.142857142857146,6.571428571428571
1972-10-02,Country,7,57.57142857142857,59.142857142857146,55.857142857142854,7.571428571428571
1972-10-09,Country,5,50.8,50.6,48.2,8.8
1972-10-16,Country,3,36.333333333333336,38.0,32.333333333333336,11.0
1972-10-23,Country,3,41.333333333333336,36.333333333333336,29.666666666666668,12.0
1972-10-30,Country,1,45.0,51.0,45.0,6.0
1972-11-06,Country,1,31.0,45.0,31.0,7.0
1972-11-13,Country,1,25.0,31.0,25.0,8.0
1972-11-20,Country,3,61.666666666666664,8.333333333333334,61.666666666666664,3.6666666666666665
1972-11-27,Country,3,55.0,61.666666666666664,55.0,4.666666666666667
1972-12-04,Country,4,58.25,41.25,58.25,4.5
1972-12-11,Country,4,55.75,58.25,55.75,5.5
1972-12-18,Country,4,52.25,55.75,52.25,6.5
1972-12-25,Country,6,62.333333333333336,34.833333333333336,62.333333333333336,5.333333333333333
1973-01-01,Country,8,69.5,46.75,68.75,5.0
1973-01-08,Country,7,64.14285714285714,69.57142857142857,64.14285714285714,5.714285714285714
1973-01-15,Country,5,49.2,53.0,48.0,8.0
1973-01-22,Country,5,48.0,33.6,45.2,7.6
1973-01-29,Country,5,44.4,48.0,39.4,8.6
1973-02-05,Country,5,41.6,44.4,34.8,9.6
1973-02-12,Country,7,60.285714285714285,24.142857142857142,59.285714285714285,5.285714285714286
1973-02-19,Country,8,58.125,52.75,57.5,5.625
1973-02-26,Country,7,47.142857142857146,52.42857142857143,47.142857142857146,6.857142857142857
1973-03-05,Country,8,50.25,41.25,50.25,7.0
1973-03-12,Country,8,53.375,44.5,52.5,7.125
1973-03-19,Country,8,53.0,53.375,49.5,8.125
1973-03-26,Country,8,56.5,53.0,47.25,9.125
1973-04-02,Country,6,60.666666666666664,43.833333333333336,56.5,6.666666666666667
1973-04-09,Country,5,61.0,63.2,59.6,6.0
1973-04-16,Country,5,60.4,61.0,55.8,7.0
1973-04-23,Country,5,62.6,47.6,62.6,6.2
1973-04-30,Country,5,62.4,49.8,62.4,5.6
1973-05-07,Country,6,64.33333333333333,52.0,64.33333333333333,5.666666666666667
1973-05-14,Country,6,59.333333333333336,64.33333333333333,59.333333333333336,6.666666666666667
1973-05-21,Country,9,68.55555555555556,39.55555555555556,67.88888888888889,5.444444444444445
1973-05-28,Country,9,69.22222222222223,68.55555555555556,64.22222222222223,6.444444444444445
1973-06-04,Country,7,68.71428571428571,74.14285714285714,67.71428571428571,5.285714285714286
1973-06-11,Country,7,71.0,42.42857142857143,68.42857142857143,5.0
1973-06-18,Country,7,67.14285714285714,57.285714285714285,67.0,5.428571428571429
1973-06-25,Country,9,68.33333333333333,52.22222222222222,68.33333333333333,5.222222222222222
1973-07-02,Country,10,66.5,61.5,65.6,5.7
1973-07-09,Country,9,62.44444444444444,65.66666666666667,61.111111111111114,6.888888888888889
1973-07-16,Country,8,60.0,50.375,58.25,7.25
1973-07-23,Country,9,66.77777777777777,53.333333333333336,60.77777777777778,7.444444444444445
1973-07-30,Country,8,59.625,62.625,54.25,8.5
1973-08-06,Country,8,59.625,48.75,51.5,9.125
1973-08-13,Country,8,60.5,47.375,50.875,9.75
1973-08-20,Country,9,65.11111111111111,38.0,62.77777777777778,7.222222222222222
1973-08-27,Country,10,66.2,58.6,61.7,7.5
1973-09-03,Country,8,63.375,67.125,61.0,6.75
1973-09-10,Country,9,64.66666666666667,45.77777777777778,61.111111111111114,6.666666666666667
1973-09-17,Country,8,68.0,68.75,64.875,7.0
1973-09-24,Country,11,68.18181818181819,49.45454545454545,67.45454545454545,6.090909090909091
1973-10-01,Country,12,66.75,62.5,65.58333333333333,6.583333333333333
1973-10-08,Country,13,68.15384615384616,61.61538461538461,64.84615384615384,7.3076923076923075
1973-10-15,Country,12,66.58333333333333,65.83333333333333,59.583333333333336,8.5
1973-10-22,Country,7,49.285714285714285,50.57142857142857,44.142857142857146,10.285714285714286
1973-10-29,Country,6,44.666666666666664,45.666666666666664,37.5,12.166666666666666
1973-11-05,Country,6,50.5,35.666666666666664,45.0,11.166666666666666
1973-11-12,Country,6,55.666666666666664,41.333333333333336,54.833333333333336,9.833333333333334
1973-11-19,Country,7,59.0,47.714285714285715,57.42857142857143,9.428571428571429
1973-11-26,Country,7,58.714285714285715,59.0,54.0,10.428571428571429
1973-12-03,Country,7,57.57142857142857,58.714285714285715,48.142857142857146,11.428571428571429
1973-12-10,Country,6,54.166666666666664,41.5,50.5,10.833333333333334
1973-12-17,Country,6,52.0,54.166666666666664,46.0,11.833333333333334
1973-12-24,Country,5,44.8,52.0,44.6,7.6
1973-12-31,Country,5,42.4,44.8,40.2,8.6
1974-01-07,Country,5,46.6,42.4,37.0,9.6
1974-01-14,Country,4,38.75,34.25,24.0,11.75
1974-01-21,Country,5,50.8,12.4,44.4,8.4
1974-01-28,Country,5,48.2,50.8,38.2,9.4
1974-02-04,Country,6,58.0,30.5,54.0,7.0
1974-02-11,Country,8,64.375,43.5,60.875,6.25
1974-02-18,Country,9,61.111111111111114,57.22222222222222,56.22222222222222,6.555555555555555
1974-02-25,Country,8,59.875,51.875,59.875,5.25
1974-03-04,Country,9,61.55555555555556,53.22222222222222,61.111111111111114,5.666666666666667
1974-03-11,Country,9,60.44444444444444,61.55555555555556,57.666666666666664,6.666666666666667
1974-03-18,Country,7,55.0,43.714285714285715,52.42857142857143,6.857142857142857
1974-03-25,Country,8,57.75,48.125,54.375,7.0
1974-04-01,Country,7,50.142857142857146,51.714285714285715,44.857142857142854,8.285714285714286
1974-04-08,Country,8,56.625,43.875,47.625,8.25
1974-04-15,Country,9,64.55555555555556,44.22222222222222,58.111111111111114,5.777777777777778
1974-04-22,Country,7,55.714285714285715,59.57142857142857,48.42857142857143,6.285714285714286
1974-04-29,Country,9,59.111111111111114,43.333333333333336,51.44444444444444,5.888888888888889
1974-05-06,Country,8,52.75,58.125,49.0,5.75
1974-05-13,Country,9,55.111111111111114,46.888888888888886,50.22222222222222,6.111111111111111
1974-05-20,Country,9,54.22222222222222,46.333333333333336,48.22222222222222,6.555555555555555
1974-05-27,Country,9,54.0,37.666666666666664,53.55555555555556,5.555555555555555
1974-06-03,Country,10,53.8,48.6,53.2,6.0
1974-06-10,Country,10,51.9,48.9,50.2,6.4
1974-06-17,Country,9,46.888888888888886,52.77777777777778,45.77777777777778,6.444444444444445
1974-06-24,Country,12,54.833333333333336,35.166666666666664,52.75,5.833333333333333
1974-07-01,Country,12,53.083333333333336,48.5,50.333333333333336,6.333333333333333
1974-07-08,Country,10,46.3,52.0,41.1,7.6
1974-07-15,Country,10,43.9,46.3,35.9,8.6
1974-07-22,Country,12,50.5,36.583333333333336,41.75,8.166666666666666
1974-07-29,Country,13,56.0,40.76923076923077,49.92307692307692,7.384615384615385
1974-08-05,Country,13,56.0,56.0,44.23076923076923,8.384615384615385
1974-08-12,Country,12,54.166666666666664,52.5,40.083333333333336,9.5
1974-08-19,Country,12,58.166666666666664,41.25,46.083333333333336,8.416666666666666
1974-08-26,Country,9,44.888888888888886,46.77777777777778,38.888888888888886,9.0
1974-09-02,Country,10,48.9,40.4,39.3,9.1
1974-09-09,Country,11,53.81818181818182,35.72727272727273,44.18181818181818,8.636363636363637
1974-09-16,Country,11,56.54545454545455,53.81818181818182,41.81818181818182,9.636363636363637
1974-09-23,Country,10,56.0,42.7,37.0,10.1
1974-09-30,Country,9,66.66666666666667,51.888888888888886,38.888888888888886,10.222222222222221
1974-10-07,Country,6,61.5,40.333333333333336,52.0,6.166666666666667
1974-10-14,Country,6,56.666666666666664,61.5,47.166666666666664,7.166666666666667
1974-10-21,Country,5,58.8,48.2,35.4,8.2
1974-10-28,Country,3,34.333333333333336,38.666666666666664,34.333333333333336,7.0
1974-11-04,Country,4,53.75,25.75,46.5,6.25
1974-11-11,Country,6,61.333333333333336,35.833333333333336,53.333333333333336,5.166666666666667
1974-11-18,Country,7,67.57142857142857,52.57142857142857,55.142857142857146,5.428571428571429
1974-11-25,Country,6,67.16666666666667,62.833333333333336,60.833333333333336,5.0
1974-12-02,Country,5,62.6,42.2,56.8,4.6
1974-12-09,Country,4,45.25,53.75,41.5,5.75
1974-12-16,Country,5,53.0,22.2,51.4,4.6
1974-12-23,Country,6,53.0,44.166666666666664,49.666666666666664,4.833333333333333
1974-12-30,Country,7,54.42857142857143,45.42857142857143,50.142857142857146,5.142857142857143
1975-01-06,Country,7,49.857142857142854,54.42857142857143,43.142857142857146,6.142857142857143
1975-01-13,Country,7,50.285714285714285,49.857142857142854,39.857142857142854,7.142857142857143
1975-01-20,Country,5,44.2,42.6,27.6,8.6
1975-01-27,Country,8,58.875,17.125,58.875,4.125
1975-02-03,Country,8,57.75,50.75,56.875,4.25
1975-02-10,Country,8,54.75,57.75,49.375,5.25
1975-02-17,Country,8,57.875,49.0,51.75,4.875
1975-02-24,Country,9,60.22222222222222,43.333333333333336,58.44444444444444,4.222222222222222
1975-03-03,Country,9,55.0,60.22222222222222,51.55555555555556,5.222222222222222
1975-03-10,Country,9,58.22222222222222,44.666666666666664,58.22222222222222,4.333333333333333
1975-03-17,Country,10,56.1,52.4,56.1,4.9
1975-03-24,Country,11,55.27272727272727,51.0,55.18181818181818,5.454545454545454
1975-03-31,Country,11,52.90909090909091,46.36363636363637,50.45454545454545,6.2727272727272725
1975-04-07,Country,10,56.1,52.9,46.6,7.5
1975-04-14,Country,6,43.666666666666664,44.333333333333336,37.333333333333336,7.5
1975-04-21,Country,5,28.2,33.8,28.2,8.8
1975-04-28,Country,5,37.2,17.4,34.2,9.0
1975-05-05,Country,6,45.5,31.0,39.833333333333336,8.5
1975-05-12,Country,7,49.714285714285715,39.0,43.42857142857143,8.285714285714286
1975-05-19,Country,8,57.125,43.5,45.375,8.25
1975-05-26,Country,10,64.2,33.1,64.2,4.6
1975-06-02,Country,10,59.0,64.2,58.4,5.6
1975-06-09,Country,10,55.1,59.0,53.3,6.6
1975-06-16,Country,10,54.3,47.3,48.5,7.1
1975-06-23,Country,10,54.0,49.9,52.7,6.0
1975-06-30,Country,6,40.333333333333336,45.0,40.166666666666664,7.0
1975-07-07,Country,6,33.5,40.333333333333336,33.333333333333336,8.0
1975-07-14,Country,6,41.0,33.5,31.166666666666668,9.0
1975-07-21,Country,4,22.0,25.0,17.5,10.5
1975-07-28,Country,4,28.5,22.0,16.0,11.5
1975-08-04,Country,3,26.0,20.333333333333332,16.666666666666668,10.0
1975-08-11,Country,5,46.6,15.6,37.8,7.0
1975-08-18,Country,4,34.0,42.5,34.0,6.75
1975-08-25,Country,6,44.333333333333336,22.666666666666668,44.333333333333336,5.5
1975-09-01,Country,7,46.0,38.0,46.0,5.714285714285714
1975-09-08,Country,7,38.857142857142854,46.0,38.857142857142854,6.714285714285714
1975-09-15,Country,8,39.75,34.0,39.625,6.875
1975-09-22,Country,8,37.375,39.75,37.125,7.875
1975-09-29,Country,8,36.375,37.375,35.625,8.875
1975-10-06,Country,6,28.0,26.833333333333332,23.5,11.0
1975-10-13,Country,7,39.142857142857146,24.0,31.142857142857142,10.428571428571429
1975-10-20,Country,7,38.714285714285715,39.142857142857146,25.714285714285715,11.428571428571429
1975-10-27,Country,8,56.5,27.5,44.875,8.625
1975-11-03,Country,8,59.5,48.125,53.875,6.75
1975-11-10,Country,8,59.625,51.75,58.25,6.125
1975-11-17,Country,7,56.714285714285715,59.57142857142857,52.285714285714285,6.714285714285714
1975-11-24,Country,6,51.333333333333336,50.666666666666664,42.333333333333336,8.166666666666666
1975-12-01,Country,7,52.142857142857146,31.0,41.285714285714285,7.285714285714286
1975-12-08,Country,7,47.857142857142854,44.0,36.0,7.142857142857143
1975-12-15,Country,7,52.857142857142854,39.857142857142854,44.857142857142854,5.571428571428571
1975-12-22,Country,6,45.5,50.166666666666664,37.0,6.5
1975-12-29,Country,5,35.6,40.2,35.6,5.2
1976-01-05,Country,6,39.5,29.666666666666668,39.5,5.333333333333333
1976-01-12,Country,6,38.666666666666664,39.5,38.333333333333336,6.333333333333333
1976-01-19,Country,8,51.5,29.0,50.75,5.75
1976-01-26,Country,9,56.44444444444444,45.77777777777778,53.333333333333336,6.111111111111111
1976-02-02,Country,8,62.0,36.625,52.375,5.75
1976-02-09,Country,8,64.75,55.0,57.75,5.0
1976-02-16,Country,8,63.0,64.75,53.75,6.0
1976-02-23,Country,7,62.57142857142857,63.57142857142857,54.857142857142854,6.142857142857143
1976-03-01,Country,5,50.6,41.8,38.4,6.0
1976-03-08,Country,6,53.166666666666664,42.166666666666664,41.333333333333336,6.0
1976-03-15,Country,6,50.0,53.166666666666664,34.666666666666664,7.0
1976-03-22,Country,7,50.57142857142857,29.571428571428573,50.57142857142857,4.714285714285714
1976-03-29,Country,7,43.142857142857146,50.57142857142857,43.142857142857146,5.714285714285714
1976-04-05,Country,8,49.0,37.75,46.125,6.0
1976-04-12,Country,8,52.875,40.875,44.375,6.375
1976-04-19,Country,6,50.333333333333336,48.166666666666664,37.833333333333336,7.166666666666667
1976-04-26,Country,4,38.75,43.25,38.75,6.75
1976-05-03,Country,4,38.5,38.75,36.5,7.75
1976-05-10,Country,4,41.25,19.5,37.25,7.5
1976-05-17,Country,5,44.0,33.0,35.6,7.0
1976-05-24,Country,5,46.6,44.0,33.2,8.0
1976-05-31,Country,5,65.0,37.2,43.0,7.0
1976-06-07,Country,4,78.5,51.25,61.5,4.0
1976-06-14,Country,3,79.0,84.0,55.333333333333336,5.0
1976-06-21,Country,2,62.0,68.5,62.0,3.5
1976-06-28,Country,2,59.0,62.0,59.0,4.5
1976-07-05,Country,3,65.66666666666667,39.333333333333336,65.66666666666667,4.0
1976-07-12,Country,5,79.2,39.4,56.0,6.2
1976-07-19,Country,6,78.66666666666667,49.333333333333336,57.5,5.166666666666667
1976-07-26,Country,4,69.0,77.25,52.5,6.0
1976-08-02,Country,3,61.0,66.0,42.333333333333336,8.333333333333334
1976-08-09,Country,3,62.666666666666664,34.666666666666664,40.333333333333336,8.666666666666666
1976-08-16,Country,3,62.333333333333336,62.666666666666664,40.0,9.666666666666666
1976-08-23,Country,2,62.0,64.5,59.0,5.5
1976-08-30,Country,2,68.0,62.0,59.0,6.5
1976-09-06,Country,4,75.5,34.0,67.5,4.25
1976-09-13,Country,4,70.25,75.5,61.75,5.25
1976-09-20,Country,2,59.5,65.5,59.5,3.0
1976-09-27,Country,2,65.5,23.0,65.5,2.5
1976-10-04,Country,3,73.33333333333333,43.666666666666664,73.33333333333333,2.6666666666666665
1976-10-11,Country,2,64.0,61.5,59.0,4.5
1976-10-18,Country,2,77.0,64.0,59.0,5.5
1976-10-25,Country,2,92.5,45.5,84.0,3.0
1976-11-01,Country,1,75.0,86.0,75.0,2.0
1976-11-08,Country,1,72.0,75.0,72.0,3.0
1976-11-15,Country,2,96.0,36.0,82.5,2.5
1976-11-22,Country,1,87.0,93.0,87.0,2.0
1976-11-29,Country,1,85.0,87.0,85.0,3.0
1976-12-06,Country,1,75.0,85.0,75.0,4.0
1976-12-13,Country,1,64.0,75.0,64.0,5.0
1976-12-20,Country,2,71.5,32.0,71.5,3.5
1976-12-27,Country,2,71.5,71.5,71.5,4.5
1977-01-03,Country,3,74.33333333333333,47.666666666666664,74.33333333333333,4.0
1977-01-10,Country,3,69.33333333333333,74.33333333333333,69.33333333333333,5.0
1977-01-17,Country,3,69.33333333333333,69.33333333333333,64.66666666666667,6.0
1977-01-24,Country,2,63.5,71.0,63.5,5.0
1977-01-31,Country,2,57.5,63.5,57.5,6.0
1977-02-07,Country,2,68.0,24.0,68.0,3.5
1977-02-14,Country,2,61.0,68.0,61.0,4.5
1977-02-21,Country,2,46.5,61.0,46.5,5.5
1977-02-28,Country,2,31.5,46.5,31.5,6.5
1977-03-07,Country,3,41.333333333333336,21.0,41.333333333333336,5.333333333333333
1977-03-14,Country,3,34.333333333333336,41.333333333333336,34.333333333333336,6.333333333333333
1977-03-21,Country,4,43.75,25.75,43.75,5.75
1977-03-28,Country,5,45.8,35.0,45.8,5.6
1977-04-04,Country,5,38.6,45.8,38.4,6.6
1977-04-11,Country,5,36.8,38.6,33.4,7.6
1977-04-18,Country,5,43.6,36.8,27.8,8.6
1977-04-25,Country,4,25.5,31.0,25.5,7.75
1977-05-02,Country,5,35.6,20.4,35.2,7.2
1977-05-09,Country,5,31.2,35.6,30.6,8.2
1977-05-16,Country,5,33.4,31.2,26.8,9.2
1977-05-23,Country,4,23.25,27.5,20.5,9.75
1977-05-30,Country,4,22.0,23.25,17.75,10.75
1977-06-06,Country,4,23.75,22.0,16.0,11.75
1977-06-13,Country,5,40.2,19.0,29.8,10.4
1977-06-20,Country,6,53.833333333333336,33.5,38.0,9.666666666666666
1977-06-27,Country,6,52.666666666666664,53.833333333333336,34.833333333333336,10.666666666666666
1977-07-04,Country,7,55.42857142857143,31.428571428571427,52.57142857142857,7.142857142857143
1977-07-11,Country,7,52.285714285714285,55.42857142857143,48.0,8.142857142857142
1977-07-18,Country,7,51.0,52.285714285714285,43.714285714285715,9.142857142857142
1977-07-25,Country,7,51.42857142857143,51.0,39.57142857142857,10.142857142857142
1977-08-01,Country,7,53.285714285714285,41.57142857142857,47.714285714285715,8.428571428571429
1977-08-08,Country,9,61.55555555555556,41.44444444444444,52.666666666666664,7.555555555555555
1977-08-15,Country,9,62.0,61.55555555555556,48.666666666666664,8.555555555555555
1977-08-22,Country,7,54.142857142857146,54.42857142857143,42.57142857142857,8.428571428571429
1977-08-29,Country,6,57.666666666666664,53.333333333333336,43.333333333333336,7.166666666666667
1977-09-05,Country,6,56.666666666666664,41.166666666666664,46.833333333333336,6.666666666666667
1977-09-12,Country,7,50.714285714285715,48.57142857142857,42.285714285714285,6.714285714285714
1977-09-19,Country,6,36.666666666666664,42.833333333333336,36.666666666666664,7.0
1977-09-26,Country,6,32.166666666666664,36.666666666666664,32.166666666666664,8.0
1977-10-03,Country,6,29.833333333333332,32.166666666666664,26.166666666666668,9.0
1977-10-10,Country,7,35.714285714285715,25.571428571428573,31.142857142857142,8.714285714285714
1977-10-17,Country,8,44.75,31.25,35.75,8.625
1977-10-24,Country,7,34.714285714285715,36.857142857142854,32.857142857142854,9.142857142857142
1977-10-31,Country,8,41.625,30.375,36.375,9.0
1977-11-07,Country,8,47.625,41.625,33.25,10.0
1977-11-14,Country,7,46.57142857142857,41.142857142857146,33.714285714285715,9.285714285714286
1977-11-21,Country,7,50.42857142857143,33.57142857142857,39.714285714285715,8.857142857142858
1977-11-28,Country,6,45.0,47.166666666666664,40.666666666666664,9.333333333333334
1977-12-05,Country,6,45.166666666666664,45.0,37.833333333333336,10.333333333333334
1977-12-12,Country,7,56.0,38.714285714285715,42.57142857142857,9.857142857142858
1977-12-19,Country,6,54.166666666666664,37.5,39.0,9.833333333333334
1977-12-26,Country,6,54.166666666666664,54.166666666666664,39.0,10.833333333333334
1978-01-02,Country,5,42.8,45.6,40.0,9.8
1978-01-09,Country,5,40.6,42.8,36.0,10.8
1978-01-16,Country,5,48.2,40.6,35.0,11.8
1978-01-23,Country,4,48.75,36.75,23.25,14.5
1978-01-30,Country,3,59.333333333333336,36.0,16.333333333333332,17.0
1978-02-06,Country,2,68.0,12.5,42.0,9.5
1978-02-13,Country,2,83.0,68.0,37.0,10.5
1978-02-20,Country,2,76.0,35.5,76.0,2.0
1978-02-27,Country,3,78.33333333333333,50.666666666666664,78.33333333333333,2.3333333333333335
1978-03-06,Country,3,75.0,78.33333333333333,75.0,3.3333333333333335
1978-03-13,Country,5,77.6,45.0,77.6,3.0
1978-03-20,Country,5,71.2,77.6,71.2,4.0
1978-03-27,Country,5,77.8,71.2,65.8,5.0
1978-04-03,Country,5,72.6,57.8,62.2,5.0
1978-04-10,Country,4,67.0,70.5,54.0,6.25
1978-04-17,Country,4,62.25,43.5,62.25,4.75
1978-04-24,Country,4,68.25,40.75,58.0,5.0
1978-05-01,Country,3,49.333333333333336,60.0,49.333333333333336,4.333333333333333
1978-05-08,Country,3,41.666666666666664,49.333333333333336,41.666666666666664,5.333333333333333
1978-05-15,Country,3,39.333333333333336,41.666666666666664,39.333333333333336,6.333333333333333
1978-05-22,Country,5,66.8,23.6,58.4,4.8
1978-05-29,Country,6,80.66666666666667,42.333333333333336,68.33333333333333,4.166666666666667
1978-06-05,Country,5,75.0,78.2,75.0,3.6
1978-06-12,Country,5,70.4,75.0,70.4,4.6
1978-06-19,Country,6,77.16666666666667,58.666666666666664,70.16666666666667,4.833333333333333
1978-06-26,Country,6,80.0,61.0,67.5,5.166666666666667
1978-07-03,Country,5,68.4,57.8,68.4,3.8
1978-07-10,Country,6,64.83333333333333,57.0,64.83333333333333,4.166666666666667
1978-07-17,Country,6,62.666666666666664,64.83333333333333,59.333333333333336,5.166666666666667
1978-07-24,Country,6,59.0,48.5,59.0,4.666666666666667
1978-07-31,Country,6,66.0,59.0,54.166666666666664,5.666666666666667
1978-08-07,Country,3,46.333333333333336,49.333333333333336,36.0,6.666666666666667
1978-08-14,Country,3,53.666666666666664,46.333333333333336,32.0,7.666666666666667
1978-08-21,Country,2,27.0,32.0,27.0,6.5
1978-08-28,Country,2,23.5,27.0,23.5,7.5
1978-09-04,Country,2,21.5,23.5,21.5,8.5
1978-09-11,Country,2,19.5,21.5,19.5,9.5
1978-09-18,Country,2,16.5,19.5,16.5,10.5
1978-09-25,Country,2,14.5,16.5,14.5,11.5
1978-10-02,Country,2,13.0,14.5,13.0,12.5
1978-10-09,Country,2,12.0,13.0,12.0,13.5
1978-10-16,Country,3,35.333333333333336,8.0,35.333333333333336,10.0
1978-10-23,Country,3,33.0,35.333333333333336,31.333333333333332,11.0
1978-10-30,Country,4,43.75,24.75,42.25,9.25
1978-11-06,Country,4,42.75,43.75,37.0,10.25
1978-11-13,Country,4,46.5,42.75,33.75,11.25
1978-11-20,Country,6,67.16666666666667,31.0,48.5,8.5
1978-11-27,Country,5,57.2,61.0,48.4,7.6
1978-12-04,Country,6,59.166666666666664,47.666666666666664,47.333333333333336,7.333333333333333
1978-12-11,Country,5,49.8,56.6,49.8,5.2
1978-12-18,Country,5,52.4,49.8,41.2,6.2
1978-12-25,Country,5,52.4,52.4,41.2,7.2
1979-01-01,Country,4,36.0,42.0,36.0,7.25
1979-01-08,Country,4,33.25,36.0,33.25,8.25
1979-01-15,Country,6,48.833333333333336,22.166666666666668,48.833333333333336,6.5
1979-01-22,Country,6,42.333333333333336,48.833333333333336,42.333333333333336,7.5
1979-01-29,Country,6,39.5,42.333333333333336,39.5,8.5
1979-02-05,Country,5,41.8,39.4,35.8,9.0
1979-02-12,Country,4,24.5,27.25,24.5,11.25
1979-02-19,Country,4,23.25,24.5,23.25,12.25
1979-02-26,Country,4,29.0,23.25,22.0,13.25
1979-03-05,Country,4,35.25,29.0,21.0,14.25
1979-03-12,Country,5,52.6,12.8,47.2,9.6
1979-03-19,Country,5,57.6,52.6,46.6,10.6
1979-03-26,Country,5,86.6,39.2,42.6,11.2
1979-04-02,Country,2,68.0,79.5,68.0,3.0
1979-04-09,Country,2,60.0,68.0,60.0,4.0
1979-04-16,Country,2,52.5,60.0,52.5,5.0
1979-04-23,Country,3,52.666666666666664,35.0,52.666666666666664,4.333333333333333
1979-04-30,Country,3,48.666666666666664,52.666666666666664,48.666666666666664,5.333333333333333
1979-05-07,Country,3,40.666666666666664,48.666666666666664,40.666666666666664,6.333333333333333
1979-05-14,Country,3,35.0,40.666666666666664,35.0,7.333333333333333
1979-05-21,Country,4,59.5,26.25,47.75,6.5
1979-05-28,Country,3,41.666666666666664,48.0,41.666666666666664,6.666666666666667
1979-06-04,Country,5,57.2,25.0,57.2,5.0
1979-06-11,Country,5,53.0,57.2,50.2,6.0
1979-06-18,Country,6,58.0,44.166666666666664,51.0,6.0
1979-06-25,Country,6,56.5,58.0,45.5,7.0
1979-07-02,Country,6,48.5,40.333333333333336,48.5,5.333333333333333
1979-07-09,Country,6,44.333333333333336,48.5,44.333333333333336,6.333333333333333
1979-07-16,Country,6,51.333333333333336,44.333333333333336,42.0,7.333333333333333
1979-07-23,Country,4,37.25,29.75,26.75,9.5
1979-07-30,Country,4,45.0,37.25,24.25,10.5
1979-08-06,Country,3,37.666666666666664,27.0,16.0,11.333333333333334
1979-08-13,Country,2,12.5,21.5,12.5,10.0
1979-08-20,Country,2,11.0,12.5,11.0,11.0
1979-08-27,Country,2,9.5,11.0,9.5,12.0
1979-09-03,Country,4,42.5,4.75,42.5,7.0
1979-09-10,Country,4,40.5,42.5,36.5,8.0
1979-09-17,Country,4,39.25,40.5,29.25,9.0
1979-09-24,Country,6,60.666666666666664,26.166666666666668,45.833333333333336,7.0
1979-10-01,Country,6,55.666666666666664,44.666666666666664,53.333333333333336,5.166666666666667
1979-10-08,Country,6,58.166666666666664,55.666666666666664,48.333333333333336,6.166666666666667
1979-10-15,Country,5,57.4,54.4,38.2,7.8
1979-10-22,Country,4,45.0,47.5,45.0,6.25
1979-10-29,Country,4,45.75,45.0,43.0,7.25
1979-11-05,Country,3,37.666666666666664,27.666666666666668,25.0,9.0
1979-11-12,Country,4,49.25,28.25,33.25,7.75
1979-11-19,Country,3,25.333333333333332,32.666666666666664,25.333333333333332,7.666666666666667
1979-11-26,Country,3,25.333333333333332,25.333333333333332,21.333333333333332,8.666666666666666
1979-12-03,Country,3,23.666666666666668,25.333333333333332,17.666666666666668,9.666666666666666
1979-12-10,Country,3,30.333333333333332,23.666666666666668,16.0,10.666666666666666
1979-12-17,Country,4,57.25,22.75,33.25,9.0
1979-12-24,Country,4,57.25,57.25,33.25,10.0
1979-12-31,Country,4,54.5,57.25,27.5,11.0
1980-01-07,Country,4,62.0,30.25,44.5,7.5
1980-01-14,Country,3,46.333333333333336,54.333333333333336,46.333333333333336,5.666666666666667
1980-01-21,Country,3,42.666666666666664,46.333333333333336,42.666666666666664,6.666666666666667
1980-01-28,Country,3,50.0,42.666666666666664,40.666666666666664,7.666666666666667
1980-02-04,Country,3,44.333333333333336,18.666666666666668,44.333333333333336,6.333333333333333
1980-02-11,Country,3,39.333333333333336,44.333333333333336,39.333333333333336,7.333333333333333
1980-02-18,Country,5,57.2,23.6,56.0,5.4
1980-02-25,Country,5,54.0,57.2,50.4,6.4
1980-03-03,Country,6,61.166666666666664,45.0,53.166666666666664,6.333333333333333
1980-03-10,Country,6,67.33333333333333,61.166666666666664,48.833333333333336,7.333333333333333
1980-03-17,Country,7,74.42857142857143,57.714285714285715,52.285714285714285,7.285714285714286
1980-03-24,Country,7,69.57142857142857,46.857142857142854,64.42857142857143,4.0
1980-03-31,Country,6,64.33333333333333,64.66666666666667,59.166666666666664,4.666666666666667
1980-04-07,Country,5,59.6,58.2,49.4,5.6
1980-04-14,Country,4,45.5,50.75,43.5,5.5
1980-04-21,Country,4,46.75,45.5,39.5,6.5
1980-04-28,Country,4,45.5,26.5,45.5,5.0
1980-05-05,Country,5,58.2,36.4,53.0,5.0
1980-05-12,Country,6,60.833333333333336,48.5,56.5,5.166666666666667
1980-05-19,Country,6,65.16666666666667,60.833333333333336,51.666666666666664,6.166666666666667
1980-05-26,Country,7,70.0,44.142857142857146,54.285714285714285,5.714285714285714
1980-06-02,Country,7,63.0,56.714285714285715,55.714285714285715,5.285714285714286
1980-06-09,Country,6,53.0,57.833333333333336,51.666666666666664,5.166666666666667
1980-06-16,Country,10,60.6,31.8,59.2,4.1
1980-06-23,Country,13,61.23076923076923,46.61538461538461,60.0,4.153846153846154
1980-06-30,Country,13,59.61538461538461,61.23076923076923,55.23076923076923,5.153846153846154
1980-07-07,Country,12,51.0,48.25,47.416666666666664,5.833333333333333
1980-07-14,Country,12,52.416666666666664,51.0,43.25,6.833333333333333
1980-07-21,Country,11,50.18181818181818,48.81818181818182,40.81818181818182,7.454545454545454
1980-07-28,Country,9,38.77777777777778,39.22222222222222,28.77777777777778,8.666666666666666
1980-08-04,Country,8,32.75,31.875,30.25,8.375
1980-08-11,Country,10,51.5,26.2,40.2,7.7
1980-08-18,Country,9,48.0,46.77777777777778,34.888888888888886,8.666666666666666
1980-08-25,Country,8,42.5,42.25,28.75,9.625
1980-09-01,Country,9,58.0,37.77777777777778,33.0,9.555555555555555
1980-09-08,Country,8,57.0,42.25,43.5,8.375
1980-09-15,Country,7,52.0,52.142857142857146,40.714285714285715,8.0
1980-09-22,Country,7,51.57142857142857,52.0,36.142857142857146,9.0
1980-09-29,Country,7,40.714285714285715,37.285714285714285,29.428571428571427,9.0
1980-10-06,Country,6,26.0,30.833333333333332,25.0,8.833333333333334
1980-10-13,Country,7,34.142857142857146,22.285714285714285,31.285714285714285,8.571428571428571
1980-10-20,Country,7,35.142857142857146,34.142857142857146,27.285714285714285,9.571428571428571
1980-10-27,Country,7,36.714285714285715,35.142857142857146,24.714285714285715,10.571428571428571
1980-11-03,Country,8,48.75,32.125,30.375,10.25
1980-11-10,Country,8,48.875,48.75,28.0,11.25
1980-11-17,Country,7,44.57142857142857,42.857142857142854,24.714285714285715,11.857142857142858
1980-11-24,Country,9,56.0,34.666666666666664,35.22222222222222,10.222222222222221
1980-12-01,Country,8,50.875,50.875,34.5,9.875
1980-12-08,Country,7,47.42857142857143,44.57142857142857,33.57142857142857,8.714285714285714
1980-12-15,Country,6,38.166666666666664,38.666666666666664,27.333333333333332,9.666666666666666
1980-12-22,Country,6,37.5,38.166666666666664,24.0,10.666666666666666
1980-12-29,Country,6,37.5,37.5,24.0,11.666666666666666
1981-01-05,Country,6,39.0,37.5,21.5,12.666666666666666
1981-01-12,Country,7,47.285714285714285,33.42857142857143,30.714285714285715,11.857142857142858
1981-01-19,Country,7,46.142857142857146,33.57142857142857,37.714285714285715,10.0
1981-01-26,Country,7,45.142857142857146,46.142857142857146,33.142857142857146,11.0
1981-02-02,Country,7,45.285714285714285,45.142857142857146,30.0,12.0
1981-02-09,Country,7,47.142857142857146,45.285714285714285,29.285714285714285,13.0
1981-02-16,Country,7,48.0,32.857142857142854,35.57142857142857,10.714285714285714
1981-02-23,Country,6,40.5,40.333333333333336,27.666666666666668,12.666666666666666
1981-03-02,Country,5,28.6,28.6,12.6,14.8
1981-03-09,Country,6,41.0,23.833333333333332,24.166666666666668,13.333333333333334
1981-03-16,Country,6,41.166666666666664,41.0,21.833333333333332,14.333333333333334
1981-03-23,Country,7,49.0,21.428571428571427,39.714285714285715,9.714285714285714
1981-03-30,Country,8,52.5,42.875,41.125,9.5
1981-04-06,Country,8,52.25,52.5,36.375,10.5
1981-04-13,Country,9,53.666666666666664,46.44444444444444,38.55555555555556,10.333333333333334
1981-04-20,Country,9,55.22222222222222,42.77777777777778,42.55555555555556,9.0
1981-04-27,Country,9,53.333333333333336,55.22222222222222,37.888888888888886,10.0
1981-05-04,Country,8,46.5,47.5,29.75,11.5
1981-05-11,Country,9,52.111111111111114,41.333333333333336,31.666666666666668,11.222222222222221
1981-05-18,Country,8,47.125,46.75,32.5,10.125
1981-05-25,Country,9,52.0,30.77777777777778,43.22222222222222,7.111111111111111
1981-06-01,Country,10,56.2,46.8,43.8,7.4
1981-06-08,Country,11,48.09090909090909,42.0,41.36363636363637,6.818181818181818
1981-06-15,Country,11,44.0,39.63636363636363,40.90909090909091,6.545454545454546
1981-06-22,Country,12,41.5,40.333333333333336,37.916666666666664,7.0
1981-06-29,Country,12,38.5,41.5,33.166666666666664,8.0
1981-07-06,Country,14,47.142857142857146,33.0,38.785714285714285,7.857142857142857
1981-07-13,Country,14,50.57142857142857,47.142857142857146,36.785714285714285,8.857142857142858
1981-07-20,Country,13,44.23076923076923,35.23076923076923,39.23076923076923,7.384615384615385
1981-07-27,Country,13,41.61538461538461,44.23076923076923,35.30769230769231,8.384615384615385
1981-08-03,Country,13,41.30769230769231,41.61538461538461,32.38461538461539,9.384615384615385
1981-08-10,Country,12,37.0,36.5,30.916666666666668,9.5
1981-08-17,Country,12,39.75,28.75,31.083333333333332,10.0
1981-08-24,Country,11,36.90909090909091,34.36363636363637,25.90909090909091,11.454545454545455
1981-08-31,Country,12,39.833333333333336,33.833333333333336,26.75,11.5
1981-09-07,Country,10,32.8,28.1,18.7,12.5
1981-09-14,Country,11,41.72727272727273,29.818181818181817,23.727272727272727,12.363636363636363
1981-09-21,Country,12,49.5,38.25,27.833333333333332,12.333333333333334
1981-09-28,Country,11,51.27272727272727,45.0,24.181818181818183,13.363636363636363
1981-10-05,Country,11,56.36363636363637,42.54545454545455,29.454545454545453,12.636363636363637
1981-10-12,Country,9,50.22222222222222,36.55555555555556,33.888888888888886,11.555555555555555
1981-10-19,Country,10,56.7,45.2,36.7,11.4
1981-10-26,Country,9,56.0,45.22222222222222,35.111111111111114,10.88888888888889
1981-11-02,Country,8,54.0,50.5,32.5,10.5
1981-11-09,Country,9,59.0,37.44444444444444,44.333333333333336,8.11111111111111
1981-11-16,Country,10,62.3,53.1,44.0,8.3
1981-11-23,Country,10,60.7,62.3,39.7,9.3
1981-11-30,Country,10,61.2,50.8,44.5,7.6
1981-12-07,Country,9,59.22222222222222,57.55555555555556,39.77777777777778,8.444444444444445
1981-12-14,Country,7,50.42857142857143,49.42857142857143,37.714285714285715,8.714285714285714
1981-12-21,Country,7,50.0,37.0,46.714285714285715,6.571428571428571
1981-12-28,Country,7,50.0,50.0,46.714285714285715,7.571428571428571
1982-01-04,Country,7,50.142857142857146,50.0,43.57142857142857,8.571428571428571
1982-01-11,Country,7,43.142857142857146,37.142857142857146,38.42857142857143,8.714285714285714
1982-01-18,Country,6,30.0,33.833333333333336,30.0,9.666666666666666
1982-01-25,Country,7,37.42857142857143,25.714285714285715,36.42857142857143,9.285714285714286
1982-02-01,Country,7,37.142857142857146,37.42857142857143,31.571428571428573,10.285714285714286
1982-02-08,Country,7,47.42857142857143,37.142857142857146,27.571428571428573,11.285714285714286
1982-02-15,Country,6,38.833333333333336,40.0,25.0,11.333333333333334
1982-02-22,Country,5,26.0,27.0,25.8,11.6
1982-03-01,Country,7,44.285714285714285,18.571428571428573,42.0,9.285714285714286
1982-03-08,Country,7,46.285714285714285,44.285714285714285,39.142857142857146,10.285714285714286
1982-03-15,Country,7,52.57142857142857,46.285714285714285,36.0,11.285714285714286
1982-03-22,Country,7,54.714285714285715,40.0,34.285714285714285,11.142857142857142
1982-03-29,Country,8,67.875,35.75,46.5,7.75
1982-04-05,Country,7,57.285714285714285,50.57142857142857,54.42857142857143,4.714285714285714
1982-04-12,Country,7,60.57142857142857,57.285714285714285,49.0,5.714285714285714
1982-04-19,Country,6,48.166666666666664,55.166666666666664,48.166666666666664,5.333333333333333
1982-04-26,Country,7,48.142857142857146,41.285714285714285,48.142857142857146,5.571428571428571
1982-05-03,Country,8,46.5,42.125,46.5,5.875
1982-05-10,Country,9,46.55555555555556,41.333333333333336,46.55555555555556,6.222222222222222
1982-05-17,Country,10,51.2,41.9,43.3,6.6
1982-05-24,Country,9,44.22222222222222,46.333333333333336,36.666666666666664,7.444444444444445
1982-05-31,Country,8,37.375,38.0,29.125,8.25
1982-06-07,Country,8,41.25,25.25,32.75,7.5
1982-06-14,Country,7,37.42857142857143,34.285714285714285,31.142857142857142,7.857142857142857
1982-06-21,Country,7,41.142857142857146,37.42857142857143,29.714285714285715,8.857142857142858
1982-06-28,Country,8,49.0,36.0,32.125,8.75
1982-07-05,Country,5,21.2,20.4,18.4,10.0
1982-07-12,Country,5,22.2,21.2,17.6,11.0
1982-07-19,Country,7,42.714285714285715,15.857142857142858,35.285714285714285,8.857142857142858
1982-07-26,Country,9,57.55555555555556,33.22222222222222,44.0,7.888888888888889
1982-08-02,Country,11,64.45454545454545,47.09090909090909,47.72727272727273,7.454545454545454
1982-08-09,Country,10,66.1,61.5,48.6,6.9
1982-08-16,Country,10,62.3,47.6,55.7,5.0
1982-08-23,Country,11,62.45454545454545,56.63636363636363,52.36363636363637,5.545454545454546
1982-08-30,Country,10,57.6,49.1,53.9,4.9
1982-09-06,Country,10,53.9,57.6,49.7,5.9
1982-09-13,Country,10,50.5,53.9,46.2,6.9
1982-09-20,Country,9,48.666666666666664,45.0,42.55555555555556,7.666666666666667
1982-09-27,Country,9,58.888888888888886,48.666666666666664,40.333333333333336,8.666666666666666
1982-10-04,Country,8,64.125,42.625,40.875,8.75
1982-10-11,Country,9,65.88888888888889,57.0,43.0,8.777777777777779
1982-10-18,Country,9,64.22222222222223,65.88888888888889,40.55555555555556,9.777777777777779
1982-10-25,Country,7,52.0,55.57142857142857,42.0,9.428571428571429
1982-11-01,Country,6,41.333333333333336,44.666666666666664,36.833333333333336,9.666666666666666
1982-11-08,Country,6,47.833333333333336,41.333333333333336,33.5,10.666666666666666
1982-11-15,Country,6,56.333333333333336,47.833333333333336,31.5,11.666666666666666
1982-11-22,Country,6,57.666666666666664,40.666666666666664,32.166666666666664,10.666666666666666
1982-11-29,Country,6,61.0,57.666666666666664,29.166666666666668,11.666666666666666
1982-12-06,Country,5,64.2,53.2,28.8,11.0
1982-12-13,Country,4,56.75,55.25,29.5,10.5
1982-12-20,Country,3,48.666666666666664,44.333333333333336,22.333333333333332,11.666666666666666
1982-12-27,Country,3,48.666666666666664,48.666666666666664,22.333333333333332,12.666666666666666
1983-01-03,Country,4,57.25,36.5,37.5,10.5
1983-01-10,Country,3,41.0,45.0,41.0,8.333333333333334
1983-01-17,Country,3,37.666666666666664,41.0,37.666666666666664,9.333333333333334
1983-01-24,Country,3,37.0,37.666666666666664,37.0,10.333333333333334
1983-01-31,Country,3,42.666666666666664,37.0,36.666666666666664,11.333333333333334
1983-02-07,Country,3,44.0,42.666666666666664,36.0,12.333333333333334
1983-02-14,Country,3,44.0,44.0,36.0,13.333333333333334
1983-02-21,Country,2,38.5,16.5,16.0,17.5
1983-02-28,Country,4,60.25,19.25,47.0,9.75
1983-03-07,Country,4,64.25,60.25,43.25,10.75
1983-03-14,Country,4,56.25,40.75,51.5,7.75
1983-03-21,Country,5,57.6,45.0,52.6,7.2
1983-03-28,Country,5,53.4,57.6,47.4,8.2
1983-04-04,Country,5,54.6,53.4,43.6,9.2
1983-04-11,Country,5,61.4,54.6,41.8,10.2
1983-04-18,Country,5,58.2,42.2,40.6,10.2
1983-04-25,Country,5,52.2,39.2,51.4,5.4
1983-05-02,Country,6,56.5,43.5,54.5,5.5
1983-05-09,Country,6,59.333333333333336,56.5,47.833333333333336,6.5
1983-05-16,Country,7,65.57142857142857,50.857142857142854,50.714285714285715,6.571428571428571
1983-05-23,Country,7,63.42857142857143,51.42857142857143,53.285714285714285,5.857142857142857
1983-05-30,Country,5,51.6,50.6,44.4,6.2
1983-06-06,Country,5,52.4,51.6,42.2,7.2
1983-06-13,Country,4,49.25,42.25,38.25,8.0
1983-06-20,Country,4,58.5,49.25,37.75,9.0
1983-06-27,Country,4,74.5,58.5,37.75,10.0
1983-07-04,Country,4,86.75,74.5,37.75,11.0
1983-07-11,Country,2,88.0,78.0,45.5,9.5
1983-07-18,Country,1,79.0,76.0,53.0,9.0
1983-07-25,Country,1,98.0,79.0,53.0,10.0
1983-08-01,Country,1,100.0,98.0,53.0,11.0
1983-08-08,Country,2,80.0,0.0,80.0,1.0
1983-08-15,Country,3,72.33333333333333,53.333333333333336,72.33333333333333,1.6666666666666667
1983-08-22,Country,3,69.66666666666667,72.33333333333333,68.0,2.6666666666666665
1983-08-29,Country,2,48.5,55.0,48.5,4.0
1983-09-05,Country,3,59.0,32.333333333333336,59.0,3.6666666666666665
1983-09-12,Country,3,60.0,59.0,58.0,4.666666666666667
1983-09-19,Country,3,70.0,60.0,56.666666666666664,5.666666666666667
1983-09-26,Country,3,68.66666666666667,37.333333333333336,68.66666666666667,4.333333333333333
1983-10-03,Country,3,78.33333333333333,68.66666666666667,68.66666666666667,5.333333333333333
1983-10-10,Country,2,81.5,23.0,54.0,5.5
1983-10-17,Country,2,86.5,81.5,51.5,6.5
1983-10-24,Country,2,79.0,38.0,79.0,2.0
1983-10-31,Country,3,84.0,52.666666666666664,84.0,2.3333333333333335
1983-11-07,Country,3,77.66666666666667,84.0,77.66666666666667,3.3333333333333335
1983-11-14,Country,3,81.0,77.66666666666667,76.0,4.333333333333333
1983-11-21,Country,2,69.5,71.5,67.5,6.0
1983-11-28,Country,2,74.0,69.5,64.5,7.0
1983-12-05,Country,2,68.5,26.5,68.5,5.0
1983-12-12,Country,2,63.5,68.5,63.5,6.0
1983-12-19,Country,2,61.5,63.5,61.5,7.0
1983-12-26,Country,2,61.5,61.5,61.5,8.0
1984-01-02,Country,2,65.5,61.5,60.0,9.0
1984-01-09,Country,2,50.0,18.0,50.0,7.5
1984-01-16,Country,2,38.5,50.0,38.5,8.5
1984-01-23,Country,2,33.5,38.5,33.5,9.5
1984-01-30,Country,2,31.0,33.5,31.0,10.5
1984-02-06,Country,2,36.5,31.0,29.0,11.5
1984-02-13,Country,2,43.0,36.5,28.0,12.5
1984-02-20,Country,2,44.5,43.0,25.5,13.5
1984-02-27,Country,3,66.33333333333333,29.666666666666668,42.666666666666664,10.0
1984-03-05,Country,2,41.5,51.0,41.5,5.5
1984-03-12,Country,2,48.0,41.5,38.0,6.5
1984-03-19,Country,2,53.5,48.0,36.0,7.5
1984-03-26,Country,2,54.5,53.5,31.0,8.5
1984-04-02,Country,2,63.5,54.5,27.0,9.5
1984-04-09,Country,2,54.0,15.5,54.0,4.0
1984-04-16,Country,2,47.0,54.0,47.0,5.0
1984-04-23,Country,3,58.666666666666664,31.333333333333332,58.666666666666664,4.333333333333333
1984-04-30,Country,3,60.666666666666664,58.666666666666664,55.666666666666664,5.333333333333333
1984-05-07,Country,2,43.0,43.5,43.0,7.0
1984-05-14,Country,3,58.0,28.666666666666668,58.0,5.666666666666667
1984-05-21,Country,3,61.333333333333336,58.0,56.333333333333336,6.666666666666667
1984-05-28,Country,3,57.0,30.333333333333332,55.333333333333336,6.0
1984-06-04,Country,3,53.0,57.0,49.333333333333336,7.0
1984-06-11,Country,3,52.666666666666664,53.0,44.666666666666664,8.0
1984-06-18,Country,3,59.333333333333336,52.666666666666664,42.0,9.0
1984-06-25,Country,3,66.66666666666667,59.333333333333336,41.0,10.0
1984-07-02,Country,3,69.33333333333333,66.66666666666667,40.333333333333336,11.0
1984-07-09,Country,3,78.0,69.33333333333333,40.333333333333336,12.0
1984-07-16,Country,3,87.33333333333333,78.0,40.333333333333336,13.0
1984-07-23,Country,1,72.0,66.0,44.0,9.0
1984-07-30,Country,2,95.0,36.0,69.0,5.5
1984-08-06,Country,1,89.0,94.0,89.0,2.0
1984-08-13,Country,1,84.0,89.0,84.0,3.0
1984-08-20,Country,1,84.0,84.0,84.0,4.0
1984-09-10,Country,1,60.0,0.0,60.0,1.0
1984-09-17,Country,1,50.0,60.0,50.0,2.0
1984-09-24,Country,1,44.0,50.0,44.0,3.0
1984-10-01,Country,1,41.0,44.0,41.0,4.0
1984-10-08,Country,1,33.0,41.0,33.0,5.0
1984-10-15,Country,1,28.0,33.0,28.0,6.0
1984-10-22,Country,1,24.0,28.0,24.0,7.0
1984-10-29,Country,1,22.0,24.0,22.0,8.0
1984-11-05,Country,1,18.0,22.0,18.0,9.0
1984-11-12,Country,1,15.0,18.0,15.0,10.0
1984-11-19,Country,1,23.0,15.0,15.0,11.0
1984-11-26,Country,1,33.0,23.0,15.0,12.0
1984-12-03,Country,1,36.0,33.0,15.0,13.0
1984-12-10,Country,1,59.0,36.0,15.0,14.0
1984-12-17,Country,1,88.0,59.0,15.0,15.0
1984-12-24,Country,1,88.0,88.0,15.0,16.0
1984-12-31,Country,1,91.0,88.0,15.0,17.0
1985-01-07,Country,1,91.0,91.0,15.0,18.0
1985-01-14,Country,1,99.0,91.0,15.0,19.0
1985-01-21,Country,1,86.0,0.0,86.0,1.0
1985-01-28,Country,1,81.0,86.0,81.0,2.0
1985-02-04,Country,1,79.0,81.0,79.0,3.0
1985-02-11,Country,1,86.0,79.0,79.0,4.0
1985-02-18,Country,1,91.0,86.0,79.0,5.0
1985-02-25,Country,1,91.0,91.0,79.0,6.0
1985-03-04,Country,1,93.0,91.0,79.0,7.0
1985-03-11,Country,1,99.0,93.0,79.0,8.0
1985-11-18,Country,1,88.0,0.0,88.0,1.0
1985-11-25,Country,1,84.0,88.0,84.0,2.0
1985-12-02,Country,1,78.0,84.0,78.0,3.0
1985-12-09,Country,1,75.0,78.0,75.0,4.0
1985-12-16,Country,1,74.0,75.0,74.0,5.0
1985-12-23,Country,1,72.0,74.0,72.0,6.0
1985-12-30,Country,1,72.0,72.0,72.0,7.0
1986-01-06,Country,1,79.0,72.0,72.0,8.0
1986-01-13,Country,1,91.0,79.0,72.0,9.0
1986-01-20,Country,1,83.0,0.0,83.0,1.0
1986-01-27,Country,1,69.0,83.0,69.0,2.0
1986-02-03,Country,1,60.0,69.0,60.0,3.0
1986-02-10,Country,1,52.0,60.0,52.0,4.0
1986-02-17,Country,1,48.0,52.0,48.0,5.0
1986-02-24,Country,1,44.0,48.0,44.0,6.0
1986-03-03,Country,1,43.0,44.0,43.0,7.0
1986-03-10,Country,1,42.0,43.0,42.0,8.0
1986-03-17,Country,1,50.0,42.0,42.0,9.0
1986-03-24,Country,1,51.0,50.0,42.0,10.0
1986-03-31,Country,1,54.0,51.0,42.0,11.0
1986-04-07,Country,1,63.0,54.0,42.0,12.0
1986-04-14,Country,1,70.0,63.0,42.0,13.0
1986-04-21,Country,1,79.0,70.0,42.0,14.0
1986-04-28,Country,1,95.0,79.0,42.0,15.0
1987-01-12,Country,1,84.0,0.0,84.0,1.0
1987-01-19,Country,1,84.0,84.0,84.0,2.0
1987-01-26,Country,1,88.0,84.0,84.0,3.0
1987-02-02,Country,1,75.0,88.0,75.0,4.0
1987-02-09,Country,1,71.0,75.0,71.0,5.0
1987-02-16,Country,1,77.0,71.0,71.0,6.0
1987-02-23,Country,1,77.0,77.0,71.0,7.0
1987-03-02,Country,1,94.0,77.0,71.0,8.0
1987-04-06,Country,1,96.0,0.0,96.0,1.0
1987-04-13,Country,1,81.0,96.0,81.0,2.0
1987-04-20,Country,1,73.0,81.0,73.0,3.0
1987-04-27,Country,1,65.0,73.0,65.0,4.0
1987-05-04,Country,1,53.0,65.0,53.0,5.0
1987-05-11,Country,1,50.0,53.0,50.0,6.0
1987-05-18,Country,1,46.0,50.0,46.0,7.0
1987-05-25,Country,1,40.0,46.0,40.0,8.0
1987-06-01,Country,1,37.0,40.0,37.0,9.0
1987-06-08,Country,1,33.0,37.0,33.0,10.0
1987-06-15,Country,1,33.0,33.0,33.0,11.0
1987-06-22,Country,1,37.0,33.0,33.0,12.0
1987-06-29,Country,1,47.0,37.0,33.0,13.0
1987-07-06,Country,1,62.0,47.0,33.0,14.0
1987-07-13,Country,1,75.0,62.0,33.0,15.0
1987-07-20,Country,1,84.0,75.0,33.0,16.0
1987-07-27,Country,1,86.0,84.0,33.0,17.0
1987-08-03,Country,1,93.0,86.0,33.0,18.0
1990-03-05,Country,1,92.0,0.0,92.0,1.0
1990-03-12,Country,1,78.0,92.0,78.0,2.0
1990-03-19,Country,1,59.0,78.0,59.0,3.0
1990-03-26,Country,1,54.0,59.0,54.0,4.0
1990-04-02,Country,1,49.0,54.0,49.0,5.0
1990-04-09,Country,1,54.0,49.0,49.0,6.0
1990-04-16,Country,1,64.0,54.0,49.0,7.0
1990-04-23,Country,1,84.0,64.0,49.0,8.0
1990-04-30,Country,1,100.0,84.0,49.0,9.0
1990-07-09,Country,1,93.0,0.0,93.0,1.0
1990-07-16,Country,1,88.0,93.0,88.0,2.0
1990-07-23,Country,1,80.0,88.0,80.0,3.0
1990-07-30,Country,1,78.0,80.0,78.0,4.0
1990-08-06,Country,1,84.0,78.0,78.0,5.0
1990-08-13,Country,1,90.0,84.0,78.0,6.0
1990-08-20,Country,1,99.0,90.0,78.0,7.0
1991-03-25,Country,1,87.0,0.0,87.0,1.0
1991-04-01,Country,1,82.0,87.0,82.0,2.0
1991-04-08,Country,1,77.0,82.0,77.0,3.0
1991-04-15,Country,1,70.0,77.0,70.0,4.0
1991-04-22,Country,1,58.0,70.0,58.0,5.0
1991-04-29,Country,1,52.0,58.0,52.0,6.0
1991-05-06,Country,1,50.0,52.0,50.0,7.0
1991-05-13,Country,1,42.0,50.0,42.0,8.0
1991-05-20,Country,1,38.0,42.0,38.0,9.0
1991-05-27,Country,1,30.0,38.0,30.0,10.0
1991-06-03,Country,1,27.0,30.0,27.0,11.0
1991-06-10,Country,1,18.0,27.0,18.0,12.0
1991-06-17,Country,1,16.0,18.0,16.0,13.0
1991-06-24,Country,1,15.0,16.0,15.0,14.0
1991-07-01,Country,1,13.0,15.0,13.0,15.0
1991-07-08,Country,1,13.0,13.0,13.0,16.0
1991-07-15,Country,2,52.5,6.5,48.0,9.0
1991-07-22,Country,2,54.0,52.5,41.0,10.0
1991-07-29,Country,2,56.0,54.0,36.0,11.0
1991-08-05,Country,3,66.0,37.333333333333336,49.666666666666664,8.333333333333334
1991-08-12,Country,3,61.0,66.0,42.333333333333336,9.333333333333334
1991-08-19,Country,3,64.33333333333333,61.0,38.666666666666664,10.333333333333334
1991-08-26,Country,3,64.66666666666667,64.33333333333333,36.0,11.333333333333334
1991-09-02,Country,2,44.0,47.5,44.0,6.5
1991-09-09,Country,2,41.0,44.0,41.0,7.5
1991-09-16,Country,2,41.5,41.0,38.5,8.5
1991-09-23,Country,2,54.5,41.5,36.0,9.5
1991-09-30,Country,1,7.0,9.0,7.0,12.0
1991-10-07,Country,1,6.0,7.0,6.0,13.0
1991-10-14,Country,1,5.0,6.0,5.0,14.0
1991-10-21,Country,1,8.0,5.0,5.0,15.0
1991-10-28,Country,2,56.5,4.0,49.5,8.5
1991-11-04,Country,2,56.5,56.5,46.5,9.5
1991-11-11,Country,2,60.0,56.5,42.5,10.5
1991-11-18,Country,3,72.0,40.0,57.333333333333336,8.0
1991-11-25,Country,3,69.66666666666667,72.0,54.666666666666664,9.0
1991-12-02,Country,1,68.0,79.0,68.0,3.0
1991-12-09,Country,1,67.0,68.0,67.0,4.0
1991-12-16,Country,1,56.0,67.0,56.0,5.0
1991-12-23,Country,1,56.0,56.0,56.0,6.0
1991-12-30,Country,1,48.0,56.0,48.0,7.0
1992-01-06,Country,1,50.0,48.0,48.0,8.0
1992-01-13,Country,1,39.0,50.0,39.0,9.0
1992-01-20,Country,1,29.0,39.0,29.0,10.0
1992-01-27,Country,1,21.0,29.0,21.0,11.0
1992-02-03,Country,1,19.0,21.0,19.0,12.0
1992-02-10,Country,1,18.0,19.0,18.0,13.0
1992-02-17,Country,1,25.0,18.0,18.0,14.0
1992-02-24,Country,1,27.0,25.0,18.0,15.0
1992-03-02,Country,1,33.0,27.0,18.0,16.0
1992-03-09,Country,1,32.0,33.0,18.0,17.0
1992-03-16,Country,1,35.0,32.0,18.0,18.0
1992-03-23,Country,1,42.0,35.0,18.0,19.0
1992-03-30,Country,1,48.0,42.0,18.0,20.0
1992-04-13,Country,1,85.0,0.0,85.0,1.0
1992-04-20,Country,1,75.0,85.0,75.0,2.0
1992-04-27,Country,2,77.5,37.5,77.5,2.0
1992-05-04,Country,3,73.66666666666667,51.666666666666664,73.66666666666667,2.3333333333333335
1992-05-11,Country,3,53.666666666666664,73.66666666666667,53.666666666666664,3.3333333333333335
1992-05-18,Country,3,42.666666666666664,53.666666666666664,42.666666666666664,4.333333333333333
1992-05-25,Country,3,37.0,42.666666666666664,37.0,5.333333333333333
1992-06-01,Country,3,33.333333333333336,37.0,32.666666666666664,6.333333333333333
1992-06-08,Country,3,31.666666666666668,33.333333333333336,31.666666666666668,7.333333333333333
1992-06-15,Country,3,37.333333333333336,31.666666666666668,30.333333333333332,8.333333333333334
1992-06-22,Country,3,48.666666666666664,37.333333333333336,30.333333333333332,9.333333333333334
1992-06-29,Country,2,40.0,31.0,20.5,10.5
1992-07-06,Country,2,42.5,40.0,20.0,11.5
1992-07-13,Country,2,47.5,42.5,19.0,12.5
1992-07-20,Country,3,61.0,31.666666666666668,42.333333333333336,9.333333333333334
1992-07-27,Country,3,59.666666666666664,61.0,38.0,10.333333333333334
1992-08-03,Country,4,64.5,44.75,47.75,8.75
1992-08-10,Country,3,50.0,53.0,48.333333333333336,7.0
1992-08-17,Country,3,48.333333333333336,50.0,46.666666666666664,8.0
1992-08-24,Country,3,45.666666666666664,48.333333333333336,43.0,9.0
1992-08-31,Country,3,44.333333333333336,45.666666666666664,40.333333333333336,10.0
1992-09-07,Country,3,45.666666666666664,44.333333333333336,40.0,11.0
1992-09-14,Country,3,54.666666666666664,45.666666666666664,40.0,12.0
1992-09-21,Country,3,63.666666666666664,54.666666666666664,40.0,13.0
1992-09-28,Country,2,49.5,46.0,27.0,16.5
1992-10-05,Country,3,65.66666666666667,33.0,47.333333333333336,12.0
1992-10-12,Country,3,58.0,65.66666666666667,42.666666666666664,13.0
1992-10-19,Country,4,69.0,43.5,54.25,10.75
1992-10-26,Country,3,85.66666666666667,77.33333333333333,71.0,7.0
1992-11-02,Country,2,86.5,86.5,81.5,4.0
1992-11-09,Country,3,87.66666666666667,57.666666666666664,82.0,3.6666666666666665
1992-11-16,Country,3,80.0,87.66666666666667,72.33333333333333,4.666666666666667
1992-11-23,Country,2,71.0,73.5,70.5,4.5
1992-11-30,Country,2,60.0,71.0,60.0,5.5
1992-12-07,Country,2,63.0,60.0,57.5,6.5
1992-12-14,Country,2,55.0,63.0,52.0,7.5
1992-12-21,Country,3,63.666666666666664,36.666666666666664,57.666666666666664,8.333333333333334
1992-12-28,Country,3,63.0,63.666666666666664,56.666666666666664,9.333333333333334
1993-01-04,Country,2,55.5,50.0,49.0,10.5
1993-01-11,Country,1,14.0,17.0,14.0,10.0
1993-01-18,Country,1,11.0,14.0,11.0,11.0
1993-01-25,Country,1,11.0,11.0,11.0,12.0
1993-02-01,Country,1,12.0,11.0,11.0,13.0
1993-02-08,Country,1,13.0,12.0,11.0,14.0
1993-02-15,Country,1,21.0,13.0,11.0,15.0
1993-02-22,Country,1,29.0,21.0,11.0,16.0
1993-03-01,Country,1,41.0,29.0,11.0,17.0
1993-03-08,Country,3,78.66666666666667,13.666666666666666,66.33333333333333,6.666666666666667
1993-03-15,Country,3,71.33333333333333,78.66666666666667,56.333333333333336,7.666666666666667
1993-03-22,Country,4,69.25,53.5,57.5,6.75
1993-03-29,Country,3,65.33333333333333,73.0,65.33333333333333,3.3333333333333335
1993-04-05,Country,3,65.0,65.33333333333333,63.0,4.333333333333333
1993-04-12,Country,4,67.75,48.75,65.5,4.25
1993-04-19,Country,4,66.25,67.75,63.75,5.25
1993-04-26,Country,4,68.25,66.25,62.5,6.25
1993-05-03,Country,5,77.6,54.6,68.2,6.0
1993-05-10,Country,4,76.0,72.75,67.0,6.25
1993-05-17,Country,4,73.5,76.0,65.25,7.25
1993-05-24,Country,4,72.25,73.5,62.75,8.25
1993-05-31,Country,4,76.0,72.25,61.0,9.25
1993-06-07,Country,5,80.2,60.8,63.8,8.4
1993-06-14,Country,4,76.25,75.5,58.5,8.0
1993-06-21,Country,4,74.0,54.25,67.5,5.75
1993-06-28,Country,5,78.4,59.2,70.2,5.6
1993-07-05,Country,4,69.5,49.75,66.0,4.5
1993-07-12,Country,4,76.5,69.5,64.0,5.5
1993-07-19,Country,4,78.25,76.5,62.5,6.5
1993-07-26,Country,4,76.75,54.0,63.0,6.5
1993-08-02,Country,3,70.0,70.0,60.666666666666664,5.333333333333333
1993-08-09,Country,3,69.66666666666667,70.0,56.333333333333336,6.333333333333333
1993-08-16,Country,3,73.33333333333333,69.66666666666667,55.666666666666664,7.333333333333333
1993-08-23,Country,2,62.0,63.0,61.0,6.5
1993-08-30,Country,2,65.5,62.0,61.0,7.5
1993-09-06,Country,2,71.0,65.5,61.0,8.5
1993-09-13,Country,2,75.0,71.0,61.0,9.5
1993-09-20,Country,2,78.5,75.0,61.0,10.5
1993-09-27,Country,2,83.5,78.5,61.0,11.5
1993-10-04,Country,3,78.0,24.0,69.33333333333333,5.333333333333333
1993-10-11,Country,3,72.33333333333333,78.0,65.0,6.333333333333333
1993-10-18,Country,3,72.33333333333333,72.33333333333333,65.0,7.333333333333333
1993-10-25,Country,3,74.66666666666667,72.33333333333333,63.333333333333336,8.333333333333334
1993-11-01,Country,3,85.0,74.66666666666667,63.333333333333336,9.333333333333334
1993-11-08,Country,3,85.66666666666667,85.0,63.333333333333336,10.333333333333334
1993-11-15,Country,3,85.66666666666667,85.66666666666667,63.333333333333336,11.333333333333334
1993-11-22,Country,3,88.0,55.0,80.33333333333333,5.666666666666667
1993-11-29,Country,3,89.66666666666667,88.0,78.66666666666667,6.666666666666667
1993-12-06,Country,4,94.0,67.25,82.75,6.0
1993-12-13,Country,3,90.66666666666667,92.33333333333333,83.33333333333333,5.666666666666667
1993-12-20,Country,4,88.25,68.0,82.25,5.25
1993-12-27,Country,5,82.8,70.6,79.0,5.2
1994-01-03,Country,5,78.6,82.8,75.0,6.2
1994-01-10,Country,5,87.2,78.6,75.0,7.2
1994-01-17,Country,4,92.5,84.75,75.5,6.25
1994-01-24,Country,3,90.66666666666667,90.66666666666667,73.33333333333333,6.333333333333333
1994-01-31,Country,3,88.0,90.66666666666667,73.33333333333333,7.333333333333333
1994-02-07,Country,4,85.5,66.0,75.25,6.5
1994-02-14,Country,3,76.66666666666667,81.66666666666667,69.33333333333333,6.333333333333333
1994-02-21,Country,5,80.0,46.0,75.8,4.8
1994-02-28,Country,6,79.83333333333333,50.666666666666664,76.16666666666667,3.5
1994-03-07,Country,5,77.0,60.0,73.8,2.6
1994-03-14,Country,5,68.0,77.0,63.4,3.6
1994-03-21,Country,4,57.0,60.0,50.0,4.75
1994-03-28,Country,5,59.2,45.6,54.8,4.8
1994-04-04,Country,5,59.8,59.2,52.4,5.8
1994-04-11,Country,5,53.6,59.8,49.2,6.8
1994-04-18,Country,5,55.0,53.6,47.8,7.8
1994-04-25,Country,5,60.2,55.0,47.6,8.8
1994-05-02,Country,3,39.666666666666664,37.333333333333336,25.333333333333332,10.666666666666666
1994-05-09,Country,3,40.333333333333336,39.666666666666664,25.333333333333332,11.666666666666666
1994-05-16,Country,5,55.8,24.2,44.4,8.0
1994-05-23,Country,5,50.0,55.8,34.8,9.0
1994-05-30,Country,5,55.4,50.0,34.6,10.0
1994-06-06,Country,5,60.0,55.4,33.0,11.0
1994-06-13,Country,5,59.6,60.0,33.0,12.0
1994-06-20,Country,5,61.4,59.6,33.0,13.0
1994-06-27,Country,4,58.5,55.5,30.75,12.25
1994-07-04,Country,4,64.75,58.5,30.75,13.25
1994-07-11,Country,5,73.6,51.8,42.8,11.6
1994-07-18,Country,4,72.25,67.25,49.75,10.5
1994-07-25,Country,2,65.5,64.0,54.0,7.0
1994-08-01,Country,4,76.75,32.75,70.5,4.5
1994-08-08,Country,3,67.66666666666667,70.0,60.666666666666664,5.666666666666667
1994-08-15,Country,3,69.33333333333333,67.66666666666667,60.666666666666664,6.666666666666667
1994-08-22,Country,3,77.66666666666667,69.33333333333333,60.666666666666664,7.666666666666667
1994-08-29,Country,3,80.33333333333333,77.66666666666667,60.666666666666664,8.666666666666666
1994-09-05,Country,4,88.25,60.25,70.25,7.5
1994-09-12,Country,4,87.0,88.25,67.5,8.5
1994-09-19,Country,3,88.66666666666667,83.33333333333333,59.333333333333336,10.0
1994-09-26,Country,3,90.0,88.66666666666667,59.0,11.0
1994-10-03,Country,2,93.0,91.0,80.0,7.5
1994-10-10,Country,1,84.0,87.0,84.0,6.0
1994-10-17,Country,2,86.5,42.0,85.5,4.0
1994-10-24,Country,2,87.5,86.5,84.5,5.0
1994-10-31,Country,3,90.66666666666667,58.333333333333336,85.66666666666667,4.333333333333333
1994-11-07,Country,2,88.5,86.5,85.0,3.0
1994-11-14,Country,2,96.0,88.5,85.0,4.0
1994-11-21,Country,1,88.0,92.0,88.0,4.0
1994-11-28,Country,1,84.0,88.0,84.0,5.0
1994-12-05,Country,1,84.0,84.0,84.0,6.0
1994-12-12,Country,2,95.0,42.0,89.0,4.0
1994-12-19,Country,3,86.33333333333333,63.333333333333336,84.33333333333333,3.6666666666666665
1994-12-26,Country,3,82.0,86.33333333333333,77.33333333333333,4.666666666666667
1995-01-02,Country,3,76.33333333333333,49.333333333333336,76.33333333333333,2.6666666666666665
1995-01-09,Country,2,82.0,69.0,69.0,4.5
1995-01-16,Country,2,91.0,82.0,69.0,5.5
1995-01-23,Country,1,92.0,82.0,78.0,7.0
1995-01-30,Country,1,98.0,92.0,78.0,8.0
1995-02-06,Country,1,93.0,98.0,78.0,9.0
1995-02-13,Country,1,98.0,93.0,78.0,10.0
1995-03-27,Country,1,95.0,0.0,95.0,1.0
1995-04-03,Country,2,95.5,47.5,95.5,1.5
1995-04-10,Country,2,84.5,95.5,84.5,2.5
1995-04-17,Country,2,81.0,84.5,81.0,3.5
1995-04-24,Country,2,77.0,81.0,76.0,4.5
1995-05-01,Country,2,85.0,77.0,76.0,5.5
1995-05-08,Country,3,94.33333333333333,56.666666666666664,83.33333333333333,4.666666666666667
1995-05-15,Country,3,91.33333333333333,64.66666666666667,86.33333333333333,3.3333333333333335
1995-05-22,Country,2,78.0,87.5,78.0,2.5
1995-05-29,Country,2,77.5,78.0,73.5,3.5
1995-06-05,Country,1,53.0,57.0,53.0,5.0
1995-06-12,Country,1,53.0,53.0,53.0,6.0
1995-06-19,Country,1,53.0,53.0,53.0,7.0
1995-06-26,Country,1,56.0,53.0,53.0,8.0
1995-07-03,Country,1,58.0,56.0,53.0,9.0
1995-07-10,Country,1,73.0,58.0,53.0,10.0
1995-07-17,Country,1,88.0,73.0,53.0,11.0
1995-07-24,Country,1,74.0,88.0,53.0,12.0
1995-07-31,Country,2,77.0,37.0,67.5,7.0
1995-08-07,Country,3,85.33333333333333,51.333333333333336,75.66666666666667,5.666666666666667
1995-08-14,Country,3,78.66666666666667,85.33333333333333,70.66666666666667,6.666666666666667
1995-08-21,Country,4,79.25,59.0,67.75,6.0
1995-08-28,Country,3,63.666666666666664,72.66666666666667,52.666666666666664,8.0
1995-09-04,Country,3,68.66666666666667,63.666666666666664,49.0,9.0
1995-09-11,Country,4,71.5,26.5,69.5,3.25
1995-09-18,Country,4,74.0,71.5,68.75,4.25
1995-09-25,Country,3,68.33333333333333,65.66666666666667,59.333333333333336,6.0
1995-10-02,Country,4,76.0,51.25,67.0,5.5
1995-10-09,Country,3,77.66666666666667,70.66666666666667,68.66666666666667,5.0
1995-10-16,Country,3,72.0,77.66666666666667,65.66666666666667,6.0
1995-10-23,Country,3,74.33333333333333,72.0,64.66666666666667,7.0
1995-10-30,Country,2,62.0,61.5,50.5,8.0
1995-11-06,Country,2,63.0,62.0,50.5,9.0
1995-11-13,Country,2,68.0,63.0,50.5,10.0
1995-11-20,Country,2,65.0,68.0,49.5,11.0
1995-11-27,Country,2,68.0,65.0,48.5,12.0
1995-12-04,Country,2,69.5,68.0,48.5,13.0
1995-12-11,Country,2,69.5,69.5,48.5,14.0
1995-12-18,Country,3,78.66666666666667,46.333333333333336,64.33333333333333,10.333333333333334
1995-12-25,Country,3,80.33333333333333,78.66666666666667,61.333333333333336,11.333333333333334
1996-01-01,Country,4,78.75,60.25,67.0,9.5
1996-01-08,Country,3,85.33333333333333,86.66666666666667,78.66666666666667,7.0
1996-01-15,Country,3,87.33333333333333,85.33333333333333,78.66666666666667,8.0
1996-01-22,Country,3,85.33333333333333,87.33333333333333,78.66666666666667,9.0
1996-01-29,Country,3,87.66666666666667,85.33333333333333,78.0,10.0
1996-02-05,Country,2,81.5,82.0,73.0,13.5
1996-02-12,Country,2,84.5,81.5,73.0,14.5
1996-02-19,Country,1,74.0,80.0,74.0,10.0
1996-02-26,Country,1,78.0,74.0,74.0,11.0
1996-03-04,Country,1,89.0,78.0,74.0,12.0
1996-03-11,Country,1,88.0,89.0,74.0,13.0
1996-03-18,Country,1,92.0,88.0,74.0,14.0
1996-03-25,Country,1,96.0,92.0,74.0,15.0
1996-04-01,Country,1,99.0,96.0,74.0,16.0
1996-04-22,Country,2,62.0,0.0,62.0,1.0
1996-04-29,Country,2,55.5,62.0,55.5,2.0
1996-05-06,Country,2,51.0,55.5,51.0,3.0
1996-05-13,Country,2,49.5,51.0,49.5,4.0
1996-05-20,Country,2,48.5,49.5,48.5,5.0
1996-05-27,Country,2,46.0,48.5,46.0,6.0
1996-06-03,Country,2,47.0,46.0,46.0,7.0
1996-06-10,Country,2,50.5,47.0,46.0,8.0
1996-06-17,Country,3,55.666666666666664,33.666666666666664,49.333333333333336,6.333333333333333
1996-06-24,Country,3,51.333333333333336,55.666666666666664,41.666666666666664,7.333333333333333
1996-07-01,Country,3,50.0,51.333333333333336,39.333333333333336,8.333333333333334
1996-07-08,Country,3,53.666666666666664,50.0,39.333333333333336,9.333333333333334
1996-07-15,Country,2,34.5,31.0,19.5,9.0
1996-07-22,Country,2,41.5,34.5,19.5,10.0
1996-07-29,Country,2,44.0,41.5,19.5,11.0
1996-08-05,Country,2,50.0,44.0,19.5,12.0
1996-08-12,Country,2,64.5,50.0,19.5,13.0
1996-08-19,Country,2,69.5,64.5,19.5,14.0
1996-08-26,Country,3,78.33333333333333,46.333333333333336,44.333333333333336,10.333333333333334
1996-09-02,Country,3,84.66666666666667,78.33333333333333,44.333333333333336,11.333333333333334
1996-09-09,Country,2,70.5,78.5,51.5,8.0
1996-09-16,Country,2,70.5,70.5,49.0,9.0
1996-09-23,Country,2,71.0,70.5,49.0,10.0
1996-09-30,Country,3,83.33333333333333,47.333333333333336,64.66666666666667,7.666666666666667
1996-10-07,Country,3,85.66666666666667,83.33333333333333,62.333333333333336,8.666666666666666
1996-10-14,Country,3,81.66666666666667,85.66666666666667,60.0,9.666666666666666
1996-10-21,Country,3,80.66666666666667,81.66666666666667,57.666666666666664,10.666666666666666
1996-10-28,Country,3,81.66666666666667,48.333333333333336,65.0,8.666666666666666
1996-11-04,Country,2,86.0,85.5,84.5,4.0
1996-11-11,Country,3,82.66666666666667,57.333333333333336,80.66666666666667,3.6666666666666665
1996-11-18,Country,3,85.66666666666667,49.333333333333336,81.0,3.6666666666666665
1996-11-25,Country,3,86.66666666666667,85.66666666666667,78.66666666666667,4.666666666666667
1996-12-02,Country,3,87.0,86.66666666666667,76.0,5.666666666666667
1996-12-09,Country,2,78.5,81.5,78.5,4.5
1996-12-16,Country,2,76.0,78.5,76.0,5.5
1996-12-23,Country,4,78.75,38.0,78.75,3.75
1996-12-30,Country,4,72.5,78.75,72.5,4.75
1997-01-06,Country,4,78.0,72.5,72.5,5.75
1997-01-13,Country,4,86.5,78.0,72.25,6.75
1997-01-20,Country,2,86.0,76.5,76.5,5.0
1997-01-27,Country,1,70.0,78.0,70.0,6.0
1997-02-03,Country,2,73.5,35.0,73.5,4.0
1997-02-10,Country,2,70.5,73.5,70.5,5.0
1997-02-17,Country,2,76.5,70.5,70.5,6.0
1997-02-24,Country,2,80.0,76.5,70.5,7.0
1997-03-03,Country,2,87.5,80.0,70.5,8.0
1997-03-10,Country,2,91.5,87.5,70.5,9.0
1997-03-17,Country,1,93.0,85.0,72.0,7.0
1997-03-24,Country,1,98.0,93.0,72.0,8.0
1997-03-31,Country,2,95.5,49.0,83.0,5.0
1997-04-07,Country,1,84.0,94.0,84.0,2.0
1997-04-14,Country,1,76.0,84.0,76.0,3.0
1997-04-21,Country,1,76.0,76.0,76.0,4.0
1997-04-28,Country,1,87.0,76.0,76.0,5.0
1997-05-05,Country,1,66.0,87.0,66.0,6.0
1997-05-12,Country,2,47.5,33.0,47.5,4.0
1997-05-19,Country,2,43.0,47.5,38.5,5.0
1997-05-26,Country,2,45.0,43.0,36.0,6.0
1997-06-02,Country,2,44.5,45.0,34.0,7.0
1997-06-09,Country,2,48.5,44.5,33.5,8.0
1997-06-16,Country,4,71.25,24.25,61.75,5.0
1997-06-23,Country,3,39.0,62.666666666666664,39.0,3.6666666666666665
1997-06-30,Country,3,26.333333333333332,39.0,26.333333333333332,4.666666666666667
1997-07-07,Country,3,26.333333333333332,26.333333333333332,25.0,5.666666666666667
1997-07-14,Country,4,32.25,19.75,32.25,5.25
1997-07-21,Country,4,33.0,32.25,29.5,6.25
1997-07-28,Country,4,30.0,33.0,28.0,7.25
1997-08-04,Country,5,43.6,24.0,39.4,6.8
1997-08-11,Country,5,46.4,43.6,37.6,7.8
1997-08-18,Country,5,48.6,46.4,37.0,8.8
1997-08-25,Country,5,55.0,48.6,37.0,9.8
1997-09-01,Country,5,61.2,55.0,36.8,10.8
1997-09-08,Country,5,56.0,41.2,43.0,9.4
1997-09-15,Country,5,56.2,56.0,39.4,10.4
1997-09-22,Country,4,46.75,45.5,27.0,12.25
1997-09-29,Country,4,55.5,33.0,48.0,8.25
1997-10-06,Country,5,56.4,44.4,49.8,7.6
1997-10-13,Country,5,49.8,37.2,48.4,6.0
1997-10-20,Country,6,53.333333333333336,41.5,51.666666666666664,6.0
1997-10-27,Country,6,53.666666666666664,53.333333333333336,50.166666666666664,7.0
1997-11-03,Country,5,45.2,44.4,40.6,9.0
1997-11-10,Country,5,47.8,45.2,40.6,10.0
1997-11-17,Country,6,54.333333333333336,39.833333333333336,48.666666666666664,9.333333333333334
1997-11-24,Country,6,57.0,54.333333333333336,48.666666666666664,10.333333333333334
1997-12-01,Country,8,65.0,42.75,56.375,8.75
1997-12-08,Country,10,68.8,52.0,61.1,8.0
1997-12-15,Country,10,67.2,59.3,57.1,8.6
1997-12-22,Country,10,66.5,57.5,58.5,8.4
1997-12-29,Country,10,63.3,66.5,56.1,9.4
1998-01-05,Country,9,61.22222222222222,59.77777777777778,52.111111111111114,10.88888888888889
1998-01-12,Country,8,66.25,56.375,47.75,12.875
1998-01-19,Country,7,66.57142857142857,61.42857142857143,42.42857142857143,14.857142857142858
1998-01-26,Country,6,67.0,64.0,43.833333333333336,15.0
1998-02-02,Country,5,64.0,41.0,42.4,14.4
1998-02-09,Country,7,66.42857142857143,45.714285714285715,49.285714285714285,11.285714285714286
1998-02-16,Country,7,64.42857142857143,66.42857142857143,46.57142857142857,12.285714285714286
1998-02-23,Country,8,62.875,43.875,53.625,10.5
1998-03-02,Country,8,65.5,62.875,52.125,11.5
1998-03-09,Country,7,58.142857142857146,47.285714285714285,44.285714285714285,12.142857142857142
1998-03-16,Country,8,66.0,50.875,49.375,11.625
1998-03-23,Country,6,54.833333333333336,54.833333333333336,48.166666666666664,11.333333333333334
1998-03-30,Country,7,58.0,47.0,52.714285714285715,10.714285714285714
1998-04-06,Country,7,56.57142857142857,58.0,50.285714285714285,11.714285714285714
1998-04-13,Country,8,55.375,49.5,50.0,11.25
1998-04-20,Country,10,56.2,44.3,52.0,10.0
1998-04-27,Country,11,56.18181818181818,51.09090909090909,51.72727272727273,10.090909090909092
1998-05-04,Country,13,61.15384615384615,47.53846153846154,56.92307692307692,9.538461538461538
1998-05-11,Country,13,56.38461538461539,61.15384615384615,51.84615384615385,10.538461538461538
1998-05-18,Country,14,63.285714285714285,52.357142857142854,54.285714285714285,10.785714285714286
1998-05-25,Country,14,59.857142857142854,63.285714285714285,52.142857142857146,11.785714285714286
1998-06-01,Country,14,64.35714285714286,52.857142857142854,53.42857142857143,11.642857142857142
1998-06-08,Country,13,58.69230769230769,61.61538461538461,51.15384615384615,12.153846153846153
1998-06-15,Country,13,61.46153846153846,58.69230769230769,51.15384615384615,13.153846153846153
1998-06-22,Country,12,58.833333333333336,58.25,48.583333333333336,14.666666666666666
1998-06-29,Country,12,59.166666666666664,50.916666666666664,49.083333333333336,14.833333333333334
1998-07-06,Country,12,61.5,51.166666666666664,50.75,15.0
1998-07-13,Country,13,61.0,56.76923076923077,52.69230769230769,14.846153846153847
1998-07-20,Country,13,62.46153846153846,61.0,51.92307692307692,15.846153846153847
1998-07-27,Country,13,66.92307692307692,49.92307692307692,54.38461538461539,15.153846153846153
1998-08-03,Country,11,61.36363636363637,61.18181818181818,50.45454545454545,16.09090909090909
1998-08-10,Country,11,58.09090909090909,52.54545454545455,46.36363636363637,18.0
1998-08-17,Country,10,54.1,54.3,42.6,19.5
1998-08-24,Country,10,54.2,54.1,42.1,20.5
1998-08-31,Country,9,50.44444444444444,49.44444444444444,40.0,21.666666666666668
1998-09-07,Country,8,55.125,51.375,39.625,22.375
1998-09-14,Country,8,55.75,55.125,39.625,23.375
1998-09-21,Country,8,57.25,55.75,39.25,24.375
1998-09-28,Country,4,35.0,31.75,17.75,35.25
1998-10-05,Country,6,48.666666666666664,23.333333333333332,38.5,24.5
1998-10-12,Country,5,49.6,49.4,45.4,16.6
1998-10-19,Country,5,49.6,49.6,45.4,17.6
1998-10-26,Country,5,50.8,49.6,45.2,18.6
1998-11-02,Country,5,52.0,50.8,45.2,19.6
1998-11-09,Country,4,47.0,42.75,34.5,24.25
1998-11-16,Country,5,57.0,37.6,46.6,20.4
1998-11-23,Country,5,55.8,57.0,46.6,21.4
1998-11-30,Country,24,59.333333333333336,7.541666666666667,59.166666666666664,3.1666666666666665
1998-12-07,Country,28,63.964285714285715,50.857142857142854,60.714285714285715,3.7142857142857144
1998-12-14,Country,28,61.714285714285715,57.357142857142854,56.142857142857146,4.571428571428571
1998-12-21,Country,27,60.51851851851852,60.2962962962963,51.81481481481482,5.62962962962963
1998-12-28,Country,27,61.51851851851852,57.18518518518518,50.18518518518518,6.481481481481482
1999-01-04,Country,22,58.68181818181818,53.90909090909091,47.5,7.590909090909091
1999-01-11,Country,22,56.31818181818182,58.68181818181818,45.95454545454545,8.590909090909092
1999-01-18,Country,26,59.19230769230769,47.65384615384615,48.57692307692308,8.26923076923077
1999-01-25,Country,26,60.03846153846154,59.19230769230769,45.92307692307692,9.26923076923077
1999-02-01,Country,26,62.46153846153846,54.5,46.76923076923077,9.576923076923077
1999-02-08,Country,25,62.2,57.24,47.04,10.16
1999-02-15,Country,23,61.65217391304348,61.21739130434783,44.65217391304348,9.652173913043478
1999-02-22,Country,21,59.714285714285715,49.57142857142857,47.857142857142854,8.80952380952381
1999-03-01,Country,22,61.95454545454545,52.45454545454545,49.77272727272727,8.818181818181818
1999-03-08,Country,20,61.7,51.4,52.55,7.95
1999-03-15,Country,19,60.36842105263158,54.89473684210526,52.36842105263158,8.157894736842104
1999-03-22,Country,19,58.8421052631579,55.473684210526315,51.63157894736842,8.368421052631579
1999-03-29,Country,23,67.21739130434783,45.43478260869565,57.30434782608695,7.913043478260869
1999-04-05,Country,23,65.69565217391305,67.21739130434783,51.78260869565217,8.91304347826087
1999-04-12,Country,21,65.47619047619048,60.57142857142857,52.904761904761905,8.714285714285714
1999-04-19,Country,21,65.42857142857143,60.80952380952381,52.57142857142857,8.80952380952381
1999-04-26,Country,20,59.4,55.85,50.9,8.3
1999-05-03,Country,19,54.36842105263158,53.578947368421055,51.31578947368421,7.631578947368421
1999-05-10,Country,21,56.095238095238095,49.19047619047619,51.904761904761905,7.904761904761905
1999-05-17,Country,20,55.85,49.9,49.8,8.3
1999-05-24,Country,20,55.5,51.2,47.0,8.9
1999-05-31,Country,21,55.904761904761905,48.38095238095238,47.23809523809524,8.80952380952381
1999-06-07,Country,21,55.285714285714285,51.476190476190474,46.0,9.19047619047619
1999-06-14,Country,22,56.22727272727273,44.81818181818182,45.40909090909091,9.363636363636363
1999-06-21,Country,23,56.73913043478261,49.52173913043478,45.47826086956522,9.347826086956522
1999-06-28,Country,22,57.59090909090909,56.04545454545455,44.81818181818182,9.818181818181818
1999-07-05,Country,24,59.375,52.791666666666664,45.625,10.0
1999-07-12,Country,24,59.5,55.375,46.458333333333336,10.166666666666666
1999-07-19,Country,22,59.72727272727273,57.36363636363637,44.5,10.909090909090908
1999-07-26,Country,23,63.391304347826086,53.26086956521739,48.43478260869565,10.565217391304348
1999-08-02,Country,23,64.73913043478261,55.47826086956522,48.47826086956522,10.826086956521738
1999-08-09,Country,21,62.285714285714285,57.666666666666664,50.476190476190474,10.19047619047619
1999-08-16,Country,19,62.68421052631579,58.36842105263158,56.26315789473684,8.68421052631579
1999-08-23,Country,19,61.36842105263158,57.421052631578945,55.36842105263158,9.157894736842104
1999-08-30,Country,19,63.1578947368421,61.36842105263158,53.526315789473685,10.157894736842104
1999-09-06,Country,20,66.35,52.05,53.25,10.35
1999-09-13,Country,20,65.9,56.85,55.9,9.85
1999-09-20,Country,19,64.36842105263158,64.94736842105263,55.05263157894737,10.31578947368421
1999-09-27,Country,20,65.45,56.7,57.2,9.8
1999-10-04,Country,19,63.78947368421053,63.68421052631579,53.31578947368421,10.789473684210526
1999-10-11,Country,22,66.36363636363636,50.54545454545455,56.36363636363637,9.727272727272727
1999-10-18,Country,21,66.23809523809524,60.095238095238095,57.095238095238095,8.761904761904763
1999-10-25,Country,20,64.85,60.2,56.6,8.7
1999-11-01,Country,19,61.68421052631579,58.63157894736842,55.26315789473684,9.105263157894736
1999-11-08,Country,20,62.3,54.25,56.7,8.65
1999-11-15,Country,19,61.10526315789474,55.63157894736842,55.0,8.947368421052632
1999-11-22,Country,18,62.0,57.611111111111114,56.833333333333336,7.777777777777778
1999-11-29,Country,19,63.89473684210526,58.73684210526316,56.1578947368421,8.368421052631579
1999-12-06,Country,16,58.4375,59.375,51.8125,8.875
1999-12-13,Country,16,58.25,52.375,52.75,9.0
1999-12-20,Country,18,60.72222222222222,51.77777777777778,51.77777777777778,10.11111111111111
1999-12-27,Country,18,63.55555555555556,52.611111111111114,54.5,9.444444444444445
2000-01-03,Country,17,66.82352941176471,61.470588235294116,51.294117647058826,10.294117647058824
2000-01-10,Country,16,60.5625,62.75,53.5625,10.5
2000-01-17,Country,16,53.25,54.8125,47.375,11.3125
2000-01-24,Country,21,61.80952380952381,40.57142857142857,53.76190476190476,9.619047619047619
2000-01-31,Country,22,62.13636363636363,55.0,54.13636363636363,9.272727272727273
2000-02-07,Country,20,58.8,58.65,47.65,10.3
2000-02-14,Country,19,58.421052631578945,52.0,47.473684210526315,10.210526315789474
2000-02-21,Country,18,54.833333333333336,56.55555555555556,41.5,11.5
2000-02-28,Country,18,52.94444444444444,40.72222222222222,47.5,9.38888888888889
2000-03-06,Country,21,57.666666666666664,42.19047619047619,51.38095238095238,8.857142857142858
2000-03-13,Country,21,57.857142857142854,49.523809523809526,55.04761904761905,8.095238095238095
2000-03-20,Country,21,56.76190476190476,53.142857142857146,54.19047619047619,8.714285714285714
2000-03-27,Country,23,58.608695652173914,51.82608695652174,54.69565217391305,8.956521739130435
2000-04-03,Country,22,56.77272727272727,53.04545454545455,52.04545454545455,9.818181818181818
2000-04-10,Country,22,54.04545454545455,52.40909090909091,48.63636363636363,10.545454545454545
2000-04-17,Country,22,57.63636363636363,51.86363636363637,50.0,10.727272727272727
2000-04-24,Country,23,59.52173913043478,51.08695652173913,51.91304347826087,10.695652173913043
2000-05-01,Country,23,61.69565217391305,55.56521739130435,53.04347826086956,10.826086956521738
2000-05-08,Country,25,61.72,49.2,54.24,10.32
2000-05-15,Country,24,57.75,60.166666666666664,51.333333333333336,11.0
2000-05-22,Country,24,58.541666666666664,53.75,49.333333333333336,11.666666666666666
2000-05-29,Country,24,59.541666666666664,58.541666666666664,47.791666666666664,12.666666666666666
2000-06-05,Country,26,61.73076923076923,51.42307692307692,49.92307692307692,12.538461538461538
2000-06-12,Country,25,61.72,55.56,50.52,12.36
2000-06-19,Country,25,61.88,54.32,51.12,12.24
2000-06-26,Country,24,61.708333333333336,60.333333333333336,50.291666666666664,12.916666666666666
2000-07-03,Country,23,59.95652173913044,60.04347826086956,48.82608695652174,13.608695652173912
2000-07-10,Country,23,59.78260869565217,55.91304347826087,48.43478260869565,13.782608695652174
2000-07-17,Country,24,62.041666666666664,57.291666666666664,46.916666666666664,15.0
2000-07-24,Country,19,54.94736842105263,55.473684210526315,45.36842105263158,14.842105263157896
2000-07-31,Country,19,54.36842105263158,50.26315789473684,44.36842105263158,14.789473684210526
2000-08-07,Country,20,55.2,47.5,45.45,14.05
2000-08-14,Country,20,56.35,50.55,46.3,14.35
2000-08-21,Country,20,57.65,50.9,49.55,11.6
2000-08-28,Country,20,58.65,52.9,50.3,11.6
2000-09-04,Country,23,60.52173913043478,51.0,52.30434782608695,11.08695652173913
2000-09-11,Country,23,59.78260869565217,56.65217391304348,51.21739130434783,11.217391304347826
2000-09-18,Country,23,60.869565217391305,52.130434782608695,51.130434782608695,11.565217391304348
2000-09-25,Country,22,62.0,55.81818181818182,52.13636363636363,11.272727272727273
2000-10-02,Country,22,63.40909090909091,62.0,50.31818181818182,12.272727272727273
2000-10-09,Country,23,64.3913043478261,60.65217391304348,49.30434782608695,12.73913043478261
2000-10-16,Country,26,64.84615384615384,53.19230769230769,52.65384615384615,11.538461538461538
2000-10-23,Country,24,61.708333333333336,63.333333333333336,50.458333333333336,11.875
2000-10-30,Country,23,60.52173913043478,56.04347826086956,49.65217391304348,12.173913043478262
2000-11-06,Country,22,61.36363636363637,54.40909090909091,52.90909090909091,10.045454545454545
2000-11-13,Country,21,60.57142857142857,53.57142857142857,56.23809523809524,8.952380952380953
2000-11-20,Country,20,58.35,58.6,54.35,9.7
2000-11-27,Country,21,58.04761904761905,55.57142857142857,53.142857142857146,10.238095238095237
2000-12-04,Country,21,60.285714285714285,53.666666666666664,52.76190476190476,10.619047619047619
2000-12-11,Country,22,60.95454545454545,57.54545454545455,52.0,11.136363636363637
2000-12-18,Country,23,61.82608695652174,50.21739130434783,52.08695652173913,10.478260869565217
2000-12-25,Country,24,63.791666666666664,59.25,52.0,11.041666666666666
2001-01-01,Country,21,66.76190476190476,59.333333333333336,50.476190476190474,11.333333333333334
2001-01-08,Country,22,64.22727272727273,59.22727272727273,49.77272727272727,12.590909090909092
2001-01-15,Country,22,63.5,57.63636363636363,51.81818181818182,11.681818181818182
2001-01-22,Country,21,60.38095238095238,49.61904761904762,51.095238095238095,11.047619047619047
2001-01-29,Country,23,63.26086956521739,55.130434782608695,52.69565217391305,11.08695652173913
2001-02-05,Country,21,60.42857142857143,60.476190476190474,48.19047619047619,11.952380952380953
2001-02-12,Country,19,57.05263157894737,57.421052631578945,46.78947368421053,12.368421052631579
2001-02-19,Country,19,56.63157894736842,57.05263157894737,44.526315789473685,13.368421052631579
2001-02-26,Country,18,55.388888888888886,49.44444444444444,43.05555555555556,13.722222222222221
2001-03-05,Country,18,57.166666666666664,42.05555555555556,49.111111111111114,11.38888888888889
2001-03-12,Country,19,57.68421052631579,54.1578947368421,48.31578947368421,11.789473684210526
2001-03-19,Country,19,58.578947368421055,52.473684210526315,46.63157894736842,12.31578947368421
2001-03-26,Country,19,57.73684210526316,53.31578947368421,45.36842105263158,12.578947368421053
2001-04-02,Country,18,54.0,45.333333333333336,45.666666666666664,12.055555555555555
2001-04-09,Country,19,54.473684210526315,51.1578947368421,44.68421052631579,12.421052631578947
2001-04-16,Country,19,54.21052631578947,49.526315789473685,45.473684210526315,12.368421052631579
2001-04-23,Country,22,55.77272727272727,46.81818181818182,47.04545454545455,11.681818181818182
2001-04-30,Country,23,55.47826086956522,53.34782608695652,45.34782608695652,12.173913043478262
2001-05-07,Country,20,50.95,50.5,43.4,12.3
2001-05-14,Country,19,50.63157894736842,50.63157894736842,42.526315789473685,12.894736842105264
2001-05-21,Country,20,50.55,43.6,41.9,13.05
2001-05-28,Country,20,52.5,48.15,44.15,11.25
2001-06-04,Country,19,49.526315789473685,47.10526315789474,44.63157894736842,10.842105263157896
2001-06-11,Country,21,53.523809523809526,41.333333333333336,48.57142857142857,9.857142857142858
2001-06-18,Country,21,51.857142857142854,53.523809523809526,45.42857142857143,10.857142857142858
2001-06-25,Country,22,51.63636363636363,49.5,43.68181818181818,11.363636363636363
2001-07-02,Country,22,52.86363636363637,47.09090909090909,44.68181818181818,11.681818181818182
2001-07-09,Country,22,51.45454545454545,52.86363636363637,42.0,12.681818181818182
2001-07-16,Country,23,54.08695652173913,46.56521739130435,43.869565217391305,12.26086956521739
2001-07-23,Country,22,58.68181818181818,51.09090909090909,46.54545454545455,12.0
2001-07-30,Country,23,62.52173913043478,56.130434782608695,47.69565217391305,12.478260869565217
2001-08-06,Country,23,62.0,60.43478260869565,47.608695652173914,11.391304347826088
2001-08-13,Country,22,59.45454545454545,56.77272727272727,47.31818181818182,11.181818181818182
2001-08-20,Country,21,57.57142857142857,53.285714285714285,47.095238095238095,10.952380952380953
2001-08-27,Country,19,54.0,55.94736842105263,45.10526315789474,11.052631578947368
2001-09-03,Country,17,51.470588235294116,50.1764705882353,40.705882352941174,11.764705882352942
2001-09-10,Country,20,56.45,43.75,44.05,11.0
2001-09-17,Country,18,56.333333333333336,54.611111111111114,42.611111111111114,11.444444444444445
2001-09-24,Country,17,55.94117647058823,48.76470588235294,39.11764705882353,11.529411764705882
2001-10-01,Country,18,58.166666666666664,52.833333333333336,40.22222222222222,11.88888888888889
2001-10-08,Country,17,60.0,54.1764705882353,43.05882352941177,11.235294117647058
2001-10-15,Country,17,61.470588235294116,51.94117647058823,45.88235294117647,10.470588235294118
2001-10-22,Country,18,62.44444444444444,50.72222222222222,50.77777777777778,7.944444444444445
2001-10-29,Country,16,56.625,59.5625,51.0625,7.4375
2001-11-05,Country,16,57.875,56.625,49.5,8.4375
2001-11-12,Country,17,60.05882352941177,54.470588235294116,49.705882352941174,8.941176470588236
2001-11-19,Country,17,60.88235294117647,54.23529411764706,48.35294117647059,9.352941176470589
2001-11-26,Country,18,61.0,57.5,47.611111111111114,9.833333333333334
2001-12-03,Country,19,62.78947368421053,55.0,48.10526315789474,10.31578947368421
2001-12-10,Country,18,59.77777777777778,61.94444444444444,45.22222222222222,10.777777777777779
2001-12-17,Country,17,55.94117647058823,52.05882352941177,43.529411764705884,10.588235294117647
2001-12-24,Country,17,55.8235294117647,55.94117647058823,41.0,11.588235294117647
2001-12-31,Country,15,61.2,51.13333333333333,40.13333333333333,11.733333333333333
2002-01-07,Country,18,58.55555555555556,45.77777777777778,45.77777777777778,10.555555555555555
2002-01-14,Country,19,58.78947368421053,55.473684210526315,45.8421052631579,11.0
2002-01-21,Country,18,57.55555555555556,56.72222222222222,46.111111111111114,11.666666666666666
2002-01-28,Country,17,55.470588235294116,50.294117647058826,46.411764705882355,11.058823529411764
2002-02-04,Country,18,56.05555555555556,47.111111111111114,46.94444444444444,10.61111111111111
2002-02-11,Country,19,57.10526315789474,53.10526315789474,46.05263157894737,11.052631578947368
2002-02-18,Country,21,58.76190476190476,51.666666666666664,47.19047619047619,11.0
2002-02-25,Country,20,58.25,58.0,45.7,11.55
2002-03-04,Country,18,56.166666666666664,55.611111111111114,45.27777777777778,11.61111111111111
2002-03-11,Country,18,58.166666666666664,46.77777777777778,49.611111111111114,10.38888888888889
2002-03-18,Country,17,57.88235294117647,55.94117647058823,47.94117647058823,11.411764705882353
2002-03-25,Country,18,57.72222222222222,54.666666666666664,46.666666666666664,11.777777777777779
2002-04-01,Country,18,54.55555555555556,47.77777777777778,46.77777777777778,11.055555555555555
2002-04-08,Country,17,51.294117647058826,53.294117647058826,44.8235294117647,11.529411764705882
2002-04-15,Country,16,49.0,50.75,42.4375,12.0
2002-04-22,Country,15,47.4,48.46666666666667,39.333333333333336,12.466666666666667
2002-04-29,Country,16,49.5625,44.4375,39.25,12.6875
2002-05-06,Country,16,51.4375,42.3125,43.6875,9.8125
2002-05-13,Country,17,54.64705882352941,48.411764705882355,43.88235294117647,10.235294117647058
2002-05-20,Country,18,57.27777777777778,51.611111111111114,43.77777777777778,10.666666666666666
2002-05-27,Country,18,58.166666666666664,48.55555555555556,47.5,9.444444444444445
2002-06-03,Country,20,61.25,52.35,48.15,9.5
2002-06-10,Country,19,59.31578947368421,54.68421052631579,48.36842105263158,9.421052631578947
2002-06-17,Country,19,59.63157894736842,59.31578947368421,46.73684210526316,10.421052631578947
2002-06-24,Country,18,57.94444444444444,53.0,46.333333333333336,9.777777777777779
2002-07-01,Country,19,58.94736842105263,51.68421052631579,48.10526315789474,9.210526315789474
2002-07-08,Country,17,56.470588235294116,56.411764705882355,47.470588235294116,8.941176470588236
2002-07-15,Country,18,54.666666666666664,47.77777777777778,47.833333333333336,8.88888888888889
2002-07-22,Country,18,54.666666666666664,54.666666666666664,46.05555555555556,9.88888888888889
2002-07-29,Country,16,54.125,52.5,45.5,9.625
2002-08-05,Country,18,58.94444444444444,48.111111111111114,47.111111111111114,9.555555555555555
2002-08-12,Country,18,58.611111111111114,53.94444444444444,44.5,10.333333333333334
2002-08-19,Country,17,58.05882352941177,48.588235294117645,47.588235294117645,8.823529411764707
2002-08-26,Country,17,56.35294117647059,52.23529411764706,45.1764705882353,9.058823529411764
2002-09-02,Country,17,54.23529411764706,50.529411764705884,44.1764705882353,9.058823529411764
2002-09-09,Country,17,51.529411764705884,54.23529411764706,40.529411764705884,10.058823529411764
2002-09-16,Country,15,49.0,46.2,39.13333333333333,10.266666666666667
2002-09-23,Country,17,54.94117647058823,43.23529411764706,40.35294117647059,10.823529411764707
2002-09-30,Country,19,56.68421052631579,44.26315789473684,44.0,9.631578947368421
2002-10-07,Country,19,58.526315789473685,56.68421052631579,41.78947368421053,10.631578947368421
2002-10-14,Country,19,60.78947368421053,58.526315789473685,40.8421052631579,11.631578947368421
2002-10-21,Country,15,58.6,58.0,41.06666666666667,10.933333333333334
2002-10-28,Country,13,52.92307692307692,53.92307692307692,39.69230769230769,10.692307692307692
2002-11-04,Country,15,56.2,45.86666666666667,41.6,10.266666666666667
2002-11-11,Country,16,57.75,52.6875,42.0625,10.625
2002-11-18,Country,15,56.266666666666666,50.333333333333336,44.8,9.666666666666666
2002-11-25,Country,15,58.6,49.93333333333333,45.46666666666667,9.4
2002-12-02,Country,16,59.25,48.8125,46.75,8.875
2002-12-09,Country,15,58.86666666666667,56.53333333333333,42.6,10.133333333333333
2002-12-16,Country,15,57.6,58.86666666666667,40.266666666666666,11.133333333333333
2002-12-23,Country,14,57.785714285714285,50.42857142857143,42.0,10.357142857142858
2002-12-30,Country,13,60.07692307692308,51.23076923076923,45.92307692307692,9.153846153846153
2003-01-06,Country,12,53.416666666666664,56.833333333333336,42.583333333333336,10.5
2003-01-13,Country,14,53.357142857142854,45.785714285714285,45.5,10.0
2003-01-20,Country,16,54.5625,46.6875,46.125,9.75
2003-01-27,Country,16,52.75,54.5625,43.0625,10.75
2003-02-03,Country,17,54.705882352941174,49.64705882352941,43.588235294117645,11.117647058823529
2003-02-10,Country,16,53.625,52.0625,42.625,11.5625
2003-02-17,Country,14,53.5,49.5,46.0,9.928571428571429
2003-02-24,Country,14,53.285714285714285,42.92857142857143,47.714285714285715,8.714285714285714
2003-03-03,Country,14,52.642857142857146,53.285714285714285,45.714285714285715,9.714285714285714
2003-03-10,Country,17,56.294117647058826,37.705882352941174,47.8235294117647,8.117647058823529
2003-03-17,Country,19,60.526315789473685,50.36842105263158,48.36842105263158,8.263157894736842
2003-03-24,Country,16,56.0,50.875,45.1875,8.0625
2003-03-31,Country,17,57.94117647058823,47.8235294117647,47.35294117647059,7.411764705882353
2003-04-07,Country,16,57.3125,58.6875,46.0625,7.625
2003-04-14,Country,16,55.1875,51.1875,44.625,8.3125
2003-04-21,Country,15,51.6,46.333333333333336,47.266666666666666,7.4
2003-04-28,Country,15,50.6,51.6,43.8,8.4
2003-05-05,Country,15,52.266666666666666,50.6,42.93333333333333,9.4
2003-05-12,Country,15,54.93333333333333,52.266666666666666,41.86666666666667,10.4
2003-05-19,Country,16,54.3125,46.1875,44.3125,9.5
2003-05-26,Country,18,55.166666666666664,48.27777777777778,44.5,9.444444444444445
2003-06-02,Country,18,54.666666666666664,55.166666666666664,41.388888888888886,10.444444444444445
2003-06-09,Country,18,59.166666666666664,50.5,42.44444444444444,10.333333333333334
2003-06-16,Country,20,62.9,53.25,44.85,10.3
2003-06-23,Country,21,66.38095238095238,55.57142857142857,47.523809523809526,9.857142857142858
2003-06-30,Country,23,66.52173913043478,60.608695652173914,46.43478260869565,10.0
2003-07-07,Country,24,66.70833333333333,59.958333333333336,48.458333333333336,9.75
2003-07-14,Country,24,64.20833333333333,62.666666666666664,48.25,9.916666666666666
2003-07-21,Country,22,62.18181818181818,61.13636363636363,46.27272727272727,10.090909090909092
2003-07-28,Country,21,60.857142857142854,60.666666666666664,44.523809523809526,10.619047619047619
2003-08-04,Country,20,58.55,51.35,44.85,9.9
2003-08-11,Country,20,55.65,49.15,45.4,9.3
2003-08-18,Country,22,57.45454545454545,42.63636363636363,52.18181818181818,7.636363636363637
2003-08-25,Country,22,56.04545454545455,53.5,50.09090909090909,8.272727272727273
2003-09-01,Country,22,57.22727272727273,51.77272727272727,50.18181818181818,8.636363636363637
2003-09-08,Country,21,56.23809523809524,55.42857142857143,49.0,9.095238095238095
2003-09-15,Country,19,55.68421052631579,54.73684210526316,48.10526315789474,9.631578947368421
2003-09-22,Country,18,53.388888888888886,53.22222222222222,45.55555555555556,10.555555555555555
2003-09-29,Country,20,54.55,48.05,46.85,10.5
2003-10-06,Country,20,54.35,54.55,44.65,11.5
2003-10-13,Country,18,56.5,51.55555555555556,44.77777777777778,11.944444444444445
2003-10-20,Country,18,59.72222222222222,56.5,43.5,12.944444444444445
2003-10-27,Country,17,59.88235294117647,49.23529411764706,45.588235294117645,11.588235294117647
2003-11-03,Country,17,60.23529411764706,46.470588235294116,51.64705882352941,9.470588235294118
2003-11-10,Country,15,58.06666666666667,58.86666666666667,52.13333333333333,9.066666666666666
2003-11-17,Country,16,60.9375,54.4375,53.0,9.5
2003-11-24,Country,16,59.625,56.25,52.6875,9.25
2003-12-01,Country,15,56.53333333333333,57.46666666666667,49.2,9.866666666666667
2003-12-08,Country,19,61.526315789473685,44.63157894736842,53.36842105263158,8.789473684210526
2003-12-15,Country,20,62.75,58.45,52.5,9.35
2003-12-22,Country,20,64.1,57.75,52.1,9.35
2003-12-29,Country,18,63.166666666666664,62.05555555555556,48.94444444444444,9.944444444444445
2004-01-05,Country,15,66.2,58.2,48.266666666666666,10.0
2004-01-12,Country,16,62.5625,56.5625,52.0,9.375
2004-01-19,Country,18,61.166666666666664,47.22222222222222,54.833333333333336,7.611111111111111
2004-01-26,Country,18,61.888888888888886,61.166666666666664,53.5,8.61111111111111
2004-02-02,Country,18,62.5,57.05555555555556,53.44444444444444,8.833333333333334
2004-02-09,Country,17,58.76470588235294,49.588235294117645,52.05882352941177,8.058823529411764
2004-02-16,Country,18,58.27777777777778,50.388888888888886,51.111111111111114,8.38888888888889
2004-02-23,Country,19,59.578947368421055,55.21052631578947,51.78947368421053,8.947368421052632
2004-03-01,Country,20,59.95,56.6,51.6,9.5
2004-03-08,Country,20,60.2,59.95,49.8,10.5
2004-03-15,Country,20,58.4,55.2,48.35,10.7
2004-03-22,Country,17,56.294117647058826,54.294117647058826,48.588235294117645,10.058823529411764
2004-03-29,Country,19,60.8421052631579,50.36842105263158,49.8421052631579,10.0
2004-04-05,Country,22,64.77272727272727,52.54545454545455,51.95454545454545,9.636363636363637
2004-04-12,Country,24,64.45833333333333,59.375,51.666666666666664,9.833333333333334
2004-04-19,Country,23,62.869565217391305,62.91304347826087,47.95652173913044,10.478260869565217
2004-04-26,Country,21,62.19047619047619,49.61904761904762,52.0,8.523809523809524
2004-05-03,Country,20,59.5,51.5,54.05,7.4
2004-05-10,Country,18,58.166666666666664,57.77777777777778,52.44444444444444,7.555555555555555
2004-05-17,Country,17,55.11764705882353,51.1764705882353,49.64705882352941,8.294117647058824
2004-05-24,Country,17,56.529411764705884,55.11764705882353,48.588235294117645,9.294117647058824
2004-05-31,Country,16,56.8125,54.0625,47.375,9.6875
2004-06-07,Country,19,61.31578947368421,47.8421052631579,50.36842105263158,9.157894736842104
2004-06-14,Country,20,61.85,58.25,48.9,9.7
2004-06-21,Country,18,57.666666666666664,53.05555555555556,45.5,9.833333333333334
2004-06-28,Country,18,58.72222222222222,53.94444444444444,46.27777777777778,9.722222222222221
2004-07-05,Country,17,59.76470588235294,49.23529411764706,50.0,8.529411764705882
2004-07-12,Country,16,59.4375,52.5,48.5,8.5
2004-07-19,Country,17,62.23529411764706,50.470588235294116,50.470588235294116,8.705882352941176
2004-07-26,Country,19,64.78947368421052,55.68421052631579,50.578947368421055,8.789473684210526
2004-08-02,Country,21,64.76190476190476,54.80952380952381,53.19047619047619,8.0
2004-08-09,Country,22,63.45454545454545,61.81818181818182,51.18181818181818,8.636363636363637
2004-08-16,Country,24,62.291666666666664,58.166666666666664,50.583333333333336,8.916666666666666
2004-08-23,Country,24,62.083333333333336,55.75,52.166666666666664,8.25
2004-08-30,Country,22,59.40909090909091,55.5,49.68181818181818,7.954545454545454
2004-09-06,Country,21,59.142857142857146,57.523809523809526,48.95238095238095,8.476190476190476
2004-09-13,Country,22,59.31818181818182,52.04545454545455,50.04545454545455,8.181818181818182
2004-09-20,Country,22,63.54545454545455,59.31818181818182,49.72727272727273,9.181818181818182
2004-09-27,Country,21,63.04761904761905,62.23809523809524,48.285714285714285,10.19047619047619
2004-10-04,Country,18,59.5,57.05555555555556,46.111111111111114,10.5
2004-10-11,Country,19,60.31578947368421,51.21052631578947,47.63157894736842,10.105263157894736
2004-10-18,Country,19,58.68421052631579,51.0,47.68421052631579,9.368421052631579
2004-10-25,Country,19,58.21052631578947,51.31578947368421,48.73684210526316,8.263157894736842
2004-11-01,Country,19,59.473684210526315,52.94736842105263,48.578947368421055,8.578947368421053
2004-11-08,Country,21,60.23809523809524,53.80952380952381,48.42857142857143,8.761904761904763
2004-11-15,Country,19,56.10526315789474,56.526315789473685,45.421052631578945,9.157894736842104
2004-11-22,Country,17,54.411764705882355,51.23529411764706,41.11764705882353,10.176470588235293
2004-11-29,Country,19,56.63157894736842,43.421052631578945,45.1578947368421,9.210526315789474
2004-12-06,Country,19,55.8421052631579,47.421052631578945,46.36842105263158,8.368421052631579
2004-12-13,Country,21,58.38095238095238,50.523809523809526,47.38095238095238,8.571428571428571
2004-12-20,Country,20,57.9,57.7,46.75,9.0
2004-12-27,Country,20,58.2,53.05,47.75,9.0
2005-01-03,Country,20,63.85,58.2,47.75,10.0
2005-01-10,Country,19,57.73684210526316,62.05263157894737,46.94736842105263,10.473684210526315
2005-01-17,Country,19,54.31578947368421,53.31578947368421,45.68421052631579,10.421052631578947
2005-01-24,Country,21,56.76190476190476,49.142857142857146,45.95238095238095,10.428571428571429
2005-01-31,Country,21,57.714285714285715,50.19047619047619,48.38095238095238,9.523809523809524
2005-02-07,Country,21,63.904761904761905,45.61904761904762,53.476190476190474,8.285714285714286
2005-02-14,Country,22,66.27272727272727,56.59090909090909,55.22727272727273,8.590909090909092
2005-02-21,Country,22,67.5909090909091,58.22727272727273,56.72727272727273,9.045454545454545
2005-02-28,Country,20,65.6,64.4,54.7,9.95
2005-03-07,Country,22,67.81818181818181,55.95454545454545,57.13636363636363,9.590909090909092
2005-03-14,Country,22,68.0,64.54545454545455,57.54545454545455,9.681818181818182
2005-03-21,Country,23,70.8695652173913,56.869565217391305,62.17391304347826,8.73913043478261
2005-03-28,Country,20,69.85,70.55,63.4,8.65
2005-04-04,Country,20,71.25,69.85,62.45,9.65
2005-04-11,Country,19,74.0,70.26315789473684,61.89473684210526,10.578947368421053
2005-04-18,Country,19,74.15789473684211,64.94736842105263,67.26315789473684,9.473684210526315
2005-04-25,Country,19,74.0,66.21052631578948,69.26315789473684,8.736842105263158
2005-05-02,Country,17,74.29411764705883,68.47058823529412,68.52941176470588,8.705882352941176
2005-05-09,Country,17,74.11764705882354,74.29411764705883,66.47058823529412,9.705882352941176
2005-05-16,Country,16,73.375,67.625,64.5625,10.375
2005-05-23,Country,16,75.0625,67.625,63.4375,10.8125
2005-05-30,Country,16,75.0625,57.875,65.5625,9.5
2005-06-06,Country,18,75.5,61.611111111111114,66.83333333333333,8.333333333333334
2005-06-13,Country,17,74.23529411764706,74.76470588235294,62.529411764705884,8.941176470588236
2005-06-20,Country,15,66.73333333333333,66.86666666666666,60.4,8.933333333333334
2005-06-27,Country,17,62.0,53.0,58.76470588235294,7.705882352941177
2005-07-04,Country,18,65.88888888888889,49.05555555555556,63.77777777777778,6.333333333333333
2005-07-11,Country,19,66.15789473684211,60.0,64.84210526315789,5.7894736842105265
2005-07-18,Country,18,64.61111111111111,64.33333333333333,61.5,7.0
2005-07-25,Country,17,63.470588235294116,58.23529411764706,59.470588235294116,7.470588235294118
2005-08-01,Country,19,68.52631578947368,51.89473684210526,62.10526315789474,7.473684210526316
2005-08-08,Country,17,66.41176470588235,60.64705882352941,58.64705882352941,8.176470588235293
2005-08-15,Country,18,69.38888888888889,57.833333333333336,61.611111111111114,7.833333333333333
2005-08-22,Country,17,67.76470588235294,67.88235294117646,59.529411764705884,8.588235294117647
2005-08-29,Country,19,68.78947368421052,60.63157894736842,59.473684210526315,8.68421052631579
2005-09-05,Country,19,68.05263157894737,64.73684210526316,59.26315789473684,8.631578947368421
2005-09-12,Country,19,66.57894736842105,68.05263157894737,55.473684210526315,9.631578947368421
2005-09-19,Country,20,64.6,54.9,58.15,8.55
2005-09-26,Country,18,62.94444444444444,62.44444444444444,54.888888888888886,9.277777777777779
2005-10-03,Country,20,68.55,52.95,59.5,8.35
2005-10-10,Country,21,68.42857142857143,61.333333333333336,58.57142857142857,8.523809523809524
2005-10-17,Country,22,71.36363636363636,62.31818181818182,61.09090909090909,8.227272727272727
2005-10-24,Country,22,69.5909090909091,63.22727272727273,61.77272727272727,7.545454545454546
2005-10-31,Country,21,65.47619047619048,59.38095238095238,61.76190476190476,7.476190476190476
2005-11-07,Country,21,62.904761904761905,61.523809523809526,57.76190476190476,7.904761904761905
2005-11-14,Country,22,61.68181818181818,60.04545454545455,55.0,8.545454545454545
2005-11-21,Country,20,63.95,59.25,55.55,8.55
2005-11-28,Country,25,66.36,51.16,59.64,7.84
2005-12-05,Country,22,63.81818181818182,63.18181818181818,56.95454545454545,8.363636363636363
2005-12-12,Country,21,61.76190476190476,57.61904761904762,55.23809523809524,8.761904761904763
2005-12-19,Country,21,65.0952380952381,53.476190476190474,57.23809523809524,8.761904761904763
2005-12-26,Country,22,67.45454545454545,54.31818181818182,61.18181818181818,8.0
2006-01-02,Country,20,70.25,60.45,57.55,9.6
2006-01-09,Country,18,68.72222222222223,57.5,51.72222222222222,11.555555555555555
2006-01-16,Country,22,70.86363636363636,47.90909090909091,59.13636363636363,10.5
2006-01-23,Country,23,70.91304347826087,59.869565217391305,62.82608695652174,9.434782608695652
2006-01-30,Country,20,70.75,67.7,61.9,10.25
2006-02-06,Country,18,70.22222222222223,69.38888888888889,61.77777777777778,10.5
2006-02-13,Country,20,69.35,63.2,62.35,10.5
2006-02-20,Country,19,64.3157894736842,68.10526315789474,59.526315789473685,11.052631578947368
2006-02-27,Country,19,65.36842105263158,61.68421052631579,58.0,10.947368421052632
2006-03-06,Country,16,64.9375,64.75,56.5,11.875
2006-03-13,Country,15,61.86666666666667,56.6,57.06666666666667,11.066666666666666
2006-03-20,Country,16,66.75,49.1875,63.5625,9.125
2006-03-27,Country,17,64.11764705882354,62.8235294117647,60.411764705882355,9.588235294117647
2006-04-03,Country,18,65.55555555555556,60.55555555555556,59.666666666666664,10.055555555555555
2006-04-10,Country,19,66.15789473684211,56.89473684210526,59.63157894736842,9.68421052631579
2006-04-17,Country,18,63.111111111111114,60.833333333333336,57.611111111111114,9.444444444444445
2006-04-24,Country,20,65.6,56.8,58.25,9.5
2006-05-01,Country,20,69.35,58.6,62.2,8.5
2006-05-08,Country,21,71.95238095238095,66.04761904761905,61.714285714285715,9.095238095238095
2006-05-15,Country,18,68.16666666666667,66.33333333333333,62.111111111111114,7.5
2006-05-22,Country,18,65.44444444444444,62.72222222222222,61.166666666666664,7.555555555555555
2006-05-29,Country,21,70.9047619047619,56.095238095238095,64.66666666666667,7.476190476190476
2006-06-05,Country,21,66.66666666666667,62.095238095238095,62.285714285714285,7.095238095238095
2006-06-12,Country,21,65.23809523809524,62.476190476190474,59.523809523809526,7.761904761904762
2006-06-19,Country,21,64.95238095238095,60.476190476190474,58.61904761904762,8.142857142857142
2006-06-26,Country,21,65.28571428571429,60.476190476190474,58.04761904761905,8.952380952380953
2006-07-03,Country,22,67.27272727272727,62.31818181818182,57.77272727272727,9.545454545454545
2006-07-10,Country,23,70.21739130434783,60.0,60.17391304347826,9.434782608695652
2006-07-17,Country,23,69.34782608695652,62.130434782608695,58.82608695652174,9.608695652173912
2006-07-24,Country,23,69.21739130434783,65.08695652173913,58.391304347826086,9.826086956521738
2006-07-31,Country,21,65.28571428571429,58.0,59.142857142857146,9.571428571428571
2006-08-07,Country,21,67.42857142857143,65.28571428571429,57.714285714285715,10.571428571428571
2006-08-14,Country,20,67.35,61.1,57.75,11.2
2006-08-21,Country,21,69.23809523809524,59.38095238095238,56.95238095238095,11.523809523809524
2006-08-28,Country,17,66.05882352941177,64.0,54.470588235294116,11.529411764705882
2006-09-04,Country,18,67.72222222222223,57.666666666666664,56.0,11.0
2006-09-11,Country,17,65.29411764705883,51.705882352941174,59.23529411764706,9.058823529411764
2006-09-18,Country,16,64.5,58.0,57.625,9.25
2006-09-25,Country,16,65.625,58.8125,56.0,10.0625
2006-10-02,Country,17,61.11764705882353,56.1764705882353,52.94117647058823,9.882352941176471
2006-10-09,Country,16,58.0,59.25,49.1875,10.375
2006-10-16,Country,16,56.875,53.3125,48.75,10.125
2006-10-23,Country,18,63.611111111111114,42.27777777777778,57.333333333333336,8.333333333333334
2006-10-30,Country,18,62.27777777777778,63.611111111111114,54.27777777777778,9.333333333333334
2006-11-06,Country,17,61.94117647058823,60.64705882352941,51.294117647058826,10.588235294117647
2006-11-13,Country,20,63.95,47.95,57.75,9.0
2006-11-20,Country,18,53.44444444444444,60.22222222222222,47.72222222222222,10.88888888888889
2006-11-27,Country,17,55.8235294117647,53.76470588235294,46.411764705882355,11.352941176470589
2006-12-04,Country,16,54.6875,53.5625,42.1875,12.6875
2006-12-11,Country,16,56.6875,49.3125,43.875,12.6875
2006-12-18,Country,19,65.36842105263158,43.1578947368421,54.73684210526316,11.0
2006-12-25,Country,17,62.76470588235294,62.294117647058826,53.11764705882353,11.529411764705882
2007-01-01,Country,15,61.86666666666667,58.06666666666667,45.733333333333334,13.733333333333333
2007-01-08,Country,15,61.8,55.86666666666667,48.266666666666666,13.4
2007-01-15,Country,16,61.1875,57.9375,48.875,13.75
2007-01-22,Country,16,62.0,55.5625,49.625,13.9375
2007-01-29,Country,16,63.4375,55.75,51.9375,13.8125
2007-02-05,Country,16,68.8125,57.5,60.3125,10.375
2007-02-12,Country,19,75.42105263157895,48.89473684210526,68.15789473684211,8.526315789473685
2007-02-19,Country,16,70.5625,73.5625,65.375,9.5
2007-02-26,Country,17,70.94117647058823,61.529411764705884,64.29411764705883,9.294117647058824
2007-03-05,Country,17,73.05882352941177,67.70588235294117,65.88235294117646,9.117647058823529
2007-03-12,Country,17,74.29411764705883,67.94117647058823,66.23529411764706,8.941176470588236
2007-03-19,Country,18,71.72222222222223,70.16666666666667,63.888888888888886,9.444444444444445
2007-03-26,Country,16,69.125,69.375,61.9375,9.625
2007-04-02,Country,16,71.0,58.75,65.6875,8.625
2007-04-09,Country,18,63.27777777777778,58.0,58.611111111111114,8.222222222222221
2007-04-16,Country,18,65.16666666666667,58.05555555555556,58.833333333333336,9.11111111111111
2007-04-23,Country,18,65.33333333333333,65.16666666666667,56.666666666666664,10.11111111111111
2007-04-30,Country,25,69.48,47.04,63.16,8.28
2007-05-07,Country,21,66.28571428571429,65.38095238095238,60.476190476190474,8.333333333333334
2007-05-14,Country,20,64.8,64.7,56.9,9.65
2007-05-21,Country,21,68.76190476190476,61.714285714285715,57.76190476190476,10.19047619047619
2007-05-28,Country,21,68.19047619047619,64.57142857142857,57.23809523809524,10.619047619047619
2007-06-04,Country,19,69.89473684210526,65.94736842105263,58.05263157894737,11.0
2007-06-11,Country,19,68.6842105263158,64.63157894736842,56.68421052631579,11.68421052631579
2007-06-18,Country,19,72.05263157894737,59.68421052631579,59.10526315789474,10.894736842105264
2007-06-25,Country,19,72.10526315789474,66.89473684210526,60.8421052631579,11.947368421052632
2007-07-02,Country,18,68.44444444444444,61.0,60.55555555555556,10.88888888888889
2007-07-09,Country,18,68.33333333333333,68.44444444444444,57.111111111111114,11.88888888888889
2007-07-16,Country,19,70.42105263157895,54.578947368421055,62.68421052631579,11.105263157894736
2007-07-23,Country,19,72.10526315789474,70.42105263157895,61.78947368421053,12.105263157894736
2007-07-30,Country,20,74.5,63.55,62.3,12.4
2007-08-06,Country,22,70.27272727272727,64.0909090909091,62.40909090909091,11.363636363636363
2007-08-13,Country,23,71.95652173913044,62.95652173913044,61.52173913043478,11.478260869565217
2007-08-20,Country,19,69.15789473684211,64.89473684210526,59.421052631578945,10.947368421052632
2007-08-27,Country,17,68.82352941176471,60.05882352941177,60.35294117647059,10.470588235294118
2007-09-03,Country,16,69.75,67.0625,58.375,10.875
2007-09-10,Country,15,59.53333333333333,61.93333333333333,50.733333333333334,11.0
2007-09-17,Country,16,61.5,43.9375,56.0625,9.0625
2007-09-24,Country,16,60.3125,56.6875,53.3125,9.4375
2007-10-01,Country,17,62.0,56.76470588235294,53.88235294117647,9.882352941176471
2007-10-08,Country,18,64.11111111111111,58.55555555555556,53.888888888888886,10.333333333333334
2007-10-15,Country,20,68.5,57.7,57.55,10.3
2007-10-22,Country,23,70.1304347826087,59.56521739130435,59.04347826086956,10.08695652173913
2007-10-29,Country,23,69.52173913043478,70.1304347826087,56.43478260869565,11.08695652173913
2007-11-05,Country,25,68.8,60.32,58.24,10.4
2007-11-12,Country,24,68.375,67.70833333333333,56.541666666666664,11.291666666666666
2007-11-19,Country,21,61.714285714285715,64.28571428571429,52.666666666666664,12.142857142857142
2007-11-26,Country,22,63.72727272727273,54.77272727272727,53.68181818181818,12.227272727272727
2007-12-03,Country,21,65.52380952380952,60.23809523809524,56.57142857142857,9.952380952380953
2007-12-10,Country,22,66.0,62.54545454545455,56.04545454545455,10.5
2007-12-17,Country,21,68.76190476190476,65.14285714285714,56.19047619047619,11.047619047619047
2007-12-24,Country,19,72.0,66.57894736842105,58.73684210526316,11.210526315789474
2007-12-31,Country,16,76.125,68.375,59.5625,11.4375
2008-01-07,Country,16,73.5,69.9375,56.3125,12.625
2008-01-14,Country,16,68.8125,63.9375,60.6875,11.3125
2008-01-21,Country,17,66.23529411764706,59.0,61.23529411764706,10.588235294117647
2008-01-28,Country,20,70.2,56.3,64.55,10.0
2008-02-04,Country,18,70.05555555555556,69.77777777777777,65.16666666666667,9.88888888888889
2008-02-11,Country,18,68.16666666666667,64.55555555555556,64.27777777777777,9.777777777777779
2008-02-18,Country,19,69.3157894736842,64.57894736842105,63.78947368421053,10.263157894736842
2008-02-25,Country,16,64.4375,64.5625,58.5,11.375
2008-03-03,Country,19,67.05263157894737,49.526315789473685,62.26315789473684,9.526315789473685
2008-03-10,Country,17,65.47058823529412,68.17647058823529,61.88235294117647,9.117647058823529
2008-03-17,Country,18,65.0,61.833333333333336,61.05555555555556,9.61111111111111
2008-03-24,Country,17,65.23529411764706,54.76470588235294,61.64705882352941,8.764705882352942
2008-03-31,Country,17,64.3529411764706,65.23529411764706,58.35294117647059,9.764705882352942
2008-04-07,Country,17,65.52941176470588,64.3529411764706,55.470588235294116,10.764705882352942
2008-04-14,Country,18,65.22222222222223,42.388888888888886,61.0,7.333333333333333
2008-04-21,Country,19,66.57894736842105,53.21052631578947,62.10526315789474,6.894736842105263
2008-04-28,Country,18,61.0,65.05555555555556,56.111111111111114,7.833333333333333
2008-05-05,Country,18,59.77777777777778,61.0,52.94444444444444,8.833333333333334
2008-05-12,Country,19,62.21052631578947,56.63157894736842,53.36842105263158,9.368421052631579
2008-05-19,Country,17,60.23529411764706,52.294117647058826,49.529411764705884,10.176470588235293
2008-05-26,Country,18,61.55555555555556,56.888888888888886,49.77777777777778,10.666666666666666
2008-06-02,Country,18,64.83333333333333,51.888888888888886,53.166666666666664,9.444444444444445
2008-06-09,Country,19,65.21052631578948,57.578947368421055,55.05263157894737,9.894736842105264
2008-06-16,Country,18,64.5,63.5,53.666666666666664,10.333333333333334
2008-06-23,Country,19,64.94736842105263,61.10526315789474,54.21052631578947,10.789473684210526
2008-06-30,Country,17,67.0,48.1764705882353,56.23529411764706,10.117647058823529
2008-07-07,Country,18,60.72222222222222,57.77777777777778,48.27777777777778,10.222222222222221
2008-07-14,Country,21,64.85714285714286,52.04761904761905,52.095238095238095,10.238095238095237
2008-07-21,Country,24,70.33333333333333,46.583333333333336,62.75,7.583333333333333
2008-07-28,Country,22,70.18181818181819,64.77272727272727,61.77272727272727,8.181818181818182
2008-08-04,Country,21,69.61904761904762,68.80952380952381,57.80952380952381,9.476190476190476
2008-08-11,Country,20,69.5,64.3,57.45,9.55
2008-08-18,Country,19,66.3157894736842,60.36842105263158,58.421052631578945,7.842105263157895
2008-08-25,Country,17,61.0,58.05882352941177,49.76470588235294,9.058823529411764
2008-09-01,Country,16,64.0,59.1875,50.6875,9.375
2008-09-08,Country,14,55.785714285714285,60.357142857142854,46.785714285714285,9.357142857142858
2008-09-15,Country,14,56.92857142857143,49.07142857142857,48.5,9.142857142857142
2008-09-22,Country,15,63.53333333333333,53.13333333333333,51.6,9.533333333333333
2008-09-29,Country,16,66.875,59.5625,51.75,9.9375
2008-10-06,Country,16,67.1875,61.0,54.1875,9.6875
2008-10-13,Country,19,71.52631578947368,51.63157894736842,59.526315789473685,8.473684210526315
2008-10-20,Country,19,68.63157894736842,67.15789473684211,59.36842105263158,8.631578947368421
2008-10-27,Country,19,69.15789473684211,63.68421052631579,58.89473684210526,8.736842105263158
2008-11-03,Country,18,68.83333333333333,57.5,62.5,7.5
2008-11-10,Country,18,65.88888888888889,63.388888888888886,59.27777777777778,8.277777777777779
2008-11-17,Country,17,67.6470588235294,64.29411764705883,57.529411764705884,9.235294117647058
2008-11-24,Country,20,69.05,57.5,59.5,8.85
2008-12-01,Country,21,67.71428571428571,61.476190476190474,57.333333333333336,9.380952380952381
2008-12-08,Country,17,67.6470588235294,65.70588235294117,58.76470588235294,8.588235294117647
2008-12-15,Country,18,65.22222222222223,58.55555555555556,59.55555555555556,8.0
2008-12-22,Country,18,64.77777777777777,65.22222222222223,56.111111111111114,9.0
2008-12-29,Country,18,67.61111111111111,59.388888888888886,57.166666666666664,9.5
2009-01-05,Country,12,70.91666666666667,57.083333333333336,52.416666666666664,10.0
2009-01-12,Country,14,65.85714285714286,60.785714285714285,53.92857142857143,11.142857142857142
2009-01-19,Country,14,58.642857142857146,59.142857142857146,53.857142857142854,10.785714285714286
2009-01-26,Country,16,60.8125,51.3125,55.75,10.4375
2009-02-02,Country,18,66.5,54.05555555555556,58.94444444444444,10.333333333333334
2009-02-09,Country,18,66.11111111111111,61.22222222222222,58.77777777777778,10.38888888888889
2009-02-16,Country,15,61.666666666666664,61.6,57.13333333333333,10.866666666666667
2009-02-23,Country,17,67.76470588235294,54.411764705882355,60.8235294117647,10.588235294117647
2009-03-02,Country,18,65.0,64.0,58.611111111111114,11.0
2009-03-09,Country,21,66.95238095238095,55.714285714285715,59.57142857142857,10.428571428571429
2009-03-16,Country,22,66.45454545454545,61.63636363636363,59.40909090909091,10.0
2009-03-23,Country,20,62.95,53.3,59.85,7.4
2009-03-30,Country,21,65.04761904761905,51.285714285714285,56.42857142857143,7.523809523809524
2009-04-06,Country,21,69.19047619047619,60.57142857142857,55.857142857142854,8.476190476190476
2009-04-13,Country,19,66.10526315789474,64.0,54.78947368421053,8.210526315789474
2009-04-20,Country,22,66.9090909090909,49.04545454545455,60.86363636363637,6.454545454545454
2009-04-27,Country,21,67.04761904761905,61.61904761904762,58.42857142857143,7.571428571428571
2009-05-04,Country,19,62.578947368421055,64.36842105263158,52.21052631578947,8.526315789473685
2009-05-11,Country,19,59.421052631578945,52.578947368421055,52.36842105263158,7.894736842105263
2009-05-18,Country,19,59.578947368421055,59.421052631578945,50.05263157894737,8.894736842105264
2009-05-25,Country,19,60.68421052631579,54.578947368421055,49.78947368421053,9.105263157894736
2009-06-01,Country,18,62.0,59.166666666666664,48.27777777777778,9.5
2009-06-08,Country,22,62.72727272727273,50.72727272727273,52.13636363636363,8.772727272727273
2009-06-15,Country,21,59.333333333333336,59.142857142857146,48.285714285714285,8.714285714285714
2009-06-22,Country,23,62.869565217391305,54.17391304347826,50.43478260869565,8.956521739130435
2009-06-29,Country,21,61.04761904761905,59.76190476190476,51.904761904761905,9.19047619047619
2009-07-06,Country,22,62.09090909090909,53.86363636363637,53.09090909090909,9.272727272727273
2009-07-13,Country,23,65.52173913043478,59.391304347826086,53.47826086956522,9.869565217391305
2009-07-20,Country,19,62.73684210526316,59.68421052631579,51.8421052631579,9.789473684210526
2009-07-27,Country,19,63.1578947368421,62.73684210526316,50.31578947368421,10.789473684210526
2009-08-03,Country,20,62.9,55.35,53.85,10.3
2009-08-10,Country,21,65.61904761904762,50.38095238095238,58.80952380952381,8.476190476190476
2009-08-17,Country,19,61.10526315789474,59.31578947368421,54.36842105263158,9.210526315789474
2009-08-24,Country,20,64.05,58.05,54.45,9.75
2009-08-31,Country,21,63.04761904761905,57.142857142857146,56.095238095238095,9.333333333333334
2009-09-07,Country,20,58.6,57.25,51.3,9.75
2009-09-14,Country,21,60.714285714285715,51.42857142857143,54.38095238095238,9.380952380952381
2009-09-21,Country,20,62.65,59.1,52.55,10.1
2009-09-28,Country,17,63.0,53.470588235294116,52.705882352941174,10.411764705882353
2009-10-05,Country,19,62.89473684210526,56.36842105263158,51.89473684210526,10.31578947368421
2009-10-12,Country,19,64.3157894736842,53.68421052631579,55.78947368421053,9.31578947368421
2009-10-19,Country,17,60.64705882352941,55.11764705882353,55.35294117647059,8.470588235294118
2009-10-26,Country,18,60.833333333333336,52.55555555555556,56.611111111111114,8.11111111111111
2009-11-02,Country,19,60.31578947368421,50.0,56.68421052631579,7.578947368421052
2009-11-09,Country,16,60.0625,50.625,52.625,8.4375
2009-11-16,Country,18,63.72222222222222,48.55555555555556,54.77777777777778,8.5
2009-11-23,Country,18,58.22222222222222,58.27777777777778,50.05555555555556,8.88888888888889
2009-11-30,Country,17,58.8235294117647,56.0,49.05882352941177,9.470588235294118
2009-12-07,Country,17,60.64705882352941,48.705882352941174,54.470588235294116,8.411764705882353
2009-12-14,Country,19,63.10526315789474,54.26315789473684,55.73684210526316,8.526315789473685
2009-12-21,Country,17,64.94117647058823,57.64705882352941,58.11764705882353,8.294117647058824
2009-12-28,Country,16,64.3125,62.75,54.375,9.75
2010-01-04,Country,13,65.53846153846153,52.0,49.46153846153846,10.76923076923077
2010-01-11,Country,17,69.11764705882354,44.529411764705884,57.05882352941177,10.176470588235293
2010-01-18,Country,17,70.82352941176471,63.588235294117645,60.76470588235294,10.0
2010-01-25,Country,17,70.17647058823529,66.0,61.1764705882353,10.058823529411764
2010-02-01,Country,16,72.9375,69.9375,62.0625,10.4375
2010-02-08,Country,17,70.47058823529412,68.6470588235294,60.1764705882353,10.823529411764707
2010-02-15,Country,14,69.14285714285714,67.42857142857143,58.5,11.714285714285714
2010-02-22,Country,15,70.33333333333333,58.266666666666666,61.93333333333333,10.733333333333333
2010-03-01,Country,13,66.07692307692308,66.84615384615384,56.69230769230769,11.76923076923077
2010-03-08,Country,15,68.86666666666666,50.733333333333334,62.733333333333334,10.066666666666666
2010-03-15,Country,17,71.23529411764706,45.705882352941174,66.88235294117646,7.882352941176471
2010-03-22,Country,16,67.375,70.5625,60.9375,9.3125
2010-03-29,Country,15,67.26666666666667,66.33333333333333,59.266666666666666,9.6
2010-04-05,Country,17,70.05882352941177,49.05882352941177,65.29411764705883,7.411764705882353
2010-04-12,Country,17,72.47058823529412,66.52941176470588,66.76470588235294,7.235294117647059
2010-04-19,Country,17,69.23529411764706,72.47058823529412,62.1764705882353,8.235294117647058
2010-04-26,Country,19,73.05263157894737,61.94736842105263,64.0,8.368421052631579
2010-05-03,Country,19,65.36842105263158,67.84210526315789,59.68421052631579,8.31578947368421
2010-05-10,Country,19,66.6842105263158,60.578947368421055,57.526315789473685,9.263157894736842
2010-05-17,Country,21,69.95238095238095,60.333333333333336,59.42857142857143,9.428571428571429
2010-05-24,Country,19,68.3157894736842,67.89473684210526,59.26315789473684,9.31578947368421
2010-05-31,Country,20,69.4,64.9,58.35,9.85
2010-06-07,Country,17,62.23529411764706,64.94117647058823,53.529411764705884,9.941176470588236
2010-06-14,Country,18,62.55555555555556,49.22222222222222,57.333333333333336,8.61111111111111
2010-06-21,Country,17,60.64705882352941,61.411764705882355,55.1764705882353,9.058823529411764
2010-06-28,Country,19,61.68421052631579,49.21052631578947,58.421052631578945,8.31578947368421
2010-07-05,Country,19,62.421052631578945,61.68421052631579,57.0,9.31578947368421
2010-07-12,Country,20,62.2,59.3,56.65,9.85
2010-07-19,Country,21,62.0,54.95238095238095,56.80952380952381,9.666666666666666
2010-07-26,Country,21,62.19047619047619,53.666666666666664,56.42857142857143,9.666666666666666
2010-08-02,Country,20,66.25,60.5,56.25,10.15
2010-08-09,Country,22,65.63636363636364,60.22727272727273,54.68181818181818,10.227272727272727
2010-08-16,Country,21,64.0,64.23809523809524,50.57142857142857,10.857142857142858
2010-08-23,Country,18,58.666666666666664,56.44444444444444,52.0,9.38888888888889
2010-08-30,Country,19,61.89473684210526,55.578947368421055,51.21052631578947,9.894736842105264
2010-09-06,Country,21,64.33333333333333,51.57142857142857,55.57142857142857,9.047619047619047
2010-09-13,Country,24,68.08333333333333,56.291666666666664,59.5,8.916666666666666
2010-09-20,Country,24,68.5,68.08333333333333,57.666666666666664,9.916666666666666
2010-09-27,Country,23,69.04347826086956,57.34782608695652,61.0,8.347826086956522
2010-10-04,Country,21,69.42857142857143,67.61904761904762,59.19047619047619,9.0
2010-10-11,Country,20,69.0,64.15,59.55,9.45
2010-10-18,Country,20,64.95,69.0,56.8,10.45
2010-10-25,Country,24,67.33333333333333,54.125,59.25,9.791666666666666
2010-11-01,Country,20,63.05,63.6,56.15,10.65
2010-11-08,Country,20,67.7,53.9,58.6,10.25
2010-11-15,Country,24,67.5,49.625,61.708333333333336,8.75
2010-11-22,Country,23,64.1304347826087,68.17391304347827,56.95652173913044,9.217391304347826
2010-11-29,Country,23,63.04347826086956,64.1304347826087,54.130434782608695,10.217391304347826
2010-12-06,Country,22,65.18181818181819,57.59090909090909,54.18181818181818,10.545454545454545
2010-12-13,Country,20,62.95,62.55,55.4,10.7
2010-12-20,Country,20,58.85,62.95,52.3,11.7
2010-12-27,Country,22,62.54545454545455,53.5,54.95454545454545,11.636363636363637
2011-01-03,Country,22,70.31818181818181,58.45454545454545,53.59090909090909,12.590909090909092
2011-01-10,Country,23,68.0,64.6086956521739,57.56521739130435,12.217391304347826
2011-01-17,Country,25,67.12,59.0,59.12,11.48
2011-01-24,Country,22,70.0,63.54545454545455,62.77272727272727,10.318181818181818
2011-01-31,Country,20,65.8,60.6,62.6,9.0
2011-02-07,Country,20,63.75,65.8,59.7,10.0
2011-02-14,Country,19,62.89473684210526,57.89473684210526,57.94736842105263,9.526315789473685
2011-02-21,Country,21,70.80952380952381,52.95238095238095,61.0,8.952380952380953
2011-02-28,Country,20,68.75,66.45,60.95,9.35
2011-03-07,Country,21,69.19047619047619,61.38095238095238,62.23809523809524,9.857142857142858
2011-03-14,Country,22,65.18181818181819,66.04545454545455,58.68181818181818,10.409090909090908
2011-03-21,Country,24,68.66666666666667,48.666666666666664,60.125,10.041666666666666
2011-03-28,Country,23,69.26086956521739,64.04347826086956,58.17391304347826,10.608695652173912
2011-04-04,Country,23,68.0,55.17391304347826,63.34782608695652,8.173913043478262
2011-04-11,Country,22,63.90909090909091,66.72727272727273,58.86363636363637,9.0
2011-04-18,Country,25,62.16,52.32,59.0,8.32
2011-04-25,Country,24,63.166666666666664,58.583333333333336,57.041666666666664,8.708333333333334
2011-05-02,Country,22,58.54545454545455,56.0,50.86363636363637,9.727272727272727
2011-05-09,Country,23,61.21739130434783,56.0,52.08695652173913,10.304347826086957
2011-05-16,Country,22,61.31818181818182,50.54545454545455,54.0,9.5
2011-05-23,Country,23,61.869565217391305,55.869565217391305,52.82608695652174,9.217391304347826
2011-05-30,Country,23,59.91304347826087,58.04347826086956,51.91304347826087,9.347826086956522
2011-06-06,Country,23,57.78260869565217,50.21739130434783,47.608695652173914,8.91304347826087
2011-06-13,Country,24,59.708333333333336,51.625,48.541666666666664,9.041666666666666
2011-06-20,Country,24,59.208333333333336,49.833333333333336,50.625,10.125
2011-06-27,Country,23,58.43478260869565,47.82608695652174,50.78260869565217,9.521739130434783
2011-07-04,Country,22,58.13636363636363,54.0,49.22727272727273,10.863636363636363
2011-07-11,Country,21,54.095238095238095,51.80952380952381,46.04761904761905,11.380952380952381
2011-07-18,Country,23,52.73913043478261,49.391304347826086,46.47826086956522,11.434782608695652
2011-07-25,Country,24,53.083333333333336,43.25,45.75,12.25
2011-08-01,Country,23,51.26086956521739,52.82608695652174,43.56521739130435,12.91304347826087
2011-08-08,Country,26,54.65384615384615,45.34615384615385,47.46153846153846,12.423076923076923
2011-08-15,Country,25,54.56,55.08,46.16,13.08
2011-08-22,Country,23,55.17391304347826,49.56521739130435,47.82608695652174,11.173913043478262
2011-08-29,Country,25,54.84,47.6,45.84,13.32
2011-09-05,Country,26,55.69230769230769,45.11538461538461,51.15384615384615,11.076923076923077
2011-09-12,Country,24,60.25,53.125,47.791666666666664,12.916666666666666
2011-09-19,Country,26,62.76923076923077,53.5,52.84615384615385,12.192307692307692
2011-09-26,Country,26,62.11538461538461,52.19230769230769,55.80769230769231,12.423076923076923
2011-10-03,Country,26,62.88461538461539,55.11538461538461,56.34615384615385,12.615384615384615
2011-10-10,Country,25,63.28,55.48,57.52,12.56
2011-10-17,Country,24,61.875,61.958333333333336,54.208333333333336,13.666666666666666
2011-10-24,Country,20,57.7,56.35,53.65,13.35
2011-10-31,Country,22,62.36363636363637,48.77272727272727,56.27272727272727,12.590909090909092
2011-11-07,Country,24,62.625,54.375,57.833333333333336,11.708333333333334
2011-11-14,Country,25,63.56,52.2,56.52,12.2
2011-11-21,Country,24,60.666666666666664,56.166666666666664,53.625,12.625
2011-11-28,Country,20,56.6,54.9,50.15,13.8
2011-12-05,Country,20,62.3,52.0,54.8,12.1
2011-12-12,Country,18,59.72222222222222,57.111111111111114,54.94444444444444,9.944444444444445
2011-12-19,Country,22,63.81818181818182,48.86363636363637,59.5,9.181818181818182
2011-12-26,Country,24,64.75,58.5,59.375,9.416666666666666
2012-01-02,Country,18,61.666666666666664,57.611111111111114,50.22222222222222,11.833333333333334
2012-01-09,Country,21,63.61904761904762,48.523809523809526,56.285714285714285,10.761904761904763
2012-01-16,Country,20,64.3,62.45,58.85,9.9
2012-01-23,Country,20,62.6,64.3,56.6,10.9
2012-01-30,Country,21,65.33333333333333,59.61904761904762,57.857142857142854,11.380952380952381
2012-02-06,Country,23,65.21739130434783,55.91304347826087,58.26086956521739,11.217391304347826
2012-02-13,Country,22,65.4090909090909,60.90909090909091,57.13636363636363,11.454545454545455
2012-02-20,Country,19,63.05263157894737,59.05263157894737,56.473684210526315,11.0
2012-02-27,Country,18,69.27777777777777,60.05555555555556,59.111111111111114,10.222222222222221
2012-03-05,Country,19,67.0,61.63157894736842,56.68421052631579,9.631578947368421
2012-03-12,Country,20,60.7,63.65,52.55,10.15
2012-03-19,Country,20,67.1,54.85,56.95,9.05
2012-03-26,Country,20,62.2,58.75,58.6,8.15
2012-04-02,Country,20,63.95,58.55,57.15,9.1
2012-04-09,Country,20,62.45,55.65,58.4,8.1
2012-04-16,Country,21,59.80952380952381,55.42857142857143,55.857142857142854,8.19047619047619
2012-04-23,Country,21,60.523809523809526,59.80952380952381,54.19047619047619,9.19047619047619
2012-04-30,Country,20,58.6,53.85,54.6,9.0
2012-05-07,Country,20,59.65,55.65,55.6,9.0
2012-05-14,Country,23,63.52173913043478,51.869565217391305,58.608695652173914,8.826086956521738
2012-05-21,Country,22,65.27272727272727,59.5,58.63636363636363,9.272727272727273
2012-05-28,Country,25,65.4,53.8,59.76,9.12
2012-06-04,Country,23,62.30434782608695,63.43478260869565,55.95652173913044,10.217391304347826
2012-06-11,Country,23,61.78260869565217,58.04347826086956,54.04347826086956,10.826086956521738
2012-06-18,Country,22,57.77272727272727,54.5,52.59090909090909,9.636363636363637
2012-06-25,Country,23,58.869565217391305,51.0,53.869565217391305,9.478260869565217
2012-07-02,Country,24,60.0,56.416666666666664,54.083333333333336,10.083333333333334
2012-07-09,Country,22,58.09090909090909,54.68181818181818,53.59090909090909,10.318181818181818
2012-07-16,Country,23,57.56521739130435,55.56521739130435,51.73913043478261,10.869565217391305
2012-07-23,Country,23,58.26086956521739,49.04347826086956,56.95652173913044,9.130434782608695
2012-07-30,Country,25,58.0,53.6,54.44,9.48
2012-08-06,Country,28,62.464285714285715,51.785714285714285,57.464285714285715,9.464285714285714
2012-08-13,Country,25,61.68,63.08,57.56,9.32
2012-08-20,Country,25,60.64,57.76,55.96,10.16
2012-08-27,Country,25,61.72,58.72,57.04,10.2
2012-09-03,Country,24,60.208333333333336,54.416666666666664,55.916666666666664,10.166666666666666
2012-09-10,Country,25,60.6,57.8,54.52,10.76
2012-09-17,Country,24,62.25,59.5,53.458333333333336,11.5
2012-09-24,Country,24,62.916666666666664,58.541666666666664,52.458333333333336,12.041666666666666
2012-10-01,Country,24,62.75,57.25,52.333333333333336,11.583333333333334
2012-10-08,Country,23,63.08695652173913,61.56521739130435,51.56521739130435,12.217391304347826
2012-10-15,Country,22,65.0,52.22727272727273,57.0,10.136363636363637
2012-10-22,Country,24,66.125,59.583333333333336,58.0,10.291666666666666
2012-10-29,Country,22,66.5,61.22727272727273,58.36363636363637,10.090909090909092
2012-11-05,Country,20,62.5,60.85,57.85,10.25
2012-11-12,Country,22,59.40909090909091,52.63636363636363,56.63636363636363,10.272727272727273
2012-11-19,Country,22,59.45454545454545,50.45454545454545,54.31818181818182,11.181818181818182
2012-11-26,Country,22,59.86363636363637,59.45454545454545,51.86363636363637,12.181818181818182
2012-12-03,Country,22,63.27272727272727,53.90909090909091,55.86363636363637,11.227272727272727
2012-12-10,Country,24,64.45833333333333,58.0,56.125,11.333333333333334
2012-12-17,Country,20,62.3,61.7,56.75,11.45
2012-12-24,Country,21,61.857142857142854,54.904761904761905,57.666666666666664,10.952380952380953
2012-12-31,Country,22,66.45454545454545,59.04545454545455,58.77272727272727,11.454545454545455
2013-01-07,Country,21,62.42857142857143,65.33333333333333,56.142857142857146,12.047619047619047
2013-01-14,Country,22,63.40909090909091,59.59090909090909,56.31818181818182,12.5
2013-01-21,Country,20,59.0,53.15,54.75,11.35
2013-01-28,Country,22,63.5,53.63636363636363,56.90909090909091,11.409090909090908
2013-02-04,Country,24,63.958333333333336,54.208333333333336,58.083333333333336,11.416666666666666
2013-02-11,Country,23,61.52173913043478,62.65217391304348,55.73913043478261,12.043478260869565
2013-02-18,Country,25,61.96,52.92,56.2,11.28
2013-02-25,Country,23,65.8695652173913,58.608695652173914,56.391304347826086,12.0
2013-03-04,Country,20,63.8,60.25,57.35,11.35
2013-03-11,Country,21,63.38095238095238,56.095238095238095,56.95238095238095,10.904761904761905
2013-03-18,Country,24,64.79166666666667,55.458333333333336,56.916666666666664,10.583333333333334
2013-03-25,Country,23,68.43478260869566,57.52173913043478,58.65217391304348,9.304347826086957
2013-04-01,Country,24,68.95833333333333,58.875,61.458333333333336,9.041666666666666
2013-04-08,Country,22,65.22727272727273,63.68181818181818,60.09090909090909,8.363636363636363
2013-04-15,Country,24,59.375,59.791666666666664,54.416666666666664,9.791666666666666
2013-04-22,Country,26,54.96153846153846,48.80769230769231,49.61538461538461,9.192307692307692
2013-04-29,Country,22,53.72727272727273,48.72727272727273,45.22727272727273,10.5
2013-05-06,Country,23,57.56521739130435,51.391304347826086,46.608695652173914,11.043478260869565
2013-05-13,Country,23,56.17391304347826,49.82608695652174,48.30434782608695,10.652173913043478
2013-05-20,Country,26,61.96153846153846,46.80769230769231,53.30769230769231,10.384615384615385
2013-05-27,Country,26,62.57692307692308,58.42307692307692,51.15384615384615,11.346153846153847
2013-06-03,Country,23,61.08695652173913,52.47826086956522,51.0,11.08695652173913
2013-06-10,Country,26,63.23076923076923,44.03846153846154,57.0,9.73076923076923
2013-06-17,Country,26,59.69230769230769,59.80769230769231,52.57692307692308,10.692307692307692
2013-06-24,Country,27,60.333333333333336,44.74074074074074,57.81481481481482,8.962962962962964
2013-07-01,Country,26,58.5,49.46153846153846,55.61538461538461,9.576923076923077
2013-07-08,Country,24,52.625,49.0,49.666666666666664,11.125
2013-07-15,Country,23,50.08695652173913,51.47826086956522,45.69565217391305,12.565217391304348
2013-07-22,Country,23,50.47826086956522,46.69565217391305,44.56521739130435,12.782608695652174
2013-07-29,Country,24,52.083333333333336,46.041666666666664,46.125,12.416666666666666
2013-08-05,Country,25,58.32,47.68,48.84,12.88
2013-08-12,Country,24,54.875,54.0,47.791666666666664,12.75
2013-08-19,Country,20,49.1,52.0,45.8,12.25
2013-08-26,Country,22,48.13636363636363,44.63636363636363,44.04545454545455,12.136363636363637
2013-09-02,Country,20,46.9,45.75,41.8,13.25
2013-09-09,Country,20,52.55,44.85,45.25,13.25
2013-09-16,Country,19,51.05263157894737,52.68421052631579,43.63157894736842,13.842105263157896
2013-09-23,Country,23,57.73913043478261,38.26086956521739,47.52173913043478,12.217391304347826
2013-09-30,Country,23,60.04347826086956,54.21739130434783,48.391304347826086,12.347826086956522
2013-10-07,Country,20,59.2,57.15,46.2,13.1
2013-10-14,Country,21,61.38095238095238,56.38095238095238,47.23809523809524,13.476190476190476
2013-10-21,Country,21,62.76190476190476,48.523809523809526,54.666666666666664,11.666666666666666
2013-10-28,Country,23,69.30434782608695,42.47826086956522,65.0,7.304347826086956
2013-11-04,Country,23,67.56521739130434,65.26086956521739,61.08695652173913,8.217391304347826
2013-11-11,Country,22,67.72727272727273,67.04545454545455,60.09090909090909,8.681818181818182
2013-11-18,Country,24,64.33333333333333,62.083333333333336,58.083333333333336,8.958333333333334
2013-11-25,Country,22,65.68181818181819,59.63636363636363,57.54545454545455,8.636363636363637
2013-12-02,Country,21,62.0,65.38095238095238,54.476190476190474,9.095238095238095
2013-12-09,Country,24,63.458333333333336,54.25,53.875,9.0
2013-12-16,Country,22,61.0,57.22727272727273,51.22727272727273,9.772727272727273
2013-12-23,Country,21,59.333333333333336,50.95238095238095,50.04761904761905,9.714285714285714
2013-12-30,Country,21,61.714285714285715,51.19047619047619,52.666666666666664,9.619047619047619
2014-01-06,Country,22,64.5909090909091,58.90909090909091,52.31818181818182,10.318181818181818
2014-01-13,Country,24,66.25,59.208333333333336,54.75,10.458333333333334
2014-01-20,Country,26,69.84615384615384,55.76923076923077,60.11538461538461,9.5
2014-01-27,Country,27,67.81481481481481,60.407407407407405,59.666666666666664,9.37037037037037
2014-02-03,Country,25,67.48,68.4,57.2,9.52
2014-02-10,Country,25,69.44,56.04,60.48,8.36
2014-02-17,Country,23,64.69565217391305,64.73913043478261,57.130434782608695,9.304347826086957
2014-02-24,Country,24,62.5,53.875,56.666666666666664,8.708333333333334
2014-03-03,Country,23,59.69565217391305,59.0,53.95652173913044,10.0
2014-03-10,Country,23,61.17391304347826,57.56521739130435,52.78260869565217,10.130434782608695
2014-03-17,Country,19,57.10526315789474,58.526315789473685,53.0,9.421052631578947
2014-03-24,Country,21,58.95238095238095,51.666666666666664,54.19047619047619,9.523809523809524
2014-03-31,Country,21,57.80952380952381,54.714285714285715,51.80952380952381,10.476190476190476
2014-04-07,Country,23,62.04347826086956,49.82608695652174,55.91304347826087,9.73913043478261
2014-04-14,Country,22,58.90909090909091,60.63636363636363,52.22727272727273,10.363636363636363
2014-04-21,Country,21,55.333333333333336,56.95238095238095,47.904761904761905,11.285714285714286
2014-04-28,Country,21,59.76190476190476,47.80952380952381,50.0,11.142857142857142
2014-05-05,Country,22,63.81818181818182,43.90909090909091,54.04545454545455,10.454545454545455
2014-05-12,Country,22,65.68181818181819,51.31818181818182,56.68181818181818,9.818181818181818
2014-05-19,Country,22,63.09090909090909,57.59090909090909,55.45454545454545,9.954545454545455
2014-05-26,Country,25,64.96,47.92,59.84,9.12
2014-06-02,Country,22,61.77272727272727,61.63636363636363,55.40909090909091,10.318181818181818
2014-06-09,Country,22,61.0,55.95454545454545,55.95454545454545,9.5
2014-06-16,Country,23,59.73913043478261,51.52173913043478,58.52173913043478,8.478260869565217
2014-06-23,Country,23,62.69565217391305,54.30434782608695,60.47826086956522,8.347826086956522
2014-06-30,Country,23,64.6086956521739,58.391304347826086,58.91304347826087,9.304347826086957
2014-07-07,Country,24,65.5,59.291666666666664,59.125,9.125
2014-07-14,Country,23,64.04347826086956,64.1304347826087,58.30434782608695,9.695652173913043
2014-07-21,Country,24,62.833333333333336,54.083333333333336,58.041666666666664,9.041666666666666
2014-07-28,Country,22,62.72727272727273,55.27272727272727,53.86363636363637,10.090909090909092
2014-08-04,Country,24,61.458333333333336,57.5,51.041666666666664,10.291666666666666
2014-08-11,Country,23,61.91304347826087,53.08695652173913,52.0,10.043478260869565
2014-08-18,Country,24,61.208333333333336,56.375,51.458333333333336,10.666666666666666
2014-08-25,Country,24,63.791666666666664,54.333333333333336,53.041666666666664,10.458333333333334
2014-09-01,Country,23,63.391304347826086,60.08695652173913,55.17391304347826,10.0
2014-09-08,Country,24,65.75,60.75,55.833333333333336,10.583333333333334
2014-09-15,Country,23,64.21739130434783,57.82608695652174,57.17391304347826,9.521739130434783
2014-09-22,Country,22,64.0909090909091,59.0,57.59090909090909,9.227272727272727
2014-09-29,Country,21,62.61904761904762,54.142857142857146,55.285714285714285,10.238095238095237
2014-10-06,Country,21,61.523809523809526,48.80952380952381,55.904761904761905,9.761904761904763
2014-10-13,Country,22,64.5,49.63636363636363,57.31818181818182,9.318181818181818
2014-10-20,Country,21,65.38095238095238,56.61904761904762,57.714285714285715,9.761904761904763
2014-10-27,Country,21,67.19047619047619,57.714285714285715,58.76190476190476,10.285714285714286
2014-11-03,Country,21,66.71428571428571,60.142857142857146,57.523809523809526,10.238095238095237
2014-11-10,Country,22,72.27272727272727,60.5,59.54545454545455,9.909090909090908
2014-11-17,Country,22,65.4090909090909,63.95454545454545,60.18181818181818,9.090909090909092
2014-11-24,Country,23,70.17391304347827,62.56521739130435,60.91304347826087,9.695652173913043
2014-12-01,Country,21,72.23809523809524,69.95238095238095,59.80952380952381,10.523809523809524
2014-12-08,Country,21,75.38095238095238,65.28571428571429,64.23809523809524,9.619047619047619
2014-12-15,Country,22,73.5909090909091,63.59090909090909,62.72727272727273,9.272727272727273
2014-12-22,Country,21,68.80952380952381,61.476190476190474,62.76190476190476,7.714285714285714
2014-12-29,Country,20,68.65,59.7,62.25,8.15
2015-01-05,Country,19,70.0,66.05263157894737,60.578947368421055,9.368421052631579
2015-01-12,Country,24,72.20833333333333,55.416666666666664,66.70833333333333,8.416666666666666
2015-01-19,Country,24,71.33333333333333,72.20833333333333,64.25,9.416666666666666
2015-01-26,Country,23,68.04347826086956,62.73913043478261,64.69565217391305,8.391304347826088
2015-02-02,Country,23,67.08695652173913,68.04347826086956,61.608695652173914,9.391304347826088
2015-02-09,Country,23,67.52173913043478,67.08695652173913,59.56521739130435,10.391304347826088
2015-02-16,Country,22,70.04545454545455,62.45454545454545,61.0,10.454545454545455
2015-02-23,Country,21,67.52380952380952,64.0952380952381,58.95238095238095,11.142857142857142
2015-03-02,Country,19,66.94736842105263,66.05263157894737,60.73684210526316,11.210526315789474
2015-03-09,Country,21,68.47619047619048,56.523809523809526,62.19047619047619,10.80952380952381
2015-03-16,Country,22,71.63636363636364,62.63636363636363,63.5,10.409090909090908
2015-03-23,Country,23,73.17391304347827,57.52173913043478,68.82608695652173,8.608695652173912
2015-03-30,Country,19,70.63157894736842,63.36842105263158,58.73684210526316,10.68421052631579
2015-04-06,Country,23,73.65217391304348,55.391304347826086,63.43478260869565,9.08695652173913
2015-04-13,Country,21,72.52380952380952,67.47619047619048,66.04761904761905,8.333333333333334
2015-04-20,Country,22,72.13636363636364,64.68181818181819,68.0,8.090909090909092
2015-04-27,Country,22,67.4090909090909,64.0909090909091,64.0,9.045454545454545
2015-05-04,Country,21,63.142857142857146,66.9047619047619,59.904761904761905,9.619047619047619
2015-05-11,Country,23,66.91304347826087,52.34782608695652,61.78260869565217,8.434782608695652
2015-05-18,Country,23,65.69565217391305,66.91304347826087,59.56521739130435,9.434782608695652
2015-05-25,Country,23,67.1304347826087,61.78260869565217,59.47826086956522,9.608695652173912
2015-06-01,Country,22,67.77272727272727,61.59090909090909,59.27272727272727,9.318181818181818
2015-06-08,Country,24,65.16666666666667,54.125,59.083333333333336,8.833333333333334
2015-06-15,Country,24,63.125,58.25,59.958333333333336,8.416666666666666
2015-06-22,Country,26,61.80769230769231,58.26923076923077,58.5,8.76923076923077
2015-06-29,Country,26,59.69230769230769,61.80769230769231,55.34615384615385,9.76923076923077
2015-07-06,Country,27,61.74074074074074,57.48148148148148,55.370370370370374,10.407407407407407
2015-07-13,Country,26,61.92307692307692,60.69230769230769,53.69230769230769,11.23076923076923
2015-07-20,Country,29,64.51724137931035,55.51724137931034,54.37931034482759,11.10344827586207
2015-07-27,Country,28,63.464285714285715,57.82142857142857,54.5,11.142857142857142
2015-08-03,Country,29,66.10344827586206,55.48275862068966,57.03448275862069,10.482758620689655
2015-08-10,Country,26,63.53846153846154,63.46153846153846,54.65384615384615,11.26923076923077
2015-08-17,Country,25,64.64,60.92,56.08,11.04
2015-08-24,Country,25,64.96,55.6,58.88,9.4
2015-08-31,Country,25,68.24,64.96,58.2,10.4
2015-09-07,Country,25,67.48,62.36,57.68,9.8
2015-09-14,Country,21,68.95238095238095,63.142857142857146,57.04761904761905,10.142857142857142
2015-09-21,Country,20,63.65,67.9,54.65,10.9
2015-09-28,Country,21,64.33333333333333,60.61904761904762,54.333333333333336,11.380952380952381
2015-10-05,Country,19,66.21052631578948,57.31578947368421,55.73684210526316,11.157894736842104
2015-10-12,Country,18,68.55555555555556,66.44444444444444,55.888888888888886,11.666666666666666
2015-10-19,Country,19,66.89473684210526,59.73684210526316,60.0,11.0
2015-10-26,Country,20,67.5,59.8,60.3,10.45
2015-11-02,Country,19,64.94736842105263,62.473684210526315,58.421052631578945,10.263157894736842
2015-11-09,Country,20,66.65,54.45,62.4,8.75
2015-11-16,Country,22,65.54545454545455,52.86363636363637,62.0,8.363636363636363
2015-11-23,Country,21,64.23809523809524,59.333333333333336,59.0,9.666666666666666
2015-11-30,Country,16,64.125,56.75,52.8125,11.125
2015-12-07,Country,17,67.76470588235294,56.588235294117645,57.588235294117645,10.470588235294118
2015-12-14,Country,18,68.16666666666667,59.55555555555556,61.0,10.722222222222221
2015-12-21,Country,17,68.88235294117646,58.35294117647059,61.8235294117647,10.0
2015-12-28,Country,18,67.83333333333333,60.0,58.611111111111114,10.277777777777779
2016-01-04,Country,14,67.35714285714286,63.92857142857143,61.642857142857146,10.142857142857142
2016-01-11,Country,19,71.6842105263158,49.63157894736842,65.05263157894737,9.421052631578947
2016-01-18,Country,21,71.66666666666667,62.76190476190476,62.523809523809526,8.523809523809524
2016-01-25,Country,19,69.15789473684211,64.78947368421052,65.47368421052632,8.473684210526315
2016-02-01,Country,18,62.55555555555556,67.88888888888889,60.72222222222222,8.944444444444445
2016-02-08,Country,24,69.58333333333333,46.916666666666664,66.29166666666667,7.708333333333333
2016-02-15,Country,19,64.05263157894737,64.52631578947368,61.1578947368421,8.68421052631579
2016-02-22,Country,21,66.9047619047619,53.476190476190474,62.80952380952381,8.80952380952381
2016-02-29,Country,22,68.5909090909091,59.59090909090909,62.13636363636363,9.409090909090908
2016-03-07,Country,21,66.0,66.0,61.095238095238095,8.952380952380953
2016-03-14,Country,21,67.04761904761905,58.0,63.0,8.285714285714286
2016-03-21,Country,23,67.1304347826087,61.21739130434783,61.130434782608695,8.565217391304348
2016-03-28,Country,22,68.86363636363636,66.4090909090909,58.54545454545455,9.909090909090908
2016-04-04,Country,20,67.25,66.25,56.65,10.65
2016-04-11,Country,21,62.61904761904762,59.57142857142857,55.19047619047619,10.380952380952381
2016-04-18,Country,24,64.625,51.041666666666664,54.333333333333336,9.5
2016-04-25,Country,20,62.7,59.9,54.2,10.35
2016-05-02,Country,18,67.11111111111111,57.333333333333336,53.44444444444444,9.944444444444445
2016-05-09,Country,15,73.46666666666667,56.666666666666664,53.8,10.933333333333334
2016-05-16,Country,12,67.25,61.083333333333336,49.25,11.5
2016-05-23,Country,18,65.11111111111111,44.833333333333336,55.111111111111114,9.38888888888889
2016-05-30,Country,17,65.05882352941177,53.529411764705884,56.76470588235294,8.764705882352942
2016-06-06,Country,17,61.1764705882353,55.470588235294116,54.76470588235294,9.647058823529411
2016-06-13,Country,21,65.80952380952381,46.04761904761905,61.666666666666664,8.80952380952381
2016-06-20,Country,20,63.1,64.2,56.25,10.2
2016-06-27,Country,18,60.22222222222222,58.27777777777778,55.44444444444444,9.277777777777779
2016-07-04,Country,19,63.89473684210526,54.0,59.26315789473684,8.736842105263158
2016-07-11,Country,18,64.16666666666667,59.666666666666664,58.666666666666664,9.055555555555555
2016-07-18,Country,18,64.22222222222223,64.16666666666667,57.333333333333336,10.055555555555555
2016-07-25,Country,18,63.166666666666664,64.22222222222223,54.55555555555556,11.055555555555555
2016-08-01,Country,17,61.88235294117647,52.64705882352941,55.8235294117647,9.588235294117647
2016-08-08,Country,18,66.27777777777777,48.55555555555556,58.333333333333336,9.722222222222221
2016-08-15,Country,18,64.44444444444444,60.72222222222222,53.388888888888886,10.666666666666666
2016-08-22,Country,19,70.10526315789474,61.05263157894737,54.473684210526315,11.105263157894736
2016-08-29,Country,18,68.5,65.77777777777777,55.0,10.333333333333334
2016-09-05,Country,16,64.75,54.1875,56.0,9.5
2016-09-12,Country,18,68.33333333333333,57.55555555555556,56.833333333333336,9.444444444444445
2016-09-19,Country,16,64.3125,65.0,56.75,9.3125
2016-09-26,Country,18,67.72222222222223,53.0,58.27777777777778,8.444444444444445
2016-10-03,Country,17,61.588235294117645,61.76470588235294,53.35294117647059,8.235294117647058
2016-10-10,Country,18,63.22222222222222,58.166666666666664,52.833333333333336,8.777777777777779
2016-10-17,Country,17,65.3529411764706,58.1764705882353,53.88235294117647,8.529411764705882
2016-10-24,Country,17,66.76470588235294,60.294117647058826,53.35294117647059,8.411764705882353
2016-10-31,Country,17,65.70588235294117,51.411764705882355,58.411764705882355,7.9411764705882355
2016-11-07,Country,15,63.53333333333333,62.666666666666664,58.266666666666666,8.066666666666666
2016-11-14,Country,17,62.0,56.05882352941177,57.294117647058826,8.117647058823529
2016-11-21,Country,18,65.77777777777777,58.55555555555556,58.22222222222222,8.666666666666666
2016-11-28,Country,17,67.11764705882354,58.470588235294116,57.529411764705884,9.470588235294118
2016-12-05,Country,18,70.55555555555556,58.333333333333336,61.55555555555556,9.055555555555555
2016-12-12,Country,13,71.3076923076923,62.38461538461539,56.0,10.307692307692308
2016-12-19,Country,13,70.0,64.61538461538461,58.07692307692308,10.307692307692308
2016-12-26,Country,14,73.78571428571429,59.285714285714285,61.285714285714285,9.142857142857142
2017-01-02,Country,11,68.63636363636364,71.45454545454545,58.27272727272727,10.636363636363637
2017-01-09,Country,16,65.5,47.1875,62.375,8.875
2017-01-16,Country,18,64.27777777777777,58.22222222222222,61.77777777777778,8.88888888888889
2017-01-23,Country,20,69.6,54.35,63.85,8.45
2017-01-30,Country,17,69.76470588235294,63.294117647058826,63.529411764705884,8.588235294117647
2017-02-06,Country,20,67.25,54.8,62.35,8.1
2017-02-13,Country,20,69.15,62.45,60.4,8.2
2017-02-20,Country,18,68.88888888888889,59.44444444444444,61.166666666666664,7.722222222222222
2017-02-27,Country,20,67.8,54.05,61.4,7.45
2017-03-06,Country,19,72.47368421052632,66.63157894736842,61.31578947368421,7.7894736842105265
2017-03-13,Country,20,74.4,64.65,64.05,7.95
2017-03-20,Country,18,75.55555555555556,72.11111111111111,60.611111111111114,9.444444444444445
2017-03-27,Country,17,71.05882352941177,68.29411764705883,62.1764705882353,9.235294117647058
2017-04-03,Country,12,72.0,66.0,60.666666666666664,9.583333333333334
2017-04-10,Country,14,63.42857142857143,54.857142857142854,59.285714285714285,9.0
2017-04-17,Country,18,61.44444444444444,49.333333333333336,58.166666666666664,8.055555555555555
2017-04-24,Country,19,66.47368421052632,50.578947368421055,60.78947368421053,8.473684210526315
2017-05-01,Country,15,70.73333333333333,53.666666666666664,55.733333333333334,9.666666666666666
2017-05-08,Country,14,65.85714285714286,58.642857142857146,58.42857142857143,9.0
2017-05-15,Country,15,62.2,61.46666666666667,56.733333333333334,9.466666666666667
2017-05-22,Country,18,65.61111111111111,51.833333333333336,60.111111111111114,8.88888888888889
2017-05-29,Country,19,68.15789473684211,57.473684210526315,59.73684210526316,9.421052631578947
2017-06-05,Country,21,68.14285714285714,49.714285714285715,60.142857142857146,7.9523809523809526
2017-06-12,Country,16,59.0,56.6875,54.25,9.8125
2017-06-19,Country,18,60.94444444444444,52.44444444444444,56.77777777777778,9.722222222222221
2017-06-26,Country,21,66.14285714285714,52.23809523809524,60.476190476190474,9.333333333333334
2017-07-03,Country,20,66.45,60.35,60.4,9.2
2017-07-10,Country,19,62.1578947368421,65.3157894736842,56.78947368421053,10.473684210526315
2017-07-17,Country,19,61.63157894736842,57.78947368421053,56.78947368421053,10.894736842105264
2017-07-24,Country,16,62.875,58.0625,54.75,11.4375
2017-07-31,Country,16,61.375,59.75,55.75,11.3125
2017-08-07,Country,16,61.375,56.0625,53.3125,13.0
2017-08-14,Country,20,65.05,42.4,60.0,9.75
2017-08-21,Country,19,64.05263157894737,63.473684210526315,58.1578947368421,10.263157894736842
2017-08-28,Country,22,66.54545454545455,55.31818181818182,60.63636363636363,9.863636363636363
2017-09-04,Country,19,67.05263157894737,66.36842105263158,60.68421052631579,9.842105263157896
2017-09-11,Country,16,67.75,57.8125,57.25,10.4375
2017-09-18,Country,20,70.55,54.2,60.6,10.1
2017-09-25,Country,20,70.0,61.3,61.9,9.45
2017-10-02,Country,19,69.78947368421052,69.47368421052632,59.73684210526316,10.894736842105264
2017-10-09,Country,21,70.9047619047619,58.714285714285715,63.904761904761905,9.904761904761905
2017-10-16,Country,22,72.0909090909091,67.68181818181819,64.45454545454545,10.454545454545455
2017-10-23,Country,22,71.63636363636364,63.90909090909091,64.86363636363636,9.863636363636363
2017-10-30,Country,22,70.0,64.22727272727273,61.90909090909091,10.772727272727273
2017-11-06,Country,18,67.66666666666667,66.22222222222223,59.22222222222222,11.277777777777779
2017-11-13,Country,20,70.75,60.9,61.3,11.2
2017-11-20,Country,17,66.05882352941177,60.529411764705884,60.1764705882353,11.588235294117647
2017-11-27,Country,17,68.41176470588235,63.1764705882353,63.35294117647059,10.176470588235293
2017-12-04,Country,16,73.3125,59.9375,67.3125,9.875
2017-12-11,Country,15,72.6,59.6,67.4,10.133333333333333
2017-12-18,Country,16,75.75,56.3125,70.125,9.8125
2017-12-25,Country,16,75.75,70.125,69.5625,10.5625
2018-01-01,Country,13,72.07692307692308,75.3076923076923,67.53846153846153,11.615384615384615
2018-01-08,Country,17,67.58823529411765,55.11764705882353,64.3529411764706,10.588235294117647
2018-01-15,Country,16,67.5,67.5,63.5,11.0625
2018-01-22,Country,16,71.0625,64.0,64.0,10.75
2018-01-29,Country,15,70.73333333333333,70.2,61.266666666666666,12.4
2018-02-05,Country,14,65.28571428571429,57.42857142857143,59.857142857142854,11.0
2018-02-12,Country,16,68.0625,51.5625,63.9375,9.4375
2018-02-19,Country,13,64.6923076923077,65.6923076923077,61.30769230769231,9.461538461538462
2018-02-26,Country,14,63.92857142857143,60.07142857142857,57.357142857142854,10.142857142857142
2018-03-05,Country,14,62.857142857142854,50.642857142857146,58.857142857142854,9.857142857142858
2018-03-12,Country,12,61.833333333333336,53.0,58.333333333333336,9.166666666666666
2018-03-19,Country,12,60.166666666666664,61.833333333333336,55.833333333333336,10.166666666666666
2018-03-26,Country,14,62.857142857142854,51.57142857142857,57.214285714285715,9.785714285714286
2018-04-02,Country,16,64.75,55.0,58.375,9.5625
2018-04-09,Country,18,68.44444444444444,57.55555555555556,60.611111111111114,9.5
2018-04-16,Country,16,73.5625,59.5625,58.6875,10.3125
2018-04-23,Country,16,64.9375,62.625,57.9375,8.875
2018-04-30,Country,15,73.0,52.666666666666664,62.733333333333334,7.266666666666667
2018-05-07,Country,14,68.85714285714286,60.142857142857146,59.285714285714285,7.714285714285714
2018-05-14,Country,16,66.625,60.25,57.625,7.75
2018-05-21,Country,16,65.75,60.6875,53.0,8.75
2018-05-28,Country,15,61.53333333333333,57.2,52.4,10.0
2018-06-04,Country,15,64.06666666666666,55.0,50.266666666666666,10.933333333333334
2018-06-11,Country,17,68.47058823529412,46.35294117647059,54.76470588235294,9.176470588235293
2018-06-18,Country,17,66.52941176470588,58.529411764705884,55.8235294117647,9.823529411764707
2018-06-25,Country,12,61.916666666666664,50.083333333333336,53.75,10.833333333333334
2018-07-02,Country,15,64.53333333333333,49.53333333333333,57.2,9.866666666666667
2018-07-09,Country,18,73.0,46.5,63.333333333333336,7.277777777777778
2018-07-16,Country,16,60.1875,70.0,55.1875,7.9375
2018-07-23,Country,19,59.421052631578945,50.68421052631579,54.94736842105263,7.7368421052631575
2018-07-30,Country,19,58.89473684210526,54.73684210526316,52.8421052631579,8.105263157894736
2018-08-06,Country,20,59.65,55.95,53.1,8.7
2018-08-13,Country,17,67.94117647058823,55.94117647058823,50.411764705882355,9.823529411764707
2018-08-20,Country,14,53.5,62.857142857142854,48.07142857142857,10.214285714285714
2018-08-27,Country,17,59.529411764705884,44.05882352941177,49.64705882352941,9.647058823529411
2018-09-03,Country,15,54.333333333333336,49.93333333333333,49.4,9.866666666666667
2018-09-10,Country,15,64.53333333333333,51.13333333333333,54.4,9.466666666666667
2018-09-17,Country,16,64.0,60.5,54.5,9.875
2018-09-24,Country,18,69.5,56.888888888888886,55.27777777777778,10.38888888888889
2018-10-01,Country,17,70.23529411764706,63.705882352941174,57.529411764705884,10.117647058823529
2018-10-08,Country,13,77.6923076923077,65.15384615384616,55.92307692307692,11.538461538461538
2018-10-15,Country,13,72.0,70.0,58.07692307692308,12.0
2018-10-22,Country,15,74.0,62.4,56.13333333333333,12.533333333333333
2018-10-29,Country,14,74.28571428571429,68.14285714285714,59.714285714285715,11.857142857142858
2018-11-05,Country,14,73.35714285714286,74.28571428571429,57.142857142857146,12.857142857142858
2018-11-12,Country,10,64.7,65.7,55.2,13.1
2018-11-19,Country,14,68.35714285714286,39.357142857142854,63.42857142857143,9.928571428571429
2018-11-26,Country,15,69.4,63.8,63.733333333333334,10.266666666666667
2018-12-03,Country,13,70.0,65.38461538461539,59.92307692307692,11.538461538461538
2018-12-10,Country,6,73.33333333333333,63.833333333333336,61.5,9.5
2018-12-17,Country,10,72.7,44.0,67.6,7.6
2018-12-24,Country,11,68.9090909090909,66.0909090909091,65.63636363636364,8.090909090909092
2018-12-31,Country,10,77.8,66.3,62.7,9.6
2019-01-07,Country,19,62.473684210526315,40.94736842105263,61.05263157894737,7.0
2019-01-14,Country,18,62.55555555555556,63.77777777777778,60.05555555555556,7.222222222222222
2019-01-21,Country,17,66.11764705882354,62.705882352941174,60.11764705882353,8.176470588235293
2019-01-28,Country,16,66.8125,52.5,60.875,8.1875
2019-02-04,Country,18,65.44444444444444,49.0,57.333333333333336,11.61111111111111
2019-02-11,Country,18,66.77777777777777,56.888888888888886,61.0,10.5
2019-02-18,Country,18,72.77777777777777,64.33333333333333,64.27777777777777,10.277777777777779
2019-02-25,Country,19,70.89473684210526,55.21052631578947,64.78947368421052,9.421052631578947
2019-03-04,Country,15,67.33333333333333,59.8,61.53333333333333,10.533333333333333
2019-03-11,Country,21,68.42857142857143,48.095238095238095,63.666666666666664,9.142857142857142
2019-03-18,Country,20,69.55,58.85,61.45,9.55
2019-03-25,Country,21,71.0,61.95238095238095,62.333333333333336,10.19047619047619
2019-04-01,Country,21,67.95238095238095,71.0,59.142857142857146,11.19047619047619
2019-04-08,Country,18,72.0,60.611111111111114,56.388888888888886,11.666666666666666
2019-04-15,Country,16,62.25,68.9375,54.3125,11.875
2019-04-22,Country,18,66.16666666666667,55.333333333333336,56.0,11.944444444444445
2019-04-29,Country,17,64.23529411764706,61.411764705882355,57.529411764705884,10.235294117647058
2019-05-06,Country,16,59.9375,56.1875,56.625,10.0625
2019-05-13,Country,18,62.55555555555556,53.27777777777778,58.0,9.944444444444445
2019-05-20,Country,18,58.5,62.55555555555556,53.333333333333336,10.944444444444445
2019-05-27,Country,17,61.88235294117647,57.23529411764706,52.470588235294116,11.411764705882353
2019-06-03,Country,19,57.10526315789474,50.21052631578947,52.421052631578945,11.31578947368421
2019-06-10,Country,21,58.666666666666664,51.666666666666664,53.04761904761905,11.238095238095237
2019-06-17,Country,22,56.22727272727273,51.86363636363637,50.0,11.681818181818182
2019-06-24,Country,20,57.65,52.1,49.3,11.45
2019-07-01,Country,19,59.473684210526315,57.0,47.73684210526316,12.0
2019-07-08,Country,18,54.666666666666664,57.888888888888886,45.166666666666664,13.11111111111111
2019-07-15,Country,18,55.611111111111114,49.77777777777778,47.44444444444444,13.0
2019-07-22,Country,20,58.35,46.5,51.85,11.7
2019-07-29,Country,18,53.77777777777778,55.888888888888886,47.27777777777778,12.833333333333334
2019-08-05,Country,17,53.35294117647059,52.05882352941177,47.35294117647059,12.176470588235293
2019-08-12,Country,21,58.42857142857143,43.19047619047619,53.714285714285715,10.857142857142858
2019-08-19,Country,22,57.31818181818182,55.77272727272727,51.45454545454545,11.363636363636363
2019-08-26,Country,21,61.095238095238095,52.95238095238095,53.142857142857146,10.80952380952381
2019-09-02,Country,18,61.333333333333336,50.388888888888886,49.666666666666664,12.5
2019-09-09,Country,21,62.095238095238095,48.285714285714285,54.80952380952381,11.380952380952381
2019-09-16,Country,21,69.33333333333333,48.666666666666664,58.23809523809524,9.857142857142858
2019-09-23,Country,21,68.66666666666667,58.714285714285715,58.38095238095238,10.714285714285714
2019-09-30,Country,20,65.75,63.4,56.65,11.25
2019-10-07,Country,15,67.93333333333334,58.93333333333333,60.8,8.733333333333333
2019-10-14,Country,16,59.125,57.9375,53.625,8.3125
2019-10-21,Country,17,60.1764705882353,50.470588235294116,53.1764705882353,8.411764705882353
2019-10-28,Country,17,58.35294117647059,60.1764705882353,51.0,9.411764705882353
2019-11-04,Country,17,66.82352941176471,55.23529411764706,54.529411764705884,9.235294117647058
2019-11-11,Country,19,62.94736842105263,54.89473684210526,54.89473684210526,9.210526315789474
2019-11-18,Country,19,62.26315789473684,53.68421052631579,52.1578947368421,9.473684210526315
2019-11-25,Country,18,64.72222222222223,46.72222222222222,56.388888888888886,9.166666666666666
2019-12-02,Country,14,63.0,59.285714285714285,52.142857142857146,10.214285714285714
2019-12-09,Country,12,60.333333333333336,58.666666666666664,50.083333333333336,10.166666666666666
2019-12-16,Country,12,65.41666666666667,60.333333333333336,50.0,11.166666666666666
2019-12-23,Country,10,63.6,60.3,45.5,12.5
2019-12-30,Country,9,65.77777777777777,61.0,46.55555555555556,12.666666666666666
2020-01-06,Country,17,63.529411764705884,34.8235294117647,61.0,8.176470588235293
2020-01-13,Country,18,61.05555555555556,60.0,58.77777777777778,8.722222222222221
2020-01-20,Country,18,61.44444444444444,61.05555555555556,56.44444444444444,9.722222222222221
2020-01-27,Country,16,66.3125,57.9375,54.0625,10.625
2020-02-03,Country,20,61.05,53.05,57.35,9.65
2020-02-10,Country,20,61.0,61.05,55.45,10.65
2020-02-17,Country,20,58.75,61.0,53.15,11.65
2020-02-24,Country,18,58.72222222222222,59.77777777777778,54.111111111111114,11.5
2020-03-02,Country,18,59.0,58.72222222222222,52.611111111111114,12.5
2020-03-09,Country,16,62.9375,54.75,51.375,13.25
2020-03-16,Country,13,65.6923076923077,63.92307692307692,54.53846153846154,12.76923076923077
2020-03-23,Country,15,55.333333333333336,56.93333333333333,52.53333333333333,12.066666666666666
2020-03-30,Country,15,51.733333333333334,46.266666666666666,49.666666666666664,12.0
2020-04-06,Country,17,52.11764705882353,36.23529411764706,47.1764705882353,11.764705882352942
2020-04-13,Country,19,52.0,42.36842105263158,45.36842105263158,11.473684210526315
2020-04-20,Country,19,53.73684210526316,44.78947368421053,45.26315789473684,11.263157894736842
2020-04-27,Country,19,58.26315789473684,45.10526315789474,47.68421052631579,10.31578947368421
2020-05-04,Country,21,58.904761904761905,49.80952380952381,49.523809523809526,10.333333333333334
2020-05-11,Country,20,66.05,51.3,50.55,10.25
2020-05-18,Country,21,62.095238095238095,62.904761904761905,49.142857142857146,10.80952380952381
2020-05-25,Country,16,57.3125,54.3125,50.4375,10.625
2020-06-01,Country,16,51.625,57.3125,48.6875,11.625
2020-06-08,Country,21,55.38095238095238,39.333333333333336,54.19047619047619,9.857142857142858
2020-06-15,Country,26,61.11538461538461,44.73076923076923,56.30769230769231,9.615384615384615
2020-06-22,Country,25,61.76,51.92,55.56,10.24
2020-06-29,Country,26,58.84615384615385,52.30769230769231,53.23076923076923,10.576923076923077
2020-07-06,Country,28,61.17857142857143,53.035714285714285,56.17857142857143,9.928571428571429
2020-07-13,Country,24,64.125,55.458333333333336,49.583333333333336,12.333333333333334
2020-07-20,Country,24,67.16666666666667,60.125,49.958333333333336,12.791666666666666
2020-07-27,Country,23,58.17391304347826,61.78260869565217,50.47826086956522,13.0
2020-08-03,Country,21,62.57142857142857,50.714285714285715,48.333333333333336,13.80952380952381
2020-08-10,Country,24,54.833333333333336,54.75,48.416666666666664,13.541666666666666
2020-08-17,Country,26,55.38461538461539,50.61538461538461,48.26923076923077,13.538461538461538
2020-08-24,Country,26,54.80769230769231,51.0,47.76923076923077,13.346153846153847
2020-08-31,Country,25,52.32,54.44,44.68,14.08
2020-09-07,Country,27,57.148148148148145,48.44444444444444,45.77777777777778,14.037037037037036
2020-09-14,Country,25,58.8,51.16,47.2,13.2
2020-09-21,Country,25,55.64,55.08,46.0,13.6
2020-09-28,Country,22,50.45454545454545,52.18181818181818,44.27272727272727,12.454545454545455
2020-10-05,Country,22,49.77272727272727,43.0,43.40909090909091,13.136363636363637
2020-10-12,Country,18,51.166666666666664,45.166666666666664,39.94444444444444,13.555555555555555
2020-10-19,Country,22,50.45454545454545,41.86363636363637,44.0,12.227272727272727
2020-10-26,Country,23,51.65217391304348,45.43478260869565,46.04347826086956,11.826086956521738
2020-11-02,Country,26,54.11538461538461,42.19230769230769,48.61538461538461,11.038461538461538
2020-11-09,Country,22,52.95454545454545,48.90909090909091,42.22727272727273,13.818181818181818
2020-11-16,Country,23,49.65217391304348,50.65217391304348,41.95652173913044,14.217391304347826
2020-11-23,Country,23,51.34782608695652,47.43478260869565,41.91304347826087,14.347826086956522
2020-11-30,Country,23,55.69565217391305,38.26086956521739,42.391304347826086,13.652173913043478
2020-12-07,Country,17,62.76470588235294,46.294117647058826,38.705882352941174,13.882352941176471
2020-12-14,Country,15,62.6,63.333333333333336,39.53333333333333,15.2
2020-12-21,Country,8,70.75,54.0,37.375,18.875
2020-12-28,Country,10,72.2,40.3,43.3,15.9
2021-01-04,Country,20,59.05,32.2,50.5,14.45
2021-01-11,Country,29,61.206896551724135,40.724137931034484,49.793103448275865,12.068965517241379
2021-01-18,Country,35,57.42857142857143,30.714285714285715,52.542857142857144,8.342857142857143
2021-01-25,Country,31,59.74193548387097,41.25806451612903,49.25806451612903,10.193548387096774
2021-02-01,Country,27,57.25925925925926,58.592592592592595,45.51851851851852,10.962962962962964
2021-02-08,Country,28,57.964285714285715,51.892857142857146,46.57142857142857,11.178571428571429
2021-02-15,Country,27,59.74074074074074,57.407407407407405,47.18518518518518,10.518518518518519
2021-02-22,Country,24,60.916666666666664,52.5,47.875,11.916666666666666
2021-03-01,Country,22,59.09090909090909,54.09090909090909,45.90909090909091,12.409090909090908
2021-03-08,Country,25,64.24,52.0,50.2,11.92
2021-03-15,Country,24,65.375,62.208333333333336,51.791666666666664,10.0
2021-03-22,Country,24,65.91666666666667,57.416666666666664,54.25,10.083333333333334
2021-03-29,Country,22,68.13636363636364,58.40909090909091,50.95454545454545,11.681818181818182
2021-04-05,Country,17,67.05882352941177,65.47058823529412,53.470588235294116,11.588235294117647
2021-04-12,Country,20,66.8,57.0,57.25,11.15
2021-04-19,Country,20,67.9,66.8,55.1,12.15
2021-04-26,Country,20,64.1,67.9,50.45,13.15
2021-05-03,Country,20,66.9,57.6,52.05,11.75
2021-05-10,Country,19,62.526315789473685,55.68421052631579,53.473684210526315,11.526315789473685
2021-05-17,Country,19,60.1578947368421,58.421052631578945,52.10526315789474,11.68421052631579
2021-05-24,Country,18,68.83333333333333,53.22222222222222,54.72222222222222,10.833333333333334
2021-05-31,Country,17,65.82352941176471,67.11764705882354,52.35294117647059,11.352941176470589
2021-06-07,Country,18,60.833333333333336,62.166666666666664,50.333333333333336,11.722222222222221
2021-06-14,Country,15,65.26666666666667,60.86666666666667,55.333333333333336,10.866666666666667
2021-06-21,Country,15,58.53333333333333,65.26666666666667,51.2,11.866666666666667
2021-06-28,Country,19,56.31578947368421,46.21052631578947,52.0,10.368421052631579
2021-07-05,Country,17,58.0,53.05882352941177,47.470588235294116,11.529411764705882
2021-07-12,Country,21,56.23809523809524,44.714285714285715,49.666666666666664,9.285714285714286
2021-07-19,Country,21,59.57142857142857,51.476190476190474,53.80952380952381,9.285714285714286
2021-07-26,Country,20,59.55,53.85,49.1,9.75
2021-08-02,Country,22,56.68181818181818,49.90909090909091,49.36363636363637,9.818181818181818
2021-08-09,Country,19,55.31578947368421,49.05263157894737,47.68421052631579,9.526315789473685
2021-08-16,Country,23,56.65217391304348,45.69565217391305,49.869565217391305,9.0
2021-08-23,Country,25,59.32,52.12,51.44,9.28
2021-08-30,Country,23,59.04347826086956,52.391304347826086,48.69565217391305,10.130434782608695
2021-09-06,Country,19,67.78947368421052,61.05263157894737,51.578947368421055,9.31578947368421
2021-09-13,Country,18,68.16666666666667,66.27777777777777,49.166666666666664,10.61111111111111
2021-09-20,Country,19,64.52631578947368,64.57894736842105,48.78947368421053,11.263157894736842
2021-09-27,Country,17,59.1764705882353,58.470588235294116,50.11764705882353,10.470588235294118
2021-10-04,Country,17,59.470588235294116,59.1764705882353,48.294117647058826,11.470588235294118
2021-10-11,Country,19,56.89473684210526,50.8421052631579,45.36842105263158,10.842105263157896
2021-10-18,Country,23,59.0,47.0,49.869565217391305,9.956521739130435
2021-10-25,Country,21,58.857142857142854,57.0,50.714285714285715,10.142857142857142
2021-11-01,Country,22,58.09090909090909,51.95454545454545,52.13636363636363,10.136363636363637
1958-08-04,Pop,29,44.55172413793103,0.0,44.55172413793103,1.0
1958-08-11,Pop,29,41.827586206896555,29.96551724137931,37.275862068965516,1.8275862068965518
1958-08-18,Pop,31,42.96774193548387,28.258064516129032,38.74193548387097,2.5161290322580645
1958-08-25,Pop,29,39.275862068965516,37.793103448275865,32.758620689655174,3.4482758620689653
1958-09-01,Pop,30,44.03333333333333,32.9,33.7,4.133333333333334
1958-09-08,Pop,29,42.10344827586207,39.3448275862069,29.655172413793103,5.206896551724138
1958-09-15,Pop,29,42.89655172413793,32.37931034482759,32.03448275862069,5.586206896551724
1958-09-22,Pop,32,44.625,30.875,36.5625,5.5625
1958-09-29,Pop,32,48.0625,41.0625,35.09375,6.1875
1958-10-06,Pop,31,50.774193548387096,39.03225806451613,37.70967741935484,6.354838709677419
1958-10-13,Pop,31,53.83870967741935,43.45161290322581,37.806451612903224,6.903225806451613
1958-10-20,Pop,29,58.41379310344828,45.3448275862069,34.689655172413794,7.482758620689655
1958-10-27,Pop,28,57.785714285714285,45.285714285714285,40.25,6.821428571428571
1958-11-03,Pop,27,52.18518518518518,46.074074074074076,38.629629629629626,6.7407407407407405
1958-11-10,Pop,27,49.44444444444444,38.925925925925924,41.925925925925924,6.0
1958-11-17,Pop,25,42.68,39.4,33.32,6.76
1958-11-24,Pop,26,43.19230769230769,30.884615384615383,36.92307692307692,6.769230769230769
1958-12-01,Pop,29,49.55172413793103,35.62068965517241,39.793103448275865,6.724137931034483
1958-12-08,Pop,30,48.5,33.36666666666667,41.36666666666667,6.4
1958-12-15,Pop,31,51.193548387096776,41.516129032258064,40.0,6.935483870967742
1958-12-22,Pop,32,49.0,43.53125,38.75,7.03125
1958-12-29,Pop,30,47.266666666666666,35.06666666666667,37.5,6.966666666666667
1959-01-05,Pop,37,53.270270270270274,35.86486486486486,43.729729729729726,6.27027027027027
1959-01-12,Pop,36,47.138888888888886,42.638888888888886,42.083333333333336,5.944444444444445
1959-01-19,Pop,36,45.77777777777778,44.47222222222222,36.888888888888886,6.916666666666667
1959-01-26,Pop,35,42.22857142857143,31.942857142857143,38.885714285714286,6.514285714285714
1959-02-02,Pop,35,43.97142857142857,37.97142857142857,36.371428571428574,7.2
1959-02-09,Pop,32,43.21875,40.1875,29.875,8.375
1959-02-16,Pop,31,43.25806451612903,36.193548387096776,32.193548387096776,8.419354838709678
1959-02-23,Pop,32,49.46875,40.03125,33.34375,8.59375
1959-03-02,Pop,32,52.09375,42.1875,37.78125,8.09375
1959-03-09,Pop,28,45.32142857142857,35.035714285714285,36.17857142857143,7.857142857142857
1959-03-16,Pop,28,45.17857142857143,35.17857142857143,35.92857142857143,8.142857142857142
1959-03-23,Pop,32,51.78125,34.28125,39.78125,7.9375
1959-03-30,Pop,29,45.275862068965516,39.172413793103445,32.06896551724138,7.862068965517241
1959-04-06,Pop,30,45.166666666666664,41.36666666666667,31.133333333333333,8.1
1959-04-13,Pop,30,44.5,39.96666666666667,30.666666666666668,8.0
1959-04-20,Pop,31,46.58064516129032,33.29032258064516,37.12903225806452,6.67741935483871
1959-04-27,Pop,29,47.37931034482759,38.86206896551724,34.10344827586207,7.0344827586206895
1959-05-04,Pop,29,47.58620689655172,38.13793103448276,38.03448275862069,6.310344827586207
1959-05-11,Pop,27,46.2962962962963,44.888888888888886,36.592592592592595,7.037037037037037
1959-05-18,Pop,27,47.18518518518518,33.888888888888886,39.074074074074076,6.7407407407407405
1959-05-25,Pop,24,40.333333333333336,38.625,31.208333333333332,7.708333333333333
1959-06-01,Pop,25,44.24,30.8,33.64,7.12
1959-06-08,Pop,26,49.23076923076923,40.11538461538461,33.0,7.423076923076923
1959-06-15,Pop,26,50.57692307692308,39.69230769230769,32.76923076923077,7.384615384615385
1959-06-22,Pop,22,48.63636363636363,44.81818181818182,28.454545454545453,7.818181818181818
1959-06-29,Pop,22,50.13636363636363,28.954545454545453,41.59090909090909,5.5
1959-07-06,Pop,23,45.391304347826086,36.26086956521739,43.69565217391305,5.043478260869565
1959-07-13,Pop,22,37.31818181818182,43.5,33.90909090909091,6.181818181818182
1959-07-20,Pop,24,40.541666666666664,31.0,37.25,6.083333333333333
1959-07-27,Pop,25,39.8,38.92,33.96,6.92
1959-08-03,Pop,24,40.541666666666664,34.625,30.166666666666668,7.833333333333333
1959-08-10,Pop,21,36.23809523809524,33.80952380952381,23.61904761904762,9.047619047619047
1959-08-17,Pop,23,44.608695652173914,23.0,32.65217391304348,8.0
1959-08-24,Pop,23,47.17391304347826,37.73913043478261,29.82608695652174,8.26086956521739
1959-08-31,Pop,23,46.65217391304348,35.91304347826087,34.17391304347826,7.521739130434782
1959-09-07,Pop,22,42.54545454545455,36.68181818181818,33.90909090909091,7.454545454545454
1959-09-14,Pop,23,46.08695652173913,31.26086956521739,38.52173913043478,6.6521739130434785
1959-09-21,Pop,25,51.84,35.6,39.16,6.44
1959-09-28,Pop,25,50.92,34.8,41.6,5.52
1959-10-05,Pop,25,46.92,37.92,39.36,5.24
1959-10-12,Pop,29,48.86206896551724,37.13793103448276,43.93103448275862,5.0344827586206895
1959-10-19,Pop,26,44.03846153846154,44.11538461538461,36.11538461538461,6.1923076923076925
1959-10-26,Pop,28,46.464285714285715,35.035714285714285,40.42857142857143,5.964285714285714
1959-11-02,Pop,26,42.19230769230769,40.0,35.0,6.730769230769231
1959-11-09,Pop,25,41.16,33.96,36.44,6.76
1959-11-16,Pop,25,41.52,32.04,34.44,7.08
1959-11-23,Pop,31,47.96774193548387,30.70967741935484,41.193548387096776,6.645161290322581
1959-11-30,Pop,33,47.72727272727273,42.24242424242424,38.21212121212121,7.181818181818182
1959-12-07,Pop,32,44.0,43.78125,36.125,7.40625
1959-12-14,Pop,29,39.37931034482759,37.206896551724135,32.3448275862069,7.689655172413793
1959-12-21,Pop,31,42.193548387096776,28.580645161290324,34.645161290322584,7.709677419354839
1959-12-28,Pop,32,44.28125,34.625,35.15625,7.5
1960-01-04,Pop,31,42.41935483870968,40.193548387096776,32.45161290322581,8.0
1960-01-11,Pop,33,43.60606060606061,37.0,31.21212121212121,8.393939393939394
1960-01-18,Pop,32,41.4375,37.34375,28.25,8.6875
1960-01-25,Pop,30,38.06666666666667,31.266666666666666,26.2,8.7
1960-02-01,Pop,34,44.294117647058826,25.441176470588236,36.73529411764706,6.970588235294118
1960-02-08,Pop,32,38.03125,41.84375,28.6875,7.8125
1960-02-15,Pop,32,37.28125,32.5625,28.53125,8.0
1960-02-22,Pop,34,40.588235294117645,28.735294117647058,31.352941176470587,7.0
1960-02-29,Pop,35,44.31428571428572,32.74285714285714,33.31428571428572,7.057142857142857
1960-03-07,Pop,34,41.6764705882353,32.35294117647059,35.705882352941174,6.764705882352941
1960-03-14,Pop,33,39.90909090909091,38.121212121212125,32.84848484848485,7.454545454545454
1960-03-21,Pop,33,40.515151515151516,37.121212121212125,29.87878787878788,8.393939393939394
1960-03-28,Pop,34,41.55882352941177,34.0,32.55882352941177,8.147058823529411
1960-04-04,Pop,36,44.75,36.75,31.305555555555557,8.61111111111111
1960-04-11,Pop,38,48.60526315789474,39.81578947368421,31.763157894736842,8.763157894736842
1960-04-18,Pop,33,46.57575757575758,40.21212121212121,25.818181818181817,9.848484848484848
1960-04-25,Pop,27,41.407407407407405,33.851851851851855,28.74074074074074,8.666666666666666
1960-05-02,Pop,23,34.52173913043478,28.869565217391305,26.391304347826086,8.217391304347826
1960-05-09,Pop,28,45.42857142857143,25.535714285714285,34.392857142857146,7.464285714285714
1960-05-16,Pop,28,45.535714285714285,38.535714285714285,35.857142857142854,7.142857142857143
1960-05-23,Pop,28,45.964285714285715,40.07142857142857,37.67857142857143,6.785714285714286
1960-05-30,Pop,28,48.392857142857146,33.57142857142857,42.07142857142857,5.857142857142857
1960-06-06,Pop,29,44.6551724137931,39.206896551724135,41.275862068965516,5.344827586206897
1960-06-13,Pop,28,38.42857142857143,41.464285714285715,32.857142857142854,6.0
1960-06-20,Pop,28,35.5,36.035714285714285,29.928571428571427,6.642857142857143
1960-06-27,Pop,27,31.0,31.296296296296298,24.703703703703702,7.592592592592593
1960-07-04,Pop,29,35.51724137931034,28.862068965517242,24.655172413793103,8.068965517241379
1960-07-11,Pop,30,37.93333333333333,28.666666666666668,29.133333333333333,7.8
1960-07-18,Pop,29,38.793103448275865,28.517241379310345,26.724137931034484,7.724137931034483
1960-07-25,Pop,26,33.03846153846154,28.26923076923077,24.0,7.538461538461538
1960-08-01,Pop,28,36.92857142857143,27.964285714285715,26.964285714285715,7.571428571428571
1960-08-08,Pop,29,43.93103448275862,26.413793103448278,33.6551724137931,6.896551724137931
1960-08-15,Pop,30,41.733333333333334,34.333333333333336,31.933333333333334,7.0
1960-08-22,Pop,29,40.44827586206897,35.241379310344826,34.172413793103445,7.0
1960-08-29,Pop,30,42.4,36.2,35.7,6.9
1960-09-05,Pop,28,38.142857142857146,32.07142857142857,30.285714285714285,7.5
1960-09-12,Pop,33,46.81818181818182,29.181818181818183,40.63636363636363,6.424242424242424
1960-09-19,Pop,32,45.71875,44.15625,36.78125,7.03125
1960-09-26,Pop,32,45.625,39.03125,38.375,7.125
1960-10-03,Pop,33,45.21212121212121,44.24242424242424,35.06060606060606,7.909090909090909
1960-10-10,Pop,28,39.57142857142857,39.607142857142854,27.928571428571427,8.821428571428571
1960-10-17,Pop,26,40.65384615384615,35.11538461538461,30.807692307692307,8.576923076923077
1960-10-24,Pop,24,41.541666666666664,28.875,27.875,9.166666666666666
1960-10-31,Pop,24,43.125,37.541666666666664,27.791666666666668,9.291666666666666
1960-11-07,Pop,24,48.375,37.458333333333336,31.0,8.791666666666666
1960-11-14,Pop,21,47.476190476190474,39.285714285714285,28.333333333333332,8.619047619047619
1960-11-21,Pop,19,48.31578947368421,36.421052631578945,32.36842105263158,8.052631578947368
1960-11-28,Pop,16,47.875,46.5625,30.5,8.3125
1960-12-05,Pop,17,50.470588235294116,35.529411764705884,38.1764705882353,6.9411764705882355
1960-12-12,Pop,16,49.875,42.125,41.4375,5.75
1960-12-19,Pop,16,54.375,33.0625,49.0625,4.5625
1960-12-26,Pop,18,53.833333333333336,44.611111111111114,50.44444444444444,4.277777777777778
1961-01-02,Pop,19,48.94736842105263,41.526315789473685,46.05263157894737,4.7894736842105265
1961-01-09,Pop,19,43.89473684210526,40.68421052631579,39.73684210526316,5.631578947368421
1961-01-16,Pop,21,49.095238095238095,36.476190476190474,41.04761904761905,5.9523809523809526
1961-01-23,Pop,23,49.608695652173914,35.56521739130435,45.56521739130435,5.217391304347826
1961-01-30,Pop,24,49.708333333333336,39.666666666666664,45.708333333333336,5.041666666666667
1961-02-06,Pop,24,41.375,45.791666666666664,39.541666666666664,5.416666666666667
1961-02-13,Pop,23,36.73913043478261,40.69565217391305,34.869565217391305,6.304347826086956
1961-02-20,Pop,25,38.2,30.56,32.8,6.64
1961-02-27,Pop,24,39.583333333333336,32.0,32.833333333333336,6.958333333333333
1961-03-06,Pop,27,45.851851851851855,27.11111111111111,40.25925925925926,5.962962962962963
1961-03-13,Pop,25,42.84,40.6,38.72,6.2
1961-03-20,Pop,25,47.16,41.16,37.72,6.72
1961-03-27,Pop,23,45.91304347826087,35.47826086956522,39.34782608695652,6.304347826086956
1961-04-03,Pop,24,44.583333333333336,35.333333333333336,40.208333333333336,5.375
1961-04-10,Pop,23,42.30434782608695,29.304347826086957,37.869565217391305,5.391304347826087
1961-04-17,Pop,25,45.72,32.64,40.56,5.6
1961-04-24,Pop,26,42.0,32.5,38.80769230769231,5.423076923076923
1961-05-01,Pop,30,42.43333333333333,34.96666666666667,39.4,5.2
1961-05-08,Pop,31,40.516129032258064,39.45161290322581,35.483870967741936,5.612903225806452
1961-05-15,Pop,29,36.41379310344828,31.96551724137931,32.206896551724135,6.0344827586206895
1961-05-22,Pop,29,39.86206896551724,33.3448275862069,33.06896551724138,6.0344827586206895
1961-05-29,Pop,26,37.15384615384615,27.653846153846153,32.46153846153846,5.730769230769231
1961-06-05,Pop,26,35.92307692307692,33.0,31.846153846153847,6.076923076923077
1961-06-12,Pop,26,35.5,32.07692307692308,28.807692307692307,6.1923076923076925
1961-06-19,Pop,27,40.333333333333336,27.25925925925926,32.81481481481482,6.074074074074074
1961-06-26,Pop,29,42.758620689655174,33.37931034482759,34.06896551724138,6.103448275862069
1961-07-03,Pop,26,42.76923076923077,34.38461538461539,36.26923076923077,5.538461538461538
1961-07-10,Pop,27,48.851851851851855,35.18518518518518,40.333333333333336,5.481481481481482
1961-07-17,Pop,29,49.58620689655172,37.3448275862069,45.55172413793103,5.0344827586206895
1961-07-24,Pop,31,48.67741935483871,39.12903225806452,43.54838709677419,5.193548387096774
1961-07-31,Pop,32,49.625,40.90625,43.3125,5.5625
1961-08-07,Pop,31,46.29032258064516,43.74193548387097,41.87096774193548,6.096774193548387
1961-08-14,Pop,33,48.878787878787875,34.42424242424242,47.75757575757576,5.121212121212121
1961-08-21,Pop,31,44.0,42.16129032258065,40.516129032258064,6.0
1961-08-28,Pop,32,46.34375,35.40625,39.34375,6.0
1961-09-04,Pop,36,51.25,35.083333333333336,43.611111111111114,5.305555555555555
1961-09-11,Pop,34,49.88235294117647,44.5,46.529411764705884,5.088235294117647
1961-09-18,Pop,30,47.2,44.13333333333333,43.0,5.3
1961-09-25,Pop,31,49.32258064516129,36.096774193548384,42.16129032258065,5.67741935483871
1961-10-02,Pop,32,48.875,38.28125,40.96875,6.03125
1961-10-09,Pop,31,44.516129032258064,41.935483870967744,33.03225806451613,6.838709677419355
1961-10-16,Pop,27,39.629629629629626,35.81481481481482,32.96296296296296,6.7407407407407405
1961-10-23,Pop,28,45.32142857142857,36.25,33.964285714285715,7.0
1961-10-30,Pop,25,41.48,32.84,30.0,7.84
1961-11-06,Pop,23,40.56521739130435,36.52173913043478,30.52173913043478,8.304347826086957
1961-11-13,Pop,22,45.86363636363637,28.772727272727273,37.68181818181818,7.136363636363637
1961-11-20,Pop,23,51.91304347826087,33.65217391304348,42.65217391304348,6.869565217391305
1961-11-27,Pop,23,52.869565217391305,46.82608695652174,41.73913043478261,7.304347826086956
1961-12-04,Pop,22,54.04545454545455,38.59090909090909,47.22727272727273,6.2727272727272725
1961-12-11,Pop,19,46.26315789473684,37.578947368421055,39.578947368421055,6.7894736842105265
1961-12-18,Pop,22,51.27272727272727,36.31818181818182,44.68181818181818,5.818181818181818
1961-12-25,Pop,25,53.92,37.48,44.04,6.08
1962-01-01,Pop,25,52.12,43.6,42.4,6.64
1962-01-08,Pop,22,41.40909090909091,44.09090909090909,37.95454545454545,6.818181818181818
1962-01-15,Pop,22,43.81818181818182,33.18181818181818,39.59090909090909,7.136363636363637
1962-01-22,Pop,22,40.95454545454545,41.13636363636363,36.22727272727273,7.681818181818182
1962-01-29,Pop,24,43.291666666666664,34.75,36.0,7.666666666666667
1962-02-05,Pop,24,43.916666666666664,38.75,35.041666666666664,7.5
1962-02-12,Pop,24,45.166666666666664,34.416666666666664,35.833333333333336,7.625
1962-02-19,Pop,23,45.30434782608695,31.391304347826086,37.65217391304348,7.521739130434782
1962-02-26,Pop,26,51.03846153846154,36.19230769230769,44.80769230769231,6.730769230769231
1962-03-05,Pop,26,49.11538461538461,48.5,39.73076923076923,7.538461538461538
1962-03-12,Pop,25,48.72,35.6,44.04,5.68
1962-03-19,Pop,26,47.26923076923077,39.19230769230769,39.30769230769231,6.384615384615385
1962-03-26,Pop,27,49.0,30.074074074074073,45.0,5.296296296296297
1962-04-02,Pop,31,49.83870967741935,40.774193548387096,46.67741935483871,5.290322580645161
1962-04-09,Pop,30,43.46666666666667,46.43333333333333,40.36666666666667,5.966666666666667
1962-04-16,Pop,29,40.827586206896555,37.48275862068966,37.13793103448276,6.655172413793103
1962-04-23,Pop,31,41.935483870967744,35.32258064516129,37.16129032258065,6.967741935483871
1962-04-30,Pop,30,37.56666666666667,35.4,32.1,7.1
1962-05-07,Pop,31,39.83870967741935,31.0,36.903225806451616,6.193548387096774
1962-05-14,Pop,31,38.96774193548387,37.096774193548384,35.12903225806452,6.419354838709677
1962-05-21,Pop,32,43.375,29.65625,40.15625,6.15625
1962-05-28,Pop,33,43.78787878787879,35.60606060606061,39.21212121212121,6.424242424242424
1962-06-04,Pop,33,43.21212121212121,38.09090909090909,38.878787878787875,6.212121212121212
1962-06-11,Pop,33,41.84848484848485,39.18181818181818,36.72727272727273,6.212121212121212
1962-06-18,Pop,33,43.60606060606061,33.75757575757576,35.303030303030305,6.7272727272727275
1962-06-25,Pop,31,40.87096774193548,38.935483870967744,30.580645161290324,6.967741935483871
1962-07-02,Pop,27,38.370370370370374,34.81481481481482,28.333333333333332,6.777777777777778
1962-07-09,Pop,28,42.892857142857146,28.0,36.357142857142854,6.071428571428571
1962-07-16,Pop,25,36.36,39.96,30.32,6.72
1962-07-23,Pop,26,37.61538461538461,32.73076923076923,32.0,6.961538461538462
1962-07-30,Pop,31,45.645161290322584,28.548387096774192,41.193548387096776,6.161290322580645
1962-08-06,Pop,36,48.5,32.583333333333336,43.75,5.805555555555555
1962-08-13,Pop,34,45.588235294117645,43.11764705882353,40.55882352941177,5.705882352941177
1962-08-20,Pop,33,41.84848484848485,37.484848484848484,38.45454545454545,5.7272727272727275
1962-08-27,Pop,35,42.48571428571429,35.68571428571428,38.114285714285714,5.9714285714285715
1962-09-03,Pop,36,41.916666666666664,35.44444444444444,38.388888888888886,5.916666666666667
1962-09-10,Pop,39,46.15384615384615,35.46153846153846,41.53846153846154,5.82051282051282
1962-09-17,Pop,38,43.76315789473684,42.3421052631579,37.78947368421053,6.078947368421052
1962-09-24,Pop,36,42.333333333333336,38.44444444444444,37.69444444444444,6.138888888888889
1962-10-01,Pop,35,42.114285714285714,33.542857142857144,36.6,6.285714285714286
1962-10-08,Pop,35,41.42857142857143,32.857142857142854,38.65714285714286,5.885714285714286
1962-10-15,Pop,36,40.69444444444444,30.88888888888889,37.19444444444444,5.944444444444445
1962-10-22,Pop,34,35.970588235294116,35.794117647058826,31.941176470588236,6.205882352941177
1962-10-29,Pop,39,39.17948717948718,29.94871794871795,35.1025641025641,6.102564102564102
1962-11-05,Pop,38,38.05263157894737,34.89473684210526,32.078947368421055,6.7368421052631575
1962-11-12,Pop,33,31.96969696969697,30.96969696969697,24.484848484848484,7.454545454545454
1962-11-19,Pop,32,32.5,24.46875,26.28125,7.5
1962-11-26,Pop,36,39.97222222222222,22.444444444444443,33.833333333333336,6.944444444444445
1962-12-03,Pop,33,37.57575757575758,28.303030303030305,30.272727272727273,7.2727272727272725
1962-12-10,Pop,30,41.1,30.6,33.03333333333333,6.5
1962-12-17,Pop,30,46.36666666666667,33.9,34.5,6.866666666666666
1962-12-24,Pop,26,46.76923076923077,35.84615384615385,40.11538461538461,6.5
1962-12-31,Pop,30,50.4,37.266666666666666,42.9,6.6
1963-01-07,Pop,27,48.03703703703704,42.333333333333336,41.7037037037037,6.666666666666667
1963-01-14,Pop,28,50.75,40.75,44.107142857142854,6.571428571428571
1963-01-21,Pop,30,56.0,40.9,52.46666666666667,5.433333333333334
1963-01-28,Pop,29,55.96551724137931,50.96551724137931,50.689655172413794,5.827586206896552
1963-02-04,Pop,26,50.53846153846154,50.73076923076923,48.42307692307692,5.6923076923076925
1963-02-11,Pop,26,46.0,40.5,41.30769230769231,6.153846153846154
1963-02-18,Pop,29,49.13793103448276,30.17241379310345,44.0,5.793103448275862
1963-02-25,Pop,31,49.16129032258065,37.38709677419355,45.67741935483871,5.225806451612903
1963-03-04,Pop,30,45.03333333333333,42.36666666666667,42.6,5.3
1963-03-11,Pop,28,40.714285714285715,34.92857142857143,38.25,5.571428571428571
1963-03-18,Pop,33,47.09090909090909,29.303030303030305,46.121212121212125,5.0
1963-03-25,Pop,38,49.21052631578947,37.21052631578947,46.421052631578945,5.078947368421052
1963-04-01,Pop,39,49.12820512820513,42.282051282051285,44.256410256410255,5.538461538461538
1963-04-08,Pop,38,44.55263157894737,45.26315789473684,41.421052631578945,5.894736842105263
1963-04-15,Pop,37,40.027027027027025,37.432432432432435,35.7027027027027,6.486486486486487
1963-04-22,Pop,41,43.48780487804878,29.658536585365855,39.65853658536585,6.024390243902439
1963-04-29,Pop,40,41.025,41.75,36.05,6.625
1963-05-06,Pop,42,43.61904761904762,31.761904761904763,39.976190476190474,6.238095238095238
1963-05-13,Pop,44,45.40909090909091,36.45454545454545,41.59090909090909,6.204545454545454
1963-05-20,Pop,38,39.5,37.3421052631579,35.71052631578947,6.473684210526316
1963-05-27,Pop,39,40.205128205128204,33.97435897435897,33.8974358974359,6.538461538461538
1963-06-03,Pop,37,42.78378378378378,33.351351351351354,36.486486486486484,6.324324324324325
1963-06-10,Pop,35,40.542857142857144,34.0,36.142857142857146,6.228571428571429
1963-06-17,Pop,34,39.88235294117647,35.26470588235294,33.588235294117645,6.323529411764706
1963-06-24,Pop,32,39.28125,34.34375,34.84375,6.03125
1963-07-01,Pop,32,42.71875,31.9375,36.28125,5.84375
1963-07-08,Pop,29,40.06896551724138,39.41379310344828,31.82758620689655,6.275862068965517
1963-07-15,Pop,24,31.958333333333332,27.083333333333332,24.458333333333332,6.666666666666667
1963-07-22,Pop,25,34.64,26.04,28.88,6.32
1963-07-29,Pop,29,44.275862068965516,23.310344827586206,39.55172413793103,5.551724137931035
1963-08-05,Pop,31,48.645161290322584,35.516129032258064,42.58064516129032,5.419354838709677
1963-08-12,Pop,34,51.1764705882353,35.1764705882353,49.11764705882353,4.647058823529412
1963-08-19,Pop,36,47.5,44.47222222222222,44.611111111111114,5.138888888888889
1963-08-26,Pop,38,46.18421052631579,42.973684210526315,41.3421052631579,5.7631578947368425
1963-09-02,Pop,38,46.13157894736842,34.0,40.94736842105263,5.447368421052632
1963-09-09,Pop,40,48.825,36.825,44.775,5.0
1963-09-16,Pop,40,48.275,45.7,44.7,5.15
1963-09-23,Pop,37,41.37837837837838,39.729729729729726,38.027027027027025,5.45945945945946
1963-09-30,Pop,35,37.857142857142854,36.34285714285714,34.2,5.914285714285715
1963-10-07,Pop,32,33.46875,33.78125,29.6875,6.4375
1963-10-14,Pop,34,39.911764705882355,27.205882352941178,35.029411764705884,6.323529411764706
1963-10-21,Pop,36,43.833333333333336,32.25,36.611111111111114,6.277777777777778
1963-10-28,Pop,33,42.84848484848485,32.515151515151516,36.78787878787879,6.0
1963-11-04,Pop,35,45.51428571428571,31.314285714285713,41.714285714285715,5.314285714285714
1963-11-11,Pop,38,45.31578947368421,40.73684210526316,39.23684210526316,5.684210526315789
1963-11-18,Pop,36,41.55555555555556,38.388888888888886,38.30555555555556,5.444444444444445
1963-11-25,Pop,38,43.078947368421055,34.31578947368421,40.89473684210526,5.184210526315789
1963-12-02,Pop,39,43.282051282051285,36.84615384615385,41.717948717948715,5.102564102564102
1963-12-09,Pop,41,45.21951219512195,35.41463414634146,42.73170731707317,5.2926829268292686
1963-12-16,Pop,45,45.266666666666666,41.2,41.4,5.866666666666666
1963-12-23,Pop,45,43.31111111111111,38.888888888888886,40.333333333333336,5.8
1963-12-30,Pop,43,40.2093023255814,37.58139534883721,36.44186046511628,6.255813953488372
1964-01-06,Pop,42,38.595238095238095,36.333333333333336,33.45238095238095,6.761904761904762
1964-01-13,Pop,41,41.5609756097561,32.02439024390244,37.36585365853659,6.609756097560975
1964-01-20,Pop,40,42.75,31.2,38.6,6.5
1964-01-27,Pop,38,43.78947368421053,34.6578947368421,40.73684210526316,6.394736842105263
1964-02-03,Pop,34,39.205882352941174,42.3235294117647,35.14705882352941,7.147058823529412
1964-02-10,Pop,32,39.375,35.0,33.59375,7.28125
1964-02-17,Pop,31,44.32258064516129,30.419354838709676,37.74193548387097,6.838709677419355
1964-02-24,Pop,28,44.642857142857146,36.892857142857146,40.714285714285715,6.321428571428571
1964-03-02,Pop,24,39.333333333333336,32.166666666666664,32.875,6.666666666666667
1964-03-09,Pop,23,40.65217391304348,35.78260869565217,35.869565217391305,6.260869565217392
1964-03-16,Pop,28,53.142857142857146,27.642857142857142,49.67857142857143,4.678571428571429
1964-03-23,Pop,28,53.25,43.92857142857143,50.17857142857143,4.75
1964-03-30,Pop,30,52.833333333333336,41.03333333333333,50.1,4.4
1964-04-06,Pop,28,51.17857142857143,46.142857142857146,48.607142857142854,4.428571428571429
1964-04-13,Pop,32,53.84375,40.3125,51.875,4.46875
1964-04-20,Pop,33,54.484848484848484,44.121212121212125,53.303030303030305,4.454545454545454
1964-04-27,Pop,36,53.166666666666664,45.416666666666664,51.861111111111114,4.472222222222222
1964-05-04,Pop,37,50.13513513513514,48.567567567567565,47.62162162162162,5.0
1964-05-11,Pop,32,44.875,47.9375,41.9375,5.46875
1964-05-18,Pop,34,46.8235294117647,34.0,44.294117647058826,4.882352941176471
1964-05-25,Pop,33,42.93939393939394,39.18181818181818,40.57575757575758,5.121212121212121
1964-06-01,Pop,30,39.9,36.46666666666667,37.333333333333336,5.3
1964-06-08,Pop,28,35.785714285714285,37.464285714285715,33.82142857142857,5.928571428571429
1964-06-15,Pop,31,42.193548387096776,29.35483870967742,40.0,5.741935483870968
1964-06-22,Pop,32,45.125,30.96875,42.09375,5.125
1964-06-29,Pop,33,45.78787878787879,40.39393939393939,43.303030303030305,5.181818181818182
1964-07-06,Pop,35,46.51428571428571,36.91428571428571,43.31428571428572,5.485714285714286
1964-07-13,Pop,35,46.8,34.2,42.74285714285714,5.257142857142857
1964-07-20,Pop,37,47.7027027027027,41.21621621621622,43.486486486486484,5.405405405405405
1964-07-27,Pop,40,52.475,34.25,49.15,4.475
1964-08-03,Pop,39,48.717948717948715,42.97435897435897,46.92307692307692,4.743589743589744
1964-08-10,Pop,38,45.63157894736842,43.23684210526316,43.39473684210526,4.973684210526316
1964-08-17,Pop,38,44.44736842105263,36.578947368421055,42.21052631578947,5.026315789473684
1964-08-24,Pop,37,41.08108108108108,41.91891891891892,38.648648648648646,5.486486486486487
1964-08-31,Pop,39,40.30769230769231,36.8974358974359,35.53846153846154,6.0256410256410255
1964-09-07,Pop,35,39.57142857142857,30.771428571428572,37.57142857142857,5.628571428571429
1964-09-14,Pop,37,42.5945945945946,35.729729729729726,39.83783783783784,5.756756756756757
1964-09-21,Pop,40,47.7,33.075,43.4,5.6
1964-09-28,Pop,35,46.77142857142857,40.97142857142857,42.94285714285714,5.4
1964-10-05,Pop,31,43.54838709677419,40.74193548387097,40.225806451612904,5.290322580645161
1964-10-12,Pop,34,48.85294117647059,34.1764705882353,47.64705882352941,4.647058823529412
1964-10-19,Pop,39,50.07692307692308,38.743589743589745,47.794871794871796,4.794871794871795
1964-10-26,Pop,43,53.2093023255814,40.74418604651163,51.72093023255814,4.558139534883721
1964-11-02,Pop,42,47.57142857142857,51.023809523809526,46.285714285714285,4.9523809523809526
1964-11-09,Pop,39,43.282051282051285,41.38461538461539,42.15384615384615,5.17948717948718
1964-11-16,Pop,42,44.11904761904762,38.642857142857146,40.595238095238095,5.690476190476191
1964-11-23,Pop,42,44.76190476190476,35.42857142857143,40.976190476190474,5.642857142857143
1964-11-30,Pop,41,45.048780487804876,40.829268292682926,42.73170731707317,5.414634146341464
1964-12-07,Pop,42,47.69047619047619,33.76190476190476,46.26190476190476,5.071428571428571
1964-12-14,Pop,43,50.41860465116279,41.02325581395349,48.325581395348834,4.976744186046512
1964-12-21,Pop,42,49.07142857142857,42.80952380952381,46.45238095238095,5.261904761904762
1964-12-28,Pop,39,46.02564102564103,48.46153846153846,44.05128205128205,5.615384615384615
1965-01-04,Pop,37,44.270270270270274,39.54054054054054,41.054054054054056,6.081081081081081
1965-01-11,Pop,34,43.26470588235294,40.970588235294116,42.05882352941177,6.088235294117647
1965-01-18,Pop,40,49.35,36.775,45.875,6.175
1965-01-25,Pop,40,51.375,39.1,46.4,5.925
1965-02-01,Pop,38,52.23684210526316,40.39473684210526,49.89473684210526,4.7105263157894735
1965-02-08,Pop,38,51.36842105263158,45.578947368421055,50.21052631578947,4.473684210526316
1965-02-15,Pop,38,49.6578947368421,44.1578947368421,47.44736842105263,4.921052631578948
1965-02-22,Pop,36,46.22222222222222,42.611111111111114,44.44444444444444,5.083333333333333
1965-03-01,Pop,39,47.02564102564103,36.48717948717949,45.53846153846154,4.897435897435898
1965-03-08,Pop,41,48.1219512195122,38.146341463414636,46.63414634146341,4.804878048780488
1965-03-15,Pop,43,48.0,39.69767441860465,46.04651162790697,5.162790697674419
1965-03-22,Pop,43,47.06976744186046,41.95348837209303,43.372093023255815,5.511627906976744
1965-03-29,Pop,44,49.20454545454545,35.97727272727273,48.13636363636363,4.795454545454546
1965-04-05,Pop,45,46.955555555555556,41.77777777777778,45.022222222222226,5.288888888888889
1965-04-12,Pop,45,47.644444444444446,40.15555555555556,44.46666666666667,5.311111111111111
1965-04-19,Pop,42,44.88095238095238,46.26190476190476,41.785714285714285,5.5476190476190474
1965-04-26,Pop,41,47.65853658536585,38.09756097560975,45.80487804878049,5.0
1965-05-03,Pop,41,48.5609756097561,37.80487804878049,45.146341463414636,5.073170731707317
1965-05-10,Pop,37,45.32432432432432,43.054054054054056,44.08108108108108,5.054054054054054
1965-05-17,Pop,38,44.3421052631579,39.39473684210526,42.5,5.368421052631579
1965-05-24,Pop,41,44.8780487804878,39.24390243902439,42.292682926829265,5.487804878048781
1965-05-31,Pop,40,43.9,36.4,40.55,5.6
1965-06-07,Pop,40,44.925,37.9,40.55,5.775
1965-06-14,Pop,42,50.523809523809526,38.333333333333336,47.04761904761905,5.261904761904762
1965-06-21,Pop,41,49.36585365853659,46.31707317073171,45.170731707317074,5.2439024390243905
1965-06-28,Pop,37,47.810810810810814,39.108108108108105,46.67567567567568,4.351351351351352
1965-07-05,Pop,40,47.775,38.475,45.5,4.675
1965-07-12,Pop,39,44.92307692307692,45.07692307692308,42.84615384615385,5.128205128205129
1965-07-19,Pop,37,40.7027027027027,40.972972972972975,37.16216216216216,5.621621621621622
1965-07-26,Pop,36,40.94444444444444,35.0,38.22222222222222,5.472222222222222
1965-08-02,Pop,40,43.925,34.775,40.975,5.35
1965-08-09,Pop,32,37.34375,36.9375,33.53125,5.9375
1965-08-16,Pop,34,42.205882352941174,29.41176470588235,38.529411764705884,5.5
1965-08-23,Pop,33,42.78787878787879,37.484848484848484,37.54545454545455,5.7272727272727275
1965-08-30,Pop,29,41.6551724137931,34.93103448275862,37.06896551724138,5.620689655172414
1965-09-06,Pop,28,41.714285714285715,35.42857142857143,38.357142857142854,5.678571428571429
1965-09-13,Pop,30,47.0,32.43333333333333,43.2,5.1
1965-09-20,Pop,30,44.833333333333336,42.06666666666667,42.56666666666667,5.0
1965-09-27,Pop,32,43.125,40.8125,40.5625,5.40625
1965-10-04,Pop,35,46.08571428571429,36.628571428571426,42.77142857142857,5.428571428571429
1965-10-11,Pop,35,46.6,38.74285714285714,43.22857142857143,5.4
1965-10-18,Pop,33,43.45454545454545,42.27272727272727,38.63636363636363,6.151515151515151
1965-10-25,Pop,34,45.8235294117647,37.1764705882353,39.23529411764706,6.147058823529412
1965-11-01,Pop,34,49.94117647058823,38.529411764705884,46.411764705882355,5.294117647058823
1965-11-08,Pop,33,50.18181818181818,38.515151515151516,47.03030303030303,4.96969696969697
1965-11-15,Pop,33,50.18181818181818,45.93939393939394,47.42424242424242,5.0
1965-11-22,Pop,35,54.57142857142857,39.02857142857143,50.457142857142856,4.714285714285714
1965-11-29,Pop,35,52.0,40.97142857142857,47.857142857142854,4.6
1965-12-06,Pop,35,51.34285714285714,42.94285714285714,50.08571428571429,3.9714285714285715
1965-12-13,Pop,38,52.60526315789474,44.68421052631579,50.39473684210526,4.2368421052631575
1965-12-20,Pop,37,50.0,38.945945945945944,47.027027027027025,4.4324324324324325
1965-12-27,Pop,38,48.10526315789474,34.39473684210526,46.05263157894737,4.315789473684211
1966-01-03,Pop,37,44.513513513513516,42.62162162162162,41.567567567567565,4.945945945945946
1966-01-10,Pop,40,44.375,39.6,40.175,5.375
1966-01-17,Pop,38,39.86842105263158,38.13157894736842,38.78947368421053,5.2631578947368425
1966-01-24,Pop,37,34.972972972972975,36.37837837837838,32.0,6.162162162162162
1966-01-31,Pop,41,40.609756097560975,27.902439024390244,37.609756097560975,5.853658536585366
1966-02-07,Pop,41,40.48780487804878,37.09756097560975,35.073170731707314,6.2439024390243905
1966-02-14,Pop,43,42.76744186046512,32.69767441860465,38.02325581395349,5.813953488372093
1966-02-21,Pop,44,46.0,36.68181818181818,41.90909090909091,5.613636363636363
1966-02-28,Pop,43,47.395348837209305,37.883720930232556,44.51162790697674,5.348837209302325
1966-03-07,Pop,44,47.15909090909091,41.09090909090909,42.84090909090909,5.545454545454546
1966-03-14,Pop,42,44.73809523809524,36.285714285714285,41.69047619047619,5.190476190476191
1966-03-21,Pop,40,43.575,39.625,40.975,5.05
1966-03-28,Pop,40,42.175,38.025,37.7,5.55
1966-04-04,Pop,40,42.0,36.375,38.175,5.675
1966-04-11,Pop,40,40.85,36.9,37.1,5.825
1966-04-18,Pop,40,41.95,32.25,37.65,6.025
1966-04-25,Pop,37,37.54054054054054,38.37837837837838,34.0,6.27027027027027
1966-05-02,Pop,39,44.87179487179487,31.0,42.43589743589744,5.205128205128205
1966-05-09,Pop,37,43.351351351351354,42.86486486486486,39.37837837837838,5.648648648648648
1966-05-16,Pop,34,44.35294117647059,35.588235294117645,41.705882352941174,5.176470588235294
1966-05-23,Pop,31,39.70967741935484,38.25806451612903,36.83870967741935,5.354838709677419
1966-05-30,Pop,36,45.361111111111114,29.75,42.75,4.777777777777778
1966-06-06,Pop,31,40.0,40.483870967741936,37.483870967741936,5.129032258064516
1966-06-13,Pop,36,45.416666666666664,30.02777777777778,42.5,4.75
1966-06-20,Pop,36,43.916666666666664,37.861111111111114,41.916666666666664,5.0
1966-06-27,Pop,40,45.95,37.525,44.175,5.0
1966-07-04,Pop,39,46.64102564102564,42.64102564102564,43.23076923076923,5.358974358974359
1966-07-11,Pop,40,47.3,38.4,43.85,5.4
1966-07-18,Pop,41,47.0,42.951219512195124,43.41463414634146,5.341463414634147
1966-07-25,Pop,38,43.421052631578945,35.76315789473684,40.10526315789474,5.026315789473684
1966-08-01,Pop,38,44.078947368421055,32.71052631578947,40.76315789473684,4.657894736842105
1966-08-08,Pop,42,46.666666666666664,35.30952380952381,41.57142857142857,4.738095238095238
1966-08-15,Pop,40,45.875,42.2,43.2,4.575
1966-08-22,Pop,40,46.6,37.825,41.6,4.875
1966-08-29,Pop,35,40.142857142857146,42.542857142857144,38.2,4.942857142857143
1966-09-05,Pop,35,40.31428571428572,36.22857142857143,37.857142857142854,5.142857142857143
1966-09-12,Pop,36,45.80555555555556,32.361111111111114,42.94444444444444,5.083333333333333
1966-09-19,Pop,40,50.375,38.475,45.625,5.2
1966-09-26,Pop,37,48.54054054054054,39.5945945945946,45.32432432432432,5.027027027027027
1966-10-03,Pop,36,46.02777777777778,41.638888888888886,43.75,4.666666666666667
1966-10-10,Pop,38,44.026315789473685,41.5,42.578947368421055,4.842105263157895
1966-10-17,Pop,39,40.92307692307692,34.743589743589745,38.205128205128204,5.282051282051282
1966-10-24,Pop,42,42.833333333333336,33.26190476190476,39.857142857142854,5.428571428571429
1966-10-31,Pop,41,44.853658536585364,38.48780487804878,39.75609756097561,5.829268292682927
1966-11-07,Pop,38,43.68421052631579,38.13157894736842,40.13157894736842,5.7894736842105265
1966-11-14,Pop,36,40.27777777777778,36.97222222222222,36.75,6.138888888888889
1966-11-21,Pop,39,44.97435897435897,34.17948717948718,41.15384615384615,6.0
1966-11-28,Pop,37,42.4054054054054,38.648648648648646,38.75675675675676,6.351351351351352
1966-12-05,Pop,37,43.108108108108105,36.4054054054054,38.45945945945946,6.351351351351352
1966-12-12,Pop,38,45.5,31.789473684210527,41.60526315789474,5.868421052631579
1966-12-19,Pop,39,46.1025641025641,36.1025641025641,43.41025641025641,5.17948717948718
1966-12-26,Pop,39,47.17948717948718,39.30769230769231,43.0,5.435897435897436
1967-01-02,Pop,36,43.166666666666664,43.80555555555556,40.888888888888886,5.75
1967-01-09,Pop,37,43.4054054054054,37.432432432432435,41.189189189189186,5.972972972972973
1967-01-16,Pop,37,44.7027027027027,39.513513513513516,41.351351351351354,5.972972972972973
1967-01-23,Pop,40,45.275,33.825,42.7,5.575
1967-01-30,Pop,41,45.390243902439025,40.390243902439025,41.0,5.853658536585366
1967-02-06,Pop,38,43.31578947368421,43.05263157894737,40.5,5.842105263157895
1967-02-13,Pop,39,45.30769230769231,36.35897435897436,40.41025641025641,5.769230769230769
1967-02-20,Pop,35,43.371428571428574,39.82857142857143,42.82857142857143,5.285714285714286
1967-02-27,Pop,36,43.72222222222222,37.52777777777778,39.388888888888886,5.944444444444445
1967-03-06,Pop,35,43.31428571428572,35.97142857142857,38.91428571428571,6.057142857142857
1967-03-13,Pop,32,39.8125,40.75,34.5,6.46875
1967-03-20,Pop,31,40.0,31.322580645161292,37.29032258064516,6.032258064516129
1967-03-27,Pop,32,43.46875,34.90625,40.75,5.90625
1967-04-03,Pop,32,45.28125,30.125,43.71875,4.5
1967-04-10,Pop,33,46.45454545454545,36.515151515151516,43.45454545454545,4.848484848484849
1967-04-17,Pop,36,46.833333333333336,37.083333333333336,44.47222222222222,4.944444444444445
1967-04-24,Pop,42,49.0,33.80952380952381,46.095238095238095,4.761904761904762
1967-05-01,Pop,43,45.51162790697674,43.41860465116279,42.883720930232556,4.837209302325581
1967-05-08,Pop,46,47.43478260869565,35.108695652173914,44.608695652173914,4.717391304347826
1967-05-15,Pop,43,43.55813953488372,40.651162790697676,41.2093023255814,5.069767441860465
1967-05-22,Pop,46,45.130434782608695,32.47826086956522,42.108695652173914,4.826086956521739
1967-05-29,Pop,41,38.292682926829265,36.73170731707317,34.73170731707317,5.512195121951219
1967-06-05,Pop,43,38.906976744186046,31.953488372093023,35.95348837209303,5.511627906976744
1967-06-12,Pop,39,36.02564102564103,35.41025641025641,32.84615384615385,5.6923076923076925
1967-06-19,Pop,40,38.625,27.05,35.35,5.4
1967-06-26,Pop,40,38.425,31.825,35.55,5.45
1967-07-03,Pop,40,38.275,34.2,34.375,5.775
1967-07-10,Pop,42,41.95238095238095,32.333333333333336,38.666666666666664,5.5476190476190474
1967-07-17,Pop,40,40.95,32.65,37.575,5.4
1967-07-24,Pop,41,42.073170731707314,31.26829268292683,37.75609756097561,5.560975609756097
1967-07-31,Pop,40,41.525,34.325,38.3,5.375
1967-08-07,Pop,39,42.256410256410255,30.666666666666668,39.1025641025641,5.538461538461538
1967-08-14,Pop,42,46.166666666666664,33.95238095238095,42.04761904761905,5.4523809523809526
1967-08-21,Pop,41,46.65853658536585,35.97560975609756,41.048780487804876,5.682926829268292
1967-08-28,Pop,42,48.73809523809524,33.523809523809526,44.714285714285715,5.119047619047619
1967-09-04,Pop,43,51.74418604651163,35.883720930232556,49.04651162790697,4.465116279069767
1967-09-11,Pop,42,50.95238095238095,48.666666666666664,45.80952380952381,5.023809523809524
1967-09-18,Pop,38,46.973684210526315,39.73684210526316,43.63157894736842,4.973684210526316
1967-09-25,Pop,38,45.89473684210526,37.26315789473684,44.31578947368421,4.815789473684211
1967-10-02,Pop,35,39.857142857142854,44.94285714285714,39.08571428571429,5.371428571428571
1967-10-09,Pop,40,44.875,32.625,42.25,5.35
1967-10-16,Pop,41,43.926829268292686,38.97560975609756,41.41463414634146,5.560975609756097
1967-10-23,Pop,44,46.15909090909091,36.40909090909091,44.27272727272727,5.295454545454546
1967-10-30,Pop,44,45.38636363636363,41.56818181818182,44.31818181818182,5.295454545454546
1967-11-06,Pop,50,46.98,34.84,44.56,5.36
1967-11-13,Pop,49,45.224489795918366,38.30612244897959,41.57142857142857,5.591836734693878
1967-11-20,Pop,48,44.0,41.020833333333336,40.125,5.729166666666667
1967-11-27,Pop,45,41.0,38.84444444444444,38.48888888888889,5.622222222222222
1967-12-04,Pop,44,42.31818181818182,34.52272727272727,39.70454545454545,5.613636363636363
1967-12-11,Pop,46,43.84782608695652,33.73913043478261,42.21739130434783,5.1521739130434785
1967-12-18,Pop,48,43.541666666666664,38.916666666666664,40.083333333333336,5.604166666666667
1967-12-25,Pop,44,42.95454545454545,39.36363636363637,39.47727272727273,5.568181818181818
1968-01-01,Pop,42,43.642857142857146,35.595238095238095,40.23809523809524,5.595238095238095
1968-01-08,Pop,41,43.21951219512195,36.34146341463415,39.4390243902439,5.634146341463414
1968-01-15,Pop,38,41.36842105263158,39.026315789473685,38.86842105263158,5.578947368421052
1968-01-22,Pop,35,37.91428571428571,37.05714285714286,36.31428571428572,5.828571428571428
1968-01-29,Pop,37,40.648648648648646,34.32432432432432,35.86486486486486,6.378378378378378
1968-02-05,Pop,35,37.82857142857143,34.57142857142857,34.48571428571429,6.6
1968-02-12,Pop,35,41.114285714285714,30.2,38.02857142857143,6.542857142857143
1968-02-19,Pop,37,44.7027027027027,33.486486486486484,41.972972972972975,6.27027027027027
1968-02-26,Pop,36,44.0,36.111111111111114,41.44444444444444,6.277777777777778
1968-03-04,Pop,38,45.6578947368421,35.10526315789474,41.10526315789474,6.052631578947368
1968-03-11,Pop,36,41.75,39.25,39.166666666666664,5.638888888888889
1968-03-18,Pop,37,44.0,39.054054054054056,40.45945945945946,5.72972972972973
1968-03-25,Pop,39,46.64102564102564,38.794871794871796,42.38461538461539,6.0256410256410255
1968-04-01,Pop,38,49.68421052631579,42.60526315789474,47.473684210526315,5.447368421052632
1968-04-08,Pop,37,46.810810810810814,44.054054054054056,43.5945945945946,5.972972972972973
1968-04-15,Pop,39,50.282051282051285,37.41025641025641,48.333333333333336,5.538461538461538
1968-04-22,Pop,35,46.542857142857144,45.25714285714286,43.25714285714286,6.314285714285714
1968-04-29,Pop,34,47.26470588235294,37.61764705882353,42.35294117647059,6.705882352941177
1968-05-06,Pop,35,50.05714285714286,37.82857142857143,46.371428571428574,6.0285714285714285
1968-05-13,Pop,38,50.86842105263158,39.1578947368421,49.0,5.131578947368421
1968-05-20,Pop,35,46.714285714285715,47.371428571428574,43.94285714285714,5.628571428571429
1968-05-27,Pop,34,43.55882352941177,40.55882352941177,40.26470588235294,6.0
1968-06-03,Pop,39,47.717948717948715,34.30769230769231,44.717948717948715,5.333333333333333
1968-06-10,Pop,40,49.925,41.225,47.65,4.975
1968-06-17,Pop,42,46.142857142857146,39.095238095238095,44.73809523809524,4.976190476190476
1968-06-24,Pop,41,41.829268292682926,43.951219512195124,39.80487804878049,5.658536585365853
1968-07-01,Pop,41,41.09756097560975,38.170731707317074,37.58536585365854,6.219512195121951
1968-07-08,Pop,38,38.8421052631579,35.10526315789474,36.0,6.421052631578948
1968-07-15,Pop,39,41.02564102564103,32.0,36.92307692307692,6.564102564102564
1968-07-22,Pop,36,41.30555555555556,34.0,38.05555555555556,6.361111111111111
1968-07-29,Pop,35,43.08571428571429,35.628571428571426,37.74285714285714,6.314285714285714
1968-08-05,Pop,32,41.34375,40.28125,39.5625,6.1875
1968-08-12,Pop,37,47.648648648648646,34.729729729729726,45.0,5.972972972972973
1968-08-19,Pop,36,46.833333333333336,40.138888888888886,43.388888888888886,6.111111111111111
1968-08-26,Pop,32,43.0,38.0,40.0,5.9375
1968-09-02,Pop,28,37.75,38.607142857142854,34.357142857142854,6.607142857142857
1968-09-09,Pop,31,45.32258064516129,31.516129032258064,42.064516129032256,6.258064516129032
1968-09-16,Pop,31,47.74193548387097,38.41935483870968,44.16129032258065,6.129032258064516
1968-09-23,Pop,29,48.06896551724138,41.827586206896555,46.44827586206897,4.896551724137931
1968-09-30,Pop,29,47.89655172413793,39.03448275862069,46.689655172413794,5.137931034482759
1968-10-07,Pop,30,49.1,34.0,45.43333333333333,5.566666666666666
1968-10-14,Pop,27,48.7037037037037,43.2962962962963,45.592592592592595,5.185185185185185
1968-10-21,Pop,26,48.65384615384615,38.92307692307692,47.69230769230769,4.538461538461538
1968-10-28,Pop,28,49.07142857142857,39.285714285714285,47.892857142857146,4.535714285714286
1968-11-04,Pop,30,49.5,43.53333333333333,47.3,5.1
1968-11-11,Pop,30,45.63333333333333,45.5,44.46666666666667,5.166666666666667
1968-11-18,Pop,31,39.70967741935484,38.74193548387097,38.516129032258064,5.225806451612903
1968-11-25,Pop,35,42.77142857142857,35.17142857142857,40.77142857142857,5.628571428571429
1968-12-02,Pop,33,41.63636363636363,31.939393939393938,39.18181818181818,5.666666666666667
1968-12-09,Pop,34,44.6764705882353,33.94117647058823,43.205882352941174,5.0588235294117645
1968-12-16,Pop,35,43.857142857142854,38.42857142857143,42.542857142857144,5.314285714285714
1968-12-23,Pop,36,46.02777777777778,37.52777777777778,44.47222222222222,5.027777777777778
1968-12-30,Pop,35,48.2,39.51428571428571,45.2,5.228571428571429
1969-01-06,Pop,36,46.30555555555556,45.416666666666664,41.72222222222222,5.861111111111111
1969-01-13,Pop,31,42.12903225806452,39.25806451612903,38.96774193548387,6.064516129032258
1969-01-20,Pop,29,40.827586206896555,36.41379310344828,37.03448275862069,6.551724137931035
1969-01-27,Pop,28,42.67857142857143,36.142857142857146,37.5,6.857142857142857
1969-02-03,Pop,31,52.03225806451613,28.225806451612904,50.67741935483871,4.935483870967742
1969-02-10,Pop,30,48.96666666666667,43.63333333333333,46.166666666666664,5.6
1969-02-17,Pop,31,49.354838709677416,37.54838709677419,47.70967741935484,5.258064516129032
1969-02-24,Pop,31,49.0,41.483870967741936,45.83870967741935,5.387096774193548
1969-03-03,Pop,32,52.5625,36.5625,51.875,4.65625
1969-03-10,Pop,35,51.77142857142857,46.0,50.34285714285714,5.171428571428572
1969-03-17,Pop,35,48.65714285714286,48.51428571428571,47.08571428571429,5.828571428571428
1969-03-24,Pop,34,46.705882352941174,47.61764705882353,44.05882352941177,6.382352941176471
1969-03-31,Pop,35,49.48571428571429,31.97142857142857,47.17142857142857,5.257142857142857
1969-04-07,Pop,34,48.6764705882353,43.5,47.029411764705884,5.235294117647059
1969-04-14,Pop,37,50.810810810810814,44.108108108108105,47.75675675675676,5.405405405405405
1969-04-21,Pop,34,47.61764705882353,45.1764705882353,44.529411764705884,5.5
1969-04-28,Pop,35,47.285714285714285,40.885714285714286,46.628571428571426,5.142857142857143
1969-05-05,Pop,39,46.56410256410256,38.8974358974359,44.76923076923077,5.3076923076923075
1969-05-12,Pop,35,43.68571428571428,45.17142857142857,41.94285714285714,5.6
1969-05-19,Pop,36,45.80555555555556,35.22222222222222,44.27777777777778,5.416666666666667
1969-05-26,Pop,33,41.81818181818182,38.81818181818182,41.36363636363637,5.515151515151516
1969-06-02,Pop,36,45.94444444444444,35.611111111111114,42.22222222222222,6.0
1969-06-09,Pop,35,45.114285714285714,38.48571428571429,42.4,5.914285714285715
1969-06-16,Pop,37,48.054054054054056,39.62162162162162,45.08108108108108,6.108108108108108
1969-06-23,Pop,38,50.13157894736842,35.8421052631579,46.0,6.0
1969-06-30,Pop,38,53.10526315789474,41.81578947368421,49.89473684210526,5.578947368421052
1969-07-07,Pop,36,50.5,50.916666666666664,48.083333333333336,5.916666666666667
1969-07-14,Pop,32,48.25,43.5625,46.21875,6.0625
1969-07-21,Pop,33,49.27272727272727,41.42424242424242,44.90909090909091,6.333333333333333
1969-07-28,Pop,31,44.806451612903224,40.483870967741936,42.45161290322581,6.258064516129032
1969-08-04,Pop,33,44.515151515151516,39.90909090909091,42.72727272727273,6.303030303030303
1969-08-11,Pop,37,49.189189189189186,36.32432432432432,47.75675675675676,5.837837837837838
1969-08-18,Pop,37,46.729729729729726,46.75675675675676,46.45945945945946,5.837837837837838
1969-08-25,Pop,37,44.91891891891892,42.5945945945946,42.972972972972975,6.621621621621622
1969-09-01,Pop,33,37.666666666666664,36.72727272727273,35.333333333333336,7.545454545454546
1969-09-08,Pop,33,39.72727272727273,34.121212121212125,37.27272727272727,7.484848484848484
1969-09-15,Pop,34,41.088235294117645,33.73529411764706,38.23529411764706,7.764705882352941
1969-09-22,Pop,34,42.029411764705884,35.26470588235294,38.64705882352941,7.823529411764706
1969-09-29,Pop,34,43.73529411764706,36.588235294117645,40.23529411764706,7.5588235294117645
1969-10-06,Pop,34,45.970588235294116,38.14705882352941,42.38235294117647,7.647058823529412
1969-10-13,Pop,32,46.375,39.9375,44.09375,7.1875
1969-10-20,Pop,29,42.10344827586207,41.55172413793103,40.03448275862069,6.758620689655173
1969-10-27,Pop,31,42.03225806451613,34.516129032258064,40.225806451612904,6.774193548387097
1969-11-03,Pop,32,42.90625,32.625,40.96875,6.5625
1969-11-10,Pop,33,42.78787878787879,36.15151515151515,40.42424242424242,6.484848484848484
1969-11-17,Pop,33,43.06060606060606,37.515151515151516,39.878787878787875,6.666666666666667
1969-11-24,Pop,34,43.88235294117647,35.529411764705884,40.88235294117647,6.5
1969-12-01,Pop,35,46.714285714285715,36.57142857142857,43.42857142857143,6.457142857142857
1969-12-08,Pop,36,47.111111111111114,40.44444444444444,43.638888888888886,6.25
1969-12-15,Pop,39,46.8974358974359,41.76923076923077,41.53846153846154,6.538461538461538
1969-12-22,Pop,38,44.921052631578945,42.76315789473684,42.26315789473684,6.2105263157894735
1969-12-29,Pop,37,43.513513513513516,37.729729729729726,40.21621621621622,6.324324324324325
1970-01-05,Pop,36,42.388888888888886,41.138888888888886,39.861111111111114,6.472222222222222
1970-01-12,Pop,34,38.64705882352941,40.5,35.35294117647059,7.352941176470588
1970-01-19,Pop,32,35.4375,37.34375,31.78125,8.3125
1970-01-26,Pop,29,36.37931034482759,32.827586206896555,32.793103448275865,8.517241379310345
1970-02-02,Pop,29,40.51724137931034,31.620689655172413,37.827586206896555,8.10344827586207
1970-02-09,Pop,27,40.96296296296296,34.25925925925926,35.51851851851852,8.185185185185185
1970-02-16,Pop,28,47.714285714285715,30.178571428571427,44.285714285714285,6.607142857142857
1970-02-23,Pop,27,45.0,44.0,42.81481481481482,6.037037037037037
1970-03-02,Pop,36,54.75,32.94444444444444,50.97222222222222,5.277777777777778
1970-03-09,Pop,35,52.142857142857146,50.08571428571429,49.857142857142854,5.371428571428571
1970-03-16,Pop,35,52.08571428571429,46.94285714285714,48.91428571428571,5.714285714285714
1970-03-23,Pop,34,53.470588235294116,48.73529411764706,51.205882352941174,5.647058823529412
1970-03-30,Pop,29,49.48275862068966,40.310344827586206,48.793103448275865,4.758620689655173
1970-04-06,Pop,30,48.666666666666664,43.666666666666664,47.0,5.5
1970-04-13,Pop,28,46.107142857142854,35.535714285714285,44.535714285714285,5.464285714285714
1970-04-20,Pop,33,50.36363636363637,36.09090909090909,48.60606060606061,5.242424242424242
1970-04-27,Pop,34,48.14705882352941,43.794117647058826,47.294117647058826,5.4411764705882355
1970-05-04,Pop,32,42.03125,40.1875,40.34375,6.375
1970-05-11,Pop,32,41.625,35.21875,40.03125,6.21875
1970-05-18,Pop,33,44.36363636363637,37.21212121212121,41.96969696969697,5.9393939393939394
1970-05-25,Pop,35,45.885714285714286,35.371428571428574,42.857142857142854,6.0285714285714285
1970-06-01,Pop,35,48.97142857142857,36.34285714285714,47.02857142857143,5.6
1970-06-08,Pop,35,47.457142857142856,44.17142857142857,46.17142857142857,5.942857142857143
1970-06-15,Pop,35,47.4,42.8,44.74285714285714,6.114285714285714
1970-06-22,Pop,34,46.411764705882355,43.23529411764706,42.588235294117645,6.735294117647059
1970-06-29,Pop,33,46.09090909090909,37.75757575757576,42.75757575757576,6.636363636363637
1970-07-06,Pop,35,49.74285714285714,39.08571428571429,44.97142857142857,6.714285714285714
1970-07-13,Pop,35,51.371428571428574,43.22857142857143,47.714285714285715,6.742857142857143
1970-07-20,Pop,32,50.0,44.625,48.90625,6.03125
1970-07-27,Pop,31,48.38709677419355,46.16129032258065,46.29032258064516,6.258064516129032
1970-08-03,Pop,31,45.96774193548387,40.0,43.03225806451613,6.193548387096774
1970-08-10,Pop,32,47.15625,39.53125,44.90625,6.15625
1970-08-17,Pop,34,45.6764705882353,36.05882352941177,45.205882352941174,5.647058823529412
1970-08-24,Pop,36,44.55555555555556,36.55555555555556,43.5,6.055555555555555
1970-08-31,Pop,36,42.27777777777778,39.30555555555556,40.138888888888886,6.527777777777778
1970-09-07,Pop,38,45.23684210526316,35.36842105263158,43.21052631578947,5.947368421052632
1970-09-14,Pop,35,41.94285714285714,40.2,40.77142857142857,6.428571428571429
1970-09-21,Pop,39,45.48717948717949,36.51282051282051,43.333333333333336,6.3076923076923075
1970-09-28,Pop,40,44.675,39.375,41.775,6.6
1970-10-05,Pop,41,46.97560975609756,39.292682926829265,42.78048780487805,6.902439024390244
1970-10-12,Pop,34,44.26470588235294,44.911764705882355,43.411764705882355,6.5588235294117645
1970-10-19,Pop,35,45.02857142857143,36.51428571428571,43.457142857142856,7.0285714285714285
1970-10-26,Pop,32,42.0625,37.96875,38.59375,7.875
1970-11-02,Pop,32,43.1875,33.78125,38.9375,7.28125
1970-11-09,Pop,29,43.0,41.86206896551724,39.793103448275865,7.344827586206897
1970-11-16,Pop,31,44.12903225806452,36.903225806451616,39.29032258064516,7.354838709677419
1970-11-23,Pop,28,42.67857142857143,38.142857142857146,39.285714285714285,6.928571428571429
1970-11-30,Pop,27,44.96296296296296,33.666666666666664,43.666666666666664,5.703703703703703
1970-12-07,Pop,28,43.357142857142854,40.42857142857143,42.642857142857146,5.5
1970-12-14,Pop,29,41.55172413793103,39.48275862068966,40.10344827586207,6.0344827586206895
1970-12-21,Pop,28,38.357142857142854,35.107142857142854,35.892857142857146,6.285714285714286
1970-12-28,Pop,27,39.370370370370374,30.88888888888889,37.74074074074074,6.407407407407407
1971-01-04,Pop,30,44.53333333333333,31.4,42.666666666666664,6.166666666666667
1971-01-11,Pop,27,42.7037037037037,42.592592592592595,41.148148148148145,6.407407407407407
1971-01-18,Pop,27,43.2962962962963,37.0,42.2962962962963,6.407407407407407
1971-01-25,Pop,30,46.6,35.766666666666666,43.333333333333336,6.733333333333333
1971-02-01,Pop,31,50.87096774193548,34.774193548387096,49.354838709677416,5.903225806451613
1971-02-08,Pop,32,47.71875,42.25,45.875,6.0625
1971-02-15,Pop,34,47.44117647058823,37.088235294117645,44.35294117647059,6.352941176470588
1971-02-22,Pop,31,42.354838709677416,40.774193548387096,36.96774193548387,6.903225806451613
1971-03-01,Pop,32,47.21875,36.0625,41.8125,5.96875
1971-03-08,Pop,31,43.70967741935484,36.096774193548384,42.38709677419355,5.096774193548387
1971-03-15,Pop,36,46.72222222222222,31.63888888888889,44.666666666666664,4.944444444444445
1971-03-22,Pop,35,41.857142857142854,47.08571428571429,39.714285714285715,5.571428571428571
1971-03-29,Pop,37,43.972972972972975,38.08108108108108,41.7027027027027,5.594594594594595
1971-04-05,Pop,34,41.029411764705884,41.088235294117645,38.205882352941174,6.147058823529412
1971-04-12,Pop,32,41.4375,38.4375,36.5625,6.71875
1971-04-19,Pop,26,34.46153846153846,36.38461538461539,31.807692307692307,7.6923076923076925
1971-04-26,Pop,27,35.25925925925926,32.0,31.37037037037037,8.037037037037036
1971-05-03,Pop,25,35.36,32.24,32.24,7.96
1971-05-10,Pop,25,37.44,31.12,34.12,7.56
1971-05-17,Pop,25,41.52,30.28,39.92,6.68
1971-05-24,Pop,24,38.666666666666664,39.166666666666664,37.166666666666664,7.166666666666667
1971-05-31,Pop,26,39.46153846153846,35.69230769230769,35.84615384615385,7.615384615384615
1971-06-07,Pop,26,43.34615384615385,35.84615384615385,40.53846153846154,6.961538461538462
1971-06-14,Pop,25,41.72,39.24,39.64,7.04
1971-06-21,Pop,29,47.793103448275865,33.793103448275865,46.03448275862069,6.241379310344827
1971-06-28,Pop,28,47.035714285714285,41.892857142857146,44.32142857142857,6.071428571428571
1971-07-05,Pop,28,47.857142857142854,42.32142857142857,46.57142857142857,5.464285714285714
1971-07-12,Pop,25,41.56,46.32,40.4,6.32
1971-07-19,Pop,23,38.34782608695652,36.65217391304348,37.869565217391305,7.0
1971-07-26,Pop,25,40.96,35.28,38.56,7.44
1971-08-02,Pop,24,42.875,32.125,39.541666666666664,7.333333333333333
1971-08-09,Pop,25,43.52,37.08,40.16,7.0
1971-08-16,Pop,25,45.4,34.08,40.56,6.08
1971-08-23,Pop,28,50.107142857142854,33.392857142857146,47.464285714285715,5.321428571428571
1971-08-30,Pop,28,49.42857142857143,49.107142857142854,45.0,5.857142857142857
1971-09-06,Pop,27,50.370370370370374,39.666666666666664,48.48148148148148,5.222222222222222
1971-09-13,Pop,27,48.74074074074074,44.74074074074074,46.74074074074074,5.777777777777778
1971-09-20,Pop,26,43.76923076923077,41.23076923076923,41.23076923076923,6.653846153846154
1971-09-27,Pop,27,46.25925925925926,36.77777777777778,43.77777777777778,6.111111111111111
1971-10-04,Pop,28,45.82142857142857,36.0,44.464285714285715,5.714285714285714
1971-10-11,Pop,27,41.666666666666664,39.074074074074076,40.03703703703704,5.888888888888889
1971-10-18,Pop,27,42.77777777777778,38.370370370370374,40.22222222222222,6.037037037037037
1971-10-25,Pop,30,45.63333333333333,37.5,43.233333333333334,5.833333333333333
1971-11-01,Pop,32,49.4375,40.375,46.6875,5.65625
1971-11-08,Pop,30,48.333333333333336,48.5,45.833333333333336,5.966666666666667
1971-11-15,Pop,27,45.333333333333336,46.25925925925926,43.592592592592595,6.148148148148148
1971-11-22,Pop,28,45.607142857142854,39.964285714285715,43.75,6.357142857142857
1971-11-29,Pop,28,46.82142857142857,37.17857142857143,44.107142857142854,6.214285714285714
1971-12-06,Pop,26,44.57692307692308,41.42307692307692,41.65384615384615,6.461538461538462
1971-12-13,Pop,24,47.125,30.5,44.208333333333336,5.583333333333333
1971-12-20,Pop,24,45.541666666666664,42.375,42.125,5.833333333333333
1971-12-27,Pop,22,44.90909090909091,45.22727272727273,43.63636363636363,5.590909090909091
1972-01-03,Pop,22,45.86363636363637,43.77272727272727,44.22727272727273,5.863636363636363
1972-01-10,Pop,26,50.46153846153846,38.80769230769231,48.0,5.961538461538462
1972-01-17,Pop,26,46.69230769230769,43.07692307692308,42.42307692307692,6.6923076923076925
1972-01-24,Pop,27,52.51851851851852,31.037037037037038,52.111111111111114,5.0
1972-01-31,Pop,27,45.81481481481482,47.48148148148148,45.0,5.333333333333333
1972-02-07,Pop,27,43.888888888888886,39.888888888888886,40.7037037037037,6.037037037037037
1972-02-14,Pop,26,46.73076923076923,38.65384615384615,44.65384615384615,5.730769230769231
1972-02-21,Pop,25,43.12,36.92,40.48,6.12
1972-02-28,Pop,29,48.62068965517241,30.724137931034484,46.241379310344826,5.206896551724138
1972-03-06,Pop,30,48.733333333333334,42.13333333333333,46.8,5.066666666666666
1972-03-13,Pop,28,44.67857142857143,42.17857142857143,41.82142857142857,5.571428571428571
1972-03-20,Pop,28,45.82142857142857,38.857142857142854,41.32142857142857,5.964285714285714
1972-03-27,Pop,27,45.925925925925924,34.7037037037037,39.074074074074076,5.888888888888889
1972-04-03,Pop,26,46.19230769230769,40.30769230769231,44.42307692307692,4.923076923076923
1972-04-10,Pop,27,43.44444444444444,44.48148148148148,39.74074074074074,5.7407407407407405
1972-04-17,Pop,24,38.833333333333336,38.208333333333336,32.416666666666664,6.416666666666667
1972-04-24,Pop,27,46.925925925925924,26.37037037037037,45.666666666666664,5.111111111111111
1972-05-01,Pop,30,49.53333333333333,41.36666666666667,48.53333333333333,5.166666666666667
1972-05-08,Pop,31,48.32258064516129,47.935483870967744,45.25806451612903,6.0
1972-05-15,Pop,32,49.21875,35.90625,46.28125,5.8125
1972-05-22,Pop,32,50.1875,39.6875,46.90625,5.65625
1972-05-29,Pop,34,52.55882352941177,42.794117647058826,47.470588235294116,5.823529411764706
1972-06-05,Pop,33,52.36363636363637,43.93939393939394,51.666666666666664,5.121212121212121
1972-06-12,Pop,36,52.333333333333336,43.75,51.02777777777778,5.333333333333333
1972-06-19,Pop,39,51.58974358974359,47.07692307692308,50.12820512820513,5.641025641025641
1972-06-26,Pop,42,51.57142857142857,46.023809523809526,48.57142857142857,6.095238095238095
1972-07-03,Pop,41,53.36585365853659,48.78048780487805,51.31707317073171,5.658536585365853
1972-07-10,Pop,37,50.08108108108108,46.027027027027025,47.37837837837838,6.0
1972-07-17,Pop,35,48.34285714285714,47.142857142857146,47.25714285714286,6.114285714285714
1972-07-24,Pop,37,48.16216216216216,42.189189189189186,46.86486486486486,6.45945945945946
1972-07-31,Pop,38,47.68421052631579,42.78947368421053,46.26315789473684,6.473684210526316
1972-08-07,Pop,37,46.486486486486484,40.4054054054054,44.75675675675676,6.405405405405405
1972-08-14,Pop,36,44.72222222222222,43.19444444444444,43.44444444444444,6.722222222222222
1972-08-21,Pop,36,42.80555555555556,40.30555555555556,39.611111111111114,7.472222222222222
1972-08-28,Pop,34,40.8235294117647,39.5,37.88235294117647,7.705882352941177
1972-09-04,Pop,35,41.51428571428571,33.2,39.2,6.8
1972-09-11,Pop,40,46.825,32.55,45.375,6.125
1972-09-18,Pop,38,41.8421052631579,44.921052631578945,40.026315789473685,6.684210526315789
1972-09-25,Pop,35,38.82857142857143,38.6,35.2,7.2
1972-10-02,Pop,36,42.72222222222222,32.75,40.27777777777778,6.666666666666667
1972-10-09,Pop,38,44.973684210526315,37.921052631578945,40.13157894736842,7.2631578947368425
1972-10-16,Pop,37,47.4054054054054,36.78378378378378,43.67567567567568,6.621621621621622
1972-10-23,Pop,35,46.8,42.05714285714286,44.0,6.714285714285714
1972-10-30,Pop,33,44.57575757575758,43.63636363636363,43.121212121212125,6.7272727272727275
1972-11-06,Pop,34,47.5,35.8235294117647,45.294117647058826,6.588235294117647
1972-11-13,Pop,36,47.361111111111114,41.47222222222222,46.0,6.638888888888889
1972-11-20,Pop,38,50.36842105263158,37.23684210526316,47.13157894736842,6.605263157894737
1972-11-27,Pop,34,49.088235294117645,47.529411764705884,47.794117647058826,6.0588235294117645
1972-12-04,Pop,37,51.972972972972975,41.37837837837838,51.2972972972973,5.513513513513513
1972-12-11,Pop,36,48.583333333333336,49.19444444444444,47.02777777777778,6.25
1972-12-18,Pop,38,50.28947368421053,43.3421052631579,48.1578947368421,6.315789473684211
1972-12-25,Pop,38,49.21052631578947,48.10526315789474,44.1578947368421,7.131578947368421
1973-01-01,Pop,35,47.51428571428571,42.4,42.885714285714286,7.457142857142857
1973-01-08,Pop,33,45.63636363636363,47.15151515151515,41.121212121212125,8.0
1973-01-15,Pop,32,45.625,41.84375,38.53125,8.5625
1973-01-22,Pop,31,46.774193548387096,36.774193548387096,41.45161290322581,7.387096774193548
1973-01-29,Pop,34,49.85294117647059,34.8235294117647,47.61764705882353,6.382352941176471
1973-02-05,Pop,35,51.08571428571429,44.142857142857146,48.2,6.428571428571429
1973-02-12,Pop,35,49.57142857142857,45.42857142857143,47.77142857142857,5.9714285714285715
1973-02-19,Pop,38,51.1578947368421,41.23684210526316,50.5,5.578947368421052
1973-02-26,Pop,39,49.30769230769231,44.94871794871795,48.666666666666664,5.6923076923076925
1973-03-05,Pop,41,49.146341463414636,41.78048780487805,48.5609756097561,5.951219512195122
1973-03-12,Pop,43,49.674418604651166,46.18604651162791,47.93023255813954,6.395348837209302
1973-03-19,Pop,44,50.06818181818182,43.86363636363637,47.52272727272727,6.7272727272727275
1973-03-26,Pop,43,48.23255813953488,42.25581395348837,45.23255813953488,7.069767441860465
1973-04-02,Pop,43,47.25581395348837,45.76744186046512,43.604651162790695,7.441860465116279
1973-04-09,Pop,40,45.0,40.6,42.875,7.2
1973-04-16,Pop,36,45.333333333333336,43.02777777777778,42.72222222222222,6.944444444444445
1973-04-23,Pop,34,45.911764705882355,40.470588235294116,44.76470588235294,6.794117647058823
1973-04-30,Pop,35,47.371428571428574,38.82857142857143,45.2,7.057142857142857
1973-05-07,Pop,37,50.13513513513514,40.08108108108108,47.567567567567565,6.837837837837838
1973-05-14,Pop,38,51.026315789473685,45.94736842105263,47.39473684210526,7.052631578947368
1973-05-21,Pop,35,49.114285714285714,48.0,44.97142857142857,7.628571428571429
1973-05-28,Pop,34,46.61764705882353,44.088235294117645,43.44117647058823,7.823529411764706
1973-06-04,Pop,33,45.18181818181818,37.96969696969697,38.78787878787879,8.515151515151516
1973-06-11,Pop,32,41.75,39.15625,35.6875,9.03125
1973-06-18,Pop,37,47.83783783783784,34.54054054054054,40.486486486486484,8.45945945945946
1973-06-25,Pop,33,46.39393939393939,44.75757575757576,41.06060606060606,8.363636363636363
1973-07-02,Pop,32,46.125,36.4375,40.0,8.0
1973-07-09,Pop,31,46.03225806451613,39.096774193548384,40.225806451612904,7.290322580645161
1973-07-16,Pop,32,47.03125,42.78125,40.625,7.59375
1973-07-23,Pop,32,47.21875,43.96875,40.28125,7.875
1973-07-30,Pop,30,45.96666666666667,42.0,37.166666666666664,8.566666666666666
1973-08-06,Pop,25,39.64,35.88,31.96,9.16
1973-08-13,Pop,24,38.708333333333336,34.958333333333336,30.416666666666668,9.75
1973-08-20,Pop,24,41.458333333333336,33.833333333333336,32.958333333333336,9.708333333333334
1973-08-27,Pop,22,43.77272727272727,30.818181818181817,33.0,9.0
1973-09-03,Pop,19,45.05263157894737,41.68421052631579,35.473684210526315,8.473684210526315
1973-09-10,Pop,21,52.04761904761905,34.285714285714285,45.523809523809526,6.9523809523809526
1973-09-17,Pop,24,57.125,44.25,50.958333333333336,6.125
1973-09-24,Pop,26,56.11538461538461,49.26923076923077,51.57692307692308,6.269230769230769
1973-10-01,Pop,26,54.19230769230769,48.46153846153846,49.80769230769231,6.269230769230769
1973-10-08,Pop,25,51.48,48.28,48.96,6.0
1973-10-15,Pop,24,45.5,47.041666666666664,41.875,6.666666666666667
1973-10-22,Pop,25,45.08,41.08,39.72,7.16
1973-10-29,Pop,27,50.888888888888886,35.81481481481482,47.2962962962963,6.111111111111111
1973-11-05,Pop,28,50.214285714285715,44.964285714285715,46.392857142857146,5.892857142857143
1973-11-12,Pop,28,47.0,41.464285714285715,43.535714285714285,6.0
1973-11-19,Pop,27,45.074074074074076,44.03703703703704,44.111111111111114,5.666666666666667
1973-11-26,Pop,30,48.0,37.833333333333336,46.0,5.766666666666667
1973-12-03,Pop,32,50.84375,42.8125,46.8125,6.15625
1973-12-10,Pop,35,55.22857142857143,41.114285714285714,50.65714285714286,5.942857142857143
1973-12-17,Pop,34,54.294117647058826,49.94117647058823,51.3235294117647,5.764705882352941
1973-12-24,Pop,33,50.39393939393939,51.45454545454545,46.24242424242424,6.575757575757576
1973-12-31,Pop,33,52.06060606060606,46.60606060606061,46.696969696969695,6.818181818181818
1974-01-07,Pop,29,46.793103448275865,44.48275862068966,39.37931034482759,7.862068965517241
1974-01-14,Pop,30,49.166666666666664,42.5,39.9,8.233333333333333
1974-01-21,Pop,32,53.40625,43.78125,42.96875,8.21875
1974-01-28,Pop,29,48.758620689655174,47.51724137931034,40.3448275862069,8.482758620689655
1974-02-04,Pop,28,46.42857142857143,42.17857142857143,38.964285714285715,8.642857142857142
1974-02-11,Pop,28,45.67857142857143,37.607142857142854,37.607142857142854,8.642857142857142
1974-02-18,Pop,27,46.925925925925924,38.666666666666664,44.48148148148148,7.555555555555555
1974-02-25,Pop,26,43.69230769230769,43.26923076923077,41.03846153846154,8.192307692307692
1974-03-04,Pop,25,44.68,35.56,42.28,8.24
1974-03-11,Pop,28,49.785714285714285,37.857142857142854,45.25,8.107142857142858
1974-03-18,Pop,29,50.41379310344828,45.58620689655172,43.41379310344828,8.551724137931034
1974-03-25,Pop,30,53.4,39.8,49.13333333333333,7.433333333333334
1974-04-01,Pop,32,55.8125,43.71875,50.53125,7.1875
1974-04-08,Pop,35,57.08571428571429,49.2,51.34285714285714,7.085714285714285
1974-04-15,Pop,35,55.457142857142856,50.82857142857143,47.885714285714286,7.457142857142857
1974-04-22,Pop,36,56.69444444444444,50.333333333333336,47.19444444444444,7.527777777777778
1974-04-29,Pop,33,54.03030303030303,46.60606060606061,47.54545454545455,6.484848484848484
1974-05-06,Pop,34,53.76470588235294,47.14705882352941,49.38235294117647,5.9411764705882355
1974-05-13,Pop,32,49.875,48.40625,45.3125,6.375
1974-05-20,Pop,33,47.121212121212125,41.21212121212121,44.84848484848485,6.2727272727272725
1974-05-27,Pop,36,47.166666666666664,41.333333333333336,44.97222222222222,6.361111111111111
1974-06-03,Pop,35,44.2,42.457142857142856,42.22857142857143,6.885714285714286
1974-06-10,Pop,38,45.526315789473685,36.76315789473684,42.973684210526315,7.026315789473684
1974-06-17,Pop,42,45.5,38.80952380952381,41.54761904761905,7.309523809523809
1974-06-24,Pop,43,45.651162790697676,41.83720930232558,38.93023255813954,7.511627906976744
1974-07-01,Pop,40,42.875,41.275,35.55,7.95
1974-07-08,Pop,38,38.18421052631579,42.21052631578947,28.92105263157895,8.578947368421053
1974-07-15,Pop,41,43.26829268292683,32.53658536585366,31.878048780487806,8.390243902439025
1974-07-22,Pop,40,43.475,33.425,32.35,8.25
1974-07-29,Pop,38,41.44736842105263,39.73684210526316,29.236842105263158,8.868421052631579
1974-08-05,Pop,36,38.388888888888886,37.44444444444444,26.22222222222222,8.694444444444445
1974-08-12,Pop,35,39.08571428571429,34.25714285714286,24.82857142857143,9.0
1974-08-19,Pop,35,39.48571428571429,33.6,25.97142857142857,9.028571428571428
1974-08-26,Pop,40,46.275,32.05,33.0,8.425
1974-09-02,Pop,39,43.69230769230769,37.94871794871795,31.846153846153847,8.333333333333334
1974-09-09,Pop,39,43.02564102564103,38.76923076923077,30.23076923076923,8.897435897435898
1974-09-16,Pop,41,46.853658536585364,36.21951219512195,32.26829268292683,8.609756097560975
1974-09-23,Pop,39,47.92307692307692,39.282051282051285,35.07692307692308,7.82051282051282
1974-09-30,Pop,39,47.256410256410255,40.46153846153846,36.15384615384615,7.564102564102564
1974-10-07,Pop,37,45.486486486486484,39.83783783783784,37.78378378378378,6.8108108108108105
1974-10-14,Pop,36,44.77777777777778,38.166666666666664,39.25,6.444444444444445
1974-10-21,Pop,36,45.05555555555556,39.44444444444444,37.583333333333336,6.666666666666667
1974-10-28,Pop,33,37.75757575757576,39.515151515151516,33.90909090909091,6.7272727272727275
1974-11-04,Pop,34,42.205882352941174,34.44117647058823,32.64705882352941,7.205882352941177
1974-11-11,Pop,35,45.94285714285714,28.857142857142858,33.57142857142857,6.771428571428571
1974-11-18,Pop,35,45.34285714285714,33.4,36.8,6.3428571428571425
1974-11-25,Pop,36,44.05555555555556,38.75,35.388888888888886,6.555555555555555
1974-12-02,Pop,39,47.743589743589745,39.02564102564103,36.94871794871795,6.871794871794871
1974-12-09,Pop,38,46.026315789473685,42.10526315789474,35.86842105263158,7.078947368421052
1974-12-16,Pop,35,42.6,38.714285714285715,35.57142857142857,7.0285714285714285
1974-12-23,Pop,37,44.4054054054054,35.91891891891892,35.054054054054056,7.513513513513513
1974-12-30,Pop,37,44.16216216216216,38.729729729729726,36.054054054054056,7.675675675675675
1975-01-06,Pop,37,43.891891891891895,39.648648648648646,35.567567567567565,8.027027027027026
1975-01-13,Pop,37,42.054054054054056,41.75675675675676,33.21621621621622,8.621621621621621
1975-01-20,Pop,40,45.475,33.15,37.275,8.15
1975-01-27,Pop,41,46.19512195121951,40.4390243902439,37.853658536585364,8.146341463414634
1975-02-03,Pop,38,44.78947368421053,38.10526315789474,33.578947368421055,8.657894736842104
1975-02-10,Pop,33,42.18181818181818,38.696969696969695,35.666666666666664,7.909090909090909
1975-02-17,Pop,34,43.1764705882353,36.0,33.64705882352941,8.088235294117647
1975-02-24,Pop,33,43.54545454545455,36.63636363636363,30.606060606060606,8.606060606060606
1975-03-03,Pop,35,48.6,29.4,44.857142857142854,6.3428571428571425
1975-03-10,Pop,35,45.48571428571429,46.885714285714286,41.08571428571429,7.0
1975-03-17,Pop,32,43.59375,41.34375,37.6875,7.53125
1975-03-24,Pop,34,49.05882352941177,33.294117647058826,42.05882352941177,7.147058823529412
1975-03-31,Pop,34,51.64705882352941,40.64705882352941,44.44117647058823,6.735294117647059
1975-04-07,Pop,33,51.81818181818182,45.06060606060606,44.72727272727273,6.818181818181818
1975-04-14,Pop,33,52.03030303030303,46.21212121212121,45.515151515151516,6.848484848484849
1975-04-21,Pop,34,55.05882352941177,43.794117647058826,44.411764705882355,7.323529411764706
1975-04-28,Pop,29,48.55172413793103,51.03448275862069,43.13793103448276,6.827586206896552
1975-05-05,Pop,31,50.54838709677419,41.096774193548384,45.96774193548387,6.612903225806452
1975-05-12,Pop,33,54.21212121212121,36.06060606060606,49.27272727272727,6.090909090909091
1975-05-19,Pop,34,53.94117647058823,41.529411764705884,51.73529411764706,5.794117647058823
1975-05-26,Pop,34,52.85294117647059,42.970588235294116,50.14705882352941,5.735294117647059
1975-06-02,Pop,34,52.529411764705884,47.88235294117647,48.38235294117647,5.735294117647059
1975-06-09,Pop,30,43.766666666666666,41.6,39.0,6.7
1975-06-16,Pop,32,45.53125,34.625,40.40625,6.5625
1975-06-23,Pop,34,46.8235294117647,39.970588235294116,42.94117647058823,6.323529411764706
1975-06-30,Pop,36,48.75,37.19444444444444,43.666666666666664,6.472222222222222
1975-07-07,Pop,33,45.03030303030303,45.515151515151516,40.666666666666664,7.212121212121212
1975-07-14,Pop,32,42.0,35.34375,38.21875,7.5625
1975-07-21,Pop,34,41.8235294117647,36.8235294117647,35.911764705882355,7.911764705882353
1975-07-28,Pop,35,43.57142857142857,35.51428571428571,39.22857142857143,7.371428571428571
1975-08-04,Pop,35,42.542857142857144,39.0,37.08571428571429,7.942857142857143
1975-08-11,Pop,36,41.27777777777778,35.083333333333336,35.97222222222222,8.055555555555555
1975-08-18,Pop,36,40.666666666666664,35.05555555555556,36.22222222222222,8.055555555555555
1975-08-25,Pop,37,44.32432432432432,35.432432432432435,37.78378378378378,7.837837837837838
1975-09-01,Pop,35,43.857142857142854,37.34285714285714,40.628571428571426,7.371428571428571
1975-09-08,Pop,35,41.51428571428571,40.0,37.91428571428571,7.828571428571428
1975-09-15,Pop,35,42.34285714285714,34.31428571428572,38.457142857142856,8.028571428571428
1975-09-22,Pop,33,42.90909090909091,36.90909090909091,38.45454545454545,8.151515151515152
1975-09-29,Pop,32,41.5625,39.78125,33.3125,8.40625
1975-10-06,Pop,33,44.15151515151515,32.484848484848484,36.75757575757576,7.7272727272727275
1975-10-13,Pop,35,46.42857142857143,33.142857142857146,39.82857142857143,7.057142857142857
1975-10-20,Pop,36,47.55555555555556,41.97222222222222,39.111111111111114,7.222222222222222
1975-10-27,Pop,33,44.303030303030305,38.333333333333336,39.81818181818182,6.757575757575758
1975-11-03,Pop,33,43.75757575757576,36.696969696969695,37.36363636363637,7.424242424242424
1975-11-10,Pop,30,39.4,36.1,32.0,7.5
1975-11-17,Pop,30,38.333333333333336,36.166666666666664,30.366666666666667,7.8
1975-11-24,Pop,32,41.5625,30.875,34.34375,7.65625
1975-12-01,Pop,31,41.87096774193548,33.61290322580645,36.38709677419355,7.451612903225806
1975-12-08,Pop,34,46.470588235294116,33.73529411764706,39.470588235294116,7.382352941176471
1975-12-15,Pop,36,47.52777777777778,38.97222222222222,44.19444444444444,6.722222222222222
1975-12-22,Pop,37,46.32432432432432,43.432432432432435,42.027027027027025,6.864864864864865
1975-12-29,Pop,41,49.48780487804878,39.97560975609756,43.21951219512195,7.073170731707317
1976-01-05,Pop,38,46.89473684210526,47.10526315789474,39.28947368421053,7.7105263157894735
1976-01-12,Pop,38,47.55263157894737,44.421052631578945,35.78947368421053,8.578947368421053
1976-01-19,Pop,34,43.529411764705884,39.205882352941174,38.1764705882353,7.852941176470588
1976-01-26,Pop,33,42.09090909090909,40.39393939393939,35.90909090909091,7.878787878787879
1976-02-02,Pop,34,42.3235294117647,35.55882352941177,37.23529411764706,7.5
1976-02-09,Pop,33,42.54545454545455,33.333333333333336,39.60606060606061,7.151515151515151
1976-02-16,Pop,31,37.903225806451616,40.774193548387096,35.12903225806452,8.0
1976-02-23,Pop,32,37.8125,34.3125,33.09375,8.5625
1976-03-01,Pop,33,40.45454545454545,36.666666666666664,30.727272727272727,9.303030303030303
1976-03-08,Pop,31,40.03225806451613,32.16129032258065,30.870967741935484,9.064516129032258
1976-03-15,Pop,31,41.45161290322581,34.70967741935484,32.83870967741935,8.774193548387096
1976-03-22,Pop,33,45.36363636363637,37.39393939393939,36.18181818181818,8.606060606060606
1976-03-29,Pop,33,44.42424242424242,37.333333333333336,36.696969696969695,8.272727272727273
1976-04-05,Pop,34,45.05882352941177,36.588235294117645,40.61764705882353,7.970588235294118
1976-04-12,Pop,36,47.861111111111114,35.27777777777778,44.75,7.361111111111111
1976-04-19,Pop,36,49.05555555555556,44.833333333333336,43.833333333333336,7.777777777777778
1976-04-26,Pop,39,50.0,40.94871794871795,43.53846153846154,7.769230769230769
1976-05-03,Pop,41,51.09756097560975,44.73170731707317,43.75609756097561,7.780487804878049
1976-05-10,Pop,40,50.25,50.45,38.1,8.775
1976-05-17,Pop,42,52.476190476190474,41.904761904761905,41.904761904761905,7.976190476190476
1976-05-24,Pop,39,51.56410256410256,43.717948717948715,43.82051282051282,7.564102564102564
1976-05-31,Pop,36,48.27777777777778,41.666666666666664,46.55555555555556,6.694444444444445
1976-06-07,Pop,37,47.351351351351354,39.5945945945946,42.972972972972975,7.297297297297297
1976-06-14,Pop,39,48.17948717948718,38.61538461538461,42.97435897435897,7.333333333333333
1976-06-21,Pop,39,48.256410256410255,43.666666666666664,38.333333333333336,8.23076923076923
1976-06-28,Pop,42,49.476190476190474,36.404761904761905,43.95238095238095,7.428571428571429
1976-07-05,Pop,41,47.853658536585364,46.707317073170735,42.24390243902439,7.829268292682927
1976-07-12,Pop,40,46.425,35.75,41.2,7.425
1976-07-19,Pop,38,44.0,43.18421052631579,37.973684210526315,8.31578947368421
1976-07-26,Pop,37,43.027027027027025,39.91891891891892,36.62162162162162,9.0
1976-08-02,Pop,39,46.666666666666664,36.17948717948718,38.282051282051285,8.923076923076923
1976-08-09,Pop,39,46.15384615384615,35.35897435897436,38.51282051282051,8.538461538461538
1976-08-16,Pop,42,48.80952380952381,36.23809523809524,41.714285714285715,8.261904761904763
1976-08-23,Pop,41,48.26829268292683,42.75609756097561,40.80487804878049,8.658536585365853
1976-08-30,Pop,39,45.38461538461539,40.41025641025641,37.743589743589745,9.051282051282051
1976-09-06,Pop,39,45.1025641025641,35.69230769230769,37.41025641025641,8.948717948717949
1976-09-13,Pop,40,45.775,35.525,40.725,7.95
1976-09-20,Pop,41,42.65853658536585,40.21951219512195,36.073170731707314,8.609756097560975
1976-09-27,Pop,44,45.11363636363637,37.86363636363637,36.25,8.522727272727273
1976-10-04,Pop,45,46.4,39.6,36.91111111111111,8.822222222222223
1976-10-11,Pop,44,44.97727272727273,41.22727272727273,35.52272727272727,8.772727272727273
1976-10-18,Pop,42,42.80952380952381,37.642857142857146,37.38095238095238,8.357142857142858
1976-10-25,Pop,42,42.61904761904762,38.666666666666664,36.333333333333336,8.785714285714286
1976-11-01,Pop,40,41.6,34.55,32.475,9.6
1976-11-08,Pop,41,42.853658536585364,38.170731707317074,31.634146341463413,9.902439024390244
1976-11-15,Pop,39,41.07692307692308,37.64102564102564,28.46153846153846,10.615384615384615
1976-11-22,Pop,41,43.41463414634146,34.26829268292683,31.878048780487806,10.121951219512194
1976-11-29,Pop,43,48.372093023255815,32.93023255813954,39.25581395348837,8.255813953488373
1976-12-06,Pop,43,50.18604651162791,39.04651162790697,41.651162790697676,7.6976744186046515
1976-12-13,Pop,44,52.5,43.25,41.56818181818182,7.840909090909091
1976-12-20,Pop,38,45.05263157894737,46.5,37.28947368421053,7.947368421052632
1976-12-27,Pop,38,45.05263157894737,45.05263157894737,37.28947368421053,8.947368421052632
1977-01-03,Pop,37,44.13513513513514,38.13513513513514,38.32432432432432,8.81081081081081
1977-01-10,Pop,38,46.31578947368421,42.973684210526315,36.78947368421053,9.578947368421053
1977-01-17,Pop,37,45.810810810810814,39.21621621621622,36.7027027027027,9.35135135135135
1977-01-24,Pop,39,47.41025641025641,37.41025641025641,38.1025641025641,9.102564102564102
1977-01-31,Pop,37,45.91891891891892,42.513513513513516,36.054054054054056,9.216216216216216
1977-02-07,Pop,36,43.75,38.888888888888886,36.638888888888886,8.666666666666666
1977-02-14,Pop,37,46.7027027027027,31.864864864864863,37.75675675675676,8.432432432432432
1977-02-21,Pop,33,42.27272727272727,38.696969696969695,37.57575757575758,8.121212121212121
1977-02-28,Pop,33,43.54545454545455,36.484848484848484,38.75757575757576,7.7272727272727275
1977-03-07,Pop,32,41.65625,38.65625,39.0,7.65625
1977-03-14,Pop,35,44.91428571428571,34.22857142857143,39.77142857142857,7.771428571428571
1977-03-21,Pop,35,45.22857142857143,39.97142857142857,38.82857142857143,8.028571428571428
1977-03-28,Pop,36,48.72222222222222,37.75,39.97222222222222,8.027777777777779
1977-04-04,Pop,37,49.351351351351354,40.729729729729726,42.945945945945944,7.486486486486487
1977-04-11,Pop,36,47.80555555555556,43.44444444444444,39.55555555555556,8.25
1977-04-18,Pop,34,44.529411764705884,39.588235294117645,37.26470588235294,8.5
1977-04-25,Pop,34,44.5,37.14705882352941,38.38235294117647,8.558823529411764
1977-05-02,Pop,38,50.5,34.86842105263158,41.21052631578947,8.210526315789474
1977-05-09,Pop,36,51.25,41.861111111111114,42.05555555555556,7.861111111111111
1977-05-16,Pop,39,53.56410256410256,38.8974358974359,45.17948717948718,7.256410256410256
1977-05-23,Pop,41,55.63414634146341,50.951219512195124,43.292682926829265,7.902439024390244
1977-05-30,Pop,41,55.1219512195122,41.73170731707317,46.26829268292683,6.853658536585366
1977-06-06,Pop,39,52.02564102564103,45.82051282051282,47.35897435897436,6.410256410256411
1977-06-13,Pop,40,50.5,44.15,45.175,6.875
1977-06-20,Pop,40,49.575,47.025,41.775,7.575
1977-06-27,Pop,40,49.35,45.675,40.55,7.875
1977-07-04,Pop,37,45.729729729729726,43.83783783783784,39.567567567567565,8.297297297297296
1977-07-11,Pop,36,47.27777777777778,40.72222222222222,38.52777777777778,8.944444444444445
1977-07-18,Pop,36,48.166666666666664,38.75,38.0,9.25
1977-07-25,Pop,35,47.97142857142857,37.0,39.25714285714286,8.942857142857143
1977-08-01,Pop,33,44.878787878787875,38.0,39.18181818181818,8.787878787878787
1977-08-08,Pop,30,39.8,41.833333333333336,34.9,9.233333333333333
1977-08-15,Pop,30,42.2,37.13333333333333,32.8,10.133333333333333
1977-08-22,Pop,36,51.583333333333336,31.88888888888889,43.388888888888886,8.277777777777779
1977-08-29,Pop,36,49.52777777777778,47.22222222222222,40.166666666666664,8.86111111111111
1977-09-05,Pop,41,53.48780487804878,41.09756097560975,42.97560975609756,8.634146341463415
1977-09-12,Pop,40,53.075,48.475,41.225,8.875
1977-09-19,Pop,40,53.2,45.875,40.6,8.75
1977-09-26,Pop,36,47.52777777777778,44.44444444444444,38.52777777777778,8.805555555555555
1977-10-03,Pop,35,45.4,40.05714285714286,37.65714285714286,8.885714285714286
1977-10-10,Pop,37,49.37837837837838,33.62162162162162,40.351351351351354,8.378378378378379
1977-10-17,Pop,36,48.138888888888886,42.55555555555556,37.75,8.944444444444445
1977-10-24,Pop,37,47.78378378378378,44.189189189189186,37.86486486486486,9.243243243243244
1977-10-31,Pop,35,46.114285714285714,41.02857142857143,37.51428571428571,9.428571428571429
1977-11-07,Pop,39,50.58974358974359,38.84615384615385,40.666666666666664,8.76923076923077
1977-11-14,Pop,38,50.921052631578945,44.421052631578945,40.0,8.763157894736842
1977-11-21,Pop,35,50.05714285714286,42.31428571428572,38.885714285714286,8.257142857142858
1977-11-28,Pop,35,49.628571428571426,42.02857142857143,36.142857142857146,8.542857142857143
1977-12-05,Pop,35,47.885714285714286,39.91428571428571,35.371428571428574,8.371428571428572
1977-12-12,Pop,33,41.696969696969695,39.03030303030303,37.21212121212121,7.96969696969697
1977-12-19,Pop,34,41.55882352941177,38.35294117647059,35.1764705882353,8.647058823529411
1977-12-26,Pop,34,41.55882352941177,41.55882352941177,35.1764705882353,9.647058823529411
1978-01-02,Pop,35,41.34285714285714,37.65714285714286,34.142857142857146,10.057142857142857
1978-01-09,Pop,36,42.55555555555556,35.0,35.361111111111114,10.0
1978-01-16,Pop,36,42.333333333333336,38.083333333333336,34.94444444444444,10.333333333333334
1978-01-23,Pop,39,46.56410256410256,36.56410256410256,38.23076923076923,9.948717948717949
1978-01-30,Pop,39,47.0,39.82051282051282,38.53846153846154,10.153846153846153
1978-02-06,Pop,40,48.025,34.8,38.5,9.575
1978-02-13,Pop,37,44.351351351351354,42.45945945945946,37.5945945945946,9.567567567567568
1978-02-20,Pop,35,40.6,39.02857142857143,32.371428571428574,10.17142857142857
1978-02-27,Pop,33,37.24242424242424,34.878787878787875,33.333333333333336,9.787878787878787
1978-03-06,Pop,34,39.61764705882353,29.264705882352942,35.38235294117647,9.705882352941176
1978-03-13,Pop,34,41.73529411764706,38.14705882352941,34.088235294117645,10.558823529411764
1978-03-20,Pop,34,44.64705882352941,33.94117647058823,34.05882352941177,10.558823529411764
1978-03-27,Pop,33,41.515151515151516,35.24242424242424,37.39393939393939,10.0
1978-04-03,Pop,32,41.25,37.375,32.125,11.0625
1978-04-10,Pop,35,44.22857142857143,34.94285714285714,34.6,10.657142857142857
1978-04-17,Pop,40,49.3,34.925,37.275,10.0
1978-04-24,Pop,40,47.775,41.95,38.95,9.5
1978-05-01,Pop,41,46.19512195121951,41.829268292682926,37.41463414634146,9.658536585365853
1978-05-08,Pop,42,48.42857142857143,43.69047619047619,36.95238095238095,9.642857142857142
1978-05-15,Pop,43,49.30232558139535,43.48837209302326,35.30232558139535,10.093023255813954
1978-05-22,Pop,43,50.093023255813954,42.55813953488372,36.906976744186046,9.44186046511628
1978-05-29,Pop,40,46.775,37.85,36.875,8.45
1978-06-05,Pop,37,44.2972972972973,40.91891891891892,35.432432432432435,8.702702702702704
1978-06-12,Pop,37,44.7027027027027,36.5945945945946,37.108108108108105,8.243243243243244
1978-06-19,Pop,37,43.729729729729726,39.513513513513516,35.86486486486486,8.513513513513514
1978-06-26,Pop,36,42.55555555555556,37.02777777777778,36.97222222222222,8.5
1978-07-03,Pop,39,49.64102564102564,36.92307692307692,39.256410256410255,8.58974358974359
1978-07-10,Pop,41,52.24390243902439,42.48780487804878,42.24390243902439,8.463414634146341
1978-07-17,Pop,41,51.73170731707317,45.63414634146341,39.36585365853659,8.902439024390244
1978-07-24,Pop,41,51.80487804878049,43.26829268292683,40.19512195121951,8.75609756097561
1978-07-31,Pop,39,50.8974358974359,44.58974358974359,38.94871794871795,8.897435897435898
1978-08-07,Pop,38,52.3421052631579,42.5,41.78947368421053,8.236842105263158
1978-08-14,Pop,40,55.85,40.85,43.225,7.6
1978-08-21,Pop,39,50.794871794871796,48.17948717948718,44.35897435897436,7.076923076923077
1978-08-28,Pop,42,51.92857142857143,45.23809523809524,44.476190476190474,7.4523809523809526
1978-09-04,Pop,45,53.28888888888889,44.53333333333333,45.37777777777778,7.466666666666667
1978-09-11,Pop,45,53.044444444444444,43.0,44.37777777777778,7.2
1978-09-18,Pop,44,50.27272727272727,46.52272727272727,42.22727272727273,7.704545454545454
1978-09-25,Pop,42,49.38095238095238,46.07142857142857,37.92857142857143,8.452380952380953
1978-10-02,Pop,42,51.95238095238095,40.666666666666664,41.07142857142857,7.857142857142857
1978-10-09,Pop,39,51.12820512820513,41.666666666666664,37.282051282051285,8.435897435897436
1978-10-16,Pop,35,43.714285714285715,38.57142857142857,36.82857142857143,8.485714285714286
1978-10-23,Pop,35,39.42857142857143,38.22857142857143,35.885714285714286,8.228571428571428
1978-10-30,Pop,39,41.794871794871796,33.15384615384615,37.76923076923077,8.153846153846153
1978-11-06,Pop,46,47.65217391304348,33.76086956521739,39.5,7.695652173913044
1978-11-13,Pop,44,41.36363636363637,39.77272727272727,36.97727272727273,7.75
1978-11-20,Pop,44,41.09090909090909,37.38636363636363,35.04545454545455,8.272727272727273
1978-11-27,Pop,43,39.51162790697674,35.69767441860465,33.906976744186046,8.44186046511628
1978-12-04,Pop,47,44.787234042553195,32.5531914893617,36.4468085106383,8.425531914893616
1978-12-11,Pop,45,43.0,36.84444444444444,34.48888888888889,8.644444444444444
1978-12-18,Pop,49,48.10204081632653,35.69387755102041,34.734693877551024,8.63265306122449
1978-12-25,Pop,49,48.10204081632653,48.10204081632653,34.734693877551024,9.63265306122449
1979-01-01,Pop,44,42.13636363636363,43.15909090909091,31.0,9.840909090909092
1979-01-08,Pop,42,40.666666666666664,37.285714285714285,30.0,9.833333333333334
1979-01-15,Pop,41,39.90243902439025,35.170731707317074,29.0,10.0
1979-01-22,Pop,40,39.9,29.575,30.225,9.5
1979-01-29,Pop,37,39.027027027027025,32.45945945945946,29.945945945945947,9.756756756756756
1979-02-05,Pop,42,44.04761904761905,27.452380952380953,35.595238095238095,8.261904761904763
1979-02-12,Pop,41,44.34146341463415,36.5609756097561,35.36585365853659,8.317073170731707
1979-02-19,Pop,41,46.048780487804876,35.73170731707317,36.73170731707317,8.292682926829269
1979-02-26,Pop,37,41.189189189189186,39.83783783783784,34.32432432432432,8.162162162162161
1979-03-05,Pop,38,40.5,37.578947368421055,33.421052631578945,8.657894736842104
1979-03-12,Pop,42,44.69047619047619,32.54761904761905,38.54761904761905,7.9523809523809526
1979-03-19,Pop,43,46.02325581395349,37.2093023255814,36.7906976744186,8.44186046511628
1979-03-26,Pop,43,48.95348837209303,40.2093023255814,34.883720930232556,8.813953488372093
1979-04-02,Pop,42,49.04761904761905,37.04761904761905,36.833333333333336,7.904761904761905
1979-04-09,Pop,39,44.64102564102564,41.58974358974359,35.666666666666664,7.769230769230769
1979-04-16,Pop,41,45.34146341463415,35.5609756097561,37.51219512195122,7.146341463414634
1979-04-23,Pop,42,44.88095238095238,35.23809523809524,39.30952380952381,6.833333333333333
1979-04-30,Pop,43,46.13953488372093,37.651162790697676,38.06976744186046,7.325581395348837
1979-05-07,Pop,40,44.05,42.7,30.475,8.575
1979-05-14,Pop,44,52.38636363636363,35.75,35.36363636363637,7.954545454545454
1979-05-21,Pop,41,50.75609756097561,38.26829268292683,40.0,7.146341463414634
1979-05-28,Pop,41,51.073170731707314,46.073170731707314,37.63414634146341,7.853658536585366
1979-06-04,Pop,41,51.09756097560975,44.073170731707314,37.926829268292686,7.853658536585366
1979-06-11,Pop,40,49.225,45.575,35.25,8.2
1979-06-18,Pop,38,46.578947368421055,44.89473684210526,32.921052631578945,8.578947368421053
1979-06-25,Pop,39,50.97435897435897,40.282051282051285,34.30769230769231,8.64102564102564
1979-07-02,Pop,35,50.2,46.0,30.742857142857144,9.4
1979-07-09,Pop,33,50.515151515151516,41.78787878787879,34.03030303030303,9.030303030303031
1979-07-16,Pop,32,52.0,40.6875,38.0625,8.28125
1979-07-23,Pop,33,53.42424242424242,34.06060606060606,43.27272727272727,7.0
1979-07-30,Pop,34,54.588235294117645,46.11764705882353,42.11764705882353,7.294117647058823
1979-08-06,Pop,33,49.303030303030305,45.121212121212125,42.84848484848485,6.96969696969697
1979-08-13,Pop,34,49.05882352941177,45.088235294117645,40.55882352941177,7.411764705882353
1979-08-20,Pop,36,50.666666666666664,41.638888888888886,41.388888888888886,7.444444444444445
1979-08-27,Pop,34,47.61764705882353,42.64705882352941,41.029411764705884,7.352941176470588
1979-09-03,Pop,31,42.70967741935484,39.83870967741935,36.74193548387097,8.096774193548388
1979-09-10,Pop,31,41.41935483870968,36.74193548387097,37.70967741935484,8.096774193548388
1979-09-17,Pop,35,45.4,34.02857142857143,39.65714285714286,8.085714285714285
1979-09-24,Pop,36,45.333333333333336,36.861111111111114,40.861111111111114,7.861111111111111
1979-10-01,Pop,36,42.94444444444444,40.416666666666664,36.888888888888886,8.527777777777779
1979-10-08,Pop,39,47.46153846153846,35.94871794871795,39.43589743589744,7.9743589743589745
1979-10-15,Pop,40,47.075,37.975,36.85,8.15
1979-10-22,Pop,38,44.526315789473685,41.78947368421053,33.68421052631579,8.5
1979-10-29,Pop,40,45.0,31.2,39.625,7.2
1979-11-05,Pop,40,42.95,40.7,36.4,7.675
1979-11-12,Pop,42,45.404761904761905,38.61904761904762,36.54761904761905,8.023809523809524
1979-11-19,Pop,42,45.666666666666664,40.785714285714285,36.142857142857146,7.976190476190476
1979-11-26,Pop,42,46.26190476190476,43.30952380952381,34.904761904761905,8.452380952380953
1979-12-03,Pop,40,44.0,35.6,34.0,8.325
1979-12-10,Pop,40,43.275,33.7,34.825,8.05
1979-12-17,Pop,42,45.142857142857146,30.928571428571427,39.42857142857143,7.071428571428571
1979-12-24,Pop,42,45.142857142857146,45.142857142857146,39.42857142857143,8.071428571428571
1979-12-31,Pop,40,44.6,42.475,34.875,9.025
1980-01-07,Pop,41,46.853658536585364,38.926829268292686,36.073170731707314,9.317073170731707
1980-01-14,Pop,40,45.725,36.925,36.9,8.975
1980-01-21,Pop,40,46.0,40.8,35.45,8.95
1980-01-28,Pop,38,42.89473684210526,33.63157894736842,36.31578947368421,8.5
1980-02-04,Pop,40,45.575,38.35,35.05,8.9
1980-02-11,Pop,40,46.925,36.2,34.65,8.725
1980-02-18,Pop,39,46.87179487179487,36.333333333333336,35.94871794871795,8.153846153846153
1980-02-25,Pop,39,46.53846153846154,40.07692307692308,34.30769230769231,8.384615384615385
1980-03-03,Pop,40,46.575,35.725,37.425,7.85
1980-03-10,Pop,41,48.63414634146341,40.853658536585364,39.41463414634146,7.7560975609756095
1980-03-17,Pop,41,49.53658536585366,41.53658536585366,39.97560975609756,7.902439024390244
1980-03-24,Pop,42,50.523809523809526,39.42857142857143,41.19047619047619,7.619047619047619
1980-03-31,Pop,39,48.17948717948718,44.56410256410256,38.717948717948715,8.205128205128204
1980-04-07,Pop,38,48.60526315789474,39.8421052631579,36.94736842105263,8.552631578947368
1980-04-14,Pop,36,47.666666666666664,41.583333333333336,34.97222222222222,8.5
1980-04-21,Pop,34,46.294117647058826,42.088235294117645,33.76470588235294,8.323529411764707
1980-04-28,Pop,34,46.76470588235294,40.61764705882353,31.147058823529413,8.705882352941176
1980-05-05,Pop,35,47.74285714285714,39.885714285714286,33.17142857142857,8.542857142857143
1980-05-12,Pop,31,40.774193548387096,36.903225806451616,32.29032258064516,8.064516129032258
1980-05-19,Pop,32,43.0625,33.375,33.625,7.90625
1980-05-26,Pop,35,48.77142857142857,36.68571428571428,34.857142857142854,8.2
1980-06-02,Pop,34,47.73529411764706,47.411764705882355,30.529411764705884,9.323529411764707
1980-06-09,Pop,33,45.54545454545455,34.63636363636363,32.09090909090909,8.606060606060606
1980-06-16,Pop,32,44.9375,35.25,34.15625,8.3125
1980-06-23,Pop,32,41.90625,36.03125,35.34375,8.15625
1980-06-30,Pop,34,48.1764705882353,36.73529411764706,35.411764705882355,8.264705882352942
1980-07-07,Pop,37,51.513513513513516,36.86486486486486,39.2972972972973,7.486486486486487
1980-07-14,Pop,35,47.4,40.51428571428571,42.8,6.685714285714286
1980-07-21,Pop,32,42.3125,40.625,37.53125,7.59375
1980-07-28,Pop,31,40.774193548387096,35.225806451612904,33.12903225806452,8.451612903225806
1980-08-04,Pop,32,39.4375,33.40625,35.25,8.09375
1980-08-11,Pop,33,41.03030303030303,35.515151515151516,32.666666666666664,8.727272727272727
1980-08-18,Pop,35,44.114285714285714,35.82857142857143,31.65714285714286,9.142857142857142
1980-08-25,Pop,34,45.029411764705884,42.911764705882355,26.764705882352942,10.205882352941176
1980-09-01,Pop,34,44.76470588235294,33.88235294117647,30.294117647058822,9.352941176470589
1980-09-08,Pop,31,40.70967741935484,40.32258064516129,26.096774193548388,9.806451612903226
1980-09-15,Pop,30,43.2,32.733333333333334,29.0,9.566666666666666
1980-09-22,Pop,31,47.25806451612903,32.87096774193548,33.41935483870968,8.806451612903226
1980-09-29,Pop,31,49.38709677419355,44.83870967741935,31.032258064516128,9.35483870967742
1980-10-06,Pop,30,47.7,42.13333333333333,33.266666666666666,8.933333333333334
1980-10-13,Pop,28,42.25,40.67857142857143,28.857142857142858,9.5
1980-10-20,Pop,31,45.0,29.322580645161292,36.806451612903224,8.03225806451613
1980-10-27,Pop,32,42.96875,40.65625,33.0625,8.53125
1980-11-03,Pop,32,42.75,39.84375,31.625,8.875
1980-11-10,Pop,32,44.75,39.75,30.84375,9.25
1980-11-17,Pop,35,49.08571428571429,31.457142857142856,36.628571428571426,8.257142857142858
1980-11-24,Pop,34,49.088235294117645,40.970588235294116,36.3235294117647,8.470588235294118
1980-12-01,Pop,37,53.513513513513516,45.108108108108105,36.75675675675676,8.783783783783784
1980-12-08,Pop,35,49.97142857142857,48.457142857142856,35.31428571428572,8.6
1980-12-15,Pop,33,44.696969696969695,44.24242424242424,34.06060606060606,8.393939393939394
1980-12-22,Pop,33,42.72727272727273,41.81818181818182,30.09090909090909,9.181818181818182
1980-12-29,Pop,33,42.72727272727273,42.72727272727273,30.09090909090909,10.181818181818182
1981-01-05,Pop,32,39.875,38.03125,29.09375,10.4375
1981-01-12,Pop,33,42.21212121212121,38.666666666666664,28.87878787878788,11.121212121212121
1981-01-19,Pop,35,44.371428571428574,35.371428571428574,31.742857142857144,10.257142857142858
1981-01-26,Pop,37,46.13513513513514,36.810810810810814,34.270270270270274,9.54054054054054
1981-02-02,Pop,37,47.21621621621622,40.91891891891892,31.83783783783784,9.972972972972974
1981-02-09,Pop,36,46.19444444444444,41.0,31.055555555555557,9.805555555555555
1981-02-16,Pop,37,46.91891891891892,32.5945945945946,37.83783783783784,8.18918918918919
1981-02-23,Pop,38,49.31578947368421,43.18421052631579,36.55263157894737,8.605263157894736
1981-03-02,Pop,37,48.67567567567568,43.054054054054056,34.891891891891895,8.972972972972974
1981-03-09,Pop,39,51.07692307692308,41.61538461538461,35.743589743589745,9.025641025641026
1981-03-16,Pop,38,50.05263157894737,42.21052631578947,36.5,8.578947368421053
1981-03-23,Pop,37,46.54054054054054,38.78378378378378,38.45945945945946,7.45945945945946
1981-03-30,Pop,38,45.60526315789474,42.68421052631579,37.921052631578945,7.684210526315789
1981-04-06,Pop,41,49.48780487804878,39.853658536585364,39.4390243902439,7.7560975609756095
1981-04-13,Pop,38,45.921052631578945,43.13157894736842,37.921052631578945,8.157894736842104
1981-04-20,Pop,39,47.64102564102564,42.205128205128204,36.56410256410256,8.743589743589743
1981-04-27,Pop,38,47.3421052631579,41.18421052631579,33.578947368421055,9.342105263157896
1981-05-04,Pop,41,51.78048780487805,39.46341463414634,36.390243902439025,9.195121951219512
1981-05-11,Pop,40,49.85,43.475,34.5,9.075
1981-05-18,Pop,36,45.02777777777778,39.25,33.75,8.833333333333334
1981-05-25,Pop,34,42.05882352941177,36.529411764705884,33.23529411764706,8.735294117647058
1981-06-01,Pop,35,44.74285714285714,40.857142857142854,31.285714285714285,9.485714285714286
1981-06-08,Pop,33,45.54545454545455,38.63636363636363,28.848484848484848,9.575757575757576
1981-06-15,Pop,35,49.542857142857144,37.628571428571426,31.914285714285715,9.085714285714285
1981-06-22,Pop,32,45.125,35.96875,30.71875,9.1875
1981-06-29,Pop,32,42.78125,39.0625,31.0625,9.03125
1981-07-06,Pop,33,42.21212121212121,32.81818181818182,34.18181818181818,8.363636363636363
1981-07-13,Pop,35,43.6,39.8,33.77142857142857,8.885714285714286
1981-07-20,Pop,35,43.97142857142857,35.628571428571426,34.08571428571429,8.857142857142858
1981-07-27,Pop,35,44.857142857142854,41.114285714285714,30.17142857142857,9.714285714285714
1981-08-03,Pop,34,41.76470588235294,29.5,32.411764705882355,8.852941176470589
1981-08-10,Pop,36,46.166666666666664,36.888888888888886,33.05555555555556,9.0
1981-08-17,Pop,34,45.5,41.1764705882353,28.11764705882353,9.911764705882353
1981-08-24,Pop,36,49.19444444444444,37.611111111111114,30.555555555555557,9.444444444444445
1981-08-31,Pop,36,49.72222222222222,46.416666666666664,28.916666666666668,9.86111111111111
1981-09-07,Pop,35,48.48571428571429,43.114285714285714,29.685714285714287,9.571428571428571
1981-09-14,Pop,32,44.59375,43.75,25.8125,10.40625
1981-09-21,Pop,31,39.12903225806452,27.580645161290324,33.774193548387096,7.870967741935484
1981-09-28,Pop,35,43.48571428571429,34.65714285714286,35.51428571428571,7.9714285714285715
1981-10-05,Pop,34,41.61764705882353,39.088235294117645,31.58823529411765,8.676470588235293
1981-10-12,Pop,39,47.61538461538461,36.282051282051285,34.53846153846154,8.564102564102564
1981-10-19,Pop,40,49.825,39.25,36.05,8.4
1981-10-26,Pop,38,46.89473684210526,42.63157894736842,34.5,8.605263157894736
1981-11-02,Pop,38,46.60526315789474,36.89473684210526,35.81578947368421,7.921052631578948
1981-11-09,Pop,41,48.707317073170735,40.829268292682926,36.5609756097561,7.7560975609756095
1981-11-16,Pop,40,45.35,37.9,35.575,7.775
1981-11-23,Pop,42,46.214285714285715,43.19047619047619,33.404761904761905,8.404761904761905
1981-11-30,Pop,42,45.04761904761905,37.214285714285715,34.714285714285715,8.30952380952381
1981-12-07,Pop,41,41.19512195121951,39.19512195121951,33.146341463414636,8.414634146341463
1981-12-14,Pop,44,44.40909090909091,38.38636363636363,33.61363636363637,8.840909090909092
1981-12-21,Pop,45,45.955555555555556,41.2,32.111111111111114,9.488888888888889
1981-12-28,Pop,45,45.955555555555556,45.955555555555556,32.111111111111114,10.488888888888889
1982-01-04,Pop,45,45.71111111111111,41.666666666666664,31.333333333333332,10.822222222222223
1982-01-11,Pop,40,42.175,40.075,28.75,11.025
1982-01-18,Pop,42,46.26190476190476,33.26190476190476,33.095238095238095,10.380952380952381
1982-01-25,Pop,41,46.390243902439025,40.36585365853659,32.5609756097561,10.463414634146341
1982-02-01,Pop,36,42.083333333333336,37.80555555555556,30.22222222222222,10.5
1982-02-08,Pop,36,44.72222222222222,30.055555555555557,33.638888888888886,9.416666666666666
1982-02-15,Pop,38,48.78947368421053,37.28947368421053,35.63157894736842,9.31578947368421
1982-02-22,Pop,38,47.89473684210526,43.55263157894737,35.73684210526316,9.447368421052632
1982-03-01,Pop,37,45.86486486486486,41.567567567567565,34.67567567567568,9.513513513513514
1982-03-08,Pop,35,43.8,43.31428571428572,30.257142857142856,10.714285714285714
1982-03-15,Pop,39,47.82051282051282,36.82051282051282,34.38461538461539,10.0
1982-03-22,Pop,40,49.55,40.1,37.075,9.05
1982-03-29,Pop,38,45.39473684210526,38.39473684210526,38.94736842105263,7.842105263157895
1982-04-05,Pop,39,47.46153846153846,39.12820512820513,37.48717948717949,7.923076923076923
1982-04-12,Pop,38,46.68421052631579,41.026315789473685,37.13157894736842,8.026315789473685
1982-04-19,Pop,37,44.13513513513514,37.32432432432432,37.24324324324324,7.918918918918919
1982-04-26,Pop,35,43.48571428571429,38.542857142857144,34.94285714285714,8.314285714285715
1982-05-03,Pop,34,46.794117647058826,41.911764705882355,30.647058823529413,9.352941176470589
1982-05-10,Pop,31,45.67741935483871,39.41935483870968,30.193548387096776,9.67741935483871
1982-05-17,Pop,33,48.84848484848485,29.09090909090909,39.333333333333336,8.090909090909092
1982-05-24,Pop,31,48.58064516129032,40.41935483870968,38.16129032258065,8.483870967741936
1982-05-31,Pop,30,46.6,37.53333333333333,39.36666666666667,7.566666666666666
1982-06-07,Pop,31,43.74193548387097,35.806451612903224,41.0,7.096774193548387
1982-06-14,Pop,33,46.696969696969695,41.09090909090909,37.121212121212125,7.666666666666667
1982-06-21,Pop,36,49.888888888888886,40.083333333333336,37.27777777777778,7.777777777777778
1982-06-28,Pop,34,49.3235294117647,44.35294117647059,31.323529411764707,8.735294117647058
1982-07-05,Pop,35,50.34285714285714,39.97142857142857,34.114285714285714,8.571428571428571
1982-07-12,Pop,34,47.64705882352941,46.23529411764706,32.294117647058826,8.882352941176471
1982-07-19,Pop,32,43.9375,41.71875,30.875,8.96875
1982-07-26,Pop,33,43.81818181818182,33.878787878787875,36.03030303030303,7.7272727272727275
1982-08-02,Pop,32,40.875,39.21875,32.46875,8.375
1982-08-09,Pop,31,38.096774193548384,35.903225806451616,31.225806451612904,8.67741935483871
1982-08-16,Pop,32,41.4375,28.46875,34.4375,8.3125
1982-08-23,Pop,33,45.0,34.515151515151516,36.696969696969695,8.272727272727273
1982-08-30,Pop,36,44.97222222222222,35.916666666666664,38.75,7.916666666666667
1982-09-06,Pop,37,46.189189189189186,35.810810810810814,38.189189189189186,7.702702702702703
1982-09-13,Pop,41,49.951219512195124,39.46341463414634,39.0,7.7317073170731705
1982-09-20,Pop,43,49.86046511627907,43.27906976744186,39.76744186046512,7.4186046511627906
1982-09-27,Pop,43,45.97674418604651,43.18604651162791,37.69767441860465,7.186046511627907
1982-10-04,Pop,45,45.31111111111111,39.86666666666667,37.4,7.222222222222222
1982-10-11,Pop,43,42.81395348837209,41.55813953488372,35.604651162790695,7.488372093023256
1982-10-18,Pop,41,39.707317073170735,40.390243902439025,30.75609756097561,8.536585365853659
1982-10-25,Pop,45,43.111111111111114,31.977777777777778,35.333333333333336,8.133333333333333
1982-11-01,Pop,46,43.0,35.82608695652174,35.52173913043478,8.23913043478261
1982-11-08,Pop,47,43.40425531914894,33.95744680851064,35.59574468085106,7.829787234042553
1982-11-15,Pop,47,42.680851063829785,39.255319148936174,33.319148936170215,8.382978723404255
1982-11-22,Pop,50,46.52,38.18,33.74,8.72
1982-11-29,Pop,50,46.96,42.8,32.76,9.2
1982-12-06,Pop,49,46.93877551020408,40.10204081632653,34.244897959183675,9.061224489795919
1982-12-13,Pop,49,48.57142857142857,39.06122448979592,36.61224489795919,8.83673469387755
1982-12-20,Pop,47,48.02127659574468,44.53191489361702,33.319148936170215,9.638297872340425
1982-12-27,Pop,47,48.02127659574468,48.02127659574468,33.319148936170215,10.638297872340425
1983-01-03,Pop,46,47.630434782608695,45.0,32.52173913043478,11.369565217391305
1983-01-10,Pop,47,48.40425531914894,36.851063829787236,36.12765957446808,10.425531914893616
1983-01-17,Pop,47,46.170212765957444,36.53191489361702,36.42553191489362,9.851063829787234
1983-01-24,Pop,48,46.458333333333336,35.291666666666664,38.458333333333336,9.041666666666666
1983-01-31,Pop,52,50.63461538461539,41.0,37.44230769230769,9.26923076923077
1983-02-07,Pop,51,50.76470588235294,47.88235294117647,36.294117647058826,9.686274509803921
1983-02-14,Pop,51,51.666666666666664,48.90196078431372,34.31372549019608,10.411764705882353
1983-02-21,Pop,52,52.61538461538461,43.23076923076923,34.98076923076923,10.0
1983-02-28,Pop,48,50.020833333333336,46.854166666666664,32.979166666666664,10.395833333333334
1983-03-07,Pop,45,46.55555555555556,38.888888888888886,34.4,9.8
1983-03-14,Pop,42,44.214285714285715,38.42857142857143,33.04761904761905,9.095238095238095
1983-03-21,Pop,41,44.63414634146341,40.609756097560975,33.146341463414636,9.24390243902439
1983-03-28,Pop,41,42.26829268292683,35.19512195121951,34.68292682926829,9.048780487804878
1983-04-04,Pop,40,38.75,33.675,33.275,8.825
1983-04-11,Pop,43,42.372093023255815,34.325581395348834,34.48837209302326,8.906976744186046
1983-04-18,Pop,43,42.27906976744186,38.04651162790697,33.093023255813954,9.465116279069768
1983-04-25,Pop,45,44.84444444444444,36.17777777777778,33.55555555555556,9.311111111111112
1983-05-02,Pop,49,50.08163265306123,37.30612244897959,35.63265306122449,9.061224489795919
1983-05-09,Pop,49,50.02040816326531,38.755102040816325,38.93877551020408,8.571428571428571
1983-05-16,Pop,46,47.28260869565217,45.97826086956522,35.108695652173914,9.108695652173912
1983-05-23,Pop,46,47.34782608695652,37.69565217391305,36.67391304347826,7.978260869565218
1983-05-30,Pop,45,45.355555555555554,36.51111111111111,36.71111111111111,7.622222222222222
1983-06-06,Pop,44,43.5,39.70454545454545,32.63636363636363,8.477272727272727
1983-06-13,Pop,48,47.479166666666664,36.020833333333336,36.125,8.020833333333334
1983-06-20,Pop,48,47.145833333333336,41.416666666666664,33.145833333333336,8.5625
1983-06-27,Pop,45,46.51111111111111,37.55555555555556,33.08888888888889,8.311111111111112
1983-07-04,Pop,44,45.0,41.0,32.0,8.295454545454545
1983-07-11,Pop,45,46.266666666666666,39.733333333333334,33.37777777777778,8.511111111111111
1983-07-18,Pop,47,48.61702127659574,40.1063829787234,34.97872340425532,8.53191489361702
1983-07-25,Pop,46,48.130434782608695,37.52173913043478,37.23913043478261,8.043478260869565
1983-08-01,Pop,45,47.955555555555556,42.71111111111111,36.422222222222224,8.4
1983-08-08,Pop,43,47.883720930232556,43.44186046511628,32.83720930232558,9.325581395348838
1983-08-15,Pop,39,43.666666666666664,34.46153846153846,33.76923076923077,8.461538461538462
1983-08-22,Pop,38,41.71052631578947,35.28947368421053,32.18421052631579,8.605263157894736
1983-08-29,Pop,40,45.575,37.3,32.05,8.825
1983-09-05,Pop,39,45.69230769230769,42.12820512820513,30.435897435897434,9.35897435897436
1983-09-12,Pop,38,44.921052631578945,29.710526315789473,35.76315789473684,7.815789473684211
1983-09-19,Pop,41,46.09756097560975,32.951219512195124,38.8780487804878,7.365853658536586
1983-09-26,Pop,44,48.63636363636363,38.15909090909091,41.09090909090909,7.204545454545454
1983-10-03,Pop,46,47.32608695652174,42.28260869565217,40.5,7.195652173913044
1983-10-10,Pop,48,47.25,43.270833333333336,38.583333333333336,7.5
1983-10-17,Pop,48,47.541666666666664,40.041666666666664,38.458333333333336,7.520833333333333
1983-10-24,Pop,53,50.77358490566038,37.867924528301884,41.698113207547166,7.169811320754717
1983-10-31,Pop,51,49.13725490196079,45.254901960784316,38.568627450980394,7.666666666666667
1983-11-07,Pop,49,47.795918367346935,41.795918367346935,37.3469387755102,7.918367346938775
1983-11-14,Pop,45,42.15555555555556,39.111111111111114,35.91111111111111,7.844444444444444
1983-11-21,Pop,46,44.84782608695652,37.391304347826086,34.17391304347826,8.5
1983-11-28,Pop,46,46.28260869565217,36.93478260869565,33.43478260869565,8.695652173913043
1983-12-05,Pop,48,51.625,40.333333333333336,35.125,8.770833333333334
1983-12-12,Pop,46,51.02173913043478,41.32608695652174,35.67391304347826,8.521739130434783
1983-12-19,Pop,45,50.51111111111111,45.62222222222222,32.644444444444446,9.11111111111111
1983-12-26,Pop,45,50.51111111111111,50.51111111111111,32.644444444444446,10.11111111111111
1984-01-02,Pop,42,47.54761904761905,47.19047619047619,30.642857142857142,10.738095238095237
1984-01-09,Pop,41,48.146341463414636,43.90243902439025,29.585365853658537,11.439024390243903
1984-01-16,Pop,38,46.18421052631579,39.28947368421053,31.13157894736842,10.736842105263158
1984-01-23,Pop,34,42.26470588235294,35.61764705882353,28.11764705882353,10.970588235294118
1984-01-30,Pop,35,41.74285714285714,27.914285714285715,34.371428571428574,9.314285714285715
1984-02-06,Pop,39,44.56410256410256,37.46153846153846,34.02564102564103,9.35897435897436
1984-02-13,Pop,42,47.23809523809524,41.38095238095238,32.166666666666664,9.69047619047619
1984-02-20,Pop,42,47.333333333333336,34.642857142857146,34.214285714285715,8.976190476190476
1984-02-27,Pop,41,47.0,42.048780487804876,33.31707317073171,8.878048780487806
1984-03-05,Pop,43,49.81395348837209,38.44186046511628,34.51162790697674,8.581395348837209
1984-03-12,Pop,42,48.214285714285715,42.023809523809526,33.095238095238095,8.714285714285714
1984-03-19,Pop,40,45.95,41.425,31.75,8.65
1984-03-26,Pop,41,47.4390243902439,42.4390243902439,31.682926829268293,9.097560975609756
1984-04-02,Pop,41,47.4390243902439,35.951219512195124,36.68292682926829,7.658536585365853
1984-04-09,Pop,42,49.26190476190476,43.976190476190474,36.095238095238095,8.0
1984-04-16,Pop,39,45.35897435897436,38.07692307692308,35.17948717948718,7.897435897435898
1984-04-23,Pop,42,48.476190476190474,39.80952380952381,36.42857142857143,7.857142857142857
1984-04-30,Pop,43,49.883720930232556,38.44186046511628,35.74418604651163,7.8604651162790695
1984-05-07,Pop,43,50.18604651162791,45.44186046511628,35.093023255813954,8.348837209302326
1984-05-14,Pop,43,48.627906976744185,37.0,40.02325581395349,7.372093023255814
1984-05-21,Pop,46,48.15217391304348,39.30434782608695,38.891304347826086,7.304347826086956
1984-05-28,Pop,47,46.5531914893617,38.787234042553195,34.46808510638298,7.829787234042553
1984-06-04,Pop,49,48.6530612244898,42.6530612244898,33.816326530612244,8.0
1984-06-11,Pop,49,47.48979591836735,37.244897959183675,35.83673469387755,7.489795918367347
1984-06-18,Pop,49,46.3469387755102,43.51020408163265,33.55102040816327,8.040816326530612
1984-06-25,Pop,50,46.26,37.78,34.12,7.76
1984-07-02,Pop,48,43.791666666666664,38.458333333333336,34.145833333333336,7.5
1984-07-09,Pop,47,42.0,38.61702127659574,31.5531914893617,8.063829787234043
1984-07-16,Pop,50,43.08,35.7,31.44,8.22
1984-07-23,Pop,50,43.32,41.12,29.82,8.86
1984-07-30,Pop,47,38.04255319148936,33.8936170212766,27.27659574468085,9.063829787234043
1984-08-06,Pop,50,40.24,30.08,31.9,8.24
1984-08-13,Pop,52,40.90384615384615,34.98076923076923,31.03846153846154,8.596153846153847
1984-08-20,Pop,56,43.982142857142854,36.69642857142857,31.214285714285715,8.767857142857142
1984-08-27,Pop,56,44.875,42.214285714285715,29.285714285714285,9.464285714285714
1984-09-03,Pop,57,45.78947368421053,39.0,28.263157894736842,9.824561403508772
1984-09-10,Pop,56,46.732142857142854,41.410714285714285,27.732142857142858,10.321428571428571
1984-09-17,Pop,55,47.30909090909091,42.27272727272727,27.563636363636363,10.654545454545454
1984-09-24,Pop,54,48.370370370370374,39.98148148148148,28.25925925925926,10.666666666666666
1984-10-01,Pop,53,48.924528301886795,40.24528301886792,29.150943396226417,9.981132075471699
1984-10-08,Pop,45,42.84444444444444,38.71111111111111,24.533333333333335,10.377777777777778
1984-10-15,Pop,46,46.32608695652174,35.56521739130435,26.934782608695652,9.956521739130435
1984-10-22,Pop,44,44.68181818181818,33.31818181818182,26.727272727272727,9.454545454545455
1984-10-29,Pop,42,42.54761904761905,37.595238095238095,26.30952380952381,9.023809523809524
1984-11-05,Pop,43,44.883720930232556,35.02325581395349,28.627906976744185,8.906976744186046
1984-11-12,Pop,42,44.69047619047619,39.142857142857146,27.30952380952381,9.214285714285714
1984-11-19,Pop,41,44.51219512195122,36.41463414634146,29.5609756097561,8.75609756097561
1984-11-26,Pop,41,46.97560975609756,42.19512195121951,28.097560975609756,9.390243902439025
1984-12-03,Pop,41,48.68292682926829,44.63414634146341,28.097560975609756,9.804878048780488
1984-12-10,Pop,39,47.205128205128204,34.205128205128204,34.12820512820513,8.256410256410257
1984-12-17,Pop,37,45.729729729729726,37.054054054054056,30.945945945945947,8.432432432432432
1984-12-24,Pop,37,45.729729729729726,45.729729729729726,30.945945945945947,9.432432432432432
1984-12-31,Pop,35,44.31428571428572,40.142857142857146,27.65714285714286,10.257142857142858
1985-01-07,Pop,36,46.916666666666664,43.083333333333336,27.555555555555557,10.972222222222221
1985-01-14,Pop,38,51.39473684210526,39.473684210526315,30.0,10.710526315789474
1985-01-21,Pop,41,53.26829268292683,36.21951219512195,33.63414634146341,9.536585365853659
1985-01-28,Pop,43,55.48837209302326,48.651162790697676,31.837209302325583,9.86046511627907
1985-02-04,Pop,44,54.63636363636363,45.63636363636363,33.79545454545455,8.863636363636363
1985-02-11,Pop,41,50.68292682926829,49.073170731707314,33.09756097560975,8.365853658536585
1985-02-18,Pop,42,51.142857142857146,42.57142857142857,35.95238095238095,7.809523809523809
1985-02-25,Pop,42,48.357142857142854,44.19047619047619,34.666666666666664,7.904761904761905
1985-03-04,Pop,42,47.30952380952381,44.095238095238095,34.23809523809524,7.9523809523809526
1985-03-11,Pop,39,43.717948717948715,41.205128205128204,32.0,8.102564102564102
1985-03-18,Pop,43,46.44186046511628,29.186046511627907,35.604651162790695,7.232558139534884
1985-03-25,Pop,43,44.41860465116279,41.86046511627907,34.81395348837209,7.441860465116279
1985-04-01,Pop,43,43.13953488372093,37.74418604651163,33.604651162790695,7.627906976744186
1985-04-08,Pop,44,45.90909090909091,42.15909090909091,31.818181818181817,8.454545454545455
1985-04-15,Pop,44,45.43181818181818,37.22727272727273,29.931818181818183,8.636363636363637
1985-04-22,Pop,45,46.15555555555556,40.31111111111111,29.711111111111112,8.755555555555556
1985-04-29,Pop,43,44.30232558139535,37.674418604651166,30.627906976744185,8.604651162790697
1985-05-06,Pop,47,47.170212765957444,36.59574468085106,31.76595744680851,8.595744680851064
1985-05-13,Pop,44,43.63636363636363,41.81818181818182,29.363636363636363,8.568181818181818
1985-05-20,Pop,43,43.48837209302326,34.23255813953488,31.53488372093023,8.093023255813954
1985-05-27,Pop,46,45.02173913043478,32.84782608695652,34.47826086956522,7.717391304347826
1985-06-03,Pop,47,44.340425531914896,37.808510638297875,33.319148936170215,7.76595744680851
1985-06-10,Pop,45,41.355555555555554,39.77777777777778,30.0,8.244444444444444
1985-06-17,Pop,45,42.31111111111111,39.266666666666666,27.68888888888889,9.0
1985-06-24,Pop,47,45.191489361702125,38.57446808510638,28.659574468085108,9.404255319148936
1985-07-01,Pop,46,43.47826086956522,37.67391304347826,27.543478260869566,9.391304347826088
1985-07-08,Pop,47,44.59574468085106,36.744680851063826,29.170212765957448,9.212765957446809
1985-07-15,Pop,51,48.8235294117647,37.294117647058826,32.86274509803921,8.823529411764707
1985-07-22,Pop,50,45.48,38.38,33.4,8.24
1985-07-29,Pop,53,47.320754716981135,41.264150943396224,31.69811320754717,8.679245283018869
1985-08-05,Pop,53,47.9622641509434,41.867924528301884,31.547169811320753,8.79245283018868
1985-08-12,Pop,53,48.37735849056604,42.58490566037736,29.867924528301888,8.962264150943396
1985-08-19,Pop,51,47.705882352941174,42.666666666666664,29.372549019607842,9.0
1985-08-26,Pop,47,45.702127659574465,41.87234042553192,27.638297872340427,9.170212765957446
1985-09-02,Pop,45,44.666666666666664,33.06666666666667,30.8,8.422222222222222
1985-09-09,Pop,45,44.4,36.46666666666667,31.266666666666666,8.311111111111112
1985-09-16,Pop,47,47.212765957446805,36.5531914893617,34.42553191489362,8.191489361702128
1985-09-23,Pop,51,51.68627450980392,40.13725490196079,35.529411764705884,8.27450980392157
1985-09-30,Pop,51,51.294117647058826,42.80392156862745,36.27450980392157,7.745098039215686
1985-10-07,Pop,51,51.470588235294116,47.450980392156865,35.07843137254902,8.176470588235293
1985-10-14,Pop,53,51.471698113207545,39.056603773584904,39.35849056603774,7.30188679245283
1985-10-21,Pop,56,50.892857142857146,40.232142857142854,41.339285714285715,6.517857142857143
1985-10-28,Pop,55,48.25454545454546,46.654545454545456,39.56363636363636,6.872727272727273
1985-11-04,Pop,55,46.70909090909091,42.85454545454545,37.25454545454546,7.290909090909091
1985-11-11,Pop,53,44.81132075471698,38.283018867924525,35.20754716981132,7.69811320754717
1985-11-18,Pop,54,47.0,41.01851851851852,34.629629629629626,8.11111111111111
1985-11-25,Pop,53,45.43396226415094,36.867924528301884,33.37735849056604,8.169811320754716
1985-12-02,Pop,53,45.679245283018865,40.075471698113205,33.15094339622642,8.49056603773585
1985-12-09,Pop,52,46.07692307692308,39.51923076923077,33.90384615384615,8.538461538461538
1985-12-16,Pop,50,44.4,42.04,28.18,9.48
1985-12-23,Pop,49,44.57142857142857,41.53061224489796,26.918367346938776,9.959183673469388
1985-12-30,Pop,49,44.57142857142857,44.57142857142857,26.918367346938776,10.959183673469388
1986-01-06,Pop,48,44.104166666666664,43.458333333333336,25.291666666666668,11.770833333333334
1986-01-13,Pop,51,47.86274509803921,32.27450980392157,30.50980392156863,10.549019607843137
1986-01-20,Pop,51,47.254901960784316,42.09803921568628,29.627450980392158,10.333333333333334
1986-01-27,Pop,49,46.38775510204081,38.38775510204081,30.285714285714285,10.0
1986-02-03,Pop,50,46.56,35.0,35.96,8.76
1986-02-10,Pop,50,45.54,41.52,35.92,8.78
1986-02-17,Pop,49,44.10204081632653,41.183673469387756,32.91836734693877,9.204081632653061
1986-02-24,Pop,51,45.09803921568628,37.11764705882353,34.01960784313726,9.03921568627451
1986-03-03,Pop,53,45.924528301886795,38.679245283018865,36.60377358490566,8.547169811320755
1986-03-10,Pop,54,48.129629629629626,41.53703703703704,35.72222222222222,8.87037037037037
1986-03-17,Pop,53,46.35849056603774,40.132075471698116,36.15094339622642,8.69811320754717
1986-03-24,Pop,55,47.472727272727276,41.4,36.03636363636364,8.709090909090909
1986-03-31,Pop,57,48.70175438596491,39.280701754385966,36.29824561403509,8.771929824561404
1986-04-07,Pop,60,51.2,40.45,36.36666666666667,8.716666666666667
1986-04-14,Pop,57,48.75438596491228,46.08771929824562,34.719298245614034,8.929824561403509
1986-04-21,Pop,57,48.35087719298246,40.719298245614034,35.96491228070175,8.228070175438596
1986-04-28,Pop,56,48.05357142857143,46.160714285714285,33.17857142857143,8.910714285714286
1986-05-05,Pop,54,45.74074074074074,39.166666666666664,34.888888888888886,8.37037037037037
1986-05-12,Pop,54,46.81481481481482,39.074074074074076,34.51851851851852,8.38888888888889
1986-05-19,Pop,52,45.23076923076923,37.51923076923077,35.05769230769231,8.076923076923077
1986-05-26,Pop,51,44.13725490196079,38.529411764705884,31.686274509803923,8.568627450980392
1986-06-02,Pop,54,46.129629629629626,36.7037037037037,35.333333333333336,8.148148148148149
1986-06-09,Pop,50,43.22,40.76,31.86,8.62
1986-06-16,Pop,47,40.829787234042556,39.723404255319146,27.829787234042552,9.425531914893616
1986-06-23,Pop,48,42.145833333333336,32.208333333333336,30.333333333333332,9.145833333333334
1986-06-30,Pop,50,46.44,37.2,30.56,9.26
1986-07-07,Pop,48,46.666666666666664,40.458333333333336,29.458333333333332,9.5625
1986-07-14,Pop,45,45.15555555555556,39.266666666666666,29.022222222222222,9.311111111111112
1986-07-21,Pop,45,45.24444444444445,34.4,31.4,8.911111111111111
1986-07-28,Pop,46,45.869565217391305,36.28260869565217,34.02173913043478,8.391304347826088
1986-08-04,Pop,47,48.659574468085104,43.0,31.21276595744681,9.106382978723405
1986-08-11,Pop,45,47.977777777777774,38.31111111111111,32.28888888888889,8.688888888888888
1986-08-18,Pop,44,47.54545454545455,44.54545454545455,28.954545454545453,9.090909090909092
1986-08-25,Pop,45,48.733333333333334,38.15555555555556,32.31111111111111,8.577777777777778
1986-09-01,Pop,46,49.21739130434783,45.54347826086956,29.41304347826087,9.23913043478261
1986-09-08,Pop,44,46.52272727272727,44.81818181818182,29.40909090909091,9.227272727272727
1986-09-15,Pop,46,48.82608695652174,38.130434782608695,34.108695652173914,8.652173913043478
1986-09-22,Pop,43,46.25581395348837,43.2093023255814,32.86046511627907,8.837209302325581
1986-09-29,Pop,45,47.266666666666666,37.82222222222222,35.68888888888889,8.533333333333333
1986-10-06,Pop,46,48.30434782608695,40.26086956521739,38.08695652173913,8.26086956521739
1986-10-13,Pop,47,50.361702127659576,41.97872340425532,37.659574468085104,8.361702127659575
1986-10-20,Pop,48,51.645833333333336,43.3125,36.0625,8.666666666666666
1986-10-27,Pop,49,52.285714285714285,37.46938775510204,38.95918367346939,7.63265306122449
1986-11-03,Pop,50,52.52,47.5,38.02,7.86
1986-11-10,Pop,49,51.0,44.12244897959184,40.53061224489796,7.428571428571429
1986-11-17,Pop,48,51.1875,48.208333333333336,36.416666666666664,8.354166666666666
1986-11-24,Pop,44,47.04545454545455,41.40909090909091,35.97727272727273,7.7727272727272725
1986-12-01,Pop,44,45.31818181818182,36.72727272727273,38.20454545454545,7.4772727272727275
1986-12-08,Pop,44,44.88636363636363,43.06818181818182,35.45454545454545,8.295454545454545
1986-12-15,Pop,42,42.92857142857143,42.333333333333336,32.69047619047619,8.904761904761905
1986-12-22,Pop,46,49.0,37.02173913043478,35.73913043478261,9.0
1986-12-29,Pop,46,49.0,49.0,35.73913043478261,10.0
1987-01-05,Pop,46,49.28260869565217,46.82608695652174,34.5,10.869565217391305
1987-01-12,Pop,45,49.31111111111111,39.84444444444444,37.22222222222222,10.2
1987-01-19,Pop,48,52.208333333333336,36.354166666666664,40.166666666666664,9.416666666666666
1987-01-26,Pop,49,52.48979591836735,47.08163265306123,39.0,9.53061224489796
1987-02-02,Pop,48,52.166666666666664,45.520833333333336,39.625,9.3125
1987-02-09,Pop,47,52.40425531914894,42.191489361702125,41.702127659574465,8.638297872340425
1987-02-16,Pop,48,54.416666666666664,47.604166666666664,42.541666666666664,8.666666666666666
1987-02-23,Pop,45,52.82222222222222,47.46666666666667,40.977777777777774,9.022222222222222
1987-03-02,Pop,44,54.70454545454545,43.11363636363637,43.75,8.272727272727273
1987-03-09,Pop,44,54.81818181818182,45.97727272727273,42.81818181818182,8.295454545454545
1987-03-16,Pop,42,55.38095238095238,50.54761904761905,38.714285714285715,8.904761904761905
1987-03-23,Pop,40,53.125,40.05,42.05,7.85
1987-03-30,Pop,40,52.2,46.35,40.3,8.2
1987-04-06,Pop,37,47.2972972972973,41.432432432432435,41.08108108108108,7.45945945945946
1987-04-13,Pop,37,46.45945945945946,42.08108108108108,38.027027027027025,8.054054054054054
1987-04-20,Pop,38,47.63157894736842,42.71052631578947,36.21052631578947,8.605263157894736
1987-04-27,Pop,35,44.42857142857143,43.51428571428571,32.94285714285714,8.914285714285715
1987-05-04,Pop,36,46.55555555555556,38.77777777777778,35.5,8.86111111111111
1987-05-11,Pop,38,48.68421052631579,41.578947368421055,35.18421052631579,9.342105263157896
1987-05-18,Pop,38,51.71052631578947,43.81578947368421,34.31578947368421,9.68421052631579
1987-05-25,Pop,38,53.0,41.6578947368421,37.73684210526316,9.078947368421053
1987-06-01,Pop,36,50.611111111111114,42.388888888888886,37.94444444444444,8.63888888888889
1987-06-08,Pop,36,51.22222222222222,38.77777777777778,42.388888888888886,7.888888888888889
1987-06-15,Pop,34,48.911764705882355,44.029411764705884,39.55882352941177,8.205882352941176
1987-06-22,Pop,33,46.54545454545455,41.54545454545455,36.15151515151515,8.666666666666666
1987-06-29,Pop,35,49.82857142857143,41.114285714285714,38.77142857142857,8.485714285714286
1987-07-06,Pop,33,45.03030303030303,41.27272727272727,33.27272727272727,8.636363636363637
1987-07-13,Pop,36,46.77777777777778,35.80555555555556,38.611111111111114,8.0
1987-07-20,Pop,38,48.55263157894737,44.31578947368421,38.0,8.578947368421053
1987-07-27,Pop,43,51.74418604651163,40.604651162790695,39.348837209302324,8.232558139534884
1987-08-03,Pop,45,51.53333333333333,43.044444444444444,42.77777777777778,7.533333333333333
1987-08-10,Pop,47,52.59574468085106,47.340425531914896,41.04255319148936,7.957446808510638
1987-08-17,Pop,48,53.0,43.5625,42.0,7.770833333333333
1987-08-24,Pop,52,54.61538461538461,43.21153846153846,45.42307692307692,7.0
1987-08-31,Pop,52,54.28846153846154,49.28846153846154,42.19230769230769,7.403846153846154
1987-09-07,Pop,50,52.06,46.84,39.86,7.7
1987-09-14,Pop,50,50.94,44.3,39.12,7.72
1987-09-21,Pop,49,48.10204081632653,40.63265306122449,40.93877551020408,7.1020408163265305
1987-09-28,Pop,47,44.702127659574465,41.87234042553192,37.95744680851064,7.574468085106383
1987-10-05,Pop,49,45.97959183673469,38.97959183673469,37.265306122448976,7.816326530612245
1987-10-12,Pop,50,47.34,43.12,35.14,8.52
1987-10-19,Pop,49,47.95918367346939,38.857142857142854,34.755102040816325,8.591836734693878
1987-10-26,Pop,48,47.0,41.0625,33.854166666666664,8.770833333333334
1987-11-02,Pop,48,48.229166666666664,40.916666666666664,34.229166666666664,8.875
1987-11-09,Pop,47,47.659574468085104,39.148936170212764,34.02127659574468,8.914893617021276
1987-11-16,Pop,49,50.48979591836735,39.95918367346939,35.08163265306123,8.551020408163266
1987-11-23,Pop,45,45.77777777777778,40.355555555555554,34.91111111111111,8.022222222222222
1987-11-30,Pop,44,45.75,44.65909090909091,31.113636363636363,8.886363636363637
1987-12-07,Pop,45,46.266666666666666,40.37777777777778,30.6,9.311111111111112
1987-12-14,Pop,46,46.5,36.93478260869565,31.67391304347826,9.173913043478262
1987-12-21,Pop,47,47.170212765957444,43.38297872340426,30.638297872340427,9.680851063829786
1987-12-28,Pop,47,47.170212765957444,47.170212765957444,30.638297872340427,10.680851063829786
1988-01-04,Pop,47,47.08510638297872,47.170212765957444,28.25531914893617,11.680851063829786
1988-01-11,Pop,45,42.4,38.422222222222224,28.08888888888889,11.222222222222221
1988-01-18,Pop,47,42.787234042553195,34.42553191489362,31.659574468085108,10.27659574468085
1988-01-25,Pop,51,46.411764705882355,39.431372549019606,31.80392156862745,10.470588235294118
1988-02-01,Pop,52,46.55769230769231,40.11538461538461,30.76923076923077,10.365384615384615
1988-02-08,Pop,51,45.03921568627451,39.84313725490196,30.215686274509803,10.117647058823529
1988-02-15,Pop,52,46.78846153846154,38.55769230769231,32.13461538461539,9.865384615384615
1988-02-22,Pop,52,47.5,37.86538461538461,32.71153846153846,9.403846153846153
1988-02-29,Pop,50,46.48,41.56,30.22,9.46
1988-03-07,Pop,47,45.276595744680854,39.659574468085104,30.319148936170212,9.340425531914894
1988-03-14,Pop,46,46.54347826086956,37.891304347826086,29.82608695652174,9.630434782608695
1988-03-21,Pop,46,47.130434782608695,42.32608695652174,29.065217391304348,10.043478260869565
1988-03-28,Pop,44,46.06818181818182,36.22727272727273,29.886363636363637,9.75
1988-04-04,Pop,42,44.23809523809524,39.30952380952381,27.761904761904763,9.928571428571429
1988-04-11,Pop,42,42.357142857142854,31.333333333333332,30.738095238095237,8.69047619047619
1988-04-18,Pop,43,43.27906976744186,39.06976744186046,29.976744186046513,9.162790697674419
1988-04-25,Pop,44,43.93181818181818,35.77272727272727,31.863636363636363,8.431818181818182
1988-05-02,Pop,48,48.541666666666664,36.604166666666664,35.583333333333336,8.166666666666666
1988-05-09,Pop,47,47.08510638297872,39.46808510638298,32.06382978723404,8.659574468085106
1988-05-16,Pop,48,47.1875,40.25,32.708333333333336,8.270833333333334
1988-05-23,Pop,49,47.93877551020408,38.673469387755105,34.63265306122449,8.0
1988-05-30,Pop,48,46.270833333333336,43.395833333333336,31.958333333333332,8.395833333333334
1988-06-06,Pop,49,47.12244897959184,43.53061224489796,31.571428571428573,8.877551020408163
1988-06-13,Pop,49,46.224489795918366,39.3469387755102,33.93877551020408,8.408163265306122
1988-06-20,Pop,49,45.63265306122449,40.285714285714285,34.04081632653061,8.693877551020408
1988-06-27,Pop,48,42.5,38.708333333333336,33.729166666666664,8.5625
1988-07-04,Pop,47,40.61702127659574,35.276595744680854,30.574468085106382,8.957446808510639
1988-07-11,Pop,48,43.083333333333336,37.979166666666664,29.416666666666668,9.625
1988-07-18,Pop,50,46.14,36.1,30.16,9.62
1988-07-25,Pop,49,46.857142857142854,39.93877551020408,28.102040816326532,10.081632653061224
1988-08-01,Pop,50,49.88,42.0,29.26,10.28
1988-08-08,Pop,48,49.8125,42.541666666666664,30.645833333333332,10.0625
1988-08-15,Pop,48,50.520833333333336,41.770833333333336,34.729166666666664,9.5
1988-08-22,Pop,46,47.65217391304348,44.54347826086956,31.391304347826086,10.08695652173913
1988-08-29,Pop,48,48.770833333333336,41.854166666666664,32.833333333333336,9.645833333333334
1988-09-05,Pop,48,48.125,40.791666666666664,35.791666666666664,9.020833333333334
1988-09-12,Pop,48,47.145833333333336,40.25,38.083333333333336,8.645833333333334
1988-09-19,Pop,48,48.541666666666664,43.625,37.645833333333336,8.708333333333334
1988-09-26,Pop,46,48.02173913043478,40.91304347826087,34.82608695652174,9.23913043478261
1988-10-03,Pop,47,51.40425531914894,41.4468085106383,34.319148936170215,9.297872340425531
1988-10-10,Pop,46,52.73913043478261,42.41304347826087,34.91304347826087,9.152173913043478
1988-10-17,Pop,43,50.906976744186046,43.372093023255815,33.58139534883721,9.232558139534884
1988-10-24,Pop,41,49.4390243902439,42.0,33.609756097560975,9.317073170731707
1988-10-31,Pop,41,49.78048780487805,37.78048780487805,37.51219512195122,8.414634146341463
1988-11-07,Pop,44,52.56818181818182,42.0,40.54545454545455,8.0
1988-11-14,Pop,44,52.02272727272727,46.09090909090909,40.47727272727273,8.0
1988-11-21,Pop,44,52.11363636363637,45.65909090909091,40.59090909090909,8.136363636363637
1988-11-28,Pop,44,51.31818181818182,47.79545454545455,39.59090909090909,8.590909090909092
1988-12-05,Pop,46,52.891304347826086,44.869565217391305,40.47826086956522,8.608695652173912
1988-12-12,Pop,43,49.25581395348837,45.55813953488372,34.97674418604651,9.372093023255815
1988-12-19,Pop,44,50.0,43.84090909090909,32.79545454545455,9.886363636363637
1988-12-26,Pop,44,50.0,50.0,32.79545454545455,10.886363636363637
1989-01-02,Pop,44,49.56818181818182,43.47727272727273,35.15909090909091,10.181818181818182
1989-01-09,Pop,44,48.06818181818182,45.29545454545455,34.52272727272727,10.590909090909092
1989-01-16,Pop,45,45.644444444444446,38.91111111111111,34.422222222222224,9.733333333333333
1989-01-23,Pop,46,44.47826086956522,38.43478260869565,33.32608695652174,9.76086956521739
1989-01-30,Pop,47,44.51063829787234,39.53191489361702,31.638297872340427,9.851063829787234
1989-02-06,Pop,48,44.604166666666664,41.625,30.041666666666668,10.1875
1989-02-13,Pop,48,45.520833333333336,42.645833333333336,27.916666666666668,10.895833333333334
1989-02-20,Pop,47,45.93617021276596,38.680851063829785,29.51063829787234,10.46808510638298
1989-02-27,Pop,45,45.82222222222222,39.46666666666667,29.77777777777778,10.2
1989-03-06,Pop,43,42.58139534883721,38.81395348837209,28.302325581395348,10.116279069767442
1989-03-13,Pop,45,43.022222222222226,32.17777777777778,32.044444444444444,9.177777777777777
1989-03-20,Pop,48,45.208333333333336,36.229166666666664,35.895833333333336,8.8125
1989-03-27,Pop,49,45.12244897959184,40.69387755102041,34.265306122448976,9.040816326530612
1989-04-03,Pop,50,46.22,40.54,35.06,8.98
1989-04-10,Pop,50,48.08,40.48,32.94,9.58
1989-04-17,Pop,51,50.07843137254902,43.294117647058826,33.666666666666664,9.588235294117647
1989-04-24,Pop,50,50.28,45.14,31.48,9.92
1989-05-01,Pop,52,51.73076923076923,39.38461538461539,32.94230769230769,9.461538461538462
1989-05-08,Pop,50,49.82,46.36,30.54,9.7
1989-05-15,Pop,47,46.40425531914894,43.06382978723404,30.148936170212767,9.319148936170214
1989-05-22,Pop,48,46.958333333333336,39.5625,32.770833333333336,8.770833333333334
1989-05-29,Pop,49,46.51020408163265,36.16326530612245,34.734693877551024,8.142857142857142
1989-06-05,Pop,50,48.54,45.58,32.72,8.98
1989-06-12,Pop,51,50.09803921568628,38.86274509803921,34.03921568627451,8.666666666666666
1989-06-19,Pop,47,45.0,42.361702127659576,31.93617021276596,8.72340425531915
1989-06-26,Pop,46,43.73913043478261,35.45652173913044,31.08695652173913,8.717391304347826
1989-07-03,Pop,45,41.4,36.333333333333336,31.866666666666667,8.066666666666666
1989-07-10,Pop,45,40.31111111111111,39.17777777777778,29.22222222222222,8.911111111111111
1989-07-17,Pop,47,44.361702127659576,34.42553191489362,29.78723404255319,9.085106382978724
1989-07-24,Pop,46,44.630434782608695,37.17391304347826,30.23913043478261,9.173913043478262
1989-07-31,Pop,45,44.31111111111111,37.44444444444444,27.866666666666667,9.577777777777778
1989-08-07,Pop,45,44.955555555555556,34.06666666666667,32.666666666666664,8.777777777777779
1989-08-14,Pop,45,44.333333333333336,39.48888888888889,32.77777777777778,8.733333333333333
1989-08-21,Pop,46,45.30434782608695,37.26086956521739,31.97826086956522,8.73913043478261
1989-08-28,Pop,44,44.70454545454545,37.27272727272727,29.181818181818183,9.136363636363637
1989-09-04,Pop,41,42.390243902439025,38.63414634146341,24.5609756097561,9.902439024390244
1989-09-11,Pop,43,45.83720930232558,38.372093023255815,24.558139534883722,10.30232558139535
1989-09-18,Pop,43,45.86046511627907,31.023255813953487,31.41860465116279,8.325581395348838
1989-09-25,Pop,46,47.82608695652174,36.56521739130435,33.95652173913044,7.956521739130435
1989-10-02,Pop,43,43.53488372093023,40.51162790697674,30.906976744186046,7.906976744186046
1989-10-09,Pop,44,44.61363636363637,40.65909090909091,30.045454545454547,8.454545454545455
1989-10-16,Pop,44,44.56818181818182,38.22727272727273,29.363636363636363,8.477272727272727
1989-10-23,Pop,45,46.022222222222226,37.28888888888889,31.68888888888889,8.222222222222221
1989-10-30,Pop,42,41.57142857142857,39.26190476190476,29.761904761904763,8.214285714285714
1989-11-06,Pop,44,42.59090909090909,35.70454545454545,31.227272727272727,8.045454545454545
1989-11-13,Pop,42,40.38095238095238,37.69047619047619,28.142857142857142,8.5
1989-11-20,Pop,43,42.83720930232558,37.372093023255815,24.976744186046513,9.209302325581396
1989-11-27,Pop,41,41.75609756097561,35.46341463414634,25.317073170731707,9.317073170731707
1989-12-04,Pop,41,43.21951219512195,34.707317073170735,24.78048780487805,9.390243902439025
1989-12-11,Pop,40,42.025,35.025,26.95,8.925
1989-12-18,Pop,39,41.05128205128205,38.17948717948718,24.333333333333332,9.615384615384615
1989-12-25,Pop,39,41.05128205128205,41.05128205128205,24.333333333333332,10.615384615384615
1990-01-01,Pop,40,42.375,35.25,26.225,10.3
1990-01-08,Pop,43,45.604651162790695,39.41860465116279,28.53488372093023,10.581395348837209
1990-01-15,Pop,46,49.06521739130435,38.45652173913044,31.130434782608695,10.065217391304348
1990-01-22,Pop,43,45.372093023255815,41.25581395348837,29.186046511627907,9.976744186046512
1990-01-29,Pop,43,44.13953488372093,36.41860465116279,30.0,9.534883720930232
1990-02-05,Pop,44,43.18181818181818,36.56818181818182,30.545454545454547,9.204545454545455
1990-02-12,Pop,46,44.97826086956522,39.391304347826086,28.608695652173914,9.608695652173912
1990-02-19,Pop,46,46.19565217391305,39.108695652173914,30.869565217391305,9.41304347826087
1990-02-26,Pop,46,45.97826086956522,39.82608695652174,31.08695652173913,9.41304347826087
1990-03-05,Pop,44,44.52272727272727,39.5,30.954545454545453,9.590909090909092
1990-03-12,Pop,45,46.422222222222224,37.4,31.6,9.422222222222222
1990-03-19,Pop,42,43.38095238095238,41.023809523809526,27.166666666666668,9.928571428571429
1990-03-26,Pop,42,44.88095238095238,37.142857142857146,29.833333333333332,9.380952380952381
1990-04-02,Pop,42,45.285714285714285,31.69047619047619,31.214285714285715,8.30952380952381
1990-04-09,Pop,41,43.8780487804878,37.146341463414636,29.073170731707318,8.146341463414634
1990-04-16,Pop,39,42.69230769230769,39.0,27.23076923076923,8.41025641025641
1990-04-23,Pop,44,48.27272727272727,31.704545454545453,33.36363636363637,7.636363636363637
1990-04-30,Pop,43,46.348837209302324,40.674418604651166,32.76744186046512,7.790697674418604
1990-05-07,Pop,43,47.27906976744186,40.02325581395349,36.093023255813954,7.4186046511627906
1990-05-14,Pop,44,47.27272727272727,39.56818181818182,36.52272727272727,7.4772727272727275
1990-05-21,Pop,43,44.372093023255815,39.51162790697674,34.44186046511628,7.744186046511628
1990-05-28,Pop,43,44.348837209302324,39.74418604651163,33.18604651162791,8.13953488372093
1990-06-04,Pop,43,46.69767441860465,42.093023255813954,30.767441860465116,9.0
1990-06-11,Pop,44,50.31818181818182,43.65909090909091,30.09090909090909,9.340909090909092
1990-06-18,Pop,42,48.26190476190476,37.0,30.976190476190474,8.857142857142858
1990-06-25,Pop,40,45.65,34.475,32.875,8.325
1990-07-02,Pop,38,42.26315789473684,40.526315789473685,31.94736842105263,8.157894736842104
1990-07-09,Pop,39,44.35897435897436,38.76923076923077,32.35897435897436,8.538461538461538
1990-07-16,Pop,37,42.0,39.0,28.513513513513512,9.27027027027027
1990-07-23,Pop,36,41.97222222222222,38.27777777777778,28.583333333333332,9.722222222222221
1990-07-30,Pop,41,47.390243902439025,32.0,32.65853658536585,9.048780487804878
1990-08-06,Pop,39,45.82051282051282,45.1025641025641,29.846153846153847,9.58974358974359
1990-08-13,Pop,39,46.17948717948718,36.256410256410255,30.615384615384617,9.153846153846153
1990-08-20,Pop,43,52.372093023255815,41.883720930232556,30.348837209302324,9.30232558139535
1990-08-27,Pop,42,51.80952380952381,46.666666666666664,28.571428571428573,9.523809523809524
1990-09-03,Pop,38,48.473684210526315,45.3421052631579,28.94736842105263,9.052631578947368
1990-09-10,Pop,37,47.189189189189186,42.16216216216216,27.62162162162162,9.486486486486486
1990-09-17,Pop,37,48.45945945945946,39.54054054054054,29.0,9.45945945945946
1990-09-24,Pop,35,44.57142857142857,40.0,31.057142857142857,8.514285714285714
1990-10-01,Pop,35,41.94285714285714,36.51428571428571,30.6,8.142857142857142
1990-10-08,Pop,36,42.888888888888886,38.083333333333336,29.5,8.472222222222221
1990-10-15,Pop,38,45.8421052631579,38.0,29.31578947368421,8.710526315789474
1990-10-22,Pop,38,47.421052631578945,41.078947368421055,29.789473684210527,8.947368421052632
1990-10-29,Pop,39,48.02564102564103,36.92307692307692,34.205128205128204,8.0
1990-11-05,Pop,39,49.333333333333336,43.282051282051285,32.64102564102564,8.538461538461538
1990-11-12,Pop,42,51.19047619047619,34.61904761904762,38.833333333333336,7.142857142857143
1990-11-19,Pop,44,53.5,46.68181818181818,38.56818181818182,7.454545454545454
1990-11-26,Pop,43,53.72093023255814,45.651162790697676,35.7906976744186,7.767441860465116
1990-12-03,Pop,39,49.256410256410255,43.12820512820513,35.53846153846154,7.641025641025641
1990-12-10,Pop,39,47.87179487179487,44.35897435897436,34.41025641025641,7.948717948717949
1990-12-17,Pop,38,45.36842105263158,44.078947368421055,31.026315789473685,8.421052631578947
1990-12-24,Pop,38,45.36842105263158,45.36842105263158,31.026315789473685,9.421052631578947
1990-12-31,Pop,38,44.578947368421055,37.60526315789474,34.86842105263158,8.921052631578947
1991-01-07,Pop,37,43.189189189189186,43.13513513513514,33.67567567567568,9.72972972972973
1991-01-14,Pop,37,41.810810810810814,35.2972972972973,31.16216216216216,9.702702702702704
1991-01-21,Pop,39,45.41025641025641,39.666666666666664,29.384615384615383,10.205128205128204
1991-01-28,Pop,41,50.170731707317074,40.75609756097561,30.414634146341463,10.317073170731707
1991-02-04,Pop,42,51.11904761904762,40.26190476190476,34.04761904761905,9.476190476190476
1991-02-11,Pop,41,49.46341463414634,43.048780487804876,35.02439024390244,9.317073170731707
1991-02-18,Pop,40,47.15,45.9,32.375,9.65
1991-02-25,Pop,42,48.357142857142854,40.61904761904762,34.023809523809526,9.261904761904763
1991-03-04,Pop,39,45.43589743589744,42.46153846153846,29.153846153846153,9.897435897435898
1991-03-11,Pop,34,39.11764705882353,33.1764705882353,22.705882352941178,10.235294117647058
1991-03-18,Pop,32,38.46875,35.6875,19.78125,10.96875
1991-03-25,Pop,31,37.25806451612903,30.612903225806452,21.387096774193548,10.483870967741936
1991-04-01,Pop,36,44.94444444444444,29.36111111111111,30.416666666666668,9.305555555555555
1991-04-08,Pop,38,46.81578947368421,34.94736842105263,34.6578947368421,8.473684210526315
1991-04-15,Pop,36,44.19444444444444,44.0,30.916666666666668,9.027777777777779
1991-04-22,Pop,35,44.22857142857143,42.885714285714286,26.82857142857143,10.057142857142857
1991-04-29,Pop,33,44.18181818181818,40.96969696969697,24.515151515151516,10.909090909090908
1991-05-06,Pop,34,46.05882352941177,37.3235294117647,27.529411764705884,10.176470588235293
1991-05-13,Pop,34,47.794117647058826,43.11764705882353,25.176470588235293,11.0
1991-05-20,Pop,34,48.911764705882355,36.588235294117645,31.5,9.941176470588236
1991-05-27,Pop,36,53.111111111111114,43.416666666666664,33.138888888888886,9.75
1991-06-03,Pop,35,53.82857142857143,46.42857142857143,35.91428571428571,9.342857142857143
1991-06-10,Pop,37,55.32432432432432,43.054054054054056,37.91891891891892,8.81081081081081
1991-06-17,Pop,35,52.371428571428574,45.65714285714286,39.285714285714285,8.085714285714285
1991-06-24,Pop,33,49.93939393939394,47.57575757575758,36.303030303030305,8.0
1991-07-01,Pop,34,50.11764705882353,42.794117647058826,37.411764705882355,7.705882352941177
1991-07-08,Pop,31,45.935483870967744,46.193548387096776,33.83870967741935,8.129032258064516
1991-07-15,Pop,32,45.6875,32.71875,38.3125,7.09375
1991-07-22,Pop,35,48.6,38.91428571428571,37.82857142857143,7.3428571428571425
1991-07-29,Pop,33,43.57575757575758,43.121212121212125,33.09090909090909,7.696969696969697
1991-08-05,Pop,32,41.09375,35.90625,32.5,7.65625
1991-08-12,Pop,33,44.57575757575758,34.06060606060606,32.57575757575758,8.06060606060606
1991-08-19,Pop,30,42.13333333333333,39.43333333333333,29.0,8.866666666666667
1991-08-26,Pop,28,38.714285714285715,34.785714285714285,26.535714285714285,9.142857142857142
1991-09-02,Pop,28,40.714285714285715,32.285714285714285,28.714285714285715,9.178571428571429
1991-09-09,Pop,29,42.793103448275865,32.724137931034484,30.96551724137931,8.862068965517242
1991-09-16,Pop,30,44.766666666666666,34.93333333333333,32.333333333333336,8.766666666666667
1991-09-23,Pop,32,46.78125,36.125,33.4375,8.4375
1991-09-30,Pop,32,47.3125,43.8125,31.46875,9.125
1991-10-07,Pop,31,47.096774193548384,42.806451612903224,30.548387096774192,9.290322580645162
1991-10-14,Pop,30,45.63333333333333,36.166666666666664,30.566666666666666,9.033333333333333
1991-10-21,Pop,33,48.21212121212121,35.60606060606061,34.15151515151515,8.303030303030303
1991-10-28,Pop,36,50.583333333333336,39.333333333333336,37.333333333333336,7.611111111111111
1991-11-04,Pop,34,47.05882352941177,45.35294117647059,34.705882352941174,7.882352941176471
1991-11-11,Pop,35,47.4,40.74285714285714,34.4,7.771428571428571
1991-11-18,Pop,32,41.46875,37.5625,31.09375,7.75
1991-11-25,Pop,31,38.064516129032256,40.38709677419355,27.741935483870968,8.290322580645162
1991-12-02,Pop,31,37.354838709677416,29.870967741935484,28.612903225806452,8.258064516129032
1991-12-09,Pop,32,38.5,34.90625,29.5,8.375
1991-12-16,Pop,33,38.03030303030303,34.39393939393939,28.575757575757574,8.909090909090908
1991-12-23,Pop,33,38.03030303030303,38.03030303030303,28.575757575757574,9.909090909090908
1991-12-30,Pop,31,35.483870967741936,33.483870967741936,27.322580645161292,10.32258064516129
1992-01-06,Pop,31,37.483870967741936,35.483870967741936,26.161290322580644,11.32258064516129
1992-01-13,Pop,30,34.46666666666667,31.2,26.4,11.4
1992-01-20,Pop,32,38.125,30.4375,28.9375,11.0625
1992-01-27,Pop,33,39.42424242424242,30.606060606060606,28.363636363636363,10.727272727272727
1992-02-03,Pop,32,38.8125,35.9375,26.125,11.0
1992-02-10,Pop,30,36.733333333333334,35.2,24.033333333333335,10.733333333333333
1992-02-17,Pop,30,39.56666666666667,35.733333333333334,23.833333333333332,11.0
1992-02-24,Pop,32,43.84375,35.34375,26.71875,10.6875
1992-03-02,Pop,30,41.166666666666664,39.0,25.866666666666667,10.4
1992-03-09,Pop,29,40.13793103448276,36.62068965517241,25.20689655172414,10.586206896551724
1992-03-16,Pop,25,32.72,32.8,23.04,10.16
1992-03-23,Pop,27,36.7037037037037,30.296296296296298,25.77777777777778,10.407407407407407
1992-03-30,Pop,27,39.0,32.111111111111114,28.59259259259259,9.925925925925926
1992-04-06,Pop,26,36.96153846153846,37.30769230769231,26.03846153846154,10.538461538461538
1992-04-13,Pop,29,43.62068965517241,33.13793103448276,31.0,10.448275862068966
1992-04-20,Pop,31,46.16129032258065,33.225806451612904,36.29032258064516,9.419354838709678
1992-04-27,Pop,31,45.483870967741936,41.45161290322581,36.03225806451613,9.290322580645162
1992-05-04,Pop,31,43.41935483870968,39.12903225806452,32.41935483870968,9.806451612903226
1992-05-11,Pop,31,39.96774193548387,39.225806451612904,30.258064516129032,9.774193548387096
1992-05-18,Pop,30,39.36666666666667,38.03333333333333,30.166666666666668,9.3
1992-05-25,Pop,29,38.55172413793103,37.44827586206897,24.96551724137931,10.413793103448276
1992-06-01,Pop,28,37.785714285714285,38.25,23.285714285714285,11.071428571428571
1992-06-08,Pop,28,38.035714285714285,32.82142857142857,24.821428571428573,10.642857142857142
1992-06-15,Pop,26,37.84615384615385,33.61538461538461,26.653846153846153,10.153846153846153
1992-06-22,Pop,26,39.88461538461539,30.692307692307693,27.423076923076923,10.615384615384615
1992-06-29,Pop,24,34.958333333333336,29.416666666666668,26.166666666666668,9.833333333333334
1992-07-06,Pop,26,39.0,30.153846153846153,30.73076923076923,9.307692307692308
1992-07-13,Pop,26,38.38461538461539,37.11538461538461,28.307692307692307,9.538461538461538
1992-07-20,Pop,27,40.03703703703704,33.25925925925926,27.185185185185187,10.11111111111111
1992-07-27,Pop,29,44.3448275862069,32.10344827586207,32.724137931034484,9.344827586206897
1992-08-03,Pop,29,44.48275862068966,42.724137931034484,32.44827586206897,9.413793103448276
1992-08-10,Pop,30,47.96666666666667,39.833333333333336,32.63333333333333,10.0
1992-08-17,Pop,31,49.87096774193548,40.32258064516129,34.096774193548384,10.0
1992-08-24,Pop,29,46.48275862068966,46.44827586206897,31.310344827586206,10.862068965517242
1992-08-31,Pop,32,51.15625,42.125,34.40625,10.84375
1992-09-07,Pop,29,46.86206896551724,45.89655172413793,32.51724137931034,10.758620689655173
1992-09-14,Pop,28,46.214285714285715,43.142857142857146,32.857142857142854,10.714285714285714
1992-09-21,Pop,29,46.51724137931034,40.241379310344826,34.89655172413793,9.89655172413793
1992-09-28,Pop,29,43.310344827586206,40.03448275862069,33.3448275862069,9.551724137931034
1992-10-05,Pop,29,42.62068965517241,40.10344827586207,30.17241379310345,10.275862068965518
1992-10-12,Pop,31,43.806451612903224,35.58064516129032,32.16129032258065,9.258064516129032
1992-10-19,Pop,32,42.96875,39.34375,31.15625,9.625
1992-10-26,Pop,34,46.029411764705884,36.0,36.1764705882353,8.882352941176471
1992-11-02,Pop,36,46.44444444444444,40.69444444444444,35.30555555555556,9.194444444444445
1992-11-09,Pop,36,44.75,43.861111111111114,32.138888888888886,9.63888888888889
1992-11-16,Pop,36,47.0,42.30555555555556,32.611111111111114,10.083333333333334
1992-11-23,Pop,37,49.5945945945946,43.108108108108105,33.729729729729726,9.675675675675675
1992-11-30,Pop,34,43.85294117647059,42.76470588235294,30.11764705882353,9.823529411764707
1992-12-07,Pop,32,41.21875,35.03125,27.6875,10.125
1992-12-14,Pop,30,39.3,35.9,26.6,10.4
1992-12-21,Pop,29,37.6551724137931,30.75862068965517,27.862068965517242,10.448275862068966
1992-12-28,Pop,30,42.1,34.8,32.36666666666667,9.866666666666667
1993-01-04,Pop,30,43.7,42.1,31.266666666666666,10.866666666666667
1993-01-11,Pop,31,43.193548387096776,42.29032258064516,31.419354838709676,11.838709677419354
1993-01-18,Pop,33,45.03030303030303,34.666666666666664,33.54545454545455,11.636363636363637
1993-01-25,Pop,34,47.11764705882353,41.14705882352941,34.44117647058823,11.764705882352942
1993-02-01,Pop,36,50.416666666666664,44.5,35.166666666666664,12.11111111111111
1993-02-08,Pop,34,50.029411764705884,48.0,32.11764705882353,13.058823529411764
1993-02-15,Pop,36,52.55555555555556,38.80555555555556,40.333333333333336,11.0
1993-02-22,Pop,36,54.75,49.94444444444444,41.47222222222222,10.416666666666666
1993-03-01,Pop,36,54.77777777777778,50.361111111111114,40.388888888888886,10.38888888888889
1993-03-08,Pop,33,51.36363636363637,46.90909090909091,37.06060606060606,10.363636363636363
1993-03-15,Pop,33,49.84848484848485,43.0,37.81818181818182,9.878787878787879
1993-03-22,Pop,32,47.53125,44.3125,38.9375,9.3125
1993-03-29,Pop,33,48.06060606060606,40.72727272727273,40.515151515151516,9.333333333333334
1993-04-05,Pop,34,48.26470588235294,45.205882352941174,39.3235294117647,9.352941176470589
1993-04-12,Pop,33,46.21212121212121,44.84848484848485,38.54545454545455,9.666666666666666
1993-04-19,Pop,35,50.65714285714286,40.94285714285714,44.142857142857146,8.485714285714286
1993-04-26,Pop,32,47.90625,45.0625,40.46875,8.84375
1993-05-03,Pop,31,47.67741935483871,44.806451612903224,39.064516129032256,9.67741935483871
1993-05-10,Pop,30,44.166666666666664,39.63333333333333,36.9,10.0
1993-05-17,Pop,31,45.193548387096776,42.74193548387097,36.67741935483871,10.67741935483871
1993-05-24,Pop,30,43.766666666666666,40.06666666666667,34.03333333333333,11.5
1993-05-31,Pop,31,45.87096774193548,37.774193548387096,36.29032258064516,10.96774193548387
1993-06-07,Pop,29,46.58620689655172,44.241379310344826,31.551724137931036,11.89655172413793
1993-06-14,Pop,27,43.148148148148145,39.111111111111114,30.814814814814813,12.148148148148149
1993-06-21,Pop,27,45.2962962962963,39.81481481481482,32.074074074074076,12.148148148148149
1993-06-28,Pop,29,50.55172413793103,37.48275862068966,36.03448275862069,11.482758620689655
1993-07-05,Pop,27,51.333333333333336,42.48148148148148,37.7037037037037,10.592592592592593
1993-07-12,Pop,31,51.96774193548387,41.54838709677419,40.12903225806452,9.935483870967742
1993-07-19,Pop,33,52.27272727272727,46.333333333333336,40.84848484848485,9.727272727272727
1993-07-26,Pop,32,51.40625,47.6875,39.09375,10.21875
1993-08-02,Pop,32,52.5625,48.59375,40.15625,9.59375
1993-08-09,Pop,29,48.275862068965516,50.172413793103445,39.724137931034484,9.551724137931034
1993-08-16,Pop,30,50.8,42.0,42.833333333333336,9.033333333333333
1993-08-23,Pop,31,51.064516129032256,43.354838709677416,44.064516129032256,9.064516129032258
1993-08-30,Pop,32,50.9375,49.46875,42.4375,9.78125
1993-09-06,Pop,32,51.1875,47.875,41.84375,10.1875
1993-09-13,Pop,35,55.51428571428571,44.114285714285714,44.57142857142857,10.0
1993-09-20,Pop,34,54.23529411764706,55.8235294117647,42.26470588235294,10.647058823529411
1993-09-27,Pop,38,57.6578947368421,48.526315789473685,44.421052631578945,10.526315789473685
1993-10-04,Pop,35,55.2,46.57142857142857,42.91428571428571,10.628571428571428
1993-10-11,Pop,30,52.233333333333334,48.666666666666664,39.63333333333333,10.533333333333333
1993-10-18,Pop,30,53.86666666666667,45.5,44.3,9.333333333333334
1993-10-25,Pop,29,52.0,45.48275862068966,43.41379310344828,9.068965517241379
1993-11-01,Pop,29,51.13793103448276,45.3448275862069,40.48275862068966,9.655172413793103
1993-11-08,Pop,29,51.724137931034484,45.03448275862069,39.55172413793103,9.793103448275861
1993-11-15,Pop,29,53.310344827586206,48.55172413793103,38.96551724137931,10.482758620689655
1993-11-22,Pop,27,51.0,45.592592592592595,38.51851851851852,10.037037037037036
1993-11-29,Pop,25,49.88,47.04,40.84,9.44
1993-12-06,Pop,24,48.416666666666664,44.833333333333336,39.625,9.875
1993-12-13,Pop,23,47.04347826086956,46.47826086956522,36.391304347826086,10.826086956521738
1993-12-20,Pop,24,46.583333333333336,37.125,36.708333333333336,10.541666666666666
1993-12-27,Pop,26,48.26923076923077,39.53846153846154,37.96153846153846,10.0
1994-01-03,Pop,24,46.25,44.875,36.541666666666664,10.416666666666666
1994-01-10,Pop,25,45.6,44.4,34.4,11.0
1994-01-17,Pop,25,42.04,38.48,32.08,10.64
1994-01-24,Pop,27,45.148148148148145,37.18518518518518,34.148148148148145,9.88888888888889
1994-01-31,Pop,25,40.2,40.8,28.56,10.96
1994-02-07,Pop,27,43.148148148148145,33.7037037037037,31.074074074074073,11.481481481481481
1994-02-14,Pop,26,42.53846153846154,39.11538461538461,31.153846153846153,11.615384615384615
1994-02-21,Pop,25,42.08,32.64,36.76,9.76
1994-02-28,Pop,28,45.392857142857146,37.57142857142857,38.92857142857143,9.714285714285714
1994-03-07,Pop,27,42.851851851851855,42.0,37.7037037037037,9.555555555555555
1994-03-14,Pop,27,40.51851851851852,39.18518518518518,34.407407407407405,10.37037037037037
1994-03-21,Pop,28,43.785714285714285,39.07142857142857,33.642857142857146,11.0
1994-03-28,Pop,28,41.0,40.32142857142857,30.785714285714285,11.892857142857142
1994-04-04,Pop,28,40.785714285714285,34.67857142857143,29.285714285714285,12.107142857142858
1994-04-11,Pop,27,38.48148148148148,34.925925925925924,27.962962962962962,12.62962962962963
1994-04-18,Pop,30,44.96666666666667,33.0,35.2,11.566666666666666
1994-04-25,Pop,31,44.516129032258064,39.193548387096776,36.193548387096776,10.935483870967742
1994-05-02,Pop,35,47.34285714285714,39.42857142857143,37.48571428571429,10.685714285714285
1994-05-09,Pop,35,44.457142857142856,42.05714285714286,35.31428571428572,10.857142857142858
1994-05-16,Pop,33,41.333333333333336,37.96969696969697,33.60606060606061,10.454545454545455
1994-05-23,Pop,34,42.529411764705884,37.26470588235294,35.970588235294116,9.235294117647058
1994-05-30,Pop,33,39.54545454545455,42.63636363636363,32.96969696969697,9.848484848484848
1994-06-06,Pop,34,40.44117647058823,38.38235294117647,32.0,10.558823529411764
1994-06-13,Pop,33,41.15151515151515,37.39393939393939,32.78787878787879,10.666666666666666
1994-06-20,Pop,33,42.90909090909091,41.15151515151515,31.757575757575758,11.666666666666666
1994-06-27,Pop,33,45.03030303030303,37.24242424242424,34.0,11.909090909090908
1994-07-04,Pop,33,46.63636363636363,39.24242424242424,33.09090909090909,12.424242424242424
1994-07-11,Pop,31,44.54838709677419,40.70967741935484,33.645161290322584,11.870967741935484
1994-07-18,Pop,29,42.86206896551724,41.758620689655174,30.655172413793103,12.551724137931034
1994-07-25,Pop,27,43.22222222222222,40.7037037037037,30.444444444444443,13.074074074074074
1994-08-01,Pop,26,41.92307692307692,33.92307692307692,32.0,13.0
1994-08-08,Pop,28,44.42857142857143,38.92857142857143,32.25,13.071428571428571
1994-08-15,Pop,32,50.96875,38.875,36.90625,12.4375
1994-08-22,Pop,31,46.354838709677416,43.193548387096776,34.03225806451613,12.838709677419354
1994-08-29,Pop,31,47.225806451612904,43.225806451612904,35.41935483870968,12.161290322580646
1994-09-05,Pop,29,46.827586206896555,43.793103448275865,37.310344827586206,11.655172413793103
1994-09-12,Pop,28,44.5,41.5,34.82142857142857,12.035714285714286
1994-09-19,Pop,27,40.77777777777778,36.074074074074076,33.22222222222222,12.481481481481481
1994-09-26,Pop,28,40.857142857142854,37.535714285714285,33.857142857142854,12.107142857142858
1994-10-03,Pop,31,44.29032258064516,35.32258064516129,36.516129032258064,11.193548387096774
1994-10-10,Pop,30,42.96666666666667,41.766666666666666,36.43333333333333,10.533333333333333
1994-10-17,Pop,30,42.233333333333334,41.333333333333336,35.56666666666667,10.833333333333334
1994-10-24,Pop,30,42.0,38.93333333333333,33.2,11.766666666666667
1994-10-31,Pop,31,43.12903225806452,37.41935483870968,32.25806451612903,12.483870967741936
1994-11-07,Pop,33,46.42424242424242,39.0,34.96969696969697,12.06060606060606
1994-11-14,Pop,30,40.5,39.733333333333334,30.133333333333333,12.066666666666666
1994-11-21,Pop,29,36.93103448275862,35.310344827586206,29.79310344827586,12.344827586206897
1994-11-28,Pop,29,36.0,35.206896551724135,29.79310344827586,12.310344827586206
1994-12-05,Pop,29,36.58620689655172,34.275862068965516,31.20689655172414,12.241379310344827
1994-12-12,Pop,31,37.96774193548387,31.129032258064516,32.54838709677419,12.129032258064516
1994-12-19,Pop,31,37.29032258064516,34.806451612903224,31.387096774193548,12.709677419354838
1994-12-26,Pop,33,41.27272727272727,33.75757575757576,35.21212121212121,11.606060606060606
1995-01-02,Pop,34,43.6764705882353,40.05882352941177,36.05882352941177,12.264705882352942
1995-01-09,Pop,33,41.42424242424242,41.96969696969697,33.81818181818182,13.363636363636363
1995-01-16,Pop,34,41.029411764705884,37.26470588235294,34.3235294117647,13.382352941176471
1995-01-23,Pop,37,44.270270270270274,37.7027027027027,35.75675675675676,13.297297297297296
1995-01-30,Pop,35,41.31428571428572,42.6,32.05714285714286,14.2
1995-02-06,Pop,33,39.45454545454545,37.96969696969697,28.666666666666668,15.393939393939394
1995-02-13,Pop,31,36.806451612903224,32.483870967741936,25.806451612903224,16.387096774193548
1995-02-20,Pop,31,37.67741935483871,36.806451612903224,24.161290322580644,17.387096774193548
1995-02-27,Pop,30,37.1,32.333333333333336,22.566666666666666,18.166666666666668
1995-03-06,Pop,31,39.645161290322584,29.903225806451612,27.967741935483872,16.258064516129032
1995-03-13,Pop,29,36.89655172413793,37.51724137931034,24.655172413793103,17.103448275862068
1995-03-20,Pop,27,33.81481481481482,31.0,23.74074074074074,16.962962962962962
1995-03-27,Pop,28,35.785714285714285,27.464285714285715,27.607142857142858,16.035714285714285
1995-04-03,Pop,27,33.55555555555556,35.25925925925926,25.333333333333332,15.962962962962964
1995-04-10,Pop,27,33.81481481481482,31.74074074074074,25.37037037037037,15.851851851851851
1995-04-17,Pop,27,33.2962962962963,31.962962962962962,24.666666666666668,16.0
1995-04-24,Pop,29,34.62068965517241,29.379310344827587,26.24137931034483,15.137931034482758
1995-05-01,Pop,29,34.62068965517241,32.89655172413793,26.275862068965516,15.379310344827585
1995-05-08,Pop,26,32.23076923076923,33.26923076923077,24.692307692307693,14.076923076923077
1995-05-15,Pop,26,32.46153846153846,32.23076923076923,23.192307692307693,15.076923076923077
1995-05-22,Pop,24,30.125,30.291666666666668,21.375,15.375
1995-05-29,Pop,27,36.96296296296296,26.77777777777778,27.11111111111111,14.666666666666666
1995-06-05,Pop,28,37.642857142857146,32.107142857142854,28.678571428571427,14.892857142857142
1995-06-12,Pop,29,36.13793103448276,30.517241379310345,26.551724137931036,14.310344827586206
1995-06-19,Pop,29,37.03448275862069,30.0,26.0,14.793103448275861
1995-06-26,Pop,28,37.07142857142857,36.57142857142857,24.714285714285715,15.392857142857142
1995-07-03,Pop,28,39.392857142857146,33.607142857142854,29.107142857142858,13.214285714285714
1995-07-10,Pop,28,41.464285714285715,37.82142857142857,29.821428571428573,13.142857142857142
1995-07-17,Pop,28,40.785714285714285,38.0,28.107142857142858,13.928571428571429
1995-07-24,Pop,26,39.30769230769231,39.57692307692308,27.96153846153846,14.461538461538462
1995-07-31,Pop,26,40.15384615384615,32.15384615384615,28.346153846153847,13.538461538461538
1995-08-07,Pop,26,40.23076923076923,31.807692307692307,31.96153846153846,11.346153846153847
1995-08-14,Pop,28,46.92857142857143,32.607142857142854,39.42857142857143,9.892857142857142
1995-08-21,Pop,28,45.357142857142854,43.357142857142854,36.92857142857143,10.464285714285714
1995-08-28,Pop,33,48.666666666666664,38.484848484848484,38.63636363636363,9.878787878787879
1995-09-04,Pop,35,49.857142857142854,43.02857142857143,39.0,10.228571428571428
1995-09-11,Pop,34,45.911764705882355,45.55882352941177,35.1764705882353,10.852941176470589
1995-09-18,Pop,33,44.78787878787879,43.21212121212121,34.27272727272727,10.93939393939394
1995-09-25,Pop,32,43.21875,41.75,31.8125,11.4375
1995-10-02,Pop,29,39.03448275862069,39.241379310344826,29.24137931034483,11.931034482758621
1995-10-09,Pop,31,42.193548387096776,33.354838709677416,30.161290322580644,12.0
1995-10-16,Pop,32,43.875,36.21875,31.6875,11.21875
1995-10-23,Pop,32,43.875,35.71875,32.34375,11.25
1995-10-30,Pop,33,45.0,40.666666666666664,34.15151515151515,11.303030303030303
1995-11-06,Pop,32,42.6875,34.15625,36.3125,9.78125
1995-11-13,Pop,32,40.625,39.625,32.6875,10.375
1995-11-20,Pop,32,38.09375,39.09375,29.6875,10.4375
1995-11-27,Pop,34,38.1764705882353,35.85294117647059,29.176470588235293,10.823529411764707
1995-12-04,Pop,35,35.05714285714286,31.82857142857143,27.285714285714285,10.714285714285714
1995-12-11,Pop,35,34.68571428571428,29.485714285714284,26.428571428571427,10.971428571428572
1995-12-18,Pop,35,36.714285714285715,33.285714285714285,27.02857142857143,11.4
1995-12-25,Pop,34,36.88235294117647,34.85294117647059,25.323529411764707,12.411764705882353
1996-01-01,Pop,32,35.40625,34.5625,23.34375,13.21875
1996-01-08,Pop,32,35.25,35.40625,23.0625,14.21875
1996-01-15,Pop,31,32.03225806451613,32.193548387096776,22.677419354838708,14.387096774193548
1996-01-22,Pop,32,35.3125,31.03125,23.03125,14.9375
1996-01-29,Pop,32,36.90625,35.3125,22.34375,15.9375
1996-02-05,Pop,32,40.1875,34.4375,24.40625,16.3125
1996-02-12,Pop,34,41.911764705882355,34.970588235294116,26.029411764705884,16.029411764705884
1996-02-19,Pop,36,44.333333333333336,39.583333333333336,26.0,16.13888888888889
1996-02-26,Pop,35,43.82857142857143,40.0,28.34285714285714,15.342857142857143
1996-03-04,Pop,34,44.55882352941177,39.588235294117645,29.970588235294116,14.411764705882353
1996-03-11,Pop,30,37.333333333333336,37.06666666666667,25.2,14.366666666666667
1996-03-18,Pop,27,36.51851851851852,34.851851851851855,23.555555555555557,14.555555555555555
1996-03-25,Pop,26,35.34615384615385,31.923076923076923,23.0,14.576923076923077
1996-04-01,Pop,25,32.2,30.88,19.0,14.2
1996-04-08,Pop,25,33.08,30.52,19.6,14.36
1996-04-15,Pop,26,37.03846153846154,26.615384615384617,24.03846153846154,13.5
1996-04-22,Pop,25,36.56,33.56,26.6,12.8
1996-04-29,Pop,27,39.74074074074074,33.851851851851855,28.11111111111111,12.851851851851851
1996-05-06,Pop,27,41.51851851851852,36.55555555555556,29.48148148148148,12.814814814814815
1996-05-13,Pop,29,43.13793103448276,35.206896551724135,32.41379310344828,12.551724137931034
1996-05-20,Pop,30,45.03333333333333,41.7,32.36666666666667,13.133333333333333
1996-05-27,Pop,31,42.645161290322584,37.41935483870968,31.322580645161292,13.096774193548388
1996-06-03,Pop,32,45.84375,39.90625,32.6875,12.84375
1996-06-10,Pop,33,45.54545454545455,38.878787878787875,33.78787878787879,12.757575757575758
1996-06-17,Pop,32,46.5,42.78125,35.25,12.5
1996-06-24,Pop,33,46.63636363636363,42.18181818181818,35.15151515151515,12.878787878787879
1996-07-01,Pop,32,47.15625,42.6875,36.9375,12.125
1996-07-08,Pop,33,46.878787878787875,39.96969696969697,36.45454545454545,12.121212121212121
1996-07-15,Pop,35,49.17142857142857,44.2,37.22857142857143,12.428571428571429
1996-07-22,Pop,33,48.09090909090909,46.303030303030305,36.84848484848485,13.121212121212121
1996-07-29,Pop,31,47.483870967741936,46.516129032258064,35.58064516129032,13.483870967741936
1996-08-05,Pop,31,48.645161290322584,44.29032258064516,35.774193548387096,14.161290322580646
1996-08-12,Pop,30,47.2,40.766666666666666,34.233333333333334,14.366666666666667
1996-08-19,Pop,29,46.06896551724138,45.37931034482759,30.862068965517242,15.689655172413794
1996-08-26,Pop,28,49.32142857142857,41.035714285714285,33.5,13.714285714285714
1996-09-02,Pop,27,46.666666666666664,41.925925925925924,32.96296296296296,13.62962962962963
1996-09-09,Pop,28,48.535714285714285,45.0,33.57142857142857,14.142857142857142
1996-09-16,Pop,26,43.61538461538461,41.26923076923077,33.26923076923077,14.26923076923077
1996-09-23,Pop,29,46.86206896551724,39.10344827586207,35.724137931034484,13.793103448275861
1996-09-30,Pop,27,44.74074074074074,45.111111111111114,34.333333333333336,14.333333333333334
1996-10-07,Pop,28,43.714285714285715,39.57142857142857,32.07142857142857,14.535714285714286
1996-10-14,Pop,26,40.92307692307692,39.57692307692308,28.153846153846153,15.576923076923077
1996-10-21,Pop,26,39.61538461538461,33.34615384615385,29.846153846153847,13.923076923076923
1996-10-28,Pop,24,35.833333333333336,36.75,28.083333333333332,14.5
1996-11-04,Pop,23,37.65217391304348,35.26086956521739,28.565217391304348,14.73913043478261
1996-11-11,Pop,22,38.77272727272727,30.863636363636363,31.954545454545453,12.681818181818182
1996-11-18,Pop,23,39.69565217391305,37.08695652173913,30.91304347826087,13.130434782608695
1996-11-25,Pop,24,41.333333333333336,30.416666666666668,34.5,12.291666666666666
1996-12-02,Pop,25,43.84,39.68,35.04,12.8
1996-12-09,Pop,26,46.5,42.15384615384615,35.11538461538461,13.307692307692308
1996-12-16,Pop,28,47.25,39.67857142857143,35.32142857142857,13.25
1996-12-23,Pop,27,45.111111111111114,44.333333333333336,33.18518518518518,12.88888888888889
1996-12-30,Pop,28,47.5,43.5,34.75,13.428571428571429
1997-01-06,Pop,29,49.13793103448276,45.86206896551724,35.275862068965516,13.96551724137931
1997-01-13,Pop,28,45.785714285714285,48.035714285714285,33.535714285714285,15.321428571428571
1997-01-20,Pop,29,46.62068965517241,39.13793103448276,33.689655172413794,14.689655172413794
1997-01-27,Pop,28,47.5,44.892857142857146,32.57142857142857,15.642857142857142
1997-02-03,Pop,27,49.25925925925926,45.74074074074074,33.888888888888886,15.518518518518519
1997-02-10,Pop,24,45.833333333333336,41.541666666666664,33.875,13.625
1997-02-17,Pop,20,39.5,35.85,25.9,14.75
1997-02-24,Pop,21,40.95238095238095,33.285714285714285,27.0,14.333333333333334
1997-03-03,Pop,20,40.9,38.0,21.95,15.9
1997-03-10,Pop,20,42.25,38.65,22.85,15.4
1997-03-17,Pop,23,50.95652173913044,36.73913043478261,30.304347826086957,14.391304347826088
1997-03-24,Pop,23,49.47826086956522,42.78260869565217,31.91304347826087,12.608695652173912
1997-03-31,Pop,19,47.473684210526315,48.1578947368421,33.1578947368421,9.421052631578947
1997-04-07,Pop,19,43.73684210526316,43.78947368421053,32.94736842105263,9.368421052631579
1997-04-14,Pop,20,45.9,36.95,36.75,8.95
1997-04-21,Pop,21,49.19047619047619,43.714285714285715,37.142857142857146,9.523809523809524
1997-04-28,Pop,21,45.666666666666664,44.42857142857143,32.095238095238095,10.238095238095237
1997-05-05,Pop,22,45.36363636363637,36.04545454545455,35.40909090909091,8.954545454545455
1997-05-12,Pop,22,47.04545454545455,42.68181818181818,37.95454545454545,9.045454545454545
1997-05-19,Pop,24,47.166666666666664,43.125,35.833333333333336,9.291666666666666
1997-05-26,Pop,25,47.6,45.28,34.96,9.92
1997-06-02,Pop,28,49.214285714285715,42.5,36.25,9.857142857142858
1997-06-09,Pop,29,47.58620689655172,37.93103448275862,37.55172413793103,8.689655172413794
1997-06-16,Pop,27,46.148148148148145,44.111111111111114,32.851851851851855,9.925925925925926
1997-06-23,Pop,26,42.42307692307692,40.5,29.346153846153847,10.653846153846153
1997-06-30,Pop,25,43.68,40.56,32.0,10.16
1997-07-07,Pop,27,41.55555555555556,40.44444444444444,29.925925925925927,10.407407407407407
1997-07-14,Pop,26,43.07692307692308,35.57692307692308,30.192307692307693,10.846153846153847
1997-07-21,Pop,28,44.892857142857146,40.0,30.25,11.071428571428571
1997-07-28,Pop,28,44.92857142857143,41.42857142857143,29.178571428571427,11.928571428571429
1997-08-04,Pop,28,42.892857142857146,38.392857142857146,26.892857142857142,11.535714285714286
1997-08-11,Pop,28,40.285714285714285,37.785714285714285,27.464285714285715,11.107142857142858
1997-08-18,Pop,31,43.774193548387096,36.38709677419355,30.451612903225808,11.03225806451613
1997-08-25,Pop,34,46.05882352941177,36.970588235294116,33.5,10.735294117647058
1997-09-01,Pop,32,40.78125,36.375,28.8125,10.0625
1997-09-08,Pop,34,41.85294117647059,38.38235294117647,28.61764705882353,10.470588235294118
1997-09-15,Pop,34,43.294117647058826,41.85294117647059,27.58823529411765,11.470588235294118
1997-09-22,Pop,33,43.15151515151515,39.81818181818182,26.727272727272727,11.606060606060606
1997-09-29,Pop,32,42.6875,37.09375,27.375,11.9375
1997-10-06,Pop,34,45.35294117647059,34.970588235294116,29.0,11.676470588235293
1997-10-13,Pop,34,47.3235294117647,39.73529411764706,33.411764705882355,10.823529411764707
1997-10-20,Pop,31,42.41935483870968,44.12903225806452,31.258064516129032,10.935483870967742
1997-10-27,Pop,32,43.1875,38.34375,31.59375,10.96875
1997-11-03,Pop,35,45.8,39.48571428571429,33.114285714285714,11.028571428571428
1997-11-10,Pop,36,46.0,41.916666666666664,31.916666666666668,11.583333333333334
1997-11-17,Pop,38,48.6578947368421,42.26315789473684,35.44736842105263,11.18421052631579
1997-11-24,Pop,40,49.35,46.225,34.175,11.625
1997-12-01,Pop,38,45.81578947368421,42.63157894736842,31.57894736842105,11.921052631578947
1997-12-08,Pop,36,44.30555555555556,39.47222222222222,32.916666666666664,11.444444444444445
1997-12-15,Pop,35,44.371428571428574,44.142857142857146,31.62857142857143,11.2
1997-12-22,Pop,33,41.84848484848485,41.84848484848485,29.575757575757574,11.969696969696969
1997-12-29,Pop,34,44.26470588235294,40.61764705882353,30.61764705882353,12.617647058823529
1998-01-05,Pop,34,44.911764705882355,44.26470588235294,30.264705882352942,13.617647058823529
1998-01-12,Pop,35,43.885714285714286,43.628571428571426,28.6,14.628571428571428
1998-01-19,Pop,34,42.5,40.26470588235294,26.176470588235293,15.382352941176471
1998-01-26,Pop,33,41.60606060606061,37.84848484848485,28.484848484848484,15.030303030303031
1998-02-02,Pop,32,41.625,38.4375,28.0625,15.28125
1998-02-09,Pop,32,40.90625,36.65625,26.5,15.375
1998-02-16,Pop,29,39.06896551724138,36.0,25.689655172413794,14.620689655172415
1998-02-23,Pop,33,41.93939393939394,34.333333333333336,26.606060606060606,13.848484848484848
1998-03-02,Pop,29,39.241379310344826,37.58620689655172,22.379310344827587,13.931034482758621
1998-03-09,Pop,29,40.13793103448276,35.89655172413793,22.586206896551722,14.379310344827585
1998-03-16,Pop,32,43.46875,36.375,25.0625,14.03125
1998-03-23,Pop,30,43.56666666666667,39.7,24.233333333333334,13.833333333333334
1998-03-30,Pop,29,43.86206896551724,43.37931034482759,23.20689655172414,14.551724137931034
1998-04-06,Pop,26,40.34615384615385,38.19230769230769,18.192307692307693,15.576923076923077
1998-04-13,Pop,27,43.370370370370374,34.0,22.962962962962962,14.11111111111111
1998-04-20,Pop,24,40.583333333333336,40.541666666666664,21.958333333333332,12.541666666666666
1998-04-27,Pop,24,42.875,38.5,24.083333333333332,12.541666666666666
1998-05-04,Pop,23,43.34782608695652,40.56521739130435,22.304347826086957,13.652173913043478
1998-05-11,Pop,22,42.27272727272727,40.95454545454545,21.636363636363637,14.545454545454545
1998-05-18,Pop,24,42.25,34.708333333333336,25.416666666666668,13.75
1998-05-25,Pop,26,43.42307692307692,35.34615384615385,25.807692307692307,13.307692307692308
1998-06-01,Pop,27,42.55555555555556,38.22222222222222,26.296296296296298,13.148148148148149
1998-06-08,Pop,26,41.61538461538461,38.61538461538461,25.692307692307693,13.346153846153847
1998-06-15,Pop,28,41.67857142857143,35.214285714285715,25.357142857142858,13.142857142857142
1998-06-22,Pop,28,42.714285714285715,36.464285714285715,28.428571428571427,12.785714285714286
1998-06-29,Pop,29,42.275862068965516,34.758620689655174,29.06896551724138,12.137931034482758
1998-07-06,Pop,30,39.733333333333334,37.833333333333336,26.3,13.0
1998-07-13,Pop,31,39.74193548387097,35.16129032258065,27.806451612903224,11.419354838709678
1998-07-20,Pop,32,40.15625,38.5,26.0625,12.0625
1998-07-27,Pop,29,35.310344827586206,33.96551724137931,24.17241379310345,11.96551724137931
1998-08-03,Pop,30,36.7,32.266666666666666,26.066666666666666,11.9
1998-08-10,Pop,29,36.724137931034484,34.55172413793103,23.24137931034483,13.241379310344827
1998-08-17,Pop,29,37.62068965517241,33.310344827586206,23.551724137931036,13.827586206896552
1998-08-24,Pop,29,36.58620689655172,37.62068965517241,22.689655172413794,14.827586206896552
1998-08-31,Pop,27,37.48148148148148,34.7037037037037,21.74074074074074,15.037037037037036
1998-09-07,Pop,27,39.22222222222222,37.48148148148148,21.37037037037037,16.037037037037038
1998-09-14,Pop,26,41.23076923076923,38.80769230769231,22.03846153846154,16.807692307692307
1998-09-21,Pop,26,38.53846153846154,37.38461538461539,19.153846153846153,17.615384615384617
1998-09-28,Pop,28,39.142857142857146,32.285714285714285,19.857142857142858,16.857142857142858
1998-10-05,Pop,28,36.107142857142854,29.928571428571427,20.75,14.107142857142858
1998-10-12,Pop,29,37.10344827586207,31.448275862068964,21.310344827586206,14.068965517241379
1998-10-19,Pop,28,38.42857142857143,35.5,19.714285714285715,14.857142857142858
1998-10-26,Pop,30,43.0,32.6,26.166666666666668,14.233333333333333
1998-11-02,Pop,29,42.3448275862069,41.206896551724135,24.413793103448278,15.551724137931034
1998-11-09,Pop,30,42.8,37.63333333333333,25.233333333333334,15.4
1998-11-16,Pop,31,42.645161290322584,39.064516129032256,25.580645161290324,15.258064516129032
1998-11-23,Pop,32,45.5625,37.53125,31.71875,13.40625
1998-11-30,Pop,28,40.75,8.857142857142858,34.42857142857143,4.464285714285714
1998-12-07,Pop,28,39.857142857142854,40.75,31.678571428571427,5.464285714285714
1998-12-14,Pop,28,41.142857142857146,36.75,32.785714285714285,6.321428571428571
1998-12-21,Pop,28,42.642857142857146,36.82142857142857,35.07142857142857,5.714285714285714
1998-12-28,Pop,27,39.55555555555556,40.51851851851852,31.444444444444443,6.518518518518518
1999-01-04,Pop,30,44.36666666666667,35.6,33.233333333333334,7.133333333333334
1999-01-11,Pop,31,43.67741935483871,42.935483870967744,31.06451612903226,8.774193548387096
1999-01-18,Pop,30,40.766666666666666,37.56666666666667,29.166666666666668,8.6
1999-01-25,Pop,28,36.392857142857146,33.357142857142854,23.892857142857142,9.464285714285714
1999-02-01,Pop,31,38.83870967741935,32.87096774193548,25.193548387096776,9.548387096774194
1999-02-08,Pop,33,41.45454545454545,36.484848484848484,26.757575757575758,10.0
1999-02-15,Pop,33,41.03030303030303,36.36363636363637,29.484848484848484,10.06060606060606
1999-02-22,Pop,32,36.5,34.5,29.03125,9.78125
1999-03-01,Pop,32,37.21875,36.5,27.15625,10.78125
1999-03-08,Pop,33,36.45454545454545,30.454545454545453,27.87878787878788,9.878787878787879
1999-03-15,Pop,33,36.63636363636363,30.90909090909091,27.90909090909091,10.333333333333334
1999-03-22,Pop,32,37.3125,34.34375,26.84375,10.875
1999-03-29,Pop,31,35.38709677419355,31.580645161290324,26.774193548387096,10.870967741935484
1999-04-05,Pop,28,30.392857142857142,28.678571428571427,24.214285714285715,10.928571428571429
1999-04-12,Pop,31,33.54838709677419,27.451612903225808,25.35483870967742,11.419354838709678
1999-04-19,Pop,33,37.78787878787879,30.21212121212121,30.363636363636363,10.848484848484848
1999-04-26,Pop,33,39.54545454545455,33.878787878787875,29.151515151515152,11.636363636363637
1999-05-03,Pop,34,43.05882352941177,34.529411764705884,32.3235294117647,11.147058823529411
1999-05-10,Pop,34,44.35294117647059,38.88235294117647,31.941176470588236,11.470588235294118
1999-05-17,Pop,37,47.2972972972973,35.810810810810814,35.7027027027027,11.54054054054054
1999-05-24,Pop,36,46.19444444444444,44.0,30.61111111111111,12.61111111111111
1999-05-31,Pop,33,41.696969696969695,41.878787878787875,28.757575757575758,13.575757575757576
1999-06-07,Pop,35,45.542857142857144,38.0,30.485714285714284,13.628571428571428
1999-06-14,Pop,37,47.21621621621622,40.432432432432435,34.83783783783784,12.378378378378379
1999-06-21,Pop,34,44.911764705882355,44.911764705882355,34.26470588235294,12.852941176470589
1999-06-28,Pop,33,41.0,36.63636363636363,34.27272727272727,11.909090909090908
1999-07-05,Pop,34,41.294117647058826,38.5,33.470588235294116,11.735294117647058
1999-07-12,Pop,35,41.542857142857144,35.25714285714286,33.51428571428571,11.342857142857143
1999-07-19,Pop,37,42.86486486486486,38.189189189189186,34.972972972972975,10.891891891891891
1999-07-26,Pop,37,42.270270270270274,40.891891891891895,34.32432432432432,11.35135135135135
1999-08-02,Pop,37,41.78378378378378,38.513513513513516,34.189189189189186,11.216216216216216
1999-08-09,Pop,36,40.666666666666664,38.97222222222222,33.611111111111114,11.333333333333334
1999-08-16,Pop,36,39.5,36.388888888888886,33.361111111111114,11.416666666666666
1999-08-23,Pop,33,35.60606060606061,34.45454545454545,26.96969696969697,12.424242424242424
1999-08-30,Pop,37,42.054054054054056,31.756756756756758,30.43243243243243,12.08108108108108
1999-09-06,Pop,37,44.37837837837838,37.891891891891895,31.16216216216216,12.0
1999-09-13,Pop,38,46.05263157894737,38.1578947368421,31.86842105263158,12.078947368421053
1999-09-20,Pop,36,45.361111111111114,40.611111111111114,30.97222222222222,11.972222222222221
1999-09-27,Pop,34,46.794117647058826,45.35294117647059,29.176470588235293,12.352941176470589
1999-10-04,Pop,33,46.96969696969697,44.121212121212125,29.12121212121212,11.909090909090908
1999-10-11,Pop,31,44.32258064516129,37.67741935483871,27.903225806451612,11.35483870967742
1999-10-18,Pop,31,43.70967741935484,34.83870967741935,30.870967741935484,10.709677419354838
1999-10-25,Pop,31,43.935483870967744,38.45161290322581,30.161290322580644,10.612903225806452
1999-11-01,Pop,30,44.9,41.7,32.166666666666664,10.466666666666667
1999-11-08,Pop,31,45.903225806451616,40.32258064516129,34.0,10.580645161290322
1999-11-15,Pop,31,45.225806451612904,39.483870967741936,33.25806451612903,10.516129032258064
1999-11-22,Pop,31,46.74193548387097,41.87096774193548,35.38709677419355,9.870967741935484
1999-11-29,Pop,28,41.964285714285715,38.32142857142857,31.892857142857142,10.428571428571429
1999-12-06,Pop,28,42.892857142857146,38.5,30.25,11.107142857142858
1999-12-13,Pop,26,40.76923076923077,38.53846153846154,26.26923076923077,11.961538461538462
1999-12-20,Pop,25,41.48,33.84,30.68,11.0
1999-12-27,Pop,26,41.23076923076923,39.88461538461539,28.192307692307693,11.576923076923077
2000-01-03,Pop,27,42.48148148148148,39.7037037037037,28.25925925925926,12.148148148148149
2000-01-10,Pop,28,42.714285714285715,38.0,28.714285714285715,12.678571428571429
2000-01-17,Pop,29,44.62068965517241,39.13793103448276,28.620689655172413,12.551724137931034
2000-01-24,Pop,28,41.464285714285715,39.285714285714285,27.75,12.857142857142858
2000-01-31,Pop,27,40.925925925925924,37.888888888888886,27.333333333333332,13.185185185185185
2000-02-07,Pop,26,41.23076923076923,33.11538461538461,29.384615384615383,12.23076923076923
2000-02-14,Pop,29,45.93103448275862,33.62068965517241,32.41379310344828,11.551724137931034
2000-02-21,Pop,29,44.6551724137931,42.689655172413794,29.689655172413794,12.03448275862069
2000-02-28,Pop,28,44.32142857142857,39.785714285714285,32.357142857142854,10.821428571428571
2000-03-06,Pop,28,40.285714285714285,40.785714285714285,27.321428571428573,11.678571428571429
2000-03-13,Pop,25,35.64,32.16,27.2,11.12
2000-03-20,Pop,23,33.56521739130435,31.869565217391305,25.47826086956522,11.565217391304348
2000-03-27,Pop,27,41.592592592592595,25.037037037037038,35.44444444444444,10.222222222222221
2000-04-03,Pop,28,42.785714285714285,36.82142857142857,34.25,10.821428571428571
2000-04-10,Pop,31,46.58064516129032,35.774193548387096,36.064516129032256,10.612903225806452
2000-04-17,Pop,34,47.61764705882353,36.85294117647059,37.794117647058826,9.970588235294118
2000-04-24,Pop,36,48.77777777777778,42.333333333333336,36.666666666666664,10.36111111111111
2000-05-01,Pop,34,46.35294117647059,46.411764705882355,33.64705882352941,11.323529411764707
2000-05-08,Pop,31,44.354838709677416,38.70967741935484,32.483870967741936,10.935483870967742
2000-05-15,Pop,32,47.03125,40.125,31.71875,11.78125
2000-05-22,Pop,31,43.32258064516129,43.96774193548387,30.806451612903224,11.806451612903226
2000-05-29,Pop,30,41.06666666666667,41.43333333333333,28.666666666666668,12.533333333333333
2000-06-05,Pop,28,38.214285714285715,35.714285714285715,28.392857142857142,12.714285714285714
2000-06-12,Pop,30,41.53333333333333,28.533333333333335,33.9,11.7
2000-06-19,Pop,29,38.3448275862069,34.58620689655172,30.82758620689655,11.931034482758621
2000-06-26,Pop,30,38.56666666666667,33.86666666666667,30.033333333333335,11.966666666666667
2000-07-03,Pop,30,38.6,33.06666666666667,31.966666666666665,11.9
2000-07-10,Pop,31,40.483870967741936,37.354838709677416,32.25806451612903,12.516129032258064
2000-07-17,Pop,32,42.4375,39.21875,32.25,13.125
2000-07-24,Pop,32,43.34375,42.4375,30.1875,14.125
2000-07-31,Pop,31,43.645161290322584,37.0,29.903225806451612,13.612903225806452
2000-08-07,Pop,30,43.53333333333333,37.03333333333333,29.9,13.8
2000-08-14,Pop,28,43.607142857142854,40.25,29.107142857142858,14.178571428571429
2000-08-21,Pop,29,44.793103448275865,39.10344827586207,30.0,14.0
2000-08-28,Pop,30,46.9,40.1,29.766666666666666,14.4
2000-09-04,Pop,27,43.148148148148145,38.0,33.7037037037037,12.074074074074074
2000-09-11,Pop,26,42.80769230769231,42.88461538461539,32.69230769230769,12.692307692307692
2000-09-18,Pop,24,39.5,38.541666666666664,27.0,14.416666666666666
2000-09-25,Pop,24,40.625,35.416666666666664,27.458333333333332,14.875
2000-10-02,Pop,25,44.24,39.0,28.4,15.28
2000-10-09,Pop,24,42.625,40.125,26.958333333333332,14.875
2000-10-16,Pop,24,37.75,34.458333333333336,26.791666666666668,14.458333333333334
2000-10-23,Pop,24,37.125,33.583333333333336,25.916666666666668,15.75
2000-10-30,Pop,24,36.0,31.0,27.0,14.25
2000-11-06,Pop,22,32.5,33.09090909090909,23.363636363636363,14.454545454545455
2000-11-13,Pop,22,32.68181818181818,32.5,21.636363636363637,15.454545454545455
2000-11-20,Pop,22,33.22727272727273,28.454545454545453,20.59090909090909,15.909090909090908
2000-11-27,Pop,22,35.68181818181818,29.136363636363637,24.59090909090909,14.409090909090908
2000-12-04,Pop,22,30.318181818181817,27.318181818181817,22.90909090909091,13.818181818181818
2000-12-11,Pop,22,30.09090909090909,30.318181818181817,20.272727272727273,14.818181818181818
2000-12-18,Pop,21,30.0,24.952380952380953,23.428571428571427,12.238095238095237
2000-12-25,Pop,21,30.476190476190474,27.904761904761905,24.666666666666668,12.238095238095237
2001-01-01,Pop,22,30.181818181818183,29.09090909090909,23.545454545454547,12.681818181818182
2001-01-08,Pop,23,33.30434782608695,28.869565217391305,25.608695652173914,13.130434782608695
2001-01-15,Pop,22,33.72727272727273,32.59090909090909,23.09090909090909,13.772727272727273
2001-01-22,Pop,22,35.09090909090909,31.545454545454547,24.40909090909091,13.0
2001-01-29,Pop,21,36.04761904761905,29.904761904761905,25.333333333333332,13.19047619047619
2001-02-05,Pop,21,38.23809523809524,34.333333333333336,26.904761904761905,13.142857142857142
2001-02-12,Pop,22,40.54545454545455,34.40909090909091,30.363636363636363,12.318181818181818
2001-02-19,Pop,22,43.72727272727273,38.81818181818182,32.72727272727273,12.409090909090908
2001-02-26,Pop,23,42.391304347826086,34.56521739130435,33.04347826086956,11.826086956521738
2001-03-05,Pop,22,43.27272727272727,41.13636363636363,30.59090909090909,12.454545454545455
2001-03-12,Pop,21,38.476190476190474,29.857142857142858,32.333333333333336,11.428571428571429
2001-03-19,Pop,21,36.714285714285715,38.476190476190474,28.285714285714285,12.428571428571429
2001-03-26,Pop,21,32.142857142857146,32.095238095238095,23.714285714285715,13.142857142857142
2001-04-02,Pop,23,35.04347826086956,29.347826086956523,24.52173913043478,13.0
2001-04-09,Pop,22,38.40909090909091,30.954545454545453,29.636363636363637,9.863636363636363
2001-04-16,Pop,22,36.5,38.40909090909091,25.681818181818183,10.863636363636363
2001-04-23,Pop,22,39.13636363636363,34.5,28.545454545454547,10.727272727272727
2001-04-30,Pop,21,39.95238095238095,31.80952380952381,31.238095238095237,10.047619047619047
2001-05-07,Pop,23,40.95652173913044,32.130434782608695,31.347826086956523,10.08695652173913
2001-05-14,Pop,23,38.869565217391305,36.608695652173914,30.52173913043478,10.26086956521739
2001-05-21,Pop,23,37.65217391304348,34.608695652173914,29.347826086956523,10.652173913043478
2001-05-28,Pop,24,40.5,36.083333333333336,29.833333333333332,11.208333333333334
2001-06-04,Pop,29,45.62068965517241,33.51724137931034,34.689655172413794,10.275862068965518
2001-06-11,Pop,28,42.57142857142857,44.285714285714285,29.928571428571427,10.928571428571429
2001-06-18,Pop,28,42.035714285714285,32.714285714285715,28.964285714285715,10.642857142857142
2001-06-25,Pop,28,41.82142857142857,42.035714285714285,25.107142857142858,11.642857142857142
2001-07-02,Pop,28,42.32142857142857,38.32142857142857,24.642857142857142,12.142857142857142
2001-07-09,Pop,26,38.96153846153846,36.11538461538461,24.26923076923077,11.846153846153847
2001-07-16,Pop,25,38.12,38.04,22.8,12.52
2001-07-23,Pop,27,40.333333333333336,35.2962962962963,25.296296296296298,12.592592592592593
2001-07-30,Pop,26,37.76923076923077,38.57692307692308,23.23076923076923,13.307692307692308
2001-08-06,Pop,25,37.56,37.4,22.56,13.16
2001-08-13,Pop,25,40.36,33.68,26.6,12.32
2001-08-20,Pop,27,42.666666666666664,34.074074074074076,29.925925925925927,11.666666666666666
2001-08-27,Pop,27,41.7037037037037,40.51851851851852,29.11111111111111,11.925925925925926
2001-09-03,Pop,27,40.55555555555556,38.03703703703704,26.74074074074074,12.296296296296296
2001-09-10,Pop,27,41.48148148148148,40.55555555555556,24.666666666666668,13.296296296296296
2001-09-17,Pop,26,41.15384615384615,39.26923076923077,22.46153846153846,14.038461538461538
2001-09-24,Pop,28,41.67857142857143,31.607142857142858,24.035714285714285,13.214285714285714
2001-10-01,Pop,27,42.333333333333336,39.96296296296296,22.51851851851852,13.962962962962964
2001-10-08,Pop,25,40.4,39.88,21.36,13.72
2001-10-15,Pop,27,41.148148148148145,33.77777777777778,25.59259259259259,13.0
2001-10-22,Pop,24,35.708333333333336,32.958333333333336,26.541666666666668,12.708333333333334
2001-10-29,Pop,23,35.95652173913044,35.47826086956522,24.695652173913043,13.304347826086957
2001-11-05,Pop,21,31.523809523809526,27.80952380952381,24.047619047619047,13.142857142857142
2001-11-12,Pop,23,35.34782608695652,28.782608695652176,25.652173913043477,13.0
2001-11-19,Pop,23,35.82608695652174,35.34782608695652,23.0,14.0
2001-11-26,Pop,23,35.869565217391305,35.82608695652174,20.391304347826086,15.0
2001-12-03,Pop,25,39.76,33.0,22.8,14.8
2001-12-10,Pop,25,42.16,37.88,24.56,14.72
2001-12-17,Pop,24,42.291666666666664,41.875,22.75,15.458333333333334
2001-12-24,Pop,23,41.56521739130435,35.608695652173914,19.782608695652176,16.26086956521739
2001-12-31,Pop,24,42.25,39.833333333333336,19.0,16.583333333333332
2002-01-07,Pop,23,42.0,40.91304347826087,18.434782608695652,17.434782608695652
2002-01-14,Pop,21,38.95238095238095,38.38095238095238,18.047619047619047,17.857142857142858
2002-01-21,Pop,20,35.0,31.85,17.4,18.05
2002-01-28,Pop,20,34.2,30.0,15.6,18.15
2002-02-04,Pop,19,34.1578947368421,31.105263157894736,17.31578947368421,17.157894736842106
2002-02-11,Pop,19,35.78947368421053,27.210526315789473,23.263157894736842,15.473684210526315
2002-02-18,Pop,19,37.421052631578945,31.36842105263158,27.842105263157894,12.052631578947368
2002-02-25,Pop,22,42.04545454545455,30.136363636363637,34.27272727272727,9.318181818181818
2002-03-04,Pop,21,36.666666666666664,36.42857142857143,32.095238095238095,8.857142857142858
2002-03-11,Pop,21,33.904761904761905,36.666666666666664,28.904761904761905,9.857142857142858
2002-03-18,Pop,23,36.69565217391305,30.956521739130434,29.434782608695652,10.0
2002-03-25,Pop,23,36.08695652173913,36.69565217391305,26.782608695652176,11.0
2002-04-01,Pop,22,36.86363636363637,32.36363636363637,27.545454545454547,10.681818181818182
2002-04-08,Pop,22,38.63636363636363,34.68181818181818,29.40909090909091,10.590909090909092
2002-04-15,Pop,23,40.0,32.78260869565217,29.347826086956523,10.826086956521738
2002-04-22,Pop,23,39.82608695652174,31.17391304347826,33.21739130434783,9.73913043478261
2002-04-29,Pop,26,42.65384615384615,35.23076923076923,35.61538461538461,9.615384615384615
2002-05-06,Pop,26,40.69230769230769,42.65384615384615,32.42307692307692,10.615384615384615
2002-05-13,Pop,25,38.44,38.36,28.96,11.8
2002-05-20,Pop,27,42.96296296296296,33.74074074074074,33.370370370370374,10.666666666666666
2002-05-27,Pop,29,44.13793103448276,33.3448275862069,36.275862068965516,10.137931034482758
2002-06-03,Pop,29,43.58620689655172,39.03448275862069,35.241379310344826,9.827586206896552
2002-06-10,Pop,29,44.275862068965516,43.58620689655172,34.0,10.827586206896552
2002-06-17,Pop,29,43.55172413793103,41.206896551724135,33.86206896551724,11.137931034482758
2002-06-24,Pop,29,42.241379310344826,40.37931034482759,33.206896551724135,11.448275862068966
2002-07-01,Pop,29,42.0,37.37931034482759,32.51724137931034,11.379310344827585
2002-07-08,Pop,28,41.392857142857146,41.464285714285715,30.678571428571427,12.071428571428571
2002-07-15,Pop,27,38.851851851851855,36.44444444444444,28.925925925925927,12.666666666666666
2002-07-22,Pop,29,42.44827586206897,36.172413793103445,30.586206896551722,12.793103448275861
2002-07-29,Pop,28,43.035714285714285,42.214285714285715,29.25,13.5
2002-08-05,Pop,26,39.92307692307692,39.92307692307692,27.576923076923077,14.0
2002-08-12,Pop,26,41.26923076923077,39.92307692307692,26.192307692307693,15.0
2002-08-19,Pop,28,44.642857142857146,34.82142857142857,30.142857142857142,14.357142857142858
2002-08-26,Pop,29,46.241379310344826,39.93103448275862,31.379310344827587,14.241379310344827
2002-09-02,Pop,26,43.0,38.5,34.07692307692308,13.153846153846153
2002-09-09,Pop,28,44.214285714285715,36.5,31.785714285714285,13.75
2002-09-16,Pop,29,44.172413793103445,41.13793103448276,32.275862068965516,12.724137931034482
2002-09-23,Pop,27,40.925925925925924,38.55555555555556,31.51851851851852,12.296296296296296
2002-09-30,Pop,26,38.07692307692308,36.84615384615385,27.076923076923077,12.846153846153847
2002-10-07,Pop,28,39.285714285714285,28.714285714285715,30.5,11.535714285714286
2002-10-14,Pop,28,36.035714285714285,27.928571428571427,30.75,10.714285714285714
2002-10-21,Pop,31,41.0,32.54838709677419,33.32258064516129,10.67741935483871
2002-10-28,Pop,34,45.64705882352941,36.14705882352941,37.38235294117647,9.911764705882353
2002-11-04,Pop,32,46.09375,46.0,37.125,10.0625
2002-11-11,Pop,31,45.67741935483871,39.774193548387096,35.96774193548387,10.387096774193548
2002-11-18,Pop,30,46.2,42.166666666666664,34.86666666666667,10.933333333333334
2002-11-25,Pop,30,47.8,39.56666666666667,32.7,11.633333333333333
2002-12-02,Pop,30,45.5,37.96666666666667,32.2,11.433333333333334
2002-12-09,Pop,30,44.9,40.8,32.63333333333333,10.766666666666667
2002-12-16,Pop,30,46.43333333333333,43.4,31.3,11.066666666666666
2002-12-23,Pop,30,47.03333333333333,41.766666666666666,31.266666666666666,10.733333333333333
2002-12-30,Pop,31,51.12903225806452,44.193548387096776,34.064516129032256,10.387096774193548
2003-01-06,Pop,30,50.06666666666667,46.766666666666666,34.266666666666666,11.066666666666666
2003-01-13,Pop,28,48.25,46.75,32.5,11.714285714285714
2003-01-20,Pop,27,46.81481481481482,47.851851851851855,30.59259259259259,12.407407407407407
2003-01-27,Pop,28,48.82142857142857,40.535714285714285,34.92857142857143,10.857142857142858
2003-02-03,Pop,25,44.52,43.92,32.48,11.32
2003-02-10,Pop,26,46.23076923076923,39.03846153846154,35.34615384615385,11.23076923076923
2003-02-17,Pop,28,47.92857142857143,42.92857142857143,36.392857142857146,11.642857142857142
2003-02-24,Pop,27,47.2962962962963,47.888888888888886,35.81481481481482,12.333333333333334
2003-03-03,Pop,25,43.76,40.4,34.36,12.2
2003-03-10,Pop,24,43.208333333333336,41.666666666666664,31.458333333333332,13.333333333333334
2003-03-17,Pop,25,42.92,34.08,32.64,12.4
2003-03-24,Pop,27,46.888888888888886,34.370370370370374,37.51851851851852,10.666666666666666
2003-03-31,Pop,28,47.642857142857146,38.857142857142854,38.357142857142854,10.5
2003-04-07,Pop,29,47.37931034482759,42.62068965517241,37.172413793103445,10.793103448275861
2003-04-14,Pop,29,46.44827586206897,47.37931034482759,33.793103448275865,11.793103448275861
2003-04-21,Pop,31,50.45161290322581,43.45161290322581,34.70967741935484,12.03225806451613
2003-04-28,Pop,31,49.903225806451616,41.225806451612904,37.25806451612903,10.483870967741936
2003-05-05,Pop,29,48.48275862068966,44.58620689655172,36.275862068965516,10.89655172413793
2003-05-12,Pop,29,49.0,45.03448275862069,34.96551724137931,11.448275862068966
2003-05-19,Pop,27,47.925925925925924,45.333333333333336,35.77777777777778,10.703703703703704
2003-05-26,Pop,27,50.96296296296296,42.925925925925924,38.0,10.407407407407407
2003-06-02,Pop,25,45.32,43.52,35.32,11.08
2003-06-09,Pop,23,41.95652173913044,38.78260869565217,32.04347826086956,11.08695652173913
2003-06-16,Pop,21,40.04761904761905,32.19047619047619,35.38095238095238,9.476190476190476
2003-06-23,Pop,26,42.30769230769231,32.34615384615385,33.03846153846154,8.923076923076923
2003-06-30,Pop,25,42.0,40.24,32.76,9.96
2003-07-07,Pop,25,41.84,42.0,31.04,10.96
2003-07-14,Pop,25,43.52,41.84,29.68,11.96
2003-07-21,Pop,23,43.26086956521739,36.65217391304348,27.391304347826086,11.652173913043478
2003-07-28,Pop,25,46.84,36.32,30.36,11.52
2003-08-04,Pop,25,48.12,42.96,29.4,12.24
2003-08-11,Pop,27,48.407407407407405,41.333333333333336,32.18518518518518,11.592592592592593
2003-08-18,Pop,26,49.61538461538461,38.92307692307692,38.15384615384615,10.038461538461538
2003-08-25,Pop,26,49.80769230769231,44.5,40.19230769230769,9.5
2003-09-01,Pop,23,43.47826086956522,39.95652173913044,34.56521739130435,11.0
2003-09-08,Pop,23,44.56521739130435,43.47826086956522,31.73913043478261,12.0
2003-09-15,Pop,24,46.208333333333336,39.958333333333336,33.166666666666664,11.666666666666666
2003-09-22,Pop,26,50.76923076923077,39.69230769230769,38.61538461538461,11.0
2003-09-29,Pop,24,52.458333333333336,51.125,38.833333333333336,10.75
2003-10-06,Pop,25,52.56,46.36,37.84,11.24
2003-10-13,Pop,25,52.2,42.72,41.16,10.68
2003-10-20,Pop,26,50.30769230769231,43.26923076923077,43.80769230769231,9.76923076923077
2003-10-27,Pop,28,52.214285714285715,46.714285714285715,43.82142857142857,10.071428571428571
2003-11-03,Pop,27,50.148148148148145,47.407407407407405,40.925925925925924,10.222222222222221
2003-11-10,Pop,29,52.62068965517241,42.241379310344826,44.13793103448276,9.413793103448276
2003-11-17,Pop,30,52.53333333333333,50.86666666666667,41.7,10.1
2003-11-24,Pop,31,52.03225806451613,43.064516129032256,45.774193548387096,9.03225806451613
2003-12-01,Pop,32,51.8125,47.34375,45.03125,9.40625
2003-12-08,Pop,32,50.40625,48.96875,41.6875,10.15625
2003-12-15,Pop,31,51.225806451612904,46.70967741935484,40.74193548387097,10.67741935483871
2003-12-22,Pop,30,49.1,46.733333333333334,36.86666666666667,11.166666666666666
2003-12-29,Pop,30,48.0,45.8,35.6,11.5
2004-01-05,Pop,29,45.93103448275862,46.206896551724135,32.689655172413794,12.724137931034482
2004-01-12,Pop,27,42.666666666666664,42.18518518518518,30.85185185185185,13.185185185185185
2004-01-19,Pop,25,41.76,40.28,29.88,13.84
2004-01-26,Pop,26,45.03846153846154,36.34615384615385,30.346153846153847,13.73076923076923
2004-02-02,Pop,26,47.65384615384615,41.30769230769231,32.07692307692308,14.076923076923077
2004-02-09,Pop,27,49.666666666666664,42.7037037037037,32.77777777777778,14.25925925925926
2004-02-16,Pop,25,48.36,44.08,33.12,14.68
2004-02-23,Pop,26,50.69230769230769,44.65384615384615,35.30769230769231,14.346153846153847
2004-03-01,Pop,26,51.23076923076923,41.57692307692308,37.5,13.538461538461538
2004-03-08,Pop,23,45.17391304347826,45.34782608695652,30.695652173913043,15.347826086956522
2004-03-15,Pop,19,38.421052631578945,38.421052631578945,27.210526315789473,16.31578947368421
2004-03-22,Pop,21,43.476190476190474,32.57142857142857,33.38095238095238,14.095238095238095
2004-03-29,Pop,24,46.25,32.625,39.625,9.416666666666666
2004-04-05,Pop,23,44.130434782608695,43.95652173913044,36.69565217391305,9.956521739130435
2004-04-12,Pop,22,43.40909090909091,43.13636363636363,34.04545454545455,10.5
2004-04-19,Pop,22,44.45454545454545,43.40909090909091,32.90909090909091,11.5
2004-04-26,Pop,20,41.7,41.85,30.75,12.25
2004-05-03,Pop,21,46.523809523809526,39.714285714285715,32.666666666666664,12.666666666666666
2004-05-10,Pop,21,47.904761904761905,39.57142857142857,35.61904761904762,11.857142857142858
2004-05-17,Pop,21,49.142857142857146,45.04761904761905,36.285714285714285,11.904761904761905
2004-05-24,Pop,21,48.76190476190476,39.857142857142854,41.0,11.904761904761905
2004-05-31,Pop,21,49.285714285714285,46.38095238095238,41.666666666666664,11.80952380952381
2004-06-07,Pop,21,50.857142857142854,40.142857142857146,40.76190476190476,12.238095238095237
2004-06-14,Pop,22,53.68181818181818,46.0,43.77272727272727,11.772727272727273
2004-06-21,Pop,22,53.90909090909091,49.31818181818182,42.36363636363637,12.681818181818182
2004-06-28,Pop,21,55.857142857142854,47.04761904761905,46.76190476190476,9.952380952380953
2004-07-05,Pop,20,49.5,49.6,39.55,10.95
2004-07-12,Pop,20,45.35,45.3,33.95,10.95
2004-07-19,Pop,20,47.0,40.9,34.8,11.15
2004-07-26,Pop,21,49.666666666666664,35.38095238095238,36.142857142857146,10.666666666666666
2004-08-02,Pop,21,51.95238095238095,47.476190476190474,35.142857142857146,10.80952380952381
2004-08-09,Pop,20,48.1,44.75,31.7,10.9
2004-08-16,Pop,17,41.588235294117645,42.411764705882355,30.294117647058822,11.529411764705882
2004-08-23,Pop,19,48.473684210526315,34.73684210526316,38.1578947368421,10.157894736842104
2004-08-30,Pop,18,47.111111111111114,40.22222222222222,35.111111111111114,11.055555555555555
2004-09-06,Pop,19,45.1578947368421,40.05263157894737,32.8421052631579,11.263157894736842
2004-09-13,Pop,19,43.10526315789474,40.0,34.1578947368421,11.736842105263158
2004-09-20,Pop,19,36.73684210526316,33.21052631578947,31.526315789473685,11.578947368421053
2004-09-27,Pop,19,34.578947368421055,32.21052631578947,30.05263157894737,11.526315789473685
2004-10-04,Pop,19,34.21052631578947,34.578947368421055,28.736842105263158,12.526315789473685
2004-10-11,Pop,20,39.0,30.05,34.65,11.5
2004-10-18,Pop,21,40.19047619047619,37.142857142857146,35.333333333333336,11.952380952380953
2004-10-25,Pop,22,40.31818181818182,38.36363636363637,35.13636363636363,12.409090909090908
2004-11-01,Pop,24,43.083333333333336,36.958333333333336,36.75,12.375
2004-11-08,Pop,24,41.041666666666664,39.083333333333336,33.875,12.583333333333334
2004-11-15,Pop,23,40.21739130434783,39.130434782608695,30.956521739130434,13.826086956521738
2004-11-22,Pop,23,40.08695652173913,30.47826086956522,31.347826086956523,13.130434782608695
2004-11-29,Pop,23,40.26086956521739,40.08695652173913,29.652173913043477,14.130434782608695
2004-12-06,Pop,23,41.91304347826087,31.82608695652174,32.56521739130435,11.304347826086957
2004-12-13,Pop,23,42.69565217391305,37.78260869565217,32.26086956521739,11.434782608695652
2004-12-20,Pop,24,42.75,40.916666666666664,31.583333333333332,11.958333333333334
2004-12-27,Pop,23,40.08695652173913,42.52173913043478,29.130434782608695,12.26086956521739
2005-01-03,Pop,24,40.166666666666664,38.416666666666664,29.291666666666668,12.75
2005-01-10,Pop,25,42.32,38.56,31.56,13.24
2005-01-17,Pop,25,41.2,36.6,30.04,13.2
2005-01-24,Pop,26,41.26923076923077,36.73076923076923,31.076923076923077,12.961538461538462
2005-01-31,Pop,24,36.625,38.458333333333336,27.666666666666668,13.083333333333334
2005-02-07,Pop,29,44.241379310344826,24.06896551724138,36.793103448275865,11.03448275862069
2005-02-14,Pop,30,42.93333333333333,39.6,35.56666666666667,11.066666666666666
2005-02-21,Pop,32,45.28125,40.25,35.25,11.9375
2005-02-28,Pop,32,43.65625,41.0625,32.5625,12.125
2005-03-07,Pop,29,43.41379310344828,40.48275862068966,33.62068965517241,12.724137931034482
2005-03-14,Pop,25,38.12,32.6,26.56,13.24
2005-03-21,Pop,25,37.92,34.8,25.48,14.08
2005-03-28,Pop,28,43.892857142857146,33.857142857142854,29.678571428571427,13.714285714285714
2005-04-04,Pop,27,40.0,42.03703703703704,26.25925925925926,14.592592592592593
2005-04-11,Pop,29,45.310344827586206,33.93103448275862,32.37931034482759,13.10344827586207
2005-04-18,Pop,28,44.17857142857143,39.5,29.535714285714285,13.75
2005-04-25,Pop,29,44.55172413793103,37.6551724137931,32.241379310344826,12.89655172413793
2005-05-02,Pop,27,44.0,37.888888888888886,33.370370370370374,11.814814814814815
2005-05-09,Pop,27,41.0,40.44444444444444,29.296296296296298,12.444444444444445
2005-05-16,Pop,27,39.074074074074076,37.592592592592595,29.444444444444443,12.814814814814815
2005-05-23,Pop,28,41.25,35.17857142857143,31.607142857142858,12.642857142857142
2005-05-30,Pop,28,41.107142857142854,41.25,28.642857142857142,13.642857142857142
2005-06-06,Pop,28,42.035714285714285,39.25,28.714285714285715,13.928571428571429
2005-06-13,Pop,27,41.0,39.44444444444444,27.77777777777778,13.62962962962963
2005-06-20,Pop,27,39.2962962962963,41.0,24.11111111111111,14.62962962962963
2005-06-27,Pop,24,35.083333333333336,36.125,23.375,14.666666666666666
2005-07-04,Pop,24,31.75,31.125,20.166666666666668,14.833333333333334
2005-07-11,Pop,27,38.333333333333336,26.37037037037037,28.555555555555557,12.481481481481481
2005-07-18,Pop,28,37.285714285714285,36.964285714285715,26.857142857142858,13.035714285714286
2005-07-25,Pop,26,34.69230769230769,29.307692307692307,26.307692307692307,13.0
2005-08-01,Pop,27,36.629629629629626,30.074074074074073,27.962962962962962,12.851851851851851
2005-08-08,Pop,28,38.285714285714285,29.142857142857142,26.035714285714285,13.785714285714286
2005-08-15,Pop,29,38.0,33.689655172413794,26.517241379310345,13.689655172413794
2005-08-22,Pop,28,36.357142857142854,33.285714285714285,25.785714285714285,14.785714285714286
2005-08-29,Pop,27,37.51851851851852,28.48148148148148,26.925925925925927,14.62962962962963
2005-09-05,Pop,26,35.19230769230769,32.88461538461539,26.115384615384617,14.807692307692308
2005-09-12,Pop,27,39.111111111111114,32.25925925925926,27.962962962962962,14.518518518518519
2005-09-19,Pop,28,43.142857142857146,32.392857142857146,30.428571428571427,13.785714285714286
2005-09-26,Pop,27,39.925925925925924,38.22222222222222,27.14814814814815,14.74074074074074
2005-10-03,Pop,27,37.18518518518518,32.666666666666664,25.0,15.0
2005-10-10,Pop,24,32.833333333333336,30.166666666666668,22.958333333333332,15.166666666666666
2005-10-17,Pop,30,44.13333333333333,26.266666666666666,34.333333333333336,13.233333333333333
2005-10-24,Pop,30,43.5,40.86666666666667,31.133333333333333,14.2
2005-10-31,Pop,31,43.74193548387097,33.516129032258064,32.83870967741935,12.129032258064516
2005-11-07,Pop,30,44.233333333333334,38.7,31.566666666666666,12.666666666666666
2005-11-14,Pop,29,42.03448275862069,38.96551724137931,26.79310344827586,13.827586206896552
2005-11-21,Pop,31,42.58064516129032,39.32258064516129,27.322580645161292,13.96774193548387
2005-11-28,Pop,28,39.5,37.92857142857143,24.892857142857142,14.464285714285714
2005-12-05,Pop,28,40.92857142857143,37.92857142857143,25.285714285714285,14.357142857142858
2005-12-12,Pop,25,40.2,39.56,24.68,13.84
2005-12-19,Pop,25,39.48,36.28,24.12,14.52
2005-12-26,Pop,25,44.24,37.48,26.0,14.72
2006-01-02,Pop,24,40.875,42.041666666666664,22.958333333333332,16.083333333333332
2006-01-09,Pop,25,38.28,39.24,22.8,16.68
2006-01-16,Pop,26,43.84615384615385,28.153846153846153,30.5,15.73076923076923
2006-01-23,Pop,25,41.44,40.36,28.52,15.84
2006-01-30,Pop,25,39.6,37.84,25.4,16.36
2006-02-06,Pop,28,46.57142857142857,29.428571428571427,33.642857142857146,11.928571428571429
2006-02-13,Pop,28,47.464285714285715,43.892857142857146,32.607142857142854,12.821428571428571
2006-02-20,Pop,28,46.42857142857143,36.285714285714285,30.357142857142858,12.928571428571429
2006-02-27,Pop,28,45.42857142857143,41.392857142857146,31.678571428571427,13.0
2006-03-06,Pop,27,40.407407407407405,40.48148148148148,28.11111111111111,13.592592592592593
2006-03-13,Pop,27,40.22222222222222,38.666666666666664,26.62962962962963,13.814814814814815
2006-03-20,Pop,25,36.72,34.52,26.92,13.32
2006-03-27,Pop,25,39.12,34.8,27.88,13.2
2006-04-03,Pop,24,35.833333333333336,36.583333333333336,24.083333333333332,14.416666666666666
2006-04-10,Pop,23,34.17391304347826,33.608695652173914,21.0,15.869565217391305
2006-04-17,Pop,22,33.90909090909091,29.5,22.545454545454547,16.136363636363637
2006-04-24,Pop,25,41.32,23.96,34.36,12.0
2006-05-01,Pop,24,40.833333333333336,35.208333333333336,31.166666666666668,13.375
2006-05-08,Pop,23,39.30434782608695,34.34782608695652,31.217391304347824,12.130434782608695
2006-05-15,Pop,23,38.869565217391305,29.347826086956523,31.0,10.956521739130435
2006-05-22,Pop,24,39.833333333333336,37.25,29.125,11.5
2006-05-29,Pop,23,34.73913043478261,33.56521739130435,23.304347826086957,12.695652173913043
2006-06-05,Pop,26,40.92307692307692,28.346153846153847,27.923076923076923,11.461538461538462
2006-06-12,Pop,25,41.72,36.84,26.84,12.28
2006-06-19,Pop,25,42.8,31.56,30.6,11.76
2006-06-26,Pop,26,40.0,33.73076923076923,26.807692307692307,12.23076923076923
2006-07-03,Pop,28,41.32142857142857,37.142857142857146,27.357142857142858,12.357142857142858
2006-07-10,Pop,29,39.62068965517241,31.93103448275862,28.82758620689655,11.241379310344827
2006-07-17,Pop,28,37.535714285714285,34.5,24.964285714285715,12.285714285714286
2006-07-24,Pop,29,38.86206896551724,33.51724137931034,25.17241379310345,12.793103448275861
2006-07-31,Pop,30,42.1,27.9,28.966666666666665,11.466666666666667
2006-08-07,Pop,29,40.827586206896555,33.37931034482759,28.620689655172413,11.344827586206897
2006-08-14,Pop,28,42.035714285714285,35.5,25.892857142857142,12.785714285714286
2006-08-21,Pop,27,41.48148148148148,31.296296296296298,28.185185185185187,12.407407407407407
2006-08-28,Pop,27,39.925925925925924,38.666666666666664,25.85185185185185,13.25925925925926
2006-09-04,Pop,28,41.785714285714285,33.285714285714285,29.392857142857142,12.285714285714286
2006-09-11,Pop,25,37.44,36.24,23.84,13.8
2006-09-18,Pop,28,44.142857142857146,30.178571428571427,27.964285714285715,13.25
2006-09-25,Pop,28,44.107142857142854,34.607142857142854,31.357142857142858,11.428571428571429
2006-10-02,Pop,28,43.214285714285715,39.464285714285715,33.892857142857146,10.857142857142858
2006-10-09,Pop,30,51.13333333333333,37.0,37.43333333333333,11.066666666666666
2006-10-16,Pop,31,51.54838709677419,43.58064516129032,37.12903225806452,11.0
2006-10-23,Pop,30,46.6,46.7,34.166666666666664,11.733333333333333
2006-10-30,Pop,31,48.483870967741936,39.064516129032256,38.29032258064516,10.290322580645162
2006-11-06,Pop,35,52.885714285714286,36.628571428571426,44.8,7.8
2006-11-13,Pop,29,46.44827586206897,41.275862068965516,34.827586206896555,9.241379310344827
2006-11-20,Pop,30,49.666666666666664,35.43333333333333,38.666666666666664,8.9
2006-11-27,Pop,27,42.333333333333336,44.22222222222222,30.51851851851852,10.296296296296296
2006-12-04,Pop,28,43.392857142857146,37.285714285714285,30.107142857142858,10.785714285714286
2006-12-11,Pop,33,47.81818181818182,36.81818181818182,34.63636363636363,10.151515151515152
2006-12-18,Pop,30,43.93333333333333,36.333333333333336,35.36666666666667,9.133333333333333
2006-12-25,Pop,29,42.96551724137931,40.758620689655174,34.206896551724135,9.655172413793103
2007-01-01,Pop,31,46.54838709677419,40.193548387096776,35.25806451612903,10.258064516129032
2007-01-08,Pop,31,45.32258064516129,31.129032258064516,35.70967741935484,10.419354838709678
2007-01-15,Pop,31,44.806451612903224,35.483870967741936,36.87096774193548,10.64516129032258
2007-01-22,Pop,33,46.15151515151515,39.09090909090909,36.60606060606061,10.969696969696969
2007-01-29,Pop,34,45.794117647058826,42.0,34.26470588235294,11.352941176470589
2007-02-05,Pop,32,43.59375,37.125,31.25,11.9375
2007-02-12,Pop,34,44.294117647058826,33.26470588235294,32.0,11.176470588235293
2007-02-19,Pop,35,46.05714285714286,39.17142857142857,33.34285714285714,11.742857142857142
2007-02-26,Pop,36,47.80555555555556,36.30555555555556,33.666666666666664,11.25
2007-03-05,Pop,33,45.0,44.57575757575758,28.03030303030303,13.030303030303031
2007-03-12,Pop,32,40.09375,33.09375,27.53125,13.03125
2007-03-19,Pop,31,41.516129032258064,33.225806451612904,27.806451612903224,13.290322580645162
2007-03-26,Pop,30,39.4,35.0,28.866666666666667,12.566666666666666
2007-04-02,Pop,33,43.45454545454545,31.606060606060606,30.424242424242426,11.424242424242424
2007-04-09,Pop,30,43.03333333333333,35.56666666666667,29.866666666666667,11.8
2007-04-16,Pop,28,39.25,33.107142857142854,25.214285714285715,13.571428571428571
2007-04-23,Pop,29,41.96551724137931,32.0,28.79310344827586,13.586206896551724
2007-04-30,Pop,27,39.18518518518518,35.25925925925926,26.814814814814813,12.592592592592593
2007-05-07,Pop,28,43.42857142857143,31.642857142857142,27.464285714285715,11.678571428571429
2007-05-14,Pop,29,44.6551724137931,35.41379310344828,26.24137931034483,11.758620689655173
2007-05-21,Pop,27,44.666666666666664,32.81481481481482,26.74074074074074,12.296296296296296
2007-05-28,Pop,26,43.42307692307692,33.73076923076923,26.884615384615383,12.653846153846153
2007-06-04,Pop,24,34.791666666666664,29.666666666666668,21.208333333333332,11.833333333333334
2007-06-11,Pop,24,36.166666666666664,28.833333333333332,26.875,11.125
2007-06-18,Pop,26,42.19230769230769,31.76923076923077,28.923076923076923,10.26923076923077
2007-06-25,Pop,26,43.76923076923077,40.42307692307692,29.692307692307693,10.153846153846153
2007-07-02,Pop,26,45.0,36.38461538461539,31.46153846153846,10.961538461538462
2007-07-09,Pop,26,45.69230769230769,36.80769230769231,34.38461538461539,10.807692307692308
2007-07-16,Pop,28,46.392857142857146,42.42857142857143,34.75,11.035714285714286
2007-07-23,Pop,29,47.10344827586207,44.793103448275865,33.827586206896555,11.655172413793103
2007-07-30,Pop,26,41.53846153846154,37.84615384615385,30.423076923076923,12.307692307692308
2007-08-06,Pop,24,39.416666666666664,34.375,26.958333333333332,13.875
2007-08-13,Pop,26,45.5,34.5,33.73076923076923,12.923076923076923
2007-08-20,Pop,29,49.6551724137931,37.3448275862069,37.3448275862069,12.551724137931034
2007-08-27,Pop,25,43.16,46.8,32.28,12.52
2007-09-03,Pop,25,41.6,39.4,30.24,13.04
2007-09-10,Pop,27,47.03703703703704,36.77777777777778,34.81481481481482,12.88888888888889
2007-09-17,Pop,29,48.96551724137931,43.793103448275865,33.689655172413794,13.03448275862069
2007-09-24,Pop,28,46.07142857142857,36.964285714285715,31.357142857142858,13.214285714285714
2007-10-01,Pop,27,43.888888888888886,39.370370370370374,28.59259259259259,12.518518518518519
2007-10-08,Pop,26,39.84615384615385,35.61538461538461,24.807692307692307,12.384615384615385
2007-10-15,Pop,26,43.11538461538461,38.11538461538461,26.03846153846154,12.384615384615385
2007-10-22,Pop,26,44.53846153846154,35.73076923076923,27.5,12.923076923076923
2007-10-29,Pop,25,44.36,39.52,26.36,13.0
2007-11-05,Pop,25,44.16,37.36,26.6,13.68
2007-11-12,Pop,25,43.12,36.28,26.6,13.96
2007-11-19,Pop,24,45.25,39.875,27.0,13.666666666666666
2007-11-26,Pop,25,50.16,39.72,31.8,11.64
2007-12-03,Pop,24,49.5,37.916666666666664,35.041666666666664,11.916666666666666
2007-12-10,Pop,22,47.77272727272727,39.31818181818182,35.36363636363637,11.727272727272727
2007-12-17,Pop,24,50.375,43.791666666666664,36.416666666666664,11.75
2007-12-24,Pop,26,50.03846153846154,43.11538461538461,34.26923076923077,12.115384615384615
2007-12-31,Pop,26,46.30769230769231,43.46153846153846,30.46153846153846,12.26923076923077
2008-01-07,Pop,29,44.241379310344826,41.51724137931034,32.89655172413793,12.137931034482758
2008-01-14,Pop,27,40.96296296296296,38.81481481481482,27.85185185185185,13.148148148148149
2008-01-21,Pop,25,40.08,39.04,27.4,13.72
2008-01-28,Pop,25,41.28,36.2,28.08,14.44
2008-02-04,Pop,28,44.392857142857146,30.928571428571427,35.07142857142857,13.071428571428571
2008-02-11,Pop,26,43.46153846153846,40.88461538461539,33.65384615384615,12.961538461538462
2008-02-18,Pop,27,45.7037037037037,38.592592592592595,35.333333333333336,13.407407407407407
2008-02-25,Pop,27,45.2962962962963,33.111111111111114,36.25925925925926,12.25925925925926
2008-03-03,Pop,27,46.22222222222222,39.03703703703704,34.51851851851852,13.185185185185185
2008-03-10,Pop,24,43.291666666666664,35.958333333333336,29.916666666666668,13.625
2008-03-17,Pop,24,44.166666666666664,41.541666666666664,30.666666666666668,13.916666666666666
2008-03-24,Pop,24,41.833333333333336,36.958333333333336,30.625,13.833333333333334
2008-03-31,Pop,26,46.26923076923077,34.61538461538461,36.96153846153846,11.5
2008-04-07,Pop,25,41.6,40.52,30.8,12.4
2008-04-14,Pop,24,39.833333333333336,33.666666666666664,33.458333333333336,11.916666666666666
2008-04-21,Pop,26,40.76923076923077,33.03846153846154,32.38461538461539,11.961538461538462
2008-04-28,Pop,29,42.689655172413794,34.41379310344828,34.51724137931034,11.689655172413794
2008-05-05,Pop,29,37.58620689655172,34.96551724137931,31.20689655172414,12.0
2008-05-12,Pop,29,37.724137931034484,33.93103448275862,31.17241379310345,11.241379310344827
2008-05-19,Pop,29,35.827586206896555,35.758620689655174,27.344827586206897,12.206896551724139
2008-05-26,Pop,31,38.58064516129032,31.741935483870968,29.0,12.35483870967742
2008-06-02,Pop,27,36.851851851851855,29.703703703703702,23.62962962962963,12.37037037037037
2008-06-09,Pop,29,38.48275862068966,34.310344827586206,27.586206896551722,12.517241379310345
2008-06-16,Pop,29,37.89655172413793,30.448275862068964,28.344827586206897,12.448275862068966
2008-06-23,Pop,27,37.2962962962963,33.407407407407405,26.444444444444443,12.592592592592593
2008-06-30,Pop,28,40.857142857142854,28.928571428571427,28.5,10.642857142857142
2008-07-07,Pop,28,38.75,31.535714285714285,25.642857142857142,10.928571428571429
2008-07-14,Pop,29,39.51724137931034,31.93103448275862,29.724137931034484,10.724137931034482
2008-07-21,Pop,28,37.214285714285715,34.785714285714285,28.142857142857142,11.642857142857142
2008-07-28,Pop,30,43.06666666666667,33.06666666666667,31.966666666666665,11.4
2008-08-04,Pop,33,42.03030303030303,36.39393939393939,33.18181818181818,11.272727272727273
2008-08-11,Pop,37,45.24324324324324,37.486486486486484,32.891891891891895,11.243243243243244
2008-08-18,Pop,35,45.17142857142857,38.857142857142854,30.457142857142856,11.571428571428571
2008-08-25,Pop,33,45.60606060606061,35.78787878787879,34.09090909090909,10.121212121212121
2008-09-01,Pop,34,44.44117647058823,36.029411764705884,28.294117647058822,10.911764705882353
2008-09-08,Pop,36,47.5,41.97222222222222,29.13888888888889,11.305555555555555
2008-09-15,Pop,36,45.111111111111114,44.97222222222222,25.916666666666668,12.083333333333334
2008-09-22,Pop,36,47.19444444444444,39.72222222222222,26.88888888888889,12.166666666666666
2008-09-29,Pop,33,45.303030303030305,40.21212121212121,28.09090909090909,13.121212121212121
2008-10-06,Pop,31,41.41935483870968,36.70967741935484,27.580645161290324,13.580645161290322
2008-10-13,Pop,32,41.59375,32.09375,25.0,13.75
2008-10-20,Pop,30,38.93333333333333,37.9,22.933333333333334,13.833333333333334
2008-10-27,Pop,27,36.7037037037037,31.555555555555557,28.074074074074073,12.666666666666666
2008-11-03,Pop,28,34.57142857142857,32.142857142857146,23.107142857142858,13.25
2008-11-10,Pop,26,33.73076923076923,32.15384615384615,19.73076923076923,14.076923076923077
2008-11-17,Pop,27,38.148148148148145,29.11111111111111,22.40740740740741,14.37037037037037
2008-11-24,Pop,25,33.2,32.32,18.64,14.6
2008-12-01,Pop,22,30.40909090909091,30.454545454545453,14.181818181818182,15.681818181818182
2008-12-08,Pop,25,33.88,26.76,19.88,14.8
2008-12-15,Pop,29,39.86206896551724,26.06896551724138,25.620689655172413,13.379310344827585
2008-12-22,Pop,26,36.0,33.34615384615385,20.807692307692307,14.538461538461538
2008-12-29,Pop,26,36.11538461538461,27.423076923076923,23.03846153846154,14.038461538461538
2009-01-05,Pop,31,40.354838709677416,24.93548387096774,29.70967741935484,13.064516129032258
2009-01-12,Pop,30,38.43333333333333,35.266666666666666,26.166666666666668,14.366666666666667
2009-01-19,Pop,26,35.76923076923077,32.76923076923077,20.76923076923077,15.115384615384615
2009-01-26,Pop,28,38.75,27.892857142857142,25.928571428571427,13.607142857142858
2009-02-02,Pop,27,34.666666666666664,32.18518518518518,23.296296296296298,13.925925925925926
2009-02-09,Pop,27,36.0,28.77777777777778,22.074074074074073,14.222222222222221
2009-02-16,Pop,29,39.206896551724135,27.103448275862068,26.862068965517242,13.620689655172415
2009-02-23,Pop,27,36.96296296296296,34.0,22.48148148148148,14.407407407407407
2009-03-02,Pop,30,44.86666666666667,30.1,27.333333333333332,13.8
2009-03-09,Pop,27,38.51851851851852,35.96296296296296,23.14814814814815,14.481481481481481
2009-03-16,Pop,27,43.148148148148145,28.88888888888889,32.888888888888886,13.37037037037037
2009-03-23,Pop,25,41.04,37.76,29.8,14.24
2009-03-30,Pop,24,41.291666666666664,35.791666666666664,26.416666666666668,15.666666666666666
2009-04-06,Pop,24,41.625,39.25,28.625,15.541666666666666
2009-04-13,Pop,25,42.4,39.96,28.8,15.92
2009-04-20,Pop,24,44.541666666666664,41.541666666666664,26.708333333333332,17.541666666666668
2009-04-27,Pop,25,51.36,33.64,34.48,16.0
2009-05-04,Pop,27,55.48148148148148,42.03703703703704,38.111111111111114,14.851851851851851
2009-05-11,Pop,24,52.0,51.041666666666664,37.375,13.666666666666666
2009-05-18,Pop,23,44.26086956521739,39.34782608695652,33.130434782608695,12.91304347826087
2009-05-25,Pop,27,45.888888888888886,34.111111111111114,35.666666666666664,11.666666666666666
2009-06-01,Pop,29,39.93103448275862,21.20689655172414,29.75862068965517,9.96551724137931
2009-06-08,Pop,27,42.7037037037037,32.44444444444444,25.51851851851852,10.62962962962963
2009-06-15,Pop,27,48.2962962962963,32.925925925925924,27.77777777777778,11.0
2009-06-22,Pop,23,41.95652173913044,37.43478260869565,28.956521739130434,13.391304347826088
2009-06-29,Pop,22,41.45454545454545,36.86363636363637,26.863636363636363,14.5
2009-07-06,Pop,22,39.59090909090909,33.45454545454545,27.318181818181817,14.590909090909092
2009-07-13,Pop,23,40.30434782608695,29.652173913043477,29.434782608695652,13.869565217391305
2009-07-20,Pop,24,42.791666666666664,34.958333333333336,30.791666666666668,14.0
2009-07-27,Pop,24,43.291666666666664,36.833333333333336,32.583333333333336,12.916666666666666
2009-08-03,Pop,25,43.44,34.68,32.96,13.32
2009-08-10,Pop,26,47.80769230769231,38.34615384615385,34.42307692307692,13.807692307692308
2009-08-17,Pop,28,51.392857142857146,41.0,35.0,13.821428571428571
2009-08-24,Pop,29,52.758620689655174,42.689655172413794,36.172413793103445,12.89655172413793
2009-08-31,Pop,29,50.55172413793103,46.10344827586207,35.89655172413793,12.689655172413794
2009-09-07,Pop,27,48.407407407407405,43.48148148148148,37.44444444444444,12.37037037037037
2009-09-14,Pop,28,47.57142857142857,37.464285714285715,38.857142857142854,12.357142857142858
2009-09-21,Pop,27,44.851851851851855,40.111111111111114,30.296296296296298,13.814814814814815
2009-09-28,Pop,25,44.4,38.08,30.12,14.76
2009-10-05,Pop,26,48.65384615384615,34.11538461538461,35.23076923076923,12.76923076923077
2009-10-12,Pop,24,43.791666666666664,35.375,32.75,9.708333333333334
2009-10-19,Pop,26,42.03846153846154,27.76923076923077,30.26923076923077,8.076923076923077
2009-10-26,Pop,25,43.6,33.12,34.44,7.12
2009-11-02,Pop,23,44.17391304347826,29.652173913043477,34.52173913043478,7.478260869565218
2009-11-09,Pop,22,37.36363636363637,36.0,27.045454545454547,8.5
2009-11-16,Pop,26,38.80769230769231,31.615384615384617,28.76923076923077,8.192307692307692
2009-11-23,Pop,26,36.84615384615385,31.653846153846153,29.23076923076923,8.73076923076923
2009-11-30,Pop,30,42.7,20.9,37.03333333333333,8.233333333333333
2009-12-07,Pop,30,40.333333333333336,22.333333333333332,31.233333333333334,9.133333333333333
2009-12-14,Pop,30,44.46666666666667,27.0,34.5,9.233333333333333
2009-12-21,Pop,32,46.1875,31.09375,36.15625,8.96875
2009-12-28,Pop,28,42.642857142857146,40.0,30.25,11.035714285714286
2010-01-04,Pop,31,41.58064516129032,38.516129032258064,31.70967741935484,11.516129032258064
2010-01-11,Pop,29,38.310344827586206,37.89655172413793,28.06896551724138,12.89655172413793
2010-01-18,Pop,32,39.375,32.125,29.15625,12.28125
2010-01-25,Pop,31,37.516129032258064,33.38709677419355,27.322580645161292,12.35483870967742
2010-02-01,Pop,30,36.9,34.36666666666667,21.5,12.933333333333334
2010-02-08,Pop,30,38.166666666666664,33.56666666666667,22.8,13.466666666666667
2010-02-15,Pop,29,33.48275862068966,28.20689655172414,22.24137931034483,13.172413793103448
2010-02-22,Pop,31,36.064516129032256,26.870967741935484,22.70967741935484,12.451612903225806
2010-03-01,Pop,32,38.9375,29.375,26.53125,12.875
2010-03-08,Pop,29,34.6551724137931,33.241379310344826,24.06896551724138,13.482758620689655
2010-03-15,Pop,29,32.241379310344826,28.586206896551722,23.82758620689655,12.379310344827585
2010-03-22,Pop,29,34.758620689655174,32.241379310344826,22.103448275862068,13.379310344827585
2010-03-29,Pop,32,39.65625,28.5625,25.75,13.21875
2010-04-05,Pop,29,37.310344827586206,30.413793103448278,27.482758620689655,13.620689655172415
2010-04-12,Pop,29,34.96551724137931,31.03448275862069,26.620689655172413,14.206896551724139
2010-04-19,Pop,29,35.51724137931034,30.551724137931036,27.75862068965517,13.758620689655173
2010-04-26,Pop,32,35.21875,28.03125,26.59375,12.375
2010-05-03,Pop,34,41.94117647058823,25.970588235294116,31.647058823529413,12.382352941176471
2010-05-10,Pop,34,42.029411764705884,28.61764705882353,31.205882352941178,12.029411764705882
2010-05-17,Pop,33,42.696969696969695,30.060606060606062,29.575757575757574,13.181818181818182
2010-05-24,Pop,36,44.111111111111114,25.22222222222222,31.72222222222222,12.5
2010-05-31,Pop,37,44.432432432432435,28.756756756756758,29.216216216216218,12.45945945945946
2010-06-07,Pop,35,42.51428571428571,34.885714285714286,25.142857142857142,12.914285714285715
2010-06-14,Pop,34,42.61764705882353,23.41176470588235,29.852941176470587,13.029411764705882
2010-06-21,Pop,38,41.13157894736842,20.789473684210527,27.42105263157895,11.894736842105264
2010-06-28,Pop,29,32.37931034482759,30.137931034482758,18.137931034482758,16.24137931034483
2010-07-05,Pop,31,37.87096774193548,24.548387096774192,24.516129032258064,14.0
2010-07-12,Pop,31,39.645161290322584,33.96774193548387,25.806451612903224,13.741935483870968
2010-07-19,Pop,32,40.65625,38.40625,26.4375,14.3125
2010-07-26,Pop,30,41.333333333333336,35.766666666666666,30.366666666666667,13.266666666666667
2010-08-02,Pop,32,42.0625,33.0,28.8125,13.625
2010-08-09,Pop,31,40.806451612903224,38.54838709677419,29.0,14.612903225806452
2010-08-16,Pop,33,42.484848484848484,32.333333333333336,31.575757575757574,12.212121212121213
2010-08-23,Pop,37,48.54054054054054,34.648648648648646,38.4054054054054,11.35135135135135
2010-08-30,Pop,35,47.285714285714285,44.371428571428574,33.08571428571429,12.914285714285715
2010-09-06,Pop,35,47.857142857142854,42.6,35.457142857142856,13.0
2010-09-13,Pop,33,43.303030303030305,45.72727272727273,29.303030303030305,14.636363636363637
2010-09-20,Pop,34,43.35294117647059,31.11764705882353,33.05882352941177,13.058823529411764
2010-09-27,Pop,32,43.125,37.09375,26.5625,14.15625
2010-10-04,Pop,36,38.75,26.555555555555557,30.444444444444443,11.527777777777779
2010-10-11,Pop,35,38.6,25.02857142857143,27.542857142857144,11.085714285714285
2010-10-18,Pop,37,43.4054054054054,23.43243243243243,35.648648648648646,10.162162162162161
2010-10-25,Pop,34,41.94117647058823,28.11764705882353,34.529411764705884,9.088235294117647
2010-11-01,Pop,32,40.65625,30.875,32.6875,10.8125
2010-11-08,Pop,32,39.34375,30.75,27.0625,10.65625
2010-11-15,Pop,33,37.90909090909091,32.72727272727273,24.575757575757574,11.333333333333334
2010-11-22,Pop,36,39.861111111111114,26.416666666666668,28.25,9.88888888888889
2010-11-29,Pop,35,40.77142857142857,32.857142857142854,30.34285714285714,9.457142857142857
2010-12-06,Pop,34,39.23529411764706,25.294117647058822,25.970588235294116,9.617647058823529
2010-12-13,Pop,37,45.7027027027027,26.864864864864863,30.37837837837838,9.297297297297296
2010-12-20,Pop,31,43.903225806451616,36.16129032258065,28.838709677419356,11.419354838709678
2010-12-27,Pop,28,40.607142857142854,27.928571428571427,27.321428571428573,12.571428571428571
2011-01-03,Pop,29,37.13793103448276,22.93103448275862,26.448275862068964,12.448275862068966
2011-01-10,Pop,29,36.172413793103445,34.206896551724135,25.448275862068964,13.413793103448276
2011-01-17,Pop,26,30.26923076923077,25.576923076923077,22.923076923076923,13.846153846153847
2011-01-24,Pop,30,33.13333333333333,26.233333333333334,23.233333333333334,13.033333333333333
2011-01-31,Pop,33,36.57575757575758,30.12121212121212,23.303030303030305,13.030303030303031
2011-02-07,Pop,34,36.3235294117647,30.029411764705884,25.205882352941178,13.470588235294118
2011-02-14,Pop,36,38.611111111111114,28.11111111111111,28.0,12.416666666666666
2011-02-21,Pop,40,33.3,26.85,26.95,10.05
2011-02-28,Pop,39,38.48717948717949,20.487179487179485,20.358974358974358,11.538461538461538
2011-03-07,Pop,38,34.71052631578947,21.210526315789473,23.894736842105264,12.0
2011-03-14,Pop,35,32.714285714285715,23.0,18.228571428571428,14.257142857142858
2011-03-21,Pop,35,32.22857142857143,23.8,19.428571428571427,13.714285714285714
2011-03-28,Pop,43,38.906976744186046,18.697674418604652,27.13953488372093,11.023255813953488
2011-04-04,Pop,35,37.4,31.82857142857143,20.771428571428572,13.714285714285714
2011-04-11,Pop,35,38.51428571428571,30.142857142857142,23.714285714285715,13.942857142857143
2011-04-18,Pop,33,34.666666666666664,37.0,20.87878787878788,15.090909090909092
2011-04-25,Pop,36,39.388888888888886,31.77777777777778,21.416666666666668,14.88888888888889
2011-05-02,Pop,40,43.175,31.65,25.825,13.95
2011-05-09,Pop,38,38.421052631578945,30.36842105263158,23.86842105263158,13.605263157894736
2011-05-16,Pop,37,44.08108108108108,27.0,28.972972972972972,12.243243243243244
2011-05-23,Pop,38,41.31578947368421,27.210526315789473,27.92105263157895,11.763157894736842
2011-05-30,Pop,38,43.973684210526315,28.236842105263158,29.263157894736842,11.868421052631579
2011-06-06,Pop,39,43.38461538461539,28.256410256410255,30.615384615384617,11.923076923076923
2011-06-13,Pop,37,44.513513513513516,29.783783783783782,31.62162162162162,12.837837837837839
2011-06-20,Pop,38,46.473684210526315,38.13157894736842,34.60526315789474,12.473684210526315
2011-06-27,Pop,39,46.48717948717949,36.17948717948718,35.1025641025641,12.871794871794872
2011-07-04,Pop,40,46.0,32.9,35.2,11.725
2011-07-11,Pop,41,45.853658536585364,33.048780487804876,32.73170731707317,11.097560975609756
2011-07-18,Pop,36,45.44444444444444,34.583333333333336,30.083333333333332,14.055555555555555
2011-07-25,Pop,38,48.026315789473685,36.71052631578947,33.078947368421055,13.552631578947368
2011-08-01,Pop,34,46.76470588235294,44.55882352941177,33.3235294117647,13.029411764705882
2011-08-08,Pop,34,49.6764705882353,40.94117647058823,36.94117647058823,11.235294117647058
2011-08-15,Pop,33,46.90909090909091,43.303030303030305,36.21212121212121,11.06060606060606
2011-08-22,Pop,34,48.23529411764706,38.3235294117647,34.38235294117647,11.294117647058824
2011-08-29,Pop,34,48.76470588235294,41.05882352941177,34.38235294117647,11.5
2011-09-05,Pop,33,46.15151515151515,42.24242424242424,31.242424242424242,12.303030303030303
2011-09-12,Pop,29,40.41379310344828,35.62068965517241,27.82758620689655,11.862068965517242
2011-09-19,Pop,29,37.275862068965516,35.3448275862069,26.862068965517242,11.482758620689655
2011-09-26,Pop,30,40.1,34.4,29.566666666666666,11.133333333333333
2011-10-03,Pop,34,41.26470588235294,30.0,32.88235294117647,10.705882352941176
2011-10-10,Pop,31,38.61290322580645,32.935483870967744,27.548387096774192,12.580645161290322
2011-10-17,Pop,36,44.30555555555556,26.333333333333332,32.80555555555556,11.555555555555555
2011-10-24,Pop,36,46.888888888888886,33.77777777777778,34.611111111111114,12.055555555555555
2011-10-31,Pop,34,47.05882352941177,43.088235294117645,30.91176470588235,12.764705882352942
2011-11-07,Pop,30,40.46666666666667,39.56666666666667,27.933333333333334,13.566666666666666
2011-11-14,Pop,30,39.36666666666667,35.1,26.833333333333332,14.0
2011-11-21,Pop,31,45.67741935483871,30.419354838709676,31.161290322580644,12.806451612903226
2011-11-28,Pop,35,45.714285714285715,34.142857142857146,33.77142857142857,12.257142857142858
2011-12-05,Pop,37,46.2972972972973,32.027027027027025,32.91891891891892,12.972972972972974
2011-12-12,Pop,37,46.108108108108105,35.891891891891895,33.91891891891892,12.378378378378379
2011-12-19,Pop,35,44.77142857142857,26.17142857142857,31.942857142857143,13.428571428571429
2011-12-26,Pop,31,41.064516129032256,34.61290322580645,25.451612903225808,15.96774193548387
2012-01-02,Pop,30,39.6,35.96666666666667,24.2,16.333333333333332
2012-01-09,Pop,29,36.86206896551724,34.51724137931034,26.17241379310345,17.137931034482758
2012-01-16,Pop,31,38.58064516129032,34.483870967741936,26.032258064516128,17.096774193548388
2012-01-23,Pop,33,42.57575757575758,31.939393939393938,26.90909090909091,16.454545454545453
2012-01-30,Pop,35,44.22857142857143,34.628571428571426,27.97142857142857,16.02857142857143
2012-02-06,Pop,31,40.806451612903224,39.0,23.967741935483872,18.806451612903224
2012-02-13,Pop,34,40.205882352941174,30.647058823529413,27.11764705882353,16.5
2012-02-20,Pop,31,38.096774193548384,29.0,22.225806451612904,17.29032258064516
2012-02-27,Pop,35,39.34285714285714,24.542857142857144,23.34285714285714,16.6
2012-03-05,Pop,34,41.029411764705884,27.323529411764707,26.970588235294116,15.0
2012-03-12,Pop,29,36.03448275862069,36.03448275862069,18.24137931034483,18.413793103448278
2012-03-19,Pop,30,34.8,31.966666666666665,20.666666666666668,18.633333333333333
2012-03-26,Pop,30,37.93333333333333,31.933333333333334,23.0,18.333333333333332
2012-04-02,Pop,30,38.43333333333333,34.93333333333333,22.333333333333332,19.3
2012-04-09,Pop,31,39.45161290322581,29.774193548387096,22.548387096774192,18.35483870967742
2012-04-16,Pop,29,38.62068965517241,24.517241379310345,25.379310344827587,16.03448275862069
2012-04-23,Pop,29,39.172413793103445,31.724137931034484,28.03448275862069,14.827586206896552
2012-04-30,Pop,28,36.142857142857146,33.785714285714285,21.75,16.25
2012-05-07,Pop,30,39.7,31.166666666666668,26.266666666666666,16.133333333333333
2012-05-14,Pop,27,35.851851851851855,34.96296296296296,22.37037037037037,16.814814814814813
2012-05-21,Pop,28,35.892857142857146,28.964285714285715,24.107142857142858,16.571428571428573
2012-05-28,Pop,24,28.583333333333332,30.083333333333332,16.833333333333332,19.375
2012-06-04,Pop,27,31.296296296296298,25.40740740740741,19.444444444444443,18.22222222222222
2012-06-11,Pop,30,36.4,26.566666666666666,23.9,15.8
2012-06-18,Pop,30,40.166666666666664,33.56666666666667,20.9,16.766666666666666
2012-06-25,Pop,28,37.5,29.464285714285715,21.107142857142858,18.321428571428573
2012-07-02,Pop,28,37.42857142857143,27.892857142857142,24.964285714285715,16.75
2012-07-09,Pop,29,39.41379310344828,28.689655172413794,24.551724137931036,15.689655172413794
2012-07-16,Pop,27,37.48148148148148,30.444444444444443,23.74074074074074,16.185185185185187
2012-07-23,Pop,29,41.03448275862069,30.448275862068964,27.344827586206897,13.137931034482758
2012-07-30,Pop,28,39.392857142857146,37.535714285714285,27.785714285714285,13.678571428571429
2012-08-06,Pop,28,38.357142857142854,36.32142857142857,24.928571428571427,14.5
2012-08-13,Pop,30,38.333333333333336,35.8,27.7,14.533333333333333
2012-08-20,Pop,28,36.57142857142857,36.32142857142857,26.571428571428573,15.142857142857142
2012-08-27,Pop,25,32.28,32.08,22.96,16.28
2012-09-03,Pop,26,34.26923076923077,31.03846153846154,23.923076923076923,16.653846153846153
2012-09-10,Pop,26,35.19230769230769,29.23076923076923,24.5,16.76923076923077
2012-09-17,Pop,28,38.785714285714285,30.928571428571427,27.678571428571427,15.25
2012-09-24,Pop,32,44.0625,28.53125,35.59375,13.6875
2012-10-01,Pop,31,41.29032258064516,35.645161290322584,32.29032258064516,13.870967741935484
2012-10-08,Pop,29,36.0,34.206896551724135,24.79310344827586,14.413793103448276
2012-10-15,Pop,32,39.9375,30.0,27.59375,13.625
2012-10-22,Pop,31,39.193548387096776,36.87096774193548,26.774193548387096,13.935483870967742
2012-10-29,Pop,32,42.1875,36.4375,29.53125,13.71875
2012-11-05,Pop,30,36.3,38.63333333333333,25.566666666666666,14.8
2012-11-12,Pop,31,39.38709677419355,32.774193548387096,28.225806451612904,14.709677419354838
2012-11-19,Pop,32,41.28125,36.8125,30.6875,13.875
2012-11-26,Pop,31,40.096774193548384,32.774193548387096,28.64516129032258,14.161290322580646
2012-12-03,Pop,30,39.333333333333336,32.333333333333336,29.966666666666665,13.433333333333334
2012-12-10,Pop,29,40.58620689655172,29.448275862068964,29.413793103448278,14.03448275862069
2012-12-17,Pop,32,42.6875,30.71875,30.90625,13.6875
2012-12-24,Pop,30,38.96666666666667,35.666666666666664,26.5,14.7
2012-12-31,Pop,30,38.56666666666667,28.8,26.9,14.733333333333333
2013-01-07,Pop,31,41.903225806451616,32.0,32.096774193548384,15.096774193548388
2013-01-14,Pop,28,36.5,33.964285714285715,25.357142857142858,17.428571428571427
2013-01-21,Pop,29,39.13793103448276,33.62068965517241,26.413793103448278,17.06896551724138
2013-01-28,Pop,29,40.3448275862069,33.89655172413793,27.586206896551722,16.96551724137931
2013-02-04,Pop,26,36.03846153846154,33.73076923076923,27.846153846153847,15.961538461538462
2013-02-11,Pop,29,40.93103448275862,29.310344827586206,31.862068965517242,14.96551724137931
2013-02-18,Pop,27,38.22222222222222,35.18518518518518,26.88888888888889,15.148148148148149
2013-02-25,Pop,29,35.93103448275862,32.310344827586206,24.17241379310345,15.03448275862069
2013-03-04,Pop,30,37.56666666666667,34.733333333333334,23.0,15.533333333333333
2013-03-11,Pop,30,39.46666666666667,31.266666666666666,25.5,14.033333333333333
2013-03-18,Pop,30,39.5,36.333333333333336,23.833333333333332,15.0
2013-03-25,Pop,30,39.266666666666666,39.5,22.066666666666666,16.0
2013-04-01,Pop,29,38.827586206896555,30.724137931034484,20.96551724137931,14.931034482758621
2013-04-08,Pop,29,41.51724137931034,35.689655172413794,23.896551724137932,14.206896551724139
2013-04-15,Pop,28,45.25,36.714285714285715,27.25,13.142857142857142
2013-04-22,Pop,25,42.44,34.84,31.24,10.92
2013-04-29,Pop,28,43.857142857142854,31.285714285714285,36.607142857142854,10.071428571428571
2013-05-06,Pop,27,42.074074074074076,39.7037037037037,32.48148148148148,11.37037037037037
2013-05-13,Pop,26,39.69230769230769,37.61538461538461,31.96153846153846,12.461538461538462
2013-05-20,Pop,29,39.51724137931034,35.58620689655172,31.896551724137932,12.172413793103448
2013-05-27,Pop,31,42.32258064516129,32.70967741935484,34.29032258064516,11.580645161290322
2013-06-03,Pop,31,41.87096774193548,37.193548387096776,32.935483870967744,11.903225806451612
2013-06-10,Pop,29,37.793103448275865,36.89655172413793,28.344827586206897,12.758620689655173
2013-06-17,Pop,30,37.766666666666666,30.833333333333332,28.4,12.366666666666667
2013-06-24,Pop,30,39.6,30.966666666666665,29.666666666666668,12.133333333333333
2013-07-01,Pop,31,40.354838709677416,26.483870967741936,30.193548387096776,11.838709677419354
2013-07-08,Pop,30,38.8,35.36666666666667,25.866666666666667,13.233333333333333
2013-07-15,Pop,31,43.29032258064516,37.54838709677419,27.516129032258064,13.806451612903226
2013-07-22,Pop,29,42.758620689655174,36.241379310344826,28.379310344827587,13.655172413793103
2013-07-29,Pop,28,41.0,39.142857142857146,28.285714285714285,13.857142857142858
2013-08-05,Pop,29,36.86206896551724,27.310344827586206,27.896551724137932,13.0
2013-08-12,Pop,29,40.62068965517241,32.03448275862069,30.93103448275862,13.89655172413793
2013-08-19,Pop,32,47.0,36.8125,35.28125,13.625
2013-08-26,Pop,31,43.774193548387096,36.935483870967744,28.483870967741936,14.580645161290322
2013-09-02,Pop,34,47.411764705882355,33.05882352941177,34.11764705882353,13.029411764705882
2013-09-09,Pop,34,45.911764705882355,36.38235294117647,34.029411764705884,12.647058823529411
2013-09-16,Pop,36,47.69444444444444,35.47222222222222,34.55555555555556,12.694444444444445
2013-09-23,Pop,32,41.375,41.0625,29.0625,14.28125
2013-09-30,Pop,32,41.625,29.90625,30.0625,13.5
2013-10-07,Pop,30,43.4,40.5,28.533333333333335,14.5
2013-10-14,Pop,32,44.15625,36.25,30.75,13.53125
2013-10-21,Pop,32,45.3125,33.8125,32.75,13.0
2013-10-28,Pop,28,42.035714285714285,33.357142857142854,27.321428571428573,14.714285714285714
2013-11-04,Pop,28,41.607142857142854,28.714285714285715,30.285714285714285,13.535714285714286
2013-11-11,Pop,30,43.93333333333333,30.533333333333335,28.633333333333333,12.366666666666667
2013-11-18,Pop,32,48.15625,34.96875,32.8125,12.21875
2013-11-25,Pop,30,44.5,36.666666666666664,28.366666666666667,13.066666666666666
2013-12-02,Pop,32,43.6875,31.84375,29.46875,13.375
2013-12-09,Pop,29,44.13793103448276,34.6551724137931,29.448275862068964,14.862068965517242
2013-12-16,Pop,28,43.42857142857143,32.75,28.035714285714285,13.428571428571429
2013-12-23,Pop,32,48.875,29.96875,32.28125,12.65625
2013-12-30,Pop,31,48.70967741935484,31.096774193548388,31.096774193548388,13.516129032258064
2014-01-06,Pop,30,46.13333333333333,40.8,32.1,14.5
2014-01-13,Pop,30,46.36666666666667,35.7,35.06666666666667,14.166666666666666
2014-01-20,Pop,29,42.3448275862069,42.206896551724135,30.551724137931036,14.827586206896552
2014-01-27,Pop,27,39.25925925925926,40.44444444444444,26.59259259259259,15.518518518518519
2014-02-03,Pop,28,38.464285714285715,32.57142857142857,29.892857142857142,14.857142857142858
2014-02-10,Pop,29,36.6551724137931,30.79310344827586,25.275862068965516,14.793103448275861
2014-02-17,Pop,29,41.37931034482759,33.48275862068966,24.862068965517242,15.724137931034482
2014-02-24,Pop,29,44.0,32.241379310344826,30.551724137931036,16.413793103448278
2014-03-03,Pop,28,41.964285714285715,38.857142857142854,27.214285714285715,17.928571428571427
2014-03-10,Pop,28,39.214285714285715,38.75,25.214285714285715,18.571428571428573
2014-03-17,Pop,28,41.285714285714285,33.17857142857143,25.964285714285715,18.642857142857142
2014-03-24,Pop,27,40.25925925925926,33.370370370370374,25.48148148148148,19.037037037037038
2014-03-31,Pop,27,41.592592592592595,38.48148148148148,26.666666666666668,18.25925925925926
2014-04-07,Pop,27,42.888888888888886,35.592592592592595,27.51851851851852,18.51851851851852
2014-04-14,Pop,26,41.53846153846154,38.07692307692308,26.884615384615383,17.346153846153847
2014-04-21,Pop,27,44.074074074074076,28.59259259259259,32.81481481481482,15.74074074074074
2014-04-28,Pop,28,42.57142857142857,32.5,34.82142857142857,15.142857142857142
2014-05-05,Pop,29,40.10344827586207,34.89655172413793,31.06896551724138,15.551724137931034
2014-05-12,Pop,32,41.875,29.59375,31.96875,12.3125
2014-05-19,Pop,33,42.333333333333336,33.78787878787879,33.18181818181818,12.272727272727273
2014-05-26,Pop,29,39.172413793103445,32.758620689655174,31.620689655172413,11.862068965517242
2014-06-02,Pop,34,41.294117647058826,28.0,33.088235294117645,11.764705882352942
2014-06-09,Pop,32,40.59375,31.6875,30.8125,12.625
2014-06-16,Pop,31,41.516129032258064,33.935483870967744,32.45161290322581,12.741935483870968
2014-06-23,Pop,32,39.125,33.40625,31.6875,12.15625
2014-06-30,Pop,34,39.64705882352941,33.23529411764706,30.38235294117647,12.264705882352942
2014-07-07,Pop,32,38.125,37.125,27.4375,13.34375
2014-07-14,Pop,33,38.96969696969697,34.06060606060606,24.515151515151516,13.606060606060606
2014-07-21,Pop,32,40.40625,29.0625,25.90625,14.0625
2014-07-28,Pop,33,40.75757575757576,39.18181818181818,23.454545454545453,14.636363636363637
2014-08-04,Pop,31,40.903225806451616,37.774193548387096,21.129032258064516,16.419354838709676
2014-08-11,Pop,32,41.15625,32.1875,22.25,15.875
2014-08-18,Pop,30,40.666666666666664,41.0,20.833333333333332,16.8
2014-08-25,Pop,30,40.1,35.36666666666667,23.133333333333333,16.533333333333335
2014-09-01,Pop,29,43.03448275862069,32.793103448275865,25.448275862068964,16.413793103448278
2014-09-08,Pop,28,40.92857142857143,33.07142857142857,23.25,16.178571428571427
2014-09-15,Pop,28,40.714285714285715,34.0,25.071428571428573,16.642857142857142
2014-09-22,Pop,30,44.666666666666664,32.03333333333333,29.333333333333332,16.266666666666666
2014-09-29,Pop,31,43.096774193548384,40.38709677419355,30.032258064516128,16.096774193548388
2014-10-06,Pop,29,40.6551724137931,42.275862068965516,28.689655172413794,16.79310344827586
2014-10-13,Pop,28,37.214285714285715,35.42857142857143,21.714285714285715,18.178571428571427
2014-10-20,Pop,30,38.266666666666666,29.966666666666665,26.333333333333332,15.1
2014-10-27,Pop,32,43.375,35.875,28.15625,15.15625
2014-11-03,Pop,29,38.275862068965516,38.62068965517241,26.413793103448278,14.793103448275861
2014-11-10,Pop,29,41.206896551724135,32.6551724137931,25.24137931034483,15.793103448275861
2014-11-17,Pop,33,46.515151515151516,35.15151515151515,30.515151515151516,14.666666666666666
2014-11-24,Pop,31,43.45161290322581,34.806451612903224,27.580645161290324,15.870967741935484
2014-12-01,Pop,31,42.25806451612903,29.838709677419356,25.419354838709676,14.451612903225806
2014-12-08,Pop,29,44.13793103448276,32.3448275862069,30.137931034482758,11.241379310344827
2014-12-15,Pop,26,38.03846153846154,29.884615384615383,27.76923076923077,11.461538461538462
2014-12-22,Pop,27,42.18518518518518,33.2962962962963,29.77777777777778,12.0
2014-12-29,Pop,28,42.785714285714285,31.75,29.928571428571427,12.321428571428571
2015-01-05,Pop,32,47.78125,32.71875,39.59375,11.8125
2015-01-12,Pop,26,38.65384615384615,35.34615384615385,29.03846153846154,14.73076923076923
2015-01-19,Pop,25,36.08,29.4,25.4,13.64
2015-01-26,Pop,25,33.56,32.6,20.76,14.6
2015-02-02,Pop,27,38.111111111111114,27.962962962962962,24.925925925925927,14.222222222222221
2015-02-09,Pop,29,40.275862068965516,35.48275862068966,25.75862068965517,14.241379310344827
2015-02-16,Pop,29,39.86206896551724,33.827586206896555,26.413793103448278,14.517241379310345
2015-02-23,Pop,28,37.964285714285715,29.535714285714285,28.464285714285715,13.75
2015-03-02,Pop,25,34.0,33.2,20.76,14.88
2015-03-09,Pop,27,39.25925925925926,31.48148148148148,24.51851851851852,14.777777777777779
2015-03-16,Pop,28,38.5,32.92857142857143,26.178571428571427,13.821428571428571
2015-03-23,Pop,30,43.0,34.3,27.833333333333332,13.233333333333333
2015-03-30,Pop,28,39.75,38.392857142857146,24.785714285714285,14.607142857142858
2015-04-06,Pop,25,33.36,33.88,22.44,15.72
2015-04-13,Pop,25,33.32,33.36,21.36,16.72
2015-04-20,Pop,25,37.28,29.44,26.72,15.6
2015-04-27,Pop,25,34.96,33.36,25.04,16.56
2015-05-04,Pop,24,36.875,29.0,28.333333333333332,14.416666666666666
2015-05-11,Pop,24,35.791666666666664,33.375,25.083333333333332,15.375
2015-05-18,Pop,24,36.791666666666664,32.375,24.125,16.333333333333332
2015-05-25,Pop,25,38.92,27.64,26.36,16.08
2015-06-01,Pop,23,37.608695652173914,33.73913043478261,22.73913043478261,15.91304347826087
2015-06-08,Pop,23,37.69565217391305,33.608695652173914,21.08695652173913,16.869565217391305
2015-06-15,Pop,23,37.82608695652174,35.56521739130435,22.08695652173913,15.826086956521738
2015-06-22,Pop,22,38.81818181818182,33.45454545454545,24.0,16.59090909090909
2015-06-29,Pop,22,41.40909090909091,29.90909090909091,28.772727272727273,15.409090909090908
2015-07-06,Pop,24,43.666666666666664,34.75,31.916666666666668,14.291666666666666
2015-07-13,Pop,20,38.4,29.3,26.6,15.35
2015-07-20,Pop,20,39.5,35.95,28.2,15.2
2015-07-27,Pop,21,39.80952380952381,37.61904761904762,29.38095238095238,15.476190476190476
2015-08-03,Pop,21,39.04761904761905,33.333333333333336,31.80952380952381,14.285714285714286
2015-08-10,Pop,25,45.64,28.8,37.48,13.08
2015-08-17,Pop,22,37.77272727272727,34.5,29.727272727272727,14.181818181818182
2015-08-24,Pop,24,42.875,34.625,33.541666666666664,14.0
2015-08-31,Pop,25,44.48,41.16,33.28,14.44
2015-09-07,Pop,25,42.44,36.64,32.68,14.8
2015-09-14,Pop,25,40.88,36.56,30.68,14.4
2015-09-21,Pop,24,38.25,38.625,26.541666666666668,15.958333333333334
2015-09-28,Pop,26,42.76923076923077,28.384615384615383,30.96153846153846,15.076923076923077
2015-10-05,Pop,26,39.42307692307692,25.192307692307693,30.115384615384617,15.192307692307692
2015-10-12,Pop,25,39.84,28.16,27.96,15.48
2015-10-19,Pop,23,38.0,30.217391304347824,26.82608695652174,17.434782608695652
2015-10-26,Pop,22,32.68181818181818,26.40909090909091,21.227272727272727,18.318181818181817
2015-11-02,Pop,26,38.76923076923077,27.653846153846153,27.153846153846153,16.5
2015-11-09,Pop,28,37.82142857142857,32.464285714285715,23.357142857142858,16.285714285714285
2015-11-16,Pop,27,36.25925925925926,29.296296296296298,19.444444444444443,16.074074074074073
2015-11-23,Pop,30,43.2,29.466666666666665,28.433333333333334,13.8
2015-11-30,Pop,41,48.609756097560975,14.170731707317072,41.146341463414636,8.585365853658537
2015-12-07,Pop,36,43.611111111111114,29.77777777777778,31.5,10.527777777777779
2015-12-14,Pop,34,43.73529411764706,33.26470588235294,29.735294117647058,10.205882352941176
2015-12-21,Pop,33,43.06060606060606,36.0,27.848484848484848,10.454545454545455
2015-12-28,Pop,34,46.23529411764706,33.529411764705884,31.058823529411764,10.794117647058824
2016-01-04,Pop,29,40.827586206896555,40.310344827586206,30.79310344827586,10.724137931034482
2016-01-11,Pop,28,37.285714285714285,41.892857142857146,27.285714285714285,11.607142857142858
2016-01-18,Pop,26,32.73076923076923,33.26923076923077,25.076923076923077,12.961538461538462
2016-01-25,Pop,27,35.074074074074076,31.51851851851852,24.11111111111111,14.0
2016-02-01,Pop,26,34.38461538461539,31.73076923076923,24.615384615384617,14.615384615384615
2016-02-08,Pop,27,34.148148148148145,30.333333333333332,23.703703703703702,14.62962962962963
2016-02-15,Pop,31,42.903225806451616,26.870967741935484,31.35483870967742,13.419354838709678
2016-02-22,Pop,30,42.13333333333333,38.43333333333333,29.733333333333334,14.733333333333333
2016-02-29,Pop,33,42.36363636363637,35.78787878787879,29.242424242424242,16.03030303030303
2016-03-07,Pop,28,38.5,35.214285714285715,26.321428571428573,15.607142857142858
2016-03-14,Pop,28,38.357142857142854,33.07142857142857,23.964285714285715,16.142857142857142
2016-03-21,Pop,26,34.38461538461539,28.615384615384617,20.53846153846154,15.653846153846153
2016-03-28,Pop,27,36.629629629629626,29.51851851851852,18.62962962962963,15.703703703703704
2016-04-04,Pop,28,38.5,35.32142857142857,18.928571428571427,16.142857142857142
2016-04-11,Pop,25,38.32,35.76,18.84,15.48
2016-04-18,Pop,20,31.05,25.7,18.8,14.1
2016-04-25,Pop,20,31.2,27.55,22.0,14.1
2016-05-02,Pop,27,36.925925925925924,23.11111111111111,23.0,15.37037037037037
2016-05-09,Pop,37,34.5945945945946,19.783783783783782,21.864864864864863,11.783783783783784
2016-05-16,Pop,28,41.25,34.642857142857146,23.285714285714285,10.75
2016-05-23,Pop,23,41.47826086956522,30.82608695652174,22.82608695652174,13.521739130434783
2016-05-30,Pop,22,40.18181818181818,31.727272727272727,22.5,14.272727272727273
2016-06-06,Pop,28,51.642857142857146,30.107142857142858,33.642857142857146,10.964285714285714
2016-06-13,Pop,25,49.52,41.2,31.8,11.92
2016-06-20,Pop,25,47.36,46.16,28.6,12.6
2016-06-27,Pop,25,45.84,36.04,35.72,12.04
2016-07-04,Pop,25,44.08,42.24,33.48,13.0
2016-07-11,Pop,23,39.82608695652174,39.869565217391305,27.956521739130434,14.565217391304348
2016-07-18,Pop,24,39.166666666666664,38.166666666666664,26.666666666666668,14.958333333333334
2016-07-25,Pop,25,43.0,34.52,28.08,14.56
2016-08-01,Pop,29,46.13793103448276,34.206896551724135,31.310344827586206,13.172413793103448
2016-08-08,Pop,25,39.44,33.48,25.32,14.28
2016-08-15,Pop,26,45.61538461538461,35.15384615384615,28.0,14.76923076923077
2016-08-22,Pop,24,42.833333333333336,40.5,25.541666666666668,15.958333333333334
2016-08-29,Pop,24,44.5,37.708333333333336,28.875,14.458333333333334
2016-09-05,Pop,27,50.25925925925926,29.703703703703702,36.22222222222222,13.333333333333334
2016-09-12,Pop,22,39.45454545454545,35.31818181818182,25.09090909090909,15.227272727272727
2016-09-19,Pop,23,42.130434782608695,31.434782608695652,25.26086956521739,13.521739130434783
2016-09-26,Pop,21,37.523809523809526,34.19047619047619,18.952380952380953,14.0
2016-10-03,Pop,19,35.94736842105263,33.68421052631579,18.789473684210527,15.526315789473685
2016-10-10,Pop,21,43.23809523809524,25.61904761904762,28.714285714285715,12.523809523809524
2016-10-17,Pop,20,42.9,35.75,32.05,11.7
2016-10-24,Pop,27,50.25925925925926,31.77777777777778,39.81481481481482,9.666666666666666
2016-10-31,Pop,23,42.26086956521739,42.34782608695652,32.391304347826086,11.130434782608695
2016-11-07,Pop,29,48.51724137931034,31.03448275862069,37.06896551724138,10.03448275862069
2016-11-14,Pop,26,49.76923076923077,39.76923076923077,38.5,10.346153846153847
2016-11-21,Pop,25,47.08,44.48,32.4,12.16
2016-11-28,Pop,27,47.333333333333336,34.96296296296296,38.18518518518518,10.925925925925926
2016-12-05,Pop,27,47.888888888888886,34.7037037037037,42.51851851851852,9.88888888888889
2016-12-12,Pop,23,44.391304347826086,36.43478260869565,35.26086956521739,11.565217391304348
2016-12-19,Pop,24,37.375,34.958333333333336,31.75,11.833333333333334
2016-12-26,Pop,22,42.59090909090909,35.72727272727273,31.09090909090909,11.818181818181818
2017-01-02,Pop,24,38.333333333333336,34.875,30.375,11.791666666666666
2017-01-09,Pop,26,40.69230769230769,29.807692307692307,27.384615384615383,13.461538461538462
2017-01-16,Pop,22,40.95454545454545,36.59090909090909,29.363636363636363,13.909090909090908
2017-01-23,Pop,24,37.541666666666664,34.041666666666664,28.375,13.333333333333334
2017-01-30,Pop,24,36.75,33.541666666666664,28.708333333333332,13.916666666666666
2017-02-06,Pop,29,46.13793103448276,30.413793103448278,36.62068965517241,12.89655172413793
2017-02-13,Pop,26,43.0,42.26923076923077,32.73076923076923,13.884615384615385
2017-02-20,Pop,26,37.61538461538461,35.80769230769231,24.807692307692307,15.384615384615385
2017-02-27,Pop,29,40.86206896551724,30.310344827586206,29.896551724137932,13.275862068965518
2017-03-06,Pop,28,38.607142857142854,33.964285714285715,26.642857142857142,12.785714285714286
2017-03-13,Pop,25,38.56,32.64,21.68,14.6
2017-03-20,Pop,34,47.794117647058826,24.441176470588236,36.88235294117647,10.058823529411764
2017-03-27,Pop,26,43.5,36.03846153846154,28.576923076923077,11.923076923076923
2017-04-03,Pop,22,45.45454545454545,31.863636363636363,25.772727272727273,13.545454545454545
2017-04-10,Pop,21,39.095238095238095,43.142857142857146,23.142857142857142,15.047619047619047
2017-04-17,Pop,19,34.31578947368421,33.36842105263158,19.05263157894737,17.05263157894737
2017-04-24,Pop,18,28.88888888888889,31.333333333333332,17.166666666666668,16.666666666666668
2017-05-01,Pop,19,34.1578947368421,24.94736842105263,19.0,15.368421052631579
2017-05-08,Pop,20,34.6,29.75,20.3,15.55
2017-05-15,Pop,22,43.40909090909091,29.272727272727273,29.272727272727273,13.681818181818182
2017-05-22,Pop,21,36.523809523809526,32.80952380952381,22.047619047619047,14.571428571428571
2017-05-29,Pop,24,39.333333333333336,28.041666666666668,27.5,13.583333333333334
2017-06-05,Pop,25,35.04,32.04,24.72,12.76
2017-06-12,Pop,25,38.2,31.6,26.64,13.2
2017-06-19,Pop,25,38.68,34.88,26.44,14.12
2017-06-26,Pop,24,34.083333333333336,36.375,23.041666666666668,15.666666666666666
2017-07-03,Pop,23,33.82608695652174,31.869565217391305,20.91304347826087,17.08695652173913
2017-07-10,Pop,23,37.43478260869565,31.869565217391305,23.695652173913043,16.304347826086957
2017-07-17,Pop,22,34.90909090909091,35.0,22.272727272727273,17.136363636363637
2017-07-24,Pop,23,35.391304347826086,26.391304347826086,25.652173913043477,16.52173913043478
2017-07-31,Pop,25,35.92,32.56,25.92,16.2
2017-08-07,Pop,22,31.863636363636363,26.318181818181817,20.545454545454547,16.818181818181817
2017-08-14,Pop,24,38.291666666666664,29.208333333333332,25.625,16.416666666666668
2017-08-21,Pop,24,38.541666666666664,30.833333333333332,26.875,16.541666666666668
2017-08-28,Pop,22,33.77272727272727,35.54545454545455,21.181818181818183,17.681818181818183
2017-09-04,Pop,22,35.54545454545455,26.454545454545453,26.863636363636363,17.40909090909091
2017-09-11,Pop,23,40.52173913043478,28.47826086956522,30.52173913043478,16.47826086956522
2017-09-18,Pop,21,36.523809523809526,37.666666666666664,25.19047619047619,17.61904761904762
2017-09-25,Pop,23,39.26086956521739,29.52173913043478,26.91304347826087,16.391304347826086
2017-10-02,Pop,22,38.0,28.59090909090909,24.318181818181817,17.136363636363637
2017-10-09,Pop,21,34.333333333333336,36.666666666666664,20.857142857142858,18.904761904761905
2017-10-16,Pop,20,29.95,26.85,21.6,19.8
2017-10-23,Pop,22,34.22727272727273,24.954545454545453,27.545454545454547,17.0
2017-10-30,Pop,21,32.19047619047619,33.23809523809524,24.142857142857142,18.761904761904763
2017-11-06,Pop,23,39.30434782608695,25.26086956521739,31.695652173913043,14.91304347826087
2017-11-13,Pop,22,33.5,36.63636363636363,24.227272727272727,16.545454545454547
2017-11-20,Pop,23,36.65217391304348,27.91304347826087,26.17391304347826,16.73913043478261
2017-11-27,Pop,22,34.59090909090909,30.363636363636363,22.636363636363637,18.5
2017-12-04,Pop,24,34.625,31.708333333333332,24.5,17.958333333333332
2017-12-11,Pop,27,41.44444444444444,30.77777777777778,28.77777777777778,17.703703703703702
2017-12-18,Pop,22,35.81818181818182,32.04545454545455,22.0,18.90909090909091
2017-12-25,Pop,23,37.130434782608695,30.82608695652174,22.869565217391305,18.608695652173914
2018-01-01,Pop,20,34.6,36.1,20.4,21.5
2018-01-08,Pop,20,33.3,33.95,22.05,21.4
2018-01-15,Pop,22,37.09090909090909,28.318181818181817,27.363636363636363,19.545454545454547
2018-01-22,Pop,21,37.95238095238095,27.095238095238095,29.904761904761905,15.904761904761905
2018-01-29,Pop,22,42.09090909090909,30.454545454545453,31.954545454545453,16.136363636363637
2018-02-05,Pop,20,38.35,38.3,28.75,15.6
2018-02-12,Pop,23,40.69565217391305,33.34782608695652,31.52173913043478,14.652173913043478
2018-02-19,Pop,23,45.69565217391305,30.73913043478261,32.78260869565217,15.478260869565217
2018-02-26,Pop,22,42.45454545454545,43.68181818181818,32.27272727272727,16.90909090909091
2018-03-05,Pop,19,41.578947368421055,38.05263157894737,33.31578947368421,14.894736842105264
2018-03-12,Pop,21,41.61904761904762,34.714285714285715,31.476190476190474,14.523809523809524
2018-03-19,Pop,20,39.45,40.2,29.1,16.1
2018-03-26,Pop,25,45.84,29.64,38.48,12.44
2018-04-02,Pop,22,39.45454545454545,38.09090909090909,30.818181818181817,13.909090909090908
2018-04-09,Pop,19,39.526315789473685,34.89473684210526,27.42105263157895,15.736842105263158
2018-04-16,Pop,17,38.23529411764706,33.11764705882353,23.294117647058822,16.529411764705884
2018-04-23,Pop,17,38.529411764705884,34.1764705882353,24.176470588235293,16.352941176470587
2018-04-30,Pop,15,41.666666666666664,35.8,21.2,17.6
2018-05-07,Pop,14,41.857142857142854,37.92857142857143,19.714285714285715,19.428571428571427
2018-05-14,Pop,15,37.666666666666664,32.666666666666664,25.133333333333333,18.533333333333335
2018-05-21,Pop,16,38.6875,31.25,24.0,18.6875
2018-05-28,Pop,14,32.285714285714285,31.571428571428573,20.285714285714285,21.142857142857142
2018-06-04,Pop,16,39.875,28.25,26.9375,19.5625
2018-06-11,Pop,15,35.06666666666667,30.866666666666667,22.333333333333332,21.133333333333333
2018-06-18,Pop,16,34.5,32.875,24.25,20.875
2018-06-25,Pop,20,35.8,23.45,26.45,18.65
2018-07-02,Pop,21,38.42857142857143,31.428571428571427,29.047619047619047,17.666666666666668
2018-07-09,Pop,16,48.875,23.4375,28.25,16.5
2018-07-16,Pop,13,29.0,39.15384615384615,18.153846153846153,20.0
2018-07-23,Pop,16,32.5,23.5625,22.625,17.25
2018-07-30,Pop,19,38.10526315789474,27.36842105263158,28.736842105263158,15.578947368421053
2018-08-06,Pop,19,37.36842105263158,38.10526315789474,26.0,16.57894736842105
2018-08-13,Pop,19,47.05263157894737,34.89473684210526,26.57894736842105,17.42105263157895
2018-08-20,Pop,20,45.5,44.7,29.0,17.55
2018-08-27,Pop,26,48.5,27.807692307692307,36.57692307692308,14.346153846153847
2018-09-03,Pop,18,38.5,31.944444444444443,21.88888888888889,19.555555555555557
2018-09-10,Pop,14,39.857142857142854,28.142857142857142,27.071428571428573,18.142857142857142
2018-09-17,Pop,14,36.07142857142857,39.857142857142854,24.357142857142858,19.142857142857142
2018-09-24,Pop,13,34.61538461538461,35.30769230769231,24.076923076923077,19.0
2018-10-01,Pop,14,36.357142857142854,32.142857142857146,26.357142857142858,18.642857142857142
2018-10-08,Pop,13,47.0,32.07692307692308,27.923076923076923,16.46153846153846
2018-10-15,Pop,12,39.25,43.166666666666664,24.25,18.666666666666668
2018-10-22,Pop,12,37.083333333333336,32.25,23.916666666666668,19.416666666666668
2018-10-29,Pop,11,36.18181818181818,29.0,28.0,17.0
2018-11-05,Pop,12,33.25,25.416666666666668,24.416666666666668,17.916666666666668
2018-11-12,Pop,12,31.0,23.166666666666668,24.583333333333332,17.333333333333332
2018-11-19,Pop,13,30.23076923076923,28.615384615384617,22.307692307692307,17.0
2018-11-26,Pop,15,37.2,26.2,26.2,17.333333333333332
2018-12-03,Pop,14,38.57142857142857,33.42857142857143,28.642857142857142,14.214285714285714
2018-12-10,Pop,13,39.61538461538461,35.53846153846154,27.0,14.76923076923077
2018-12-17,Pop,21,42.142857142857146,24.523809523809526,37.42857142857143,10.142857142857142
2018-12-24,Pop,16,40.1875,24.5625,30.3125,12.5
2018-12-31,Pop,14,44.0,36.92857142857143,28.0,15.071428571428571
2019-01-07,Pop,16,47.875,36.75,35.8125,11.875
2019-01-14,Pop,15,45.333333333333336,44.666666666666664,34.2,13.466666666666667
2019-01-21,Pop,15,43.53333333333333,34.86666666666667,36.4,13.133333333333333
2019-01-28,Pop,15,41.733333333333334,32.6,31.466666666666665,13.666666666666666
2019-02-04,Pop,16,45.4375,28.4375,35.625,13.4375
2019-02-11,Pop,14,39.642857142857146,38.857142857142854,32.357142857142854,15.5
2019-02-18,Pop,21,31.38095238095238,18.333333333333332,27.047619047619047,8.80952380952381
2019-02-25,Pop,20,43.65,28.65,24.5,9.9
2019-03-04,Pop,16,46.25,30.6875,22.5,12.5625
2019-03-11,Pop,13,34.46153846153846,23.846153846153847,20.846153846153847,15.076923076923077
2019-03-18,Pop,12,29.75,21.666666666666668,22.333333333333332,16.166666666666668
2019-03-25,Pop,13,31.23076923076923,27.46153846153846,23.076923076923077,16.307692307692307
2019-04-01,Pop,14,36.857142857142854,22.071428571428573,29.142857142857142,15.714285714285714
2019-04-08,Pop,14,37.07142857142857,29.857142857142858,26.571428571428573,16.642857142857142
2019-04-15,Pop,16,39.875,26.75,30.3125,15.625
2019-04-22,Pop,15,40.93333333333333,31.6,25.733333333333334,17.533333333333335
2019-04-29,Pop,15,39.53333333333333,35.4,26.2,18.133333333333333
2019-05-06,Pop,16,43.3125,31.0,30.75,17.4375
2019-05-13,Pop,17,42.0,32.1764705882353,31.58823529411765,14.529411764705882
2019-05-20,Pop,17,40.35294117647059,34.1764705882353,29.941176470588236,13.941176470588236
2019-05-27,Pop,13,30.307692307692307,27.46153846153846,17.76923076923077,16.384615384615383
2019-06-03,Pop,16,39.25,22.4375,30.25,11.25
2019-06-10,Pop,14,27.714285714285715,24.714285714285715,17.428571428571427,12.785714285714286
2019-06-17,Pop,15,32.733333333333334,25.866666666666667,22.2,12.933333333333334
2019-06-24,Pop,15,33.86666666666667,32.733333333333334,21.866666666666667,13.933333333333334
2019-07-01,Pop,17,34.94117647058823,29.88235294117647,22.58823529411765,13.294117647058824
2019-07-08,Pop,16,31.3125,28.3125,19.5,13.6875
2019-07-15,Pop,18,39.333333333333336,27.833333333333332,25.72222222222222,13.333333333333334
2019-07-22,Pop,21,42.80952380952381,31.952380952380953,32.38095238095238,9.952380952380953
2019-07-29,Pop,20,43.7,33.5,28.25,11.25
2019-08-05,Pop,19,42.31578947368421,40.78947368421053,25.94736842105263,12.736842105263158
2019-08-12,Pop,18,37.111111111111114,35.0,24.555555555555557,12.944444444444445
2019-08-19,Pop,17,33.11764705882353,28.235294117647058,23.58823529411765,13.529411764705882
2019-08-26,Pop,16,30.4375,27.5,20.75,13.125
2019-09-02,Pop,19,41.10526315789474,25.63157894736842,26.894736842105264,12.157894736842104
2019-09-09,Pop,17,33.05882352941177,37.529411764705884,24.823529411764707,13.764705882352942
2019-09-16,Pop,16,39.4375,27.25,24.9375,13.3125
2019-09-23,Pop,16,38.5,33.8125,27.5625,13.3125
2019-09-30,Pop,17,35.88235294117647,36.23529411764706,25.88235294117647,13.529411764705882
2019-10-07,Pop,15,29.2,28.4,18.733333333333334,15.466666666666667
2019-10-14,Pop,16,33.875,27.375,21.625,15.5
2019-10-21,Pop,15,29.2,27.4,17.4,15.933333333333334
2019-10-28,Pop,19,40.421052631578945,23.05263157894737,26.789473684210527,14.157894736842104
2019-11-04,Pop,18,33.666666666666664,27.555555555555557,21.0,15.666666666666666
2019-11-11,Pop,18,31.38888888888889,25.944444444444443,24.5,15.444444444444445
2019-11-18,Pop,19,34.526315789473685,25.263157894736842,22.0,17.157894736842106
2019-11-25,Pop,21,39.76190476190476,27.095238095238095,25.571428571428573,16.523809523809526
2019-12-02,Pop,19,37.73684210526316,35.36842105263158,26.526315789473685,15.157894736842104
2019-12-09,Pop,17,38.529411764705884,34.588235294117645,23.941176470588236,16.470588235294116
2019-12-16,Pop,19,44.94736842105263,29.0,33.473684210526315,13.210526315789474
2019-12-23,Pop,22,48.27272727272727,32.68181818181818,38.18181818181818,11.454545454545455
2019-12-30,Pop,19,50.0,32.73684210526316,33.421052631578945,12.473684210526315
2020-01-06,Pop,19,40.05263157894737,39.21052631578947,29.0,15.894736842105264
2020-01-13,Pop,19,34.578947368421055,35.21052631578947,23.526315789473685,16.473684210526315
2020-01-20,Pop,21,42.857142857142854,29.142857142857142,27.285714285714285,14.80952380952381
2020-01-27,Pop,17,31.941176470588236,25.705882352941178,15.529411764705882,17.529411764705884
2020-02-03,Pop,21,39.714285714285715,25.857142857142858,26.80952380952381,15.333333333333334
2020-02-10,Pop,21,38.333333333333336,26.047619047619047,24.333333333333332,16.047619047619047
2020-02-17,Pop,20,33.75,25.35,19.3,17.6
2020-02-24,Pop,24,40.625,24.083333333333332,26.5,15.625
2020-03-02,Pop,21,41.285714285714285,30.761904761904763,20.952380952380953,16.714285714285715
2020-03-09,Pop,16,35.4375,23.75,19.8125,13.9375
2020-03-16,Pop,16,42.5,32.75,20.8125,12.625
2020-03-23,Pop,16,38.9375,42.5,18.4375,13.625
2020-03-30,Pop,15,39.8,38.6,18.666666666666668,13.533333333333333
2020-04-06,Pop,17,44.05882352941177,27.41176470588235,28.647058823529413,11.529411764705882
2020-04-13,Pop,15,41.06666666666667,40.06666666666667,23.0,13.4
2020-04-20,Pop,16,40.375,32.375,29.0,12.8125
2020-04-27,Pop,15,36.86666666666667,26.2,28.333333333333332,13.533333333333333
2020-05-04,Pop,14,34.857142857142854,33.357142857142854,22.5,15.428571428571429
2020-05-11,Pop,12,35.833333333333336,28.25,18.75,17.5
2020-05-18,Pop,14,35.57142857142857,30.714285714285715,22.214285714285715,16.642857142857142
2020-05-25,Pop,15,35.86666666666667,23.466666666666665,25.4,16.133333333333333
2020-06-01,Pop,16,37.0,33.625,23.1875,16.125
2020-06-08,Pop,20,39.8,29.6,27.3,14.35
2020-06-15,Pop,17,36.8235294117647,35.529411764705884,21.764705882352942,17.176470588235293
2020-06-22,Pop,16,39.8125,31.5,24.75,17.4375
2020-06-29,Pop,16,37.25,39.8125,22.125,18.4375
2020-07-06,Pop,16,35.75,31.0,20.1875,18.4375
2020-07-13,Pop,11,24.09090909090909,20.90909090909091,14.0,18.90909090909091
2020-07-20,Pop,12,36.833333333333336,22.083333333333332,18.416666666666668,18.416666666666668
2020-07-27,Pop,12,31.416666666666668,36.833333333333336,17.833333333333332,19.416666666666668
2020-08-03,Pop,11,34.54545454545455,23.09090909090909,14.727272727272727,20.0
2020-08-10,Pop,11,31.363636363636363,34.54545454545455,13.545454545454545,21.0
2020-08-17,Pop,12,39.25,24.75,22.916666666666668,17.333333333333332
2020-08-24,Pop,14,41.92857142857143,33.642857142857146,25.0,15.857142857142858
2020-08-31,Pop,13,39.0,37.69230769230769,19.076923076923077,17.692307692307693
2020-09-07,Pop,14,37.285714285714285,36.214285714285715,19.928571428571427,17.428571428571427
2020-09-14,Pop,14,39.92857142857143,37.285714285714285,19.142857142857142,18.428571428571427
2020-09-21,Pop,13,36.23076923076923,31.615384615384617,22.23076923076923,17.076923076923077
2020-09-28,Pop,15,39.8,31.4,21.6,15.8
2020-10-05,Pop,17,48.88235294117647,35.11764705882353,29.88235294117647,14.941176470588236
2020-10-12,Pop,15,41.13333333333333,31.733333333333334,19.533333333333335,16.8
2020-10-19,Pop,15,40.2,34.333333333333336,26.733333333333334,16.466666666666665
2020-10-26,Pop,14,37.5,35.857142857142854,22.0,16.5
2020-11-02,Pop,15,37.8,29.666666666666668,23.0,16.066666666666666
2020-11-09,Pop,28,49.0,18.892857142857142,38.57142857142857,8.428571428571429
2020-11-16,Pop,18,49.111111111111114,43.44444444444444,31.0,10.777777777777779
2020-11-23,Pop,17,43.705882352941174,35.94117647058823,28.352941176470587,14.235294117647058
2020-11-30,Pop,17,42.11764705882353,30.11764705882353,24.058823529411764,12.117647058823529
2020-12-07,Pop,16,43.0625,38.8125,20.625,13.375
2020-12-14,Pop,18,49.833333333333336,35.5,27.72222222222222,12.11111111111111
2020-12-21,Pop,11,40.18181818181818,31.727272727272727,20.636363636363637,12.545454545454545
2020-12-28,Pop,15,48.0,29.466666666666665,28.4,11.866666666666667
2021-01-04,Pop,16,43.25,36.9375,28.5625,15.25
2021-01-11,Pop,19,45.31578947368421,35.94736842105263,32.0,12.052631578947368
2021-01-18,Pop,16,43.0625,33.8125,24.25,12.0625
2021-01-25,Pop,17,46.88235294117647,34.76470588235294,32.1764705882353,11.235294117647058
2021-02-01,Pop,19,47.63157894736842,37.10526315789474,34.05263157894737,11.052631578947368
2021-02-08,Pop,17,51.294117647058826,42.0,34.35294117647059,11.0
2021-02-15,Pop,16,52.6875,41.1875,35.9375,10.625
2021-02-22,Pop,14,42.92857142857143,42.714285714285715,32.42857142857143,10.142857142857142
2021-03-01,Pop,16,48.4375,37.5625,37.1875,9.875
2021-03-08,Pop,13,40.15384615384615,40.61538461538461,31.692307692307693,11.923076923076923
2021-03-15,Pop,15,41.4,32.06666666666667,32.0,10.0
2021-03-22,Pop,13,41.07692307692308,32.76923076923077,31.76923076923077,8.76923076923077
2021-03-29,Pop,23,49.78260869565217,19.565217391304348,45.608695652173914,5.869565217391305
2021-04-05,Pop,15,37.4,31.066666666666666,23.8,9.4
2021-04-12,Pop,19,42.73684210526316,29.526315789473685,29.526315789473685,8.421052631578947
2021-04-19,Pop,17,40.294117647058826,28.176470588235293,22.941176470588236,7.9411764705882355
2021-04-26,Pop,16,36.75,26.8125,20.8125,9.5625
2021-05-03,Pop,16,37.9375,36.75,20.25,10.5625
2021-05-10,Pop,14,30.714285714285715,30.857142857142858,19.0,11.0
2021-05-17,Pop,16,33.125,28.6875,20.1875,12.3125
2021-05-24,Pop,14,32.92857142857143,23.5,21.142857142857142,9.5
2021-05-31,Pop,24,31.291666666666668,19.208333333333332,24.583333333333332,6.583333333333333
2021-06-07,Pop,24,34.0,31.291666666666668,23.416666666666668,7.583333333333333
2021-06-14,Pop,22,36.22727272727273,28.318181818181817,21.09090909090909,8.545454545454545
2021-06-21,Pop,21,36.04761904761905,30.285714285714285,19.761904761904763,9.0
2021-06-28,Pop,22,37.90909090909091,30.09090909090909,21.727272727272727,10.181818181818182
2021-07-05,Pop,26,41.5,25.76923076923077,27.884615384615383,8.73076923076923
2021-07-12,Pop,26,41.07692307692308,34.53846153846154,22.807692307692307,9.961538461538462
2021-07-19,Pop,26,40.53846153846154,37.42307692307692,21.96153846153846,12.26923076923077
2021-07-26,Pop,26,38.19230769230769,33.42307692307692,19.26923076923077,12.923076923076923
2021-08-02,Pop,25,39.0,31.96,22.4,12.32
2021-08-09,Pop,25,38.04,35.2,21.6,12.92
2021-08-16,Pop,25,37.36,30.36,21.68,13.24
2021-08-23,Pop,26,34.53846153846154,28.807692307692307,22.076923076923077,13.26923076923077
2021-08-30,Pop,29,37.6551724137931,24.96551724137931,25.517241379310345,12.758620689655173
2021-09-06,Pop,25,42.76,32.44,19.72,14.68
2021-09-13,Pop,24,51.708333333333336,40.5,20.041666666666668,15.791666666666666
2021-09-20,Pop,26,42.26923076923077,47.73076923076923,22.03846153846154,15.615384615384615
2021-09-27,Pop,33,45.27272727272727,30.363636363636363,32.03030303030303,12.93939393939394
2021-10-04,Pop,23,35.130434782608695,32.0,18.17391304347826,17.47826086956522
2021-10-11,Pop,23,32.82608695652174,31.91304347826087,19.52173913043478,18.217391304347824
2021-10-18,Pop,26,37.15384615384615,29.03846153846154,22.615384615384617,17.576923076923077
2021-10-25,Pop,24,32.666666666666664,31.041666666666668,20.833333333333332,17.916666666666668
2021-11-01,Pop,23,32.47826086956522,29.782608695652176,20.304347826086957,18.043478260869566
1960-03-14,Rap/Hip Hop,1,84.0,0.0,84.0,1.0
1960-03-21,Rap/Hip Hop,1,87.0,84.0,84.0,2.0
1962-01-15,Rap/Hip Hop,1,92.0,0.0,92.0,1.0
1962-01-22,Rap/Hip Hop,1,89.0,92.0,89.0,2.0
1962-01-29,Rap/Hip Hop,1,94.0,89.0,89.0,3.0
1962-02-05,Rap/Hip Hop,1,81.0,94.0,81.0,4.0
1962-02-12,Rap/Hip Hop,1,61.0,81.0,61.0,5.0
1962-02-19,Rap/Hip Hop,1,56.0,61.0,56.0,6.0
1962-02-26,Rap/Hip Hop,1,42.0,56.0,42.0,7.0
1962-03-05,Rap/Hip Hop,1,32.0,42.0,32.0,8.0
1962-03-12,Rap/Hip Hop,1,31.0,32.0,31.0,9.0
1962-03-19,Rap/Hip Hop,2,60.0,15.5,60.0,5.5
1962-03-26,Rap/Hip Hop,2,52.5,60.0,51.0,6.5
1962-04-02,Rap/Hip Hop,2,52.0,52.5,46.5,7.5
1962-04-09,Rap/Hip Hop,2,60.5,52.0,44.5,8.5
1962-04-16,Rap/Hip Hop,1,56.0,59.0,56.0,5.0
1962-04-23,Rap/Hip Hop,1,50.0,56.0,50.0,6.0
1962-04-30,Rap/Hip Hop,1,62.0,50.0,50.0,7.0
1962-09-03,Rap/Hip Hop,1,96.0,0.0,96.0,1.0
1964-06-29,Rap/Hip Hop,1,82.0,0.0,82.0,1.0
1964-07-06,Rap/Hip Hop,1,80.0,82.0,80.0,2.0
1964-07-13,Rap/Hip Hop,1,67.0,80.0,67.0,3.0
1964-07-20,Rap/Hip Hop,1,55.0,67.0,55.0,4.0
1964-07-27,Rap/Hip Hop,1,52.0,55.0,52.0,5.0
1964-08-03,Rap/Hip Hop,1,52.0,52.0,52.0,6.0
1968-01-29,Rap/Hip Hop,2,91.0,0.0,91.0,1.0
1968-02-05,Rap/Hip Hop,2,90.5,91.0,90.5,2.0
1968-02-12,Rap/Hip Hop,2,80.5,90.5,80.5,3.0
1968-02-19,Rap/Hip Hop,1,67.0,67.0,67.0,4.0
1968-03-11,Rap/Hip Hop,1,95.0,0.0,95.0,1.0
1968-03-18,Rap/Hip Hop,1,95.0,95.0,95.0,2.0
1968-03-25,Rap/Hip Hop,1,88.0,95.0,88.0,3.0
1968-04-01,Rap/Hip Hop,1,87.0,88.0,87.0,4.0
1969-03-03,Rap/Hip Hop,1,91.0,0.0,91.0,1.0
1969-03-10,Rap/Hip Hop,1,78.0,91.0,78.0,2.0
1969-03-17,Rap/Hip Hop,2,79.0,39.0,79.0,2.0
1969-03-24,Rap/Hip Hop,2,73.5,79.0,73.5,3.0
1969-03-31,Rap/Hip Hop,2,69.5,73.5,69.5,4.0
1969-04-07,Rap/Hip Hop,1,42.0,47.0,42.0,6.0
1969-04-14,Rap/Hip Hop,1,38.0,42.0,38.0,7.0
1969-04-21,Rap/Hip Hop,1,38.0,38.0,38.0,8.0
1969-04-28,Rap/Hip Hop,1,48.0,38.0,38.0,9.0
1969-05-05,Rap/Hip Hop,1,49.0,48.0,38.0,10.0
1972-03-13,Rap/Hip Hop,1,98.0,0.0,98.0,1.0
1972-03-20,Rap/Hip Hop,1,97.0,98.0,97.0,2.0
1972-07-17,Rap/Hip Hop,1,97.0,0.0,97.0,1.0
1972-07-24,Rap/Hip Hop,1,94.0,97.0,94.0,2.0
1972-07-31,Rap/Hip Hop,1,94.0,94.0,94.0,3.0
1972-08-07,Rap/Hip Hop,1,94.0,94.0,94.0,4.0
1972-08-14,Rap/Hip Hop,1,93.0,94.0,93.0,5.0
1975-02-17,Rap/Hip Hop,1,84.0,0.0,84.0,1.0
1975-02-24,Rap/Hip Hop,1,74.0,84.0,74.0,2.0
1975-03-03,Rap/Hip Hop,1,64.0,74.0,64.0,3.0
1975-03-10,Rap/Hip Hop,1,62.0,64.0,62.0,4.0
1975-03-17,Rap/Hip Hop,1,95.0,62.0,62.0,5.0
1975-03-24,Rap/Hip Hop,1,94.0,95.0,62.0,6.0
1975-07-21,Rap/Hip Hop,1,88.0,0.0,88.0,1.0
1975-07-28,Rap/Hip Hop,1,82.0,88.0,82.0,2.0
1975-08-04,Rap/Hip Hop,1,71.0,82.0,71.0,3.0
1975-08-11,Rap/Hip Hop,2,85.5,35.5,85.5,2.5
1975-08-18,Rap/Hip Hop,1,100.0,100.0,100.0,2.0
1975-09-15,Rap/Hip Hop,1,97.0,0.0,97.0,3.0
1975-09-22,Rap/Hip Hop,1,95.0,97.0,95.0,4.0
1976-02-09,Rap/Hip Hop,1,80.0,0.0,80.0,1.0
1976-02-16,Rap/Hip Hop,1,70.0,80.0,70.0,2.0
1976-02-23,Rap/Hip Hop,1,53.0,70.0,53.0,3.0
1976-03-01,Rap/Hip Hop,1,40.0,53.0,40.0,4.0
1976-03-08,Rap/Hip Hop,1,30.0,40.0,30.0,5.0
1976-03-15,Rap/Hip Hop,1,26.0,30.0,26.0,6.0
1976-03-22,Rap/Hip Hop,1,23.0,26.0,23.0,7.0
1976-03-29,Rap/Hip Hop,1,21.0,23.0,21.0,8.0
1976-04-05,Rap/Hip Hop,1,21.0,21.0,21.0,9.0
1976-04-12,Rap/Hip Hop,1,20.0,21.0,20.0,10.0
1976-04-19,Rap/Hip Hop,1,51.0,20.0,20.0,11.0
1976-04-26,Rap/Hip Hop,1,57.0,51.0,20.0,12.0
1976-05-03,Rap/Hip Hop,1,59.0,57.0,20.0,13.0
1976-05-10,Rap/Hip Hop,1,98.0,59.0,20.0,14.0
1978-03-27,Rap/Hip Hop,1,90.0,0.0,90.0,1.0
1978-04-03,Rap/Hip Hop,1,84.0,90.0,84.0,2.0
1978-04-10,Rap/Hip Hop,1,84.0,84.0,84.0,3.0
1978-04-17,Rap/Hip Hop,1,80.0,84.0,80.0,4.0
1978-04-24,Rap/Hip Hop,1,76.0,80.0,76.0,5.0
1978-05-01,Rap/Hip Hop,1,72.0,76.0,72.0,6.0
1978-05-08,Rap/Hip Hop,1,68.0,72.0,68.0,7.0
1978-05-15,Rap/Hip Hop,1,59.0,68.0,59.0,8.0
1978-05-22,Rap/Hip Hop,1,56.0,59.0,56.0,9.0
1978-05-29,Rap/Hip Hop,1,46.0,56.0,46.0,10.0
1978-06-05,Rap/Hip Hop,1,43.0,46.0,43.0,11.0
1978-06-12,Rap/Hip Hop,1,41.0,43.0,41.0,12.0
1978-06-19,Rap/Hip Hop,1,38.0,41.0,38.0,13.0
1978-06-26,Rap/Hip Hop,1,54.0,38.0,38.0,14.0
1978-07-03,Rap/Hip Hop,1,70.0,54.0,38.0,15.0
1978-07-10,Rap/Hip Hop,1,95.0,70.0,38.0,16.0
1978-07-17,Rap/Hip Hop,1,95.0,95.0,38.0,17.0
1978-07-24,Rap/Hip Hop,1,95.0,95.0,38.0,18.0
1979-11-05,Rap/Hip Hop,1,84.0,0.0,84.0,1.0
1979-11-12,Rap/Hip Hop,1,72.0,84.0,72.0,2.0
1979-11-19,Rap/Hip Hop,1,63.0,72.0,63.0,3.0
1979-11-26,Rap/Hip Hop,1,61.0,63.0,61.0,4.0
1979-12-03,Rap/Hip Hop,1,51.0,61.0,51.0,5.0
1979-12-10,Rap/Hip Hop,1,47.0,51.0,47.0,6.0
1979-12-17,Rap/Hip Hop,1,43.0,47.0,43.0,7.0
1979-12-24,Rap/Hip Hop,1,43.0,43.0,43.0,8.0
1979-12-31,Rap/Hip Hop,1,37.0,43.0,37.0,9.0
1980-01-07,Rap/Hip Hop,1,36.0,37.0,36.0,10.0
1980-01-14,Rap/Hip Hop,1,95.0,36.0,36.0,11.0
1980-01-21,Rap/Hip Hop,1,100.0,95.0,36.0,12.0
1980-08-18,Rap/Hip Hop,1,83.0,0.0,83.0,1.0
1980-08-25,Rap/Hip Hop,1,72.0,83.0,72.0,2.0
1980-09-01,Rap/Hip Hop,1,64.0,72.0,64.0,3.0
1980-09-08,Rap/Hip Hop,1,59.0,64.0,59.0,4.0
1980-09-15,Rap/Hip Hop,1,53.0,59.0,53.0,5.0
1980-09-22,Rap/Hip Hop,1,47.0,53.0,47.0,6.0
1980-09-29,Rap/Hip Hop,1,47.0,47.0,47.0,7.0
1980-10-06,Rap/Hip Hop,1,51.0,47.0,47.0,8.0
1980-10-13,Rap/Hip Hop,1,65.0,51.0,47.0,9.0
1980-10-20,Rap/Hip Hop,1,85.0,65.0,47.0,10.0
1981-02-02,Rap/Hip Hop,1,98.0,0.0,98.0,1.0
1981-02-09,Rap/Hip Hop,1,96.0,98.0,96.0,2.0
1981-02-16,Rap/Hip Hop,1,93.0,96.0,93.0,3.0
1981-02-23,Rap/Hip Hop,1,90.0,93.0,90.0,4.0
1981-03-02,Rap/Hip Hop,1,90.0,90.0,90.0,5.0
1981-03-09,Rap/Hip Hop,1,88.0,90.0,88.0,6.0
1981-03-16,Rap/Hip Hop,1,85.0,88.0,85.0,7.0
1981-03-23,Rap/Hip Hop,1,82.0,85.0,82.0,8.0
1981-03-30,Rap/Hip Hop,1,92.0,82.0,82.0,9.0
1981-09-07,Rap/Hip Hop,1,91.0,0.0,91.0,1.0
1981-09-14,Rap/Hip Hop,1,89.0,91.0,89.0,2.0
1981-09-21,Rap/Hip Hop,1,88.0,89.0,88.0,3.0
1982-02-08,Rap/Hip Hop,1,88.0,0.0,88.0,1.0
1982-02-15,Rap/Hip Hop,1,80.0,88.0,80.0,2.0
1982-02-22,Rap/Hip Hop,1,71.0,80.0,71.0,3.0
1982-03-01,Rap/Hip Hop,1,61.0,71.0,61.0,4.0
1982-03-08,Rap/Hip Hop,1,58.0,61.0,58.0,5.0
1982-03-15,Rap/Hip Hop,1,57.0,58.0,57.0,6.0
1982-03-22,Rap/Hip Hop,1,56.0,57.0,56.0,7.0
1982-03-29,Rap/Hip Hop,1,55.0,56.0,55.0,8.0
1982-04-05,Rap/Hip Hop,1,53.0,55.0,53.0,9.0
1982-04-12,Rap/Hip Hop,2,72.5,26.5,72.5,5.5
1982-04-19,Rap/Hip Hop,2,93.5,72.5,72.5,6.5
1982-04-26,Rap/Hip Hop,1,89.0,92.0,89.0,3.0
1982-05-03,Rap/Hip Hop,1,93.0,89.0,89.0,4.0
1982-05-31,Rap/Hip Hop,1,85.0,0.0,85.0,1.0
1982-06-07,Rap/Hip Hop,1,81.0,85.0,81.0,2.0
1982-06-14,Rap/Hip Hop,1,74.0,81.0,74.0,3.0
1982-06-21,Rap/Hip Hop,1,69.0,74.0,69.0,4.0
1982-06-28,Rap/Hip Hop,1,60.0,69.0,60.0,5.0
1982-07-05,Rap/Hip Hop,1,58.0,60.0,58.0,6.0
1982-07-12,Rap/Hip Hop,1,57.0,58.0,57.0,7.0
1982-07-19,Rap/Hip Hop,1,56.0,57.0,56.0,8.0
1982-07-26,Rap/Hip Hop,1,92.0,56.0,56.0,9.0
1982-08-02,Rap/Hip Hop,1,100.0,92.0,56.0,10.0
1982-10-11,Rap/Hip Hop,2,87.0,0.0,87.0,1.0
1982-10-18,Rap/Hip Hop,2,80.5,87.0,80.5,2.0
1982-10-25,Rap/Hip Hop,2,73.0,80.5,73.0,3.0
1982-11-01,Rap/Hip Hop,2,68.5,73.0,68.5,4.0
1982-11-08,Rap/Hip Hop,2,79.0,68.5,68.5,5.0
1982-11-15,Rap/Hip Hop,2,92.5,79.0,68.5,6.0
1982-11-22,Rap/Hip Hop,2,96.5,92.5,68.5,7.0
1983-01-31,Rap/Hip Hop,1,65.0,0.0,65.0,1.0
1983-02-07,Rap/Hip Hop,1,60.0,65.0,60.0,2.0
1983-02-14,Rap/Hip Hop,1,49.0,60.0,49.0,3.0
1983-02-21,Rap/Hip Hop,1,45.0,49.0,45.0,4.0
1983-02-28,Rap/Hip Hop,1,42.0,45.0,42.0,5.0
1983-03-07,Rap/Hip Hop,1,42.0,42.0,42.0,6.0
1983-03-14,Rap/Hip Hop,1,40.0,42.0,40.0,7.0
1983-03-21,Rap/Hip Hop,1,40.0,40.0,40.0,8.0
1983-03-28,Rap/Hip Hop,1,57.0,40.0,40.0,9.0
1983-04-04,Rap/Hip Hop,1,88.0,57.0,40.0,10.0
1983-04-25,Rap/Hip Hop,1,90.0,0.0,90.0,1.0
1983-05-02,Rap/Hip Hop,1,83.0,90.0,83.0,2.0
1983-05-09,Rap/Hip Hop,1,74.0,83.0,74.0,3.0
1983-05-16,Rap/Hip Hop,1,68.0,74.0,68.0,4.0
1983-05-23,Rap/Hip Hop,1,63.0,68.0,63.0,5.0
1983-05-30,Rap/Hip Hop,1,63.0,63.0,63.0,6.0
1983-06-06,Rap/Hip Hop,1,77.0,63.0,63.0,7.0
1983-06-13,Rap/Hip Hop,1,97.0,77.0,63.0,8.0
1984-06-18,Rap/Hip Hop,1,88.0,0.0,88.0,1.0
1984-06-25,Rap/Hip Hop,1,85.0,88.0,85.0,2.0
1984-07-02,Rap/Hip Hop,1,82.0,85.0,82.0,3.0
1984-07-09,Rap/Hip Hop,1,81.0,82.0,81.0,4.0
1984-07-16,Rap/Hip Hop,1,85.0,81.0,81.0,5.0
1984-07-23,Rap/Hip Hop,1,87.0,85.0,81.0,6.0
1984-07-30,Rap/Hip Hop,1,93.0,87.0,81.0,7.0
1984-08-06,Rap/Hip Hop,1,98.0,93.0,81.0,8.0
1984-11-05,Rap/Hip Hop,1,90.0,0.0,90.0,1.0
1984-11-12,Rap/Hip Hop,1,80.0,90.0,80.0,2.0
1984-11-19,Rap/Hip Hop,1,69.0,80.0,69.0,3.0
1984-11-26,Rap/Hip Hop,1,62.0,69.0,62.0,4.0
1984-12-03,Rap/Hip Hop,1,58.0,62.0,58.0,5.0
1984-12-10,Rap/Hip Hop,1,51.0,58.0,51.0,6.0
1984-12-17,Rap/Hip Hop,1,45.0,51.0,45.0,7.0
1984-12-24,Rap/Hip Hop,1,45.0,45.0,45.0,8.0
1984-12-31,Rap/Hip Hop,1,36.0,45.0,36.0,9.0
1985-01-07,Rap/Hip Hop,1,32.0,36.0,32.0,10.0
1985-01-14,Rap/Hip Hop,1,25.0,32.0,25.0,11.0
1985-01-21,Rap/Hip Hop,1,21.0,25.0,21.0,12.0
1985-01-28,Rap/Hip Hop,1,14.0,21.0,14.0,13.0
1985-02-04,Rap/Hip Hop,1,12.0,14.0,12.0,14.0
1985-02-11,Rap/Hip Hop,1,12.0,12.0,12.0,15.0
1985-02-18,Rap/Hip Hop,1,14.0,12.0,12.0,16.0
1985-02-25,Rap/Hip Hop,1,17.0,14.0,12.0,17.0
1985-03-04,Rap/Hip Hop,2,52.5,8.5,45.5,9.5
1985-03-11,Rap/Hip Hop,2,58.0,52.5,44.5,10.5
1985-03-18,Rap/Hip Hop,2,71.5,58.0,44.5,11.5
1985-03-25,Rap/Hip Hop,2,80.0,71.5,44.5,12.5
1985-04-01,Rap/Hip Hop,2,89.5,80.0,44.5,13.5
1985-04-08,Rap/Hip Hop,1,83.0,82.0,12.0,23.0
1985-04-15,Rap/Hip Hop,1,95.0,83.0,12.0,24.0
1985-07-15,Rap/Hip Hop,1,77.0,0.0,77.0,1.0
1985-07-22,Rap/Hip Hop,1,70.0,77.0,70.0,2.0
1985-07-29,Rap/Hip Hop,1,55.0,70.0,55.0,3.0
1985-08-05,Rap/Hip Hop,1,49.0,55.0,49.0,4.0
1985-08-12,Rap/Hip Hop,1,44.0,49.0,44.0,5.0
1985-08-19,Rap/Hip Hop,1,43.0,44.0,43.0,6.0
1985-08-26,Rap/Hip Hop,1,49.0,43.0,43.0,7.0
1985-09-02,Rap/Hip Hop,1,62.0,49.0,43.0,8.0
1985-09-09,Rap/Hip Hop,1,84.0,62.0,43.0,9.0
1985-09-16,Rap/Hip Hop,1,97.0,84.0,43.0,10.0
1986-07-21,Rap/Hip Hop,1,73.0,0.0,73.0,1.0
1986-07-28,Rap/Hip Hop,1,55.0,73.0,55.0,2.0
1986-08-04,Rap/Hip Hop,1,43.0,55.0,43.0,3.0
1986-08-11,Rap/Hip Hop,1,30.0,43.0,30.0,4.0
1986-08-18,Rap/Hip Hop,1,20.0,30.0,20.0,5.0
1986-08-25,Rap/Hip Hop,1,15.0,20.0,15.0,6.0
1986-09-01,Rap/Hip Hop,1,10.0,15.0,10.0,7.0
1986-09-08,Rap/Hip Hop,1,9.0,10.0,9.0,8.0
1986-09-15,Rap/Hip Hop,1,6.0,9.0,6.0,9.0
1986-09-22,Rap/Hip Hop,2,48.5,3.0,48.5,5.5
1986-09-29,Rap/Hip Hop,2,48.0,48.5,46.0,6.5
1986-10-06,Rap/Hip Hop,2,50.0,48.0,44.0,7.5
1986-10-13,Rap/Hip Hop,2,60.5,50.0,44.0,8.5
1986-10-20,Rap/Hip Hop,2,63.5,13.0,45.0,7.5
1986-10-27,Rap/Hip Hop,2,66.5,63.5,40.0,8.5
1986-11-03,Rap/Hip Hop,2,75.0,66.5,32.5,9.5
1986-11-10,Rap/Hip Hop,1,54.0,61.0,54.0,4.0
1986-11-17,Rap/Hip Hop,1,43.0,54.0,43.0,5.0
1986-11-24,Rap/Hip Hop,1,39.0,43.0,39.0,6.0
1986-12-01,Rap/Hip Hop,1,35.0,39.0,35.0,7.0
1986-12-08,Rap/Hip Hop,1,31.0,35.0,31.0,8.0
1986-12-15,Rap/Hip Hop,2,57.5,15.5,57.5,5.0
1986-12-22,Rap/Hip Hop,2,48.5,57.5,48.5,6.0
1986-12-29,Rap/Hip Hop,2,48.5,48.5,48.5,7.0
1987-01-05,Rap/Hip Hop,2,49.0,48.5,46.0,8.0
1987-01-12,Rap/Hip Hop,2,51.0,49.0,40.5,9.0
1987-01-19,Rap/Hip Hop,3,62.0,34.0,54.333333333333336,7.0
1987-01-26,Rap/Hip Hop,3,60.333333333333336,62.0,52.0,8.0
1987-02-02,Rap/Hip Hop,3,59.666666666666664,60.333333333333336,48.666666666666664,9.0
1987-02-09,Rap/Hip Hop,3,62.333333333333336,59.666666666666664,46.333333333333336,10.0
1987-02-16,Rap/Hip Hop,2,56.5,43.5,21.5,14.0
1987-02-23,Rap/Hip Hop,2,50.5,7.0,50.5,6.0
1987-03-02,Rap/Hip Hop,2,47.0,50.5,47.0,7.0
1987-03-09,Rap/Hip Hop,2,45.0,47.0,43.0,8.0
1987-03-16,Rap/Hip Hop,3,51.666666666666664,30.0,49.0,6.333333333333333
1987-03-23,Rap/Hip Hop,3,51.0,51.666666666666664,44.333333333333336,7.333333333333333
1987-03-30,Rap/Hip Hop,3,54.666666666666664,51.0,41.333333333333336,8.333333333333334
1987-04-06,Rap/Hip Hop,3,58.333333333333336,54.666666666666664,39.0,9.333333333333334
1987-04-13,Rap/Hip Hop,4,78.0,43.75,52.5,8.0
1987-04-20,Rap/Hip Hop,3,70.33333333333333,70.66666666666667,64.66666666666667,5.666666666666667
1987-04-27,Rap/Hip Hop,3,74.66666666666667,70.33333333333333,64.66666666666667,6.666666666666667
1987-05-04,Rap/Hip Hop,2,75.0,71.0,68.5,6.0
1987-05-11,Rap/Hip Hop,2,86.5,75.0,68.5,7.0
1987-05-18,Rap/Hip Hop,1,94.0,74.0,48.0,10.0
1987-06-22,Rap/Hip Hop,1,93.0,0.0,93.0,1.0
1987-06-29,Rap/Hip Hop,1,81.0,93.0,81.0,2.0
1987-07-06,Rap/Hip Hop,3,79.0,27.0,79.0,1.6666666666666667
1987-07-13,Rap/Hip Hop,3,73.33333333333333,79.0,73.33333333333333,2.6666666666666665
1987-07-20,Rap/Hip Hop,3,70.66666666666667,73.33333333333333,69.0,3.6666666666666665
1987-07-27,Rap/Hip Hop,3,72.33333333333333,70.66666666666667,65.0,4.666666666666667
1987-08-03,Rap/Hip Hop,2,68.5,61.0,52.5,6.0
1987-08-10,Rap/Hip Hop,1,30.0,39.0,30.0,6.0
1987-08-17,Rap/Hip Hop,1,23.0,30.0,23.0,7.0
1987-08-24,Rap/Hip Hop,1,20.0,23.0,20.0,8.0
1987-08-31,Rap/Hip Hop,1,16.0,20.0,16.0,9.0
1987-09-07,Rap/Hip Hop,1,13.0,16.0,13.0,10.0
1987-09-14,Rap/Hip Hop,1,12.0,13.0,12.0,11.0
1987-09-21,Rap/Hip Hop,1,12.0,12.0,12.0,12.0
1987-09-28,Rap/Hip Hop,1,18.0,12.0,12.0,13.0
1987-10-05,Rap/Hip Hop,1,26.0,18.0,12.0,14.0
1987-10-12,Rap/Hip Hop,1,37.0,26.0,12.0,15.0
1987-10-19,Rap/Hip Hop,1,48.0,37.0,12.0,16.0
1987-10-26,Rap/Hip Hop,1,56.0,48.0,12.0,17.0
1987-11-02,Rap/Hip Hop,1,59.0,56.0,12.0,18.0
1987-11-09,Rap/Hip Hop,1,100.0,59.0,12.0,19.0
1988-04-18,Rap/Hip Hop,1,78.0,0.0,78.0,1.0
1988-04-25,Rap/Hip Hop,2,82.5,39.0,82.5,1.5
1988-05-02,Rap/Hip Hop,2,69.5,82.5,69.5,2.5
1988-05-09,Rap/Hip Hop,2,61.5,69.5,61.5,3.5
1988-05-16,Rap/Hip Hop,2,55.0,61.5,55.0,4.5
1988-05-23,Rap/Hip Hop,2,53.0,55.0,52.5,5.5
1988-05-30,Rap/Hip Hop,2,52.0,53.0,52.0,6.5
1988-06-06,Rap/Hip Hop,3,63.333333333333336,34.666666666666664,61.666666666666664,5.333333333333333
1988-06-13,Rap/Hip Hop,4,65.0,47.5,61.5,5.0
1988-06-20,Rap/Hip Hop,4,60.25,65.0,54.25,6.0
1988-06-27,Rap/Hip Hop,4,59.25,60.25,52.25,7.0
1988-07-04,Rap/Hip Hop,4,65.0,59.25,49.5,8.0
1988-07-11,Rap/Hip Hop,3,53.0,53.666666666666664,43.0,8.0
1988-07-18,Rap/Hip Hop,3,58.0,53.0,40.666666666666664,9.0
1988-07-25,Rap/Hip Hop,3,54.333333333333336,25.666666666666668,44.666666666666664,7.666666666666667
1988-08-01,Rap/Hip Hop,3,54.666666666666664,54.333333333333336,43.666666666666664,8.666666666666666
1988-08-08,Rap/Hip Hop,3,54.0,54.666666666666664,40.666666666666664,9.666666666666666
1988-08-15,Rap/Hip Hop,4,66.25,40.5,53.25,8.25
1988-08-22,Rap/Hip Hop,4,72.25,66.25,50.75,9.25
1988-08-29,Rap/Hip Hop,4,79.75,72.25,47.5,10.25
1988-09-05,Rap/Hip Hop,3,74.66666666666667,73.0,34.666666666666664,12.666666666666666
1988-09-12,Rap/Hip Hop,4,85.0,56.0,49.75,10.5
1988-09-19,Rap/Hip Hop,3,76.33333333333333,82.0,51.0,7.666666666666667
1988-09-26,Rap/Hip Hop,2,59.0,68.5,59.0,5.0
1988-10-03,Rap/Hip Hop,2,53.0,59.0,53.0,6.0
1988-10-10,Rap/Hip Hop,3,65.33333333333333,35.333333333333336,65.33333333333333,5.0
1988-10-17,Rap/Hip Hop,3,62.333333333333336,65.33333333333333,62.333333333333336,6.0
1988-10-24,Rap/Hip Hop,4,71.5,46.75,69.75,5.5
1988-10-31,Rap/Hip Hop,3,70.66666666666667,64.66666666666667,58.666666666666664,7.333333333333333
1988-11-07,Rap/Hip Hop,3,74.33333333333333,70.66666666666667,56.333333333333336,8.333333333333334
1988-11-14,Rap/Hip Hop,2,68.0,62.0,49.5,9.0
1988-11-21,Rap/Hip Hop,2,74.0,68.0,47.5,10.0
1988-11-28,Rap/Hip Hop,3,82.0,49.333333333333336,61.666666666666664,7.666666666666667
1988-12-05,Rap/Hip Hop,3,77.33333333333333,49.666666666666664,77.0,3.3333333333333335
1988-12-12,Rap/Hip Hop,4,77.0,58.0,74.75,3.5
1988-12-19,Rap/Hip Hop,5,76.0,61.6,73.6,3.8
1988-12-26,Rap/Hip Hop,5,76.0,76.0,73.6,4.8
1989-01-02,Rap/Hip Hop,5,72.4,76.0,65.8,5.8
1989-01-09,Rap/Hip Hop,4,61.0,65.5,52.25,7.0
1989-01-16,Rap/Hip Hop,3,46.0,50.666666666666664,45.333333333333336,6.333333333333333
1989-01-23,Rap/Hip Hop,3,41.666666666666664,46.0,41.0,7.333333333333333
1989-01-30,Rap/Hip Hop,3,41.333333333333336,41.666666666666664,37.333333333333336,8.333333333333334
1989-02-06,Rap/Hip Hop,3,43.333333333333336,41.333333333333336,35.0,9.333333333333334
1989-02-13,Rap/Hip Hop,2,14.0,17.5,14.0,10.5
1989-02-20,Rap/Hip Hop,2,12.5,14.0,12.0,11.5
1989-02-27,Rap/Hip Hop,3,28.0,8.333333333333334,26.666666666666668,8.666666666666666
1989-03-06,Rap/Hip Hop,3,26.333333333333332,28.0,21.333333333333332,9.666666666666666
1989-03-13,Rap/Hip Hop,3,24.333333333333332,26.333333333333332,16.0,10.666666666666666
1989-03-20,Rap/Hip Hop,3,27.666666666666668,24.333333333333332,14.333333333333334,11.666666666666666
1989-03-27,Rap/Hip Hop,4,45.25,20.75,29.25,9.75
1989-04-03,Rap/Hip Hop,4,47.25,45.25,24.25,10.75
1989-04-10,Rap/Hip Hop,4,47.5,47.25,21.25,11.75
1989-04-17,Rap/Hip Hop,4,51.25,47.5,17.25,12.75
1989-04-24,Rap/Hip Hop,3,38.0,39.666666666666664,15.333333333333334,12.0
1989-05-01,Rap/Hip Hop,3,36.0,38.0,12.333333333333334,13.0
1989-05-08,Rap/Hip Hop,3,40.666666666666664,36.0,9.333333333333334,14.0
1989-05-15,Rap/Hip Hop,3,45.0,40.666666666666664,8.0,15.0
1989-05-22,Rap/Hip Hop,3,45.333333333333336,14.0,35.0,7.666666666666667
1989-05-29,Rap/Hip Hop,5,63.6,27.2,54.4,5.6
1989-06-05,Rap/Hip Hop,6,63.5,53.0,54.666666666666664,5.666666666666667
1989-06-12,Rap/Hip Hop,6,54.0,63.5,43.166666666666664,6.666666666666667
1989-06-19,Rap/Hip Hop,7,56.714285714285715,46.285714285714285,46.57142857142857,6.714285714285714
1989-06-26,Rap/Hip Hop,7,52.57142857142857,56.714285714285715,40.857142857142854,7.714285714285714
1989-07-03,Rap/Hip Hop,6,46.666666666666664,47.333333333333336,43.166666666666664,7.0
1989-07-10,Rap/Hip Hop,6,46.333333333333336,46.666666666666664,41.166666666666664,8.0
1989-07-17,Rap/Hip Hop,7,48.42857142857143,39.714285714285715,42.857142857142854,7.857142857142857
1989-07-24,Rap/Hip Hop,7,44.857142857142854,48.42857142857143,38.142857142857146,8.857142857142858
1989-07-31,Rap/Hip Hop,8,47.625,39.25,39.125,8.75
1989-08-07,Rap/Hip Hop,8,50.0,47.625,36.25,9.75
1989-08-14,Rap/Hip Hop,8,51.25,50.0,32.25,10.75
1989-08-21,Rap/Hip Hop,7,50.857142857142854,44.857142857142854,27.0,11.428571428571429
1989-08-28,Rap/Hip Hop,7,53.857142857142854,37.0,31.0,10.571428571428571
1989-09-04,Rap/Hip Hop,7,58.0,53.857142857142854,27.0,11.571428571428571
1989-09-11,Rap/Hip Hop,6,53.0,51.5,29.0,10.5
1989-09-18,Rap/Hip Hop,6,58.833333333333336,53.0,27.666666666666668,11.5
1989-09-25,Rap/Hip Hop,4,44.75,39.25,28.25,10.0
1989-10-02,Rap/Hip Hop,4,57.75,44.75,28.25,11.0
1989-10-09,Rap/Hip Hop,3,61.666666666666664,43.666666666666664,25.666666666666668,12.333333333333334
1989-10-16,Rap/Hip Hop,3,79.33333333333333,61.666666666666664,25.666666666666668,13.333333333333334
1989-10-23,Rap/Hip Hop,1,72.0,65.0,11.0,19.0
1989-10-30,Rap/Hip Hop,2,93.0,36.0,51.5,10.5
1989-11-06,Rap/Hip Hop,1,86.0,92.0,86.0,2.0
1989-11-13,Rap/Hip Hop,1,75.0,86.0,75.0,3.0
1989-11-20,Rap/Hip Hop,2,76.5,37.5,76.5,2.5
1989-11-27,Rap/Hip Hop,2,62.5,76.5,62.5,3.5
1989-12-04,Rap/Hip Hop,2,55.0,62.5,55.0,4.5
1989-12-11,Rap/Hip Hop,2,59.0,55.0,53.5,5.5
1989-12-18,Rap/Hip Hop,3,78.66666666666667,39.333333333333336,64.66666666666667,4.666666666666667
1989-12-25,Rap/Hip Hop,3,78.66666666666667,78.66666666666667,64.66666666666667,5.666666666666667
1990-01-01,Rap/Hip Hop,2,62.0,68.0,62.0,5.0
1990-01-08,Rap/Hip Hop,2,61.5,62.0,61.5,6.0
1990-01-15,Rap/Hip Hop,3,64.66666666666667,41.0,64.33333333333333,5.0
1990-01-22,Rap/Hip Hop,3,64.66666666666667,64.66666666666667,60.333333333333336,6.0
1990-01-29,Rap/Hip Hop,2,45.0,50.0,37.0,7.0
1990-02-05,Rap/Hip Hop,2,48.5,45.0,31.0,8.0
1990-02-12,Rap/Hip Hop,2,50.0,48.5,27.0,9.0
1990-02-19,Rap/Hip Hop,2,57.0,50.0,25.0,10.0
1990-02-26,Rap/Hip Hop,1,14.0,17.0,14.0,7.0
1990-03-05,Rap/Hip Hop,1,13.0,14.0,13.0,8.0
1990-03-12,Rap/Hip Hop,2,45.0,6.5,45.0,5.0
1990-03-19,Rap/Hip Hop,4,65.75,22.5,63.5,3.5
1990-03-26,Rap/Hip Hop,4,59.5,65.75,55.75,4.5
1990-04-02,Rap/Hip Hop,5,64.4,47.6,60.2,4.6
1990-04-09,Rap/Hip Hop,6,66.83333333333333,53.666666666666664,61.666666666666664,4.833333333333333
1990-04-16,Rap/Hip Hop,6,63.0,66.83333333333333,54.5,5.833333333333333
1990-04-23,Rap/Hip Hop,5,42.2,39.8,35.0,6.0
1990-04-30,Rap/Hip Hop,5,40.4,42.2,31.8,7.0
1990-05-07,Rap/Hip Hop,6,44.666666666666664,33.666666666666664,39.0,6.833333333333333
1990-05-14,Rap/Hip Hop,6,42.0,44.666666666666664,33.833333333333336,7.833333333333333
1990-05-21,Rap/Hip Hop,6,42.0,42.0,30.666666666666668,8.833333333333334
1990-05-28,Rap/Hip Hop,6,42.166666666666664,42.0,28.333333333333332,9.833333333333334
1990-06-04,Rap/Hip Hop,6,43.5,42.166666666666664,26.333333333333332,10.833333333333334
1990-06-11,Rap/Hip Hop,6,45.333333333333336,43.5,25.0,11.833333333333334
1990-06-18,Rap/Hip Hop,5,38.4,35.6,27.4,10.8
1990-06-25,Rap/Hip Hop,5,35.6,19.8,28.2,9.6
1990-07-02,Rap/Hip Hop,6,47.0,29.666666666666668,36.0,9.0
1990-07-09,Rap/Hip Hop,6,45.333333333333336,47.0,31.333333333333332,10.0
1990-07-16,Rap/Hip Hop,5,37.4,36.6,25.2,10.0
1990-07-23,Rap/Hip Hop,5,41.2,37.4,23.4,11.0
1990-07-30,Rap/Hip Hop,5,45.0,41.2,20.6,12.0
1990-08-06,Rap/Hip Hop,5,48.8,45.0,19.2,13.0
1990-08-13,Rap/Hip Hop,5,52.2,48.8,17.8,14.0
1990-08-20,Rap/Hip Hop,3,29.666666666666668,30.0,22.333333333333332,11.0
1990-08-27,Rap/Hip Hop,3,30.333333333333332,29.666666666666668,22.0,12.0
1990-09-03,Rap/Hip Hop,4,41.5,22.75,33.5,10.0
1990-09-10,Rap/Hip Hop,4,40.5,41.5,29.25,11.0
1990-09-17,Rap/Hip Hop,4,37.75,40.5,20.75,12.0
1990-09-24,Rap/Hip Hop,6,46.666666666666664,25.166666666666668,29.0,9.0
1990-10-01,Rap/Hip Hop,6,46.333333333333336,46.666666666666664,26.333333333333332,10.0
1990-10-08,Rap/Hip Hop,6,46.666666666666664,46.333333333333336,23.833333333333332,11.0
1990-10-15,Rap/Hip Hop,6,51.666666666666664,46.666666666666664,21.333333333333332,12.0
1990-10-22,Rap/Hip Hop,5,43.4,42.4,21.8,10.6
1990-10-29,Rap/Hip Hop,5,47.4,43.4,20.2,11.6
1990-11-05,Rap/Hip Hop,4,41.0,36.5,13.75,11.0
1990-11-12,Rap/Hip Hop,4,42.75,17.25,36.25,7.0
1990-11-19,Rap/Hip Hop,4,44.5,42.75,34.25,8.0
1990-11-26,Rap/Hip Hop,4,43.25,44.5,27.5,9.0
1990-12-03,Rap/Hip Hop,5,53.6,34.6,34.8,8.2
1990-12-10,Rap/Hip Hop,5,49.4,34.2,37.0,7.0
1990-12-17,Rap/Hip Hop,5,46.8,49.4,31.0,8.0
1990-12-24,Rap/Hip Hop,5,46.8,46.8,31.0,9.0
1990-12-31,Rap/Hip Hop,6,53.666666666666664,39.0,37.666666666666664,8.5
1991-01-07,Rap/Hip Hop,7,59.142857142857146,46.0,44.0,8.285714285714286
1991-01-14,Rap/Hip Hop,7,63.285714285714285,59.142857142857146,39.142857142857146,9.285714285714286
1991-01-21,Rap/Hip Hop,7,65.57142857142857,63.285714285714285,37.57142857142857,10.285714285714286
1991-01-28,Rap/Hip Hop,5,47.6,54.0,43.2,7.6
1991-02-04,Rap/Hip Hop,5,50.2,47.6,42.0,8.6
1991-02-11,Rap/Hip Hop,5,53.4,50.2,41.0,9.6
1991-02-18,Rap/Hip Hop,6,64.0,29.333333333333332,56.0,6.666666666666667
1991-02-25,Rap/Hip Hop,5,54.6,57.6,46.6,6.8
1991-03-04,Rap/Hip Hop,5,54.0,54.6,42.4,7.8
1991-03-11,Rap/Hip Hop,6,58.666666666666664,45.0,46.0,7.5
1991-03-18,Rap/Hip Hop,6,58.5,58.666666666666664,40.833333333333336,8.5
1991-03-25,Rap/Hip Hop,6,63.666666666666664,58.5,39.166666666666664,9.5
1991-04-01,Rap/Hip Hop,5,62.2,56.4,44.6,9.0
1991-04-08,Rap/Hip Hop,4,57.25,32.75,49.5,7.0
1991-04-15,Rap/Hip Hop,4,58.25,57.25,46.0,8.0
1991-04-22,Rap/Hip Hop,6,71.5,38.833333333333336,58.833333333333336,6.333333333333333
1991-04-29,Rap/Hip Hop,7,71.42857142857143,61.285714285714285,57.714285714285715,6.428571428571429
1991-05-06,Rap/Hip Hop,6,62.0,51.333333333333336,58.333333333333336,5.0
1991-05-13,Rap/Hip Hop,7,65.0,53.142857142857146,60.57142857142857,5.285714285714286
1991-05-20,Rap/Hip Hop,8,68.5,56.875,62.25,5.625
1991-05-27,Rap/Hip Hop,7,68.42857142857143,64.71428571428571,54.0,7.142857142857143
1991-06-03,Rap/Hip Hop,5,59.2,56.4,45.6,7.2
1991-06-10,Rap/Hip Hop,5,63.6,59.2,42.0,8.2
1991-06-17,Rap/Hip Hop,3,49.0,44.333333333333336,28.0,9.333333333333334
1991-06-24,Rap/Hip Hop,4,64.0,36.75,43.0,8.0
1991-07-01,Rap/Hip Hop,4,63.75,40.5,54.0,5.0
1991-07-08,Rap/Hip Hop,5,71.2,51.0,55.4,5.0
1991-07-15,Rap/Hip Hop,6,70.16666666666667,43.666666666666664,67.83333333333333,3.3333333333333335
1991-07-22,Rap/Hip Hop,6,59.166666666666664,70.16666666666667,56.0,4.333333333333333
1991-07-29,Rap/Hip Hop,7,60.57142857142857,50.714285714285715,54.714285714285715,4.714285714285714
1991-08-05,Rap/Hip Hop,7,57.42857142857143,48.285714285714285,51.285714285714285,5.0
1991-08-12,Rap/Hip Hop,7,53.57142857142857,46.142857142857146,53.57142857142857,4.285714285714286
1991-08-19,Rap/Hip Hop,9,61.22222222222222,41.666666666666664,60.111111111111114,4.333333333333333
1991-08-26,Rap/Hip Hop,9,57.77777777777778,61.22222222222222,56.55555555555556,5.333333333333333
1991-09-02,Rap/Hip Hop,9,58.0,46.666666666666664,53.111111111111114,6.111111111111111
1991-09-09,Rap/Hip Hop,9,55.111111111111114,47.44444444444444,48.888888888888886,6.555555555555555
1991-09-16,Rap/Hip Hop,8,50.875,50.75,44.625,7.5
1991-09-23,Rap/Hip Hop,7,45.42857142857143,43.857142857142854,35.42857142857143,9.285714285714286
1991-09-30,Rap/Hip Hop,8,55.125,39.75,40.875,9.125
1991-10-07,Rap/Hip Hop,9,57.44444444444444,27.666666666666668,53.0,6.333333333333333
1991-10-14,Rap/Hip Hop,11,60.09090909090909,47.0,52.18181818181818,6.181818181818182
1991-10-21,Rap/Hip Hop,10,50.5,56.7,45.3,6.9
1991-10-28,Rap/Hip Hop,11,55.36363636363637,45.90909090909091,45.27272727272727,7.2727272727272725
1991-11-04,Rap/Hip Hop,11,47.63636363636363,38.0,38.0,7.545454545454546
1991-11-11,Rap/Hip Hop,12,51.0,36.0,42.25,6.833333333333333
1991-11-18,Rap/Hip Hop,14,53.92857142857143,43.714285714285715,43.285714285714285,6.857142857142857
1991-11-25,Rap/Hip Hop,13,44.30769230769231,51.46153846153846,39.84615384615385,6.6923076923076925
1991-12-02,Rap/Hip Hop,13,47.61538461538461,42.23076923076923,44.0,6.153846153846154
1991-12-09,Rap/Hip Hop,14,47.142857142857146,44.214285714285715,42.42857142857143,6.714285714285714
1991-12-16,Rap/Hip Hop,14,47.642857142857146,47.142857142857146,40.92857142857143,7.714285714285714
1991-12-23,Rap/Hip Hop,14,47.642857142857146,47.642857142857146,40.92857142857143,8.714285714285714
1991-12-30,Rap/Hip Hop,14,45.0,47.642857142857146,38.785714285714285,9.714285714285714
1992-01-06,Rap/Hip Hop,15,42.93333333333333,42.0,38.46666666666667,10.066666666666666
1992-01-13,Rap/Hip Hop,15,50.93333333333333,36.6,38.4,10.533333333333333
1992-01-20,Rap/Hip Hop,14,54.714285714285715,47.785714285714285,34.857142857142854,12.142857142857142
1992-01-27,Rap/Hip Hop,10,47.1,45.5,28.4,12.4
1992-02-03,Rap/Hip Hop,11,52.18181818181818,42.81818181818182,33.27272727272727,12.272727272727273
1992-02-10,Rap/Hip Hop,12,57.166666666666664,47.833333333333336,35.583333333333336,12.25
1992-02-17,Rap/Hip Hop,10,52.4,52.8,35.9,11.8
1992-02-24,Rap/Hip Hop,10,53.5,52.4,34.6,12.8
1992-03-02,Rap/Hip Hop,10,56.4,45.9,38.8,11.8
1992-03-09,Rap/Hip Hop,11,61.81818181818182,51.27272727272727,40.45454545454545,11.727272727272727
1992-03-16,Rap/Hip Hop,12,67.33333333333333,56.666666666666664,43.25,11.75
1992-03-23,Rap/Hip Hop,10,68.3,56.6,54.0,9.2
1992-03-30,Rap/Hip Hop,10,71.3,53.5,58.6,7.5
1992-04-06,Rap/Hip Hop,10,67.5,56.8,55.7,6.0
1992-04-13,Rap/Hip Hop,11,67.0,61.36363636363637,55.09090909090909,6.454545454545454
1992-04-20,Rap/Hip Hop,11,63.72727272727273,58.09090909090909,57.72727272727273,5.636363636363637
1992-04-27,Rap/Hip Hop,11,59.63636363636363,63.72727272727273,53.18181818181818,6.636363636363637
1992-05-04,Rap/Hip Hop,10,56.1,46.3,49.5,7.2
1992-05-11,Rap/Hip Hop,10,58.4,56.1,47.6,8.2
1992-05-18,Rap/Hip Hop,10,55.3,48.6,51.8,7.4
1992-05-25,Rap/Hip Hop,10,58.1,55.3,50.0,8.4
1992-06-01,Rap/Hip Hop,12,62.666666666666664,48.416666666666664,55.333333333333336,8.0
1992-06-08,Rap/Hip Hop,11,60.0,59.63636363636363,50.81818181818182,9.454545454545455
1992-06-15,Rap/Hip Hop,11,57.81818181818182,60.0,47.54545454545455,10.454545454545455
1992-06-22,Rap/Hip Hop,10,49.7,36.2,45.4,8.2
1992-06-29,Rap/Hip Hop,12,53.916666666666664,41.416666666666664,48.916666666666664,7.833333333333333
1992-07-06,Rap/Hip Hop,13,53.84615384615385,43.30769230769231,51.46153846153846,7.076923076923077
1992-07-13,Rap/Hip Hop,13,49.76923076923077,53.84615384615385,46.46153846153846,8.076923076923077
1992-07-20,Rap/Hip Hop,15,51.6,37.13333333333333,48.86666666666667,6.933333333333334
1992-07-27,Rap/Hip Hop,15,49.53333333333333,51.6,44.666666666666664,7.933333333333334
1992-08-03,Rap/Hip Hop,15,49.333333333333336,43.06666666666667,43.13333333333333,8.6
1992-08-10,Rap/Hip Hop,15,49.6,42.93333333333333,41.13333333333333,9.533333333333333
1992-08-17,Rap/Hip Hop,15,48.53333333333333,49.6,37.06666666666667,10.533333333333333
1992-08-24,Rap/Hip Hop,14,49.642857142857146,48.714285714285715,37.214285714285715,10.785714285714286
1992-08-31,Rap/Hip Hop,13,47.15384615384615,45.84615384615385,32.92307692307692,11.923076923076923
1992-09-07,Rap/Hip Hop,11,45.09090909090909,42.81818181818182,33.45454545454545,11.454545454545455
1992-09-14,Rap/Hip Hop,11,46.09090909090909,36.0,36.45454545454545,11.090909090909092
1992-09-21,Rap/Hip Hop,12,53.5,42.25,39.916666666666664,11.166666666666666
1992-09-28,Rap/Hip Hop,12,55.25,45.166666666666664,38.083333333333336,12.0
1992-10-05,Rap/Hip Hop,10,47.6,46.7,30.4,12.8
1992-10-12,Rap/Hip Hop,12,55.083333333333336,31.916666666666668,41.916666666666664,10.5
1992-10-19,Rap/Hip Hop,10,53.2,55.3,45.3,8.8
1992-10-26,Rap/Hip Hop,10,52.8,53.2,43.0,9.8
1992-11-02,Rap/Hip Hop,10,54.9,52.8,42.0,10.8
1992-11-09,Rap/Hip Hop,9,50.666666666666664,50.22222222222222,41.888888888888886,11.222222222222221
1992-11-16,Rap/Hip Hop,10,51.8,45.6,42.1,11.1
1992-11-23,Rap/Hip Hop,10,54.3,51.8,41.2,12.1
1992-11-30,Rap/Hip Hop,9,56.888888888888886,50.111111111111114,40.22222222222222,13.333333333333334
1992-12-07,Rap/Hip Hop,9,59.666666666666664,46.77777777777778,45.77777777777778,12.11111111111111
1992-12-14,Rap/Hip Hop,12,64.5,44.75,51.416666666666664,10.083333333333334
1992-12-21,Rap/Hip Hop,11,59.90909090909091,61.27272727272727,47.63636363636363,11.090909090909092
1992-12-28,Rap/Hip Hop,12,58.416666666666664,54.916666666666664,47.333333333333336,11.166666666666666
1993-01-04,Rap/Hip Hop,13,55.61538461538461,53.92307692307692,45.61538461538461,11.307692307692308
1993-01-11,Rap/Hip Hop,13,62.23076923076923,49.30769230769231,46.30769230769231,11.153846153846153
1993-01-18,Rap/Hip Hop,9,56.77777777777778,57.22222222222222,42.666666666666664,9.0
1993-01-25,Rap/Hip Hop,11,55.54545454545455,37.45454545454545,48.0,7.454545454545454
1993-02-01,Rap/Hip Hop,10,41.3,56.3,36.1,6.2
1993-02-08,Rap/Hip Hop,11,43.63636363636363,37.54545454545455,36.72727272727273,6.636363636363637
1993-02-15,Rap/Hip Hop,11,42.72727272727273,43.63636363636363,33.0,7.636363636363637
1993-02-22,Rap/Hip Hop,11,41.36363636363637,33.72727272727273,38.63636363636363,6.909090909090909
1993-03-01,Rap/Hip Hop,12,41.916666666666664,29.583333333333332,40.0,7.083333333333333
1993-03-08,Rap/Hip Hop,12,39.5,33.833333333333336,37.333333333333336,7.25
1993-03-15,Rap/Hip Hop,13,40.15384615384615,36.46153846153846,37.23076923076923,7.6923076923076925
1993-03-22,Rap/Hip Hop,15,46.93333333333333,34.8,42.2,7.666666666666667
1993-03-29,Rap/Hip Hop,18,49.27777777777778,39.111111111111114,45.388888888888886,7.388888888888889
1993-04-05,Rap/Hip Hop,16,43.8125,43.1875,40.4375,8.3125
1993-04-12,Rap/Hip Hop,16,44.875,43.8125,39.4375,9.3125
1993-04-19,Rap/Hip Hop,14,36.214285714285715,30.071428571428573,32.285714285714285,10.785714285714286
1993-04-26,Rap/Hip Hop,16,44.8125,31.6875,38.1875,10.4375
1993-05-03,Rap/Hip Hop,16,45.6875,39.3125,37.8125,11.0625
1993-05-10,Rap/Hip Hop,18,51.833333333333336,40.611111111111114,40.77777777777778,10.833333333333334
1993-05-17,Rap/Hip Hop,17,51.411764705882355,51.94117647058823,39.588235294117645,11.176470588235293
1993-05-24,Rap/Hip Hop,18,52.22222222222222,48.55555555555556,37.666666666666664,11.555555555555555
1993-05-31,Rap/Hip Hop,15,44.266666666666666,47.06666666666667,35.2,11.333333333333334
1993-06-07,Rap/Hip Hop,14,38.214285714285715,40.5,29.0,12.357142857142858
1993-06-14,Rap/Hip Hop,15,42.6,35.666666666666664,31.866666666666667,12.533333333333333
1993-06-21,Rap/Hip Hop,16,45.375,39.9375,31.5,12.75
1993-06-28,Rap/Hip Hop,15,45.666666666666664,42.06666666666667,35.2,11.466666666666667
1993-07-05,Rap/Hip Hop,18,52.666666666666664,38.05555555555556,40.666666666666664,10.555555555555555
1993-07-12,Rap/Hip Hop,17,56.8235294117647,48.705882352941174,45.11764705882353,9.411764705882353
1993-07-19,Rap/Hip Hop,14,51.42857142857143,51.642857142857146,42.42857142857143,8.642857142857142
1993-07-26,Rap/Hip Hop,16,53.25,45.0,42.0,8.5625
1993-08-02,Rap/Hip Hop,17,52.64705882352941,47.529411764705884,42.1764705882353,7.470588235294118
1993-08-09,Rap/Hip Hop,19,55.0,47.10526315789474,44.578947368421055,7.684210526315789
1993-08-16,Rap/Hip Hop,19,53.68421052631579,49.8421052631579,45.05263157894737,7.894736842105263
1993-08-23,Rap/Hip Hop,18,51.22222222222222,51.22222222222222,42.833333333333336,8.38888888888889
1993-08-30,Rap/Hip Hop,16,47.8125,45.5625,34.9375,10.0625
1993-09-06,Rap/Hip Hop,15,46.733333333333334,44.4,35.13333333333333,10.6
1993-09-13,Rap/Hip Hop,14,41.42857142857143,36.214285714285715,34.214285714285715,10.571428571428571
1993-09-20,Rap/Hip Hop,15,46.46666666666667,32.06666666666667,37.93333333333333,10.466666666666667
1993-09-27,Rap/Hip Hop,15,49.86666666666667,43.333333333333336,40.13333333333333,10.133333333333333
1993-10-04,Rap/Hip Hop,17,54.05882352941177,38.588235294117645,44.294117647058826,9.470588235294118
1993-10-11,Rap/Hip Hop,18,57.666666666666664,47.611111111111114,49.333333333333336,8.833333333333334
1993-10-18,Rap/Hip Hop,17,54.23529411764706,47.0,47.705882352941174,8.470588235294118
1993-10-25,Rap/Hip Hop,18,56.111111111111114,51.22222222222222,46.166666666666664,9.0
1993-11-01,Rap/Hip Hop,18,54.94444444444444,50.77777777777778,41.611111111111114,9.833333333333334
1993-11-08,Rap/Hip Hop,20,57.15,44.8,42.6,9.7
1993-11-15,Rap/Hip Hop,21,59.04761904761905,54.42857142857143,41.04761904761905,10.238095238095237
1993-11-22,Rap/Hip Hop,19,57.421052631578945,53.526315789473685,42.05263157894737,9.157894736842104
1993-11-29,Rap/Hip Hop,20,57.4,51.05,42.8,8.7
1993-12-06,Rap/Hip Hop,19,54.73684210526316,50.05263157894737,41.26315789473684,8.631578947368421
1993-12-13,Rap/Hip Hop,19,54.578947368421055,50.1578947368421,42.89473684210526,8.578947368421053
1993-12-20,Rap/Hip Hop,17,53.8235294117647,52.35294117647059,45.1764705882353,7.9411764705882355
1993-12-27,Rap/Hip Hop,17,55.23529411764706,48.411764705882355,45.35294117647059,8.588235294117647
1994-01-03,Rap/Hip Hop,18,58.77777777777778,52.166666666666664,47.611111111111114,9.11111111111111
1994-01-10,Rap/Hip Hop,16,55.4375,54.6875,44.125,9.8125
1994-01-17,Rap/Hip Hop,15,58.93333333333333,52.6,40.333333333333336,11.0
1994-01-24,Rap/Hip Hop,14,57.214285714285715,49.285714285714285,38.857142857142854,11.071428571428571
1994-01-31,Rap/Hip Hop,14,60.57142857142857,50.214285714285715,42.214285714285715,11.214285714285714
1994-02-07,Rap/Hip Hop,14,60.285714285714285,46.714285714285715,45.142857142857146,10.142857142857142
1994-02-14,Rap/Hip Hop,15,63.06666666666667,56.266666666666666,44.93333333333333,10.466666666666667
1994-02-21,Rap/Hip Hop,16,63.75,52.875,44.625,10.5625
1994-02-28,Rap/Hip Hop,16,66.3125,54.25,51.125,9.3125
1994-03-07,Rap/Hip Hop,15,67.53333333333333,52.53333333333333,54.86666666666667,8.2
1994-03-14,Rap/Hip Hop,14,65.14285714285714,54.285714285714285,53.0,7.785714285714286
1994-03-21,Rap/Hip Hop,17,67.05882352941177,53.64705882352941,53.88235294117647,7.529411764705882
1994-03-28,Rap/Hip Hop,14,60.285714285714285,64.71428571428571,54.214285714285715,6.214285714285714
1994-04-04,Rap/Hip Hop,15,60.13333333333333,56.266666666666666,52.8,6.8
1994-04-11,Rap/Hip Hop,15,56.86666666666667,54.93333333333333,54.2,6.466666666666667
1994-04-18,Rap/Hip Hop,16,56.125,47.125,52.875,6.6875
1994-04-25,Rap/Hip Hop,16,54.9375,56.125,49.125,7.6875
1994-05-02,Rap/Hip Hop,16,55.375,54.9375,46.4375,8.6875
1994-05-09,Rap/Hip Hop,16,58.0,49.375,48.375,9.0
1994-05-16,Rap/Hip Hop,15,54.53333333333333,49.13333333333333,48.46666666666667,9.266666666666667
1994-05-23,Rap/Hip Hop,16,61.8125,51.125,50.5625,9.6875
1994-05-30,Rap/Hip Hop,16,63.0,52.6875,50.5625,9.1875
1994-06-06,Rap/Hip Hop,15,61.53333333333333,60.666666666666664,45.333333333333336,10.266666666666667
1994-06-13,Rap/Hip Hop,15,59.2,61.53333333333333,43.2,11.266666666666667
1994-06-20,Rap/Hip Hop,14,58.5,56.42857142857143,41.42857142857143,11.714285714285714
1994-06-27,Rap/Hip Hop,12,54.333333333333336,31.25,43.416666666666664,9.166666666666666
1994-07-04,Rap/Hip Hop,13,55.38461538461539,50.15384615384615,42.92307692307692,9.461538461538462
1994-07-11,Rap/Hip Hop,15,57.86666666666667,41.93333333333333,49.333333333333336,7.866666666666666
1994-07-18,Rap/Hip Hop,16,58.1875,54.25,45.4375,8.375
1994-07-25,Rap/Hip Hop,16,53.3125,46.5,43.25,8.0
1994-08-01,Rap/Hip Hop,16,53.8125,53.3125,40.25,9.0
1994-08-08,Rap/Hip Hop,14,47.214285714285715,37.92857142857143,38.857142857142854,7.428571428571429
1994-08-15,Rap/Hip Hop,12,34.833333333333336,38.75,33.583333333333336,7.5
1994-08-22,Rap/Hip Hop,12,35.333333333333336,34.833333333333336,32.0,8.5
1994-08-29,Rap/Hip Hop,13,39.23076923076923,32.61538461538461,33.61538461538461,8.846153846153847
1994-09-05,Rap/Hip Hop,13,39.38461538461539,36.76923076923077,35.15384615384615,8.307692307692308
1994-09-12,Rap/Hip Hop,14,42.785714285714285,36.57142857142857,36.142857142857146,8.714285714285714
1994-09-19,Rap/Hip Hop,15,46.666666666666664,33.666666666666664,39.8,8.466666666666667
1994-09-26,Rap/Hip Hop,14,42.07142857142857,42.857142857142854,33.142857142857146,9.857142857142858
1994-10-03,Rap/Hip Hop,14,44.07142857142857,42.07142857142857,31.357142857142858,10.857142857142858
1994-10-10,Rap/Hip Hop,16,50.1875,38.5625,36.0,10.5
1994-10-17,Rap/Hip Hop,15,49.6,37.53333333333333,41.6,8.866666666666667
1994-10-24,Rap/Hip Hop,16,49.125,40.375,43.1875,8.625
1994-10-31,Rap/Hip Hop,17,52.64705882352941,46.23529411764706,44.0,9.117647058823529
1994-11-07,Rap/Hip Hop,17,52.23529411764706,46.76470588235294,41.64705882352941,10.0
1994-11-14,Rap/Hip Hop,17,55.35294117647059,48.0,43.588235294117645,9.823529411764707
1994-11-21,Rap/Hip Hop,17,59.11764705882353,47.1764705882353,49.529411764705884,8.823529411764707
1994-11-28,Rap/Hip Hop,17,59.64705882352941,53.23529411764706,48.705882352941174,9.411764705882353
1994-12-05,Rap/Hip Hop,17,60.294117647058826,55.294117647058826,51.1764705882353,9.235294117647058
1994-12-12,Rap/Hip Hop,15,58.0,56.53333333333333,50.0,9.933333333333334
1994-12-19,Rap/Hip Hop,17,61.588235294117645,51.1764705882353,52.88235294117647,9.764705882352942
1994-12-26,Rap/Hip Hop,18,63.0,58.166666666666664,53.05555555555556,10.222222222222221
1995-01-02,Rap/Hip Hop,17,58.23529411764706,60.8235294117647,49.470588235294116,11.411764705882353
1995-01-09,Rap/Hip Hop,20,61.25,49.5,53.7,10.7
1995-01-16,Rap/Hip Hop,19,68.57894736842105,55.8421052631579,55.26315789473684,11.157894736842104
1995-01-23,Rap/Hip Hop,20,68.45,65.15,54.95,11.6
1995-01-30,Rap/Hip Hop,22,72.54545454545455,57.40909090909091,61.40909090909091,9.5
1995-02-06,Rap/Hip Hop,21,69.14285714285714,62.0,57.80952380952381,9.523809523809524
1995-02-13,Rap/Hip Hop,18,67.44444444444444,67.05555555555556,58.111111111111114,9.11111111111111
1995-02-20,Rap/Hip Hop,22,70.45454545454545,50.77272727272727,62.18181818181818,7.636363636363637
1995-02-27,Rap/Hip Hop,22,70.13636363636364,65.95454545454545,60.72727272727273,8.045454545454545
1995-03-06,Rap/Hip Hop,19,65.57894736842105,60.78947368421053,56.26315789473684,8.31578947368421
1995-03-13,Rap/Hip Hop,20,65.15,62.3,55.75,8.9
1995-03-20,Rap/Hip Hop,18,63.72222222222222,55.888888888888886,50.611111111111114,10.11111111111111
1995-03-27,Rap/Hip Hop,15,60.4,54.6,52.8,7.733333333333333
1995-04-03,Rap/Hip Hop,17,64.94117647058823,53.294117647058826,53.1764705882353,8.647058823529411
1995-04-10,Rap/Hip Hop,19,67.05263157894737,58.10526315789474,54.10526315789474,8.736842105263158
1995-04-17,Rap/Hip Hop,17,61.0,63.411764705882355,47.94117647058823,8.823529411764707
1995-04-24,Rap/Hip Hop,16,59.4375,47.125,50.5,7.9375
1995-05-01,Rap/Hip Hop,18,61.55555555555556,52.833333333333336,50.77777777777778,8.055555555555555
1995-05-08,Rap/Hip Hop,18,57.611111111111114,56.0,46.611111111111114,8.277777777777779
1995-05-15,Rap/Hip Hop,18,55.55555555555556,52.5,47.833333333333336,8.166666666666666
1995-05-22,Rap/Hip Hop,19,58.31578947368421,52.63157894736842,48.73684210526316,8.736842105263158
1995-05-29,Rap/Hip Hop,18,56.94444444444444,50.94444444444444,49.27777777777778,8.666666666666666
1995-06-05,Rap/Hip Hop,19,61.0,48.8421052631579,48.8421052631579,8.68421052631579
1995-06-12,Rap/Hip Hop,18,59.333333333333336,53.77777777777778,48.44444444444444,8.277777777777779
1995-06-19,Rap/Hip Hop,19,53.578947368421055,46.0,45.05263157894737,8.0
1995-06-26,Rap/Hip Hop,20,53.8,50.9,45.1,8.6
1995-07-03,Rap/Hip Hop,19,51.21052631578947,51.526315789473685,43.68421052631579,9.105263157894736
1995-07-10,Rap/Hip Hop,19,48.05263157894737,40.8421052631579,42.421052631578945,8.947368421052632
1995-07-17,Rap/Hip Hop,20,48.45,45.65,41.35,9.5
1995-07-24,Rap/Hip Hop,21,49.19047619047619,46.142857142857146,39.476190476190474,10.333333333333334
1995-07-31,Rap/Hip Hop,21,49.04761904761905,49.19047619047619,37.333333333333336,11.333333333333334
1995-08-07,Rap/Hip Hop,23,53.08695652173913,44.78260869565217,39.0,11.347826086956522
1995-08-14,Rap/Hip Hop,22,47.77272727272727,42.54545454545455,35.45454545454545,10.909090909090908
1995-08-21,Rap/Hip Hop,22,46.95454545454545,40.90909090909091,35.09090909090909,10.409090909090908
1995-08-28,Rap/Hip Hop,21,44.38095238095238,44.666666666666664,29.38095238095238,11.19047619047619
1995-09-04,Rap/Hip Hop,20,45.0,34.65,31.9,10.1
1995-09-11,Rap/Hip Hop,21,49.42857142857143,40.57142857142857,37.23809523809524,9.238095238095237
1995-09-18,Rap/Hip Hop,20,46.05,39.25,39.25,8.55
1995-09-25,Rap/Hip Hop,20,48.95,41.05,37.95,9.45
1995-10-02,Rap/Hip Hop,21,50.714285714285715,46.61904761904762,38.714285714285715,10.0
1995-10-09,Rap/Hip Hop,22,52.45454545454545,44.04545454545455,39.90909090909091,9.863636363636363
1995-10-16,Rap/Hip Hop,23,54.78260869565217,45.82608695652174,39.04347826086956,10.043478260869565
1995-10-23,Rap/Hip Hop,25,60.6,46.72,44.84,9.44
1995-10-30,Rap/Hip Hop,23,62.30434782608695,61.65217391304348,45.391304347826086,8.956521739130435
1995-11-06,Rap/Hip Hop,23,65.08695652173913,51.56521739130435,46.608695652173914,8.478260869565217
1995-11-13,Rap/Hip Hop,24,70.79166666666667,58.375,49.791666666666664,8.791666666666666
1995-11-20,Rap/Hip Hop,21,69.04761904761905,66.76190476190476,49.095238095238095,9.285714285714286
1995-11-27,Rap/Hip Hop,19,72.21052631578948,65.6842105263158,53.05263157894737,8.368421052631579
1995-12-04,Rap/Hip Hop,19,71.42105263157895,57.1578947368421,55.89473684210526,7.2105263157894735
1995-12-11,Rap/Hip Hop,20,69.4,62.85,52.75,7.6
1995-12-18,Rap/Hip Hop,21,66.80952380952381,61.42857142857143,51.76190476190476,7.857142857142857
1995-12-25,Rap/Hip Hop,22,67.13636363636364,59.31818181818182,52.86363636363637,7.954545454545454
1996-01-01,Rap/Hip Hop,22,64.36363636363636,62.86363636363637,50.40909090909091,8.5
1996-01-08,Rap/Hip Hop,21,61.714285714285715,62.80952380952381,50.76190476190476,8.952380952380953
1996-01-15,Rap/Hip Hop,21,63.57142857142857,61.714285714285715,48.857142857142854,9.952380952380953
1996-01-22,Rap/Hip Hop,19,62.63157894736842,59.89473684210526,44.0,11.157894736842104
1996-01-29,Rap/Hip Hop,17,57.470588235294116,58.411764705882355,42.88235294117647,11.705882352941176
1996-02-05,Rap/Hip Hop,16,55.625,48.875,39.9375,11.75
1996-02-12,Rap/Hip Hop,16,58.375,49.6875,41.5625,11.625
1996-02-19,Rap/Hip Hop,14,51.857142857142854,54.142857142857146,36.142857142857146,12.0
1996-02-26,Rap/Hip Hop,16,56.25,40.875,43.1875,10.25
1996-03-04,Rap/Hip Hop,16,56.6875,43.9375,44.375,9.4375
1996-03-11,Rap/Hip Hop,17,54.76470588235294,47.64705882352941,44.588235294117645,9.176470588235293
1996-03-18,Rap/Hip Hop,18,55.333333333333336,46.72222222222222,47.55555555555556,8.833333333333334
1996-03-25,Rap/Hip Hop,19,56.94736842105263,52.421052631578945,47.73684210526316,9.368421052631579
1996-04-01,Rap/Hip Hop,18,56.55555555555556,55.44444444444444,46.611111111111114,9.777777777777779
1996-04-08,Rap/Hip Hop,19,59.68421052631579,53.578947368421055,47.05263157894737,10.263157894736842
1996-04-15,Rap/Hip Hop,17,54.0,55.470588235294116,39.88235294117647,11.882352941176471
1996-04-22,Rap/Hip Hop,17,53.294117647058826,44.705882352941174,43.35294117647059,10.764705882352942
1996-04-29,Rap/Hip Hop,16,48.125,40.8125,41.25,10.4375
1996-05-06,Rap/Hip Hop,18,49.94444444444444,40.0,44.166666666666664,8.166666666666666
1996-05-13,Rap/Hip Hop,16,45.0,46.625,39.6875,8.25
1996-05-20,Rap/Hip Hop,16,41.9375,45.0,36.5625,9.25
1996-05-27,Rap/Hip Hop,16,38.9375,35.6875,33.1875,9.6875
1996-06-03,Rap/Hip Hop,16,39.75,38.9375,29.9375,10.6875
1996-06-10,Rap/Hip Hop,16,39.0625,39.75,27.5625,11.6875
1996-06-17,Rap/Hip Hop,17,42.470588235294116,31.352941176470587,28.705882352941178,11.588235294117647
1996-06-24,Rap/Hip Hop,16,44.5625,42.625,28.125,12.0625
1996-07-01,Rap/Hip Hop,14,38.92857142857143,37.0,24.857142857142858,12.642857142857142
1996-07-08,Rap/Hip Hop,14,39.0,31.928571428571427,22.0,13.428571428571429
1996-07-15,Rap/Hip Hop,13,36.23076923076923,34.30769230769231,20.76923076923077,13.923076923076923
1996-07-22,Rap/Hip Hop,15,39.733333333333334,24.866666666666667,28.333333333333332,11.866666666666667
1996-07-29,Rap/Hip Hop,14,39.5,34.214285714285715,32.92857142857143,10.785714285714286
1996-08-05,Rap/Hip Hop,15,41.93333333333333,30.2,34.13333333333333,10.933333333333334
1996-08-12,Rap/Hip Hop,15,41.13333333333333,41.93333333333333,31.466666666666665,11.933333333333334
1996-08-19,Rap/Hip Hop,16,44.6875,38.5625,33.625,12.1875
1996-08-26,Rap/Hip Hop,18,52.5,39.72222222222222,39.5,11.833333333333334
1996-09-02,Rap/Hip Hop,18,55.0,52.5,38.666666666666664,12.833333333333334
1996-09-09,Rap/Hip Hop,19,59.0,47.21052631578947,44.36842105263158,12.105263157894736
1996-09-16,Rap/Hip Hop,19,60.10526315789474,53.8421052631579,43.36842105263158,12.947368421052632
1996-09-23,Rap/Hip Hop,17,58.0,54.588235294117645,46.588235294117645,11.941176470588236
1996-09-30,Rap/Hip Hop,15,53.666666666666664,49.266666666666666,41.46666666666667,12.533333333333333
1996-10-07,Rap/Hip Hop,14,53.214285714285715,50.5,40.42857142857143,13.5
1996-10-14,Rap/Hip Hop,16,59.875,46.5625,46.625,12.8125
1996-10-21,Rap/Hip Hop,17,65.23529411764706,56.35294117647059,47.705882352941174,13.058823529411764
1996-10-28,Rap/Hip Hop,15,62.266666666666666,60.93333333333333,41.53333333333333,15.0
1996-11-04,Rap/Hip Hop,14,56.285714285714285,43.285714285714285,42.92857142857143,10.214285714285714
1996-11-11,Rap/Hip Hop,14,59.0,56.285714285714285,40.57142857142857,11.214285714285714
1996-11-18,Rap/Hip Hop,13,57.76923076923077,56.15384615384615,37.0,11.923076923076923
1996-11-25,Rap/Hip Hop,16,62.25,46.9375,42.6875,10.6875
1996-12-02,Rap/Hip Hop,17,64.47058823529412,58.588235294117645,42.88235294117647,11.058823529411764
1996-12-09,Rap/Hip Hop,15,60.266666666666666,56.46666666666667,44.8,9.8
1996-12-16,Rap/Hip Hop,14,58.5,57.42857142857143,41.57142857142857,10.5
1996-12-23,Rap/Hip Hop,14,58.07142857142857,51.857142857142854,44.214285714285715,10.071428571428571
1996-12-30,Rap/Hip Hop,16,59.875,47.9375,51.625,7.1875
1997-01-06,Rap/Hip Hop,16,55.1875,59.875,48.0625,8.1875
1997-01-13,Rap/Hip Hop,16,57.4375,55.1875,47.0,9.1875
1997-01-20,Rap/Hip Hop,15,59.06666666666667,55.2,44.733333333333334,9.733333333333333
1997-01-27,Rap/Hip Hop,16,62.0625,43.1875,49.9375,8.4375
1997-02-03,Rap/Hip Hop,17,60.529411764705884,58.411764705882355,48.35294117647059,8.941176470588236
1997-02-10,Rap/Hip Hop,18,62.0,53.55555555555556,50.111111111111114,8.333333333333334
1997-02-17,Rap/Hip Hop,17,61.11764705882353,59.76470588235294,47.11764705882353,8.823529411764707
1997-02-24,Rap/Hip Hop,17,64.41176470588235,55.94117647058823,47.470588235294116,9.058823529411764
1997-03-03,Rap/Hip Hop,17,62.588235294117645,58.76470588235294,47.705882352941174,9.058823529411764
1997-03-10,Rap/Hip Hop,16,61.125,60.625,47.5625,9.9375
1997-03-17,Rap/Hip Hop,16,51.0,49.0625,39.375,9.3125
1997-03-24,Rap/Hip Hop,16,52.875,41.75,43.9375,8.4375
1997-03-31,Rap/Hip Hop,18,56.55555555555556,47.0,48.55555555555556,8.5
1997-04-07,Rap/Hip Hop,19,58.26315789473684,53.578947368421055,47.578947368421055,9.052631578947368
1997-04-14,Rap/Hip Hop,18,58.94444444444444,58.888888888888886,48.55555555555556,9.444444444444445
1997-04-21,Rap/Hip Hop,20,60.8,53.05,47.75,9.5
1997-04-28,Rap/Hip Hop,18,58.27777777777778,51.611111111111114,49.166666666666664,8.555555555555555
1997-05-05,Rap/Hip Hop,19,63.26315789473684,55.21052631578947,50.421052631578945,9.105263157894736
1997-05-12,Rap/Hip Hop,17,60.411764705882355,59.11764705882353,48.35294117647059,9.470588235294118
1997-05-19,Rap/Hip Hop,16,61.75,52.0625,48.5625,9.625
1997-05-26,Rap/Hip Hop,15,61.46666666666667,59.2,44.06666666666667,11.066666666666666
1997-06-02,Rap/Hip Hop,16,64.4375,57.625,45.75,11.375
1997-06-09,Rap/Hip Hop,16,69.3125,58.4375,47.375,11.4375
1997-06-16,Rap/Hip Hop,17,62.588235294117645,56.1764705882353,43.8235294117647,9.529411764705882
1997-06-23,Rap/Hip Hop,18,63.44444444444444,59.111111111111114,43.72222222222222,10.0
1997-06-30,Rap/Hip Hop,15,53.8,44.93333333333333,42.733333333333334,8.933333333333334
1997-07-07,Rap/Hip Hop,16,53.8125,45.3125,40.8125,9.125
1997-07-14,Rap/Hip Hop,17,56.411764705882355,45.05882352941177,42.1764705882353,8.764705882352942
1997-07-21,Rap/Hip Hop,17,56.1764705882353,50.64705882352941,43.05882352941177,8.588235294117647
1997-07-28,Rap/Hip Hop,17,52.23529411764706,50.294117647058826,39.88235294117647,8.470588235294118
1997-08-04,Rap/Hip Hop,17,51.1764705882353,52.23529411764706,37.11764705882353,9.470588235294118
1997-08-11,Rap/Hip Hop,17,52.588235294117645,51.1764705882353,36.1764705882353,10.470588235294118
1997-08-18,Rap/Hip Hop,13,47.23076923076923,45.0,29.23076923076923,9.153846153846153
1997-08-25,Rap/Hip Hop,12,38.666666666666664,27.75,24.833333333333332,8.0
1997-09-01,Rap/Hip Hop,13,41.61538461538461,35.69230769230769,23.0,8.384615384615385
1997-09-08,Rap/Hip Hop,11,35.45454545454545,33.36363636363637,19.181818181818183,8.454545454545455
1997-09-15,Rap/Hip Hop,13,43.15384615384615,30.0,25.53846153846154,8.153846153846153
1997-09-22,Rap/Hip Hop,13,42.76923076923077,35.69230769230769,27.23076923076923,8.076923076923077
1997-09-29,Rap/Hip Hop,13,44.61538461538461,42.76923076923077,26.153846153846153,9.076923076923077
1997-10-06,Rap/Hip Hop,13,49.23076923076923,44.61538461538461,26.0,10.076923076923077
1997-10-13,Rap/Hip Hop,14,46.214285714285715,38.714285714285715,24.785714285714285,10.142857142857142
1997-10-20,Rap/Hip Hop,15,49.333333333333336,43.13333333333333,27.733333333333334,10.466666666666667
1997-10-27,Rap/Hip Hop,17,49.8235294117647,38.23529411764706,32.1764705882353,9.117647058823529
1997-11-03,Rap/Hip Hop,15,44.6,44.0,27.733333333333334,9.866666666666667
1997-11-10,Rap/Hip Hop,17,48.294117647058826,33.588235294117645,35.588235294117645,8.705882352941176
1997-11-17,Rap/Hip Hop,16,47.9375,46.3125,35.875,9.0
1997-11-24,Rap/Hip Hop,15,47.733333333333334,38.0,35.13333333333333,9.8
1997-12-01,Rap/Hip Hop,15,51.06666666666667,41.2,42.86666666666667,8.066666666666666
1997-12-08,Rap/Hip Hop,15,51.2,44.53333333333333,40.666666666666664,8.933333333333334
1997-12-15,Rap/Hip Hop,15,53.2,51.2,39.6,9.933333333333334
1997-12-22,Rap/Hip Hop,17,57.1764705882353,41.88235294117647,45.05882352941177,9.058823529411764
1997-12-29,Rap/Hip Hop,16,56.375,54.9375,44.0,10.0625
1998-01-05,Rap/Hip Hop,17,57.411764705882355,53.05882352941177,44.411764705882355,10.470588235294118
1998-01-12,Rap/Hip Hop,16,55.9375,56.8125,42.0625,10.875
1998-01-19,Rap/Hip Hop,16,58.25,51.0,45.125,10.625
1998-01-26,Rap/Hip Hop,19,54.21052631578947,43.94736842105263,42.8421052631579,9.68421052631579
1998-02-02,Rap/Hip Hop,19,53.10526315789474,49.31578947368421,41.10526315789474,10.052631578947368
1998-02-09,Rap/Hip Hop,19,56.26315789473684,50.473684210526315,43.26315789473684,9.789473684210526
1998-02-16,Rap/Hip Hop,20,56.0,53.45,42.3,10.3
1998-02-23,Rap/Hip Hop,18,54.05555555555556,49.05555555555556,40.833333333333336,9.333333333333334
1998-03-02,Rap/Hip Hop,15,51.8,50.13333333333333,40.8,8.666666666666666
1998-03-09,Rap/Hip Hop,15,51.2,51.8,37.46666666666667,9.666666666666666
1998-03-16,Rap/Hip Hop,13,43.07692307692308,34.07692307692308,32.0,7.538461538461538
1998-03-23,Rap/Hip Hop,15,49.733333333333334,37.333333333333336,36.6,7.533333333333333
1998-03-30,Rap/Hip Hop,16,50.0625,40.5625,37.0625,7.6875
1998-04-06,Rap/Hip Hop,18,51.5,44.5,36.166666666666664,7.833333333333333
1998-04-13,Rap/Hip Hop,17,46.88235294117647,48.76470588235294,33.294117647058826,8.176470588235293
1998-04-20,Rap/Hip Hop,17,45.8235294117647,46.88235294117647,31.764705882352942,9.176470588235293
1998-04-27,Rap/Hip Hop,19,47.526315789473685,41.0,34.21052631578947,9.210526315789474
1998-05-04,Rap/Hip Hop,19,46.578947368421055,42.31578947368421,32.73684210526316,9.526315789473685
1998-05-11,Rap/Hip Hop,19,46.05263157894737,46.578947368421055,31.57894736842105,10.526315789473685
1998-05-18,Rap/Hip Hop,17,41.23529411764706,40.294117647058826,33.0,10.705882352941176
1998-05-25,Rap/Hip Hop,17,43.23529411764706,35.411764705882355,31.0,11.470588235294118
1998-06-01,Rap/Hip Hop,18,47.72222222222222,40.833333333333336,32.94444444444444,11.833333333333334
1998-06-08,Rap/Hip Hop,18,50.166666666666664,47.72222222222222,32.72222222222222,12.833333333333334
1998-06-15,Rap/Hip Hop,18,51.27777777777778,45.5,33.94444444444444,12.722222222222221
1998-06-22,Rap/Hip Hop,19,55.526315789473685,46.0,37.1578947368421,11.578947368421053
1998-06-29,Rap/Hip Hop,17,52.294117647058826,46.88235294117647,34.294117647058826,11.705882352941176
1998-07-06,Rap/Hip Hop,18,54.833333333333336,44.0,36.44444444444444,11.166666666666666
1998-07-13,Rap/Hip Hop,18,57.44444444444444,48.94444444444444,38.833333333333336,9.722222222222221
1998-07-20,Rap/Hip Hop,17,50.8235294117647,49.23529411764706,38.05882352941177,9.352941176470589
1998-07-27,Rap/Hip Hop,21,54.285714285714285,41.142857142857146,42.285714285714285,8.571428571428571
1998-08-03,Rap/Hip Hop,19,52.0,47.21052631578947,40.8421052631579,8.105263157894736
1998-08-10,Rap/Hip Hop,19,53.21052631578947,42.73684210526316,40.94736842105263,7.947368421052632
1998-08-17,Rap/Hip Hop,17,48.588235294117645,48.1764705882353,37.705882352941174,8.529411764705882
1998-08-24,Rap/Hip Hop,16,48.9375,48.1875,38.5,8.8125
1998-08-31,Rap/Hip Hop,17,47.23529411764706,40.1764705882353,36.705882352941174,8.647058823529411
1998-09-07,Rap/Hip Hop,20,50.95,40.15,38.9,8.35
1998-09-14,Rap/Hip Hop,20,49.55,45.95,37.35,8.55
1998-09-21,Rap/Hip Hop,20,48.2,41.4,38.7,8.25
1998-09-28,Rap/Hip Hop,22,55.31818181818182,39.45454545454545,43.13636363636363,8.136363636363637
1998-10-05,Rap/Hip Hop,22,56.0,50.81818181818182,43.22727272727273,8.454545454545455
1998-10-12,Rap/Hip Hop,23,56.91304347826087,49.30434782608695,42.21739130434783,9.0
1998-10-19,Rap/Hip Hop,25,60.56,52.36,43.64,9.36
1998-10-26,Rap/Hip Hop,26,59.76923076923077,54.38461538461539,42.30769230769231,9.73076923076923
1998-11-02,Rap/Hip Hop,26,55.57692307692308,50.61538461538461,42.23076923076923,8.384615384615385
1998-11-09,Rap/Hip Hop,25,53.72,50.0,42.8,8.32
1998-11-16,Rap/Hip Hop,24,52.75,50.625,42.375,7.958333333333333
1998-11-23,Rap/Hip Hop,22,48.0,49.04545454545455,37.81818181818182,9.045454545454545
1998-11-30,Rap/Hip Hop,12,56.416666666666664,21.75,37.333333333333336,6.666666666666667
1998-12-07,Rap/Hip Hop,10,44.3,47.9,35.5,6.3
1998-12-14,Rap/Hip Hop,10,41.3,44.3,33.3,7.3
1998-12-21,Rap/Hip Hop,12,46.666666666666664,34.416666666666664,40.25,7.083333333333333
1998-12-28,Rap/Hip Hop,12,44.583333333333336,46.666666666666664,38.583333333333336,8.083333333333334
1999-01-04,Rap/Hip Hop,13,45.0,41.15384615384615,36.84615384615385,8.846153846153847
1999-01-11,Rap/Hip Hop,13,50.76923076923077,45.0,36.30769230769231,9.846153846153847
1999-01-18,Rap/Hip Hop,13,50.61538461538461,43.23076923076923,37.76923076923077,10.307692307692308
1999-01-25,Rap/Hip Hop,15,57.733333333333334,43.86666666666667,44.6,9.933333333333334
1999-02-01,Rap/Hip Hop,15,58.53333333333333,51.266666666666666,46.733333333333334,9.866666666666667
1999-02-08,Rap/Hip Hop,16,56.625,54.875,44.0,10.25
1999-02-15,Rap/Hip Hop,17,57.294117647058826,53.294117647058826,43.411764705882355,10.647058823529411
1999-02-22,Rap/Hip Hop,17,60.0,46.0,46.0,10.647058823529411
1999-03-01,Rap/Hip Hop,17,57.11764705882353,54.294117647058826,40.35294117647059,11.294117647058824
1999-03-08,Rap/Hip Hop,17,57.705882352941174,45.529411764705884,41.11764705882353,11.058823529411764
1999-03-15,Rap/Hip Hop,19,61.63157894736842,49.05263157894737,45.73684210526316,10.31578947368421
1999-03-22,Rap/Hip Hop,17,56.470588235294116,57.8235294117647,41.588235294117645,10.411764705882353
1999-03-29,Rap/Hip Hop,17,56.88235294117647,50.588235294117645,41.94117647058823,10.411764705882353
1999-04-05,Rap/Hip Hop,17,59.76470588235294,46.8235294117647,46.05882352941177,9.705882352941176
1999-04-12,Rap/Hip Hop,14,55.42857142857143,51.714285714285715,42.214285714285715,10.428571428571429
1999-04-19,Rap/Hip Hop,14,54.714285714285715,41.92857142857143,38.0,10.357142857142858
1999-04-26,Rap/Hip Hop,13,57.92307692307692,56.38461538461539,36.07692307692308,10.461538461538462
1999-05-03,Rap/Hip Hop,14,60.142857142857146,46.642857142857146,41.92857142857143,10.214285714285714
1999-05-10,Rap/Hip Hop,12,59.0,49.333333333333336,45.75,9.25
1999-05-17,Rap/Hip Hop,11,58.27272727272727,55.27272727272727,46.09090909090909,9.818181818181818
1999-05-24,Rap/Hip Hop,10,55.3,46.8,43.4,10.7
1999-05-31,Rap/Hip Hop,10,60.1,55.3,42.8,11.7
1999-06-07,Rap/Hip Hop,10,64.5,60.1,41.2,12.7
1999-06-14,Rap/Hip Hop,7,60.0,57.714285714285715,32.857142857142854,12.0
1999-06-21,Rap/Hip Hop,8,71.125,40.125,44.875,10.375
1999-06-28,Rap/Hip Hop,9,72.77777777777777,52.55555555555556,46.666666666666664,9.555555555555555
1999-07-05,Rap/Hip Hop,9,71.55555555555556,61.888888888888886,50.44444444444444,8.555555555555555
1999-07-12,Rap/Hip Hop,9,67.55555555555556,60.77777777777778,50.44444444444444,8.0
1999-07-19,Rap/Hip Hop,10,68.3,60.8,51.2,8.2
1999-07-26,Rap/Hip Hop,9,64.88888888888889,55.55555555555556,57.0,5.666666666666667
1999-08-02,Rap/Hip Hop,9,64.0,64.88888888888889,55.111111111111114,6.666666666666667
1999-08-09,Rap/Hip Hop,10,65.3,57.6,56.2,7.0
1999-08-16,Rap/Hip Hop,10,60.0,65.3,51.1,8.0
1999-08-23,Rap/Hip Hop,10,58.2,50.4,47.0,8.6
1999-08-30,Rap/Hip Hop,10,55.4,58.2,43.3,9.6
1999-09-06,Rap/Hip Hop,9,50.111111111111114,50.55555555555556,45.333333333333336,9.444444444444445
1999-09-13,Rap/Hip Hop,11,54.54545454545455,32.09090909090909,49.27272727272727,7.636363636363637
1999-09-20,Rap/Hip Hop,11,51.90909090909091,54.54545454545455,44.90909090909091,8.636363636363637
1999-09-27,Rap/Hip Hop,11,48.72727272727273,51.90909090909091,40.18181818181818,9.636363636363637
1999-10-04,Rap/Hip Hop,11,45.81818181818182,48.72727272727273,34.45454545454545,10.636363636363637
1999-10-11,Rap/Hip Hop,10,46.0,44.8,33.5,10.7
1999-10-18,Rap/Hip Hop,12,53.583333333333336,38.333333333333336,42.916666666666664,9.916666666666666
1999-10-25,Rap/Hip Hop,10,47.0,45.9,42.8,9.8
1999-11-01,Rap/Hip Hop,10,47.1,37.8,43.5,9.6
1999-11-08,Rap/Hip Hop,10,45.3,47.1,40.6,10.6
1999-11-15,Rap/Hip Hop,10,45.1,45.3,39.7,11.6
1999-11-22,Rap/Hip Hop,12,52.583333333333336,29.333333333333332,42.75,10.25
1999-11-29,Rap/Hip Hop,12,57.083333333333336,43.833333333333336,48.083333333333336,7.75
1999-12-06,Rap/Hip Hop,12,57.0,49.333333333333336,43.583333333333336,8.583333333333334
1999-12-13,Rap/Hip Hop,13,60.53846153846154,52.61538461538461,44.46153846153846,9.076923076923077
1999-12-20,Rap/Hip Hop,12,59.0,57.583333333333336,45.583333333333336,9.416666666666666
1999-12-27,Rap/Hip Hop,10,55.7,51.7,42.9,10.4
2000-01-03,Rap/Hip Hop,9,49.111111111111114,40.0,43.44444444444444,10.11111111111111
2000-01-10,Rap/Hip Hop,10,53.9,44.2,48.1,10.1
2000-01-17,Rap/Hip Hop,13,58.46153846153846,41.46153846153846,49.84615384615385,8.76923076923077
2000-01-24,Rap/Hip Hop,11,50.90909090909091,53.36363636363637,42.81818181818182,9.0
2000-01-31,Rap/Hip Hop,12,59.666666666666664,43.583333333333336,50.083333333333336,7.083333333333333
2000-02-07,Rap/Hip Hop,11,57.27272727272727,56.09090909090909,43.45454545454545,8.272727272727273
2000-02-14,Rap/Hip Hop,11,59.0,48.63636363636363,43.27272727272727,8.272727272727273
2000-02-21,Rap/Hip Hop,12,61.833333333333336,38.666666666666664,52.5,7.166666666666667
2000-02-28,Rap/Hip Hop,12,60.25,61.833333333333336,48.916666666666664,8.166666666666666
2000-03-06,Rap/Hip Hop,11,58.72727272727273,60.63636363636363,46.63636363636363,8.090909090909092
2000-03-13,Rap/Hip Hop,12,59.583333333333336,45.833333333333336,47.833333333333336,7.916666666666667
2000-03-20,Rap/Hip Hop,13,61.38461538461539,48.30769230769231,53.69230769230769,6.769230769230769
2000-03-27,Rap/Hip Hop,12,57.083333333333336,58.166666666666664,49.583333333333336,7.416666666666667
2000-04-03,Rap/Hip Hop,12,57.0,57.083333333333336,46.083333333333336,8.416666666666666
2000-04-10,Rap/Hip Hop,12,52.416666666666664,48.75,41.833333333333336,8.833333333333334
2000-04-17,Rap/Hip Hop,11,53.0,53.72727272727273,41.18181818181818,8.727272727272727
2000-04-24,Rap/Hip Hop,10,49.8,48.4,40.0,9.0
2000-05-01,Rap/Hip Hop,11,53.54545454545455,45.27272727272727,41.45454545454545,9.181818181818182
2000-05-08,Rap/Hip Hop,11,53.09090909090909,53.54545454545455,37.45454545454545,10.181818181818182
2000-05-15,Rap/Hip Hop,9,46.666666666666664,43.333333333333336,34.22222222222222,10.11111111111111
2000-05-22,Rap/Hip Hop,10,52.8,42.0,38.1,10.1
2000-05-29,Rap/Hip Hop,11,54.81818181818182,48.0,39.54545454545455,10.181818181818182
2000-06-05,Rap/Hip Hop,10,52.3,52.1,38.9,10.2
2000-06-12,Rap/Hip Hop,11,53.90909090909091,47.54545454545455,41.72727272727273,10.272727272727273
2000-06-19,Rap/Hip Hop,10,51.6,49.4,37.6,10.9
2000-06-26,Rap/Hip Hop,9,48.0,46.22222222222222,34.666666666666664,11.11111111111111
2000-07-03,Rap/Hip Hop,9,47.111111111111114,48.0,32.55555555555556,12.11111111111111
2000-07-10,Rap/Hip Hop,8,39.875,28.5,27.125,12.125
2000-07-17,Rap/Hip Hop,7,37.857142857142854,39.42857142857143,24.714285714285715,11.857142857142858
2000-07-24,Rap/Hip Hop,8,44.75,33.125,30.375,11.375
2000-07-31,Rap/Hip Hop,9,52.77777777777778,39.77777777777778,34.55555555555556,11.11111111111111
2000-08-07,Rap/Hip Hop,9,53.0,45.333333333333336,37.77777777777778,9.88888888888889
2000-08-14,Rap/Hip Hop,9,48.666666666666664,42.333333333333336,38.333333333333336,8.88888888888889
2000-08-21,Rap/Hip Hop,10,51.1,43.8,38.4,9.0
2000-08-28,Rap/Hip Hop,10,47.6,51.1,32.0,10.0
2000-09-04,Rap/Hip Hop,12,56.833333333333336,39.666666666666664,40.583333333333336,9.333333333333334
2000-09-11,Rap/Hip Hop,12,54.583333333333336,48.666666666666664,42.583333333333336,8.75
2000-09-18,Rap/Hip Hop,12,52.666666666666664,46.5,42.5,8.916666666666666
2000-09-25,Rap/Hip Hop,13,56.0,48.61538461538461,44.92307692307692,9.23076923076923
2000-10-02,Rap/Hip Hop,13,55.46153846153846,48.30769230769231,42.23076923076923,9.923076923076923
2000-10-09,Rap/Hip Hop,12,53.166666666666664,55.25,40.333333333333336,10.083333333333334
2000-10-16,Rap/Hip Hop,11,54.72727272727273,51.81818181818182,39.45454545454545,10.181818181818182
2000-10-23,Rap/Hip Hop,10,51.8,46.4,45.4,7.7
2000-10-30,Rap/Hip Hop,10,52.1,43.2,44.4,7.7
2000-11-06,Rap/Hip Hop,11,51.0,47.36363636363637,42.36363636363637,8.0
2000-11-13,Rap/Hip Hop,12,53.75,46.75,43.25,8.333333333333334
2000-11-20,Rap/Hip Hop,13,54.92307692307692,42.07692307692308,43.0,8.615384615384615
2000-11-27,Rap/Hip Hop,13,54.46153846153846,54.92307692307692,40.0,9.615384615384615
2000-12-04,Rap/Hip Hop,12,52.833333333333336,51.083333333333336,35.083333333333336,10.5
2000-12-11,Rap/Hip Hop,12,54.416666666666664,44.583333333333336,37.25,9.916666666666666
2000-12-18,Rap/Hip Hop,12,55.5,46.083333333333336,38.0,9.666666666666666
2000-12-25,Rap/Hip Hop,10,48.8,50.9,39.1,8.7
2001-01-01,Rap/Hip Hop,9,48.333333333333336,44.333333333333336,34.111111111111114,10.0
2001-01-08,Rap/Hip Hop,9,48.55555555555556,37.22222222222222,25.666666666666668,12.777777777777779
2001-01-15,Rap/Hip Hop,10,53.3,33.7,36.9,11.1
2001-01-22,Rap/Hip Hop,10,55.8,53.3,35.0,12.1
2001-01-29,Rap/Hip Hop,11,57.54545454545455,41.72727272727273,45.0,10.181818181818182
2001-02-05,Rap/Hip Hop,10,54.0,53.7,39.6,11.3
2001-02-12,Rap/Hip Hop,9,51.666666666666664,38.22222222222222,44.44444444444444,9.777777777777779
2001-02-19,Rap/Hip Hop,10,53.4,46.5,44.4,9.8
2001-02-26,Rap/Hip Hop,12,60.583333333333336,40.583333333333336,55.666666666666664,7.333333333333333
2001-03-05,Rap/Hip Hop,12,62.25,53.0,56.75,7.916666666666667
2001-03-12,Rap/Hip Hop,12,64.08333333333333,62.25,55.583333333333336,8.916666666666666
2001-03-19,Rap/Hip Hop,11,62.54545454545455,57.18181818181818,56.09090909090909,8.363636363636363
2001-03-26,Rap/Hip Hop,11,63.45454545454545,62.54545454545455,54.0,9.363636363636363
2001-04-02,Rap/Hip Hop,11,65.36363636363636,54.36363636363637,52.36363636363637,9.909090909090908
2001-04-09,Rap/Hip Hop,10,59.8,62.0,48.8,9.9
2001-04-16,Rap/Hip Hop,10,63.8,54.8,55.3,8.6
2001-04-23,Rap/Hip Hop,10,60.2,63.8,51.4,9.6
2001-04-30,Rap/Hip Hop,9,57.77777777777778,60.0,52.22222222222222,9.444444444444445
2001-05-07,Rap/Hip Hop,8,54.125,52.75,47.375,9.875
2001-05-14,Rap/Hip Hop,10,57.6,43.3,50.9,8.9
2001-05-21,Rap/Hip Hop,11,60.36363636363637,43.72727272727273,51.27272727272727,8.0
2001-05-28,Rap/Hip Hop,10,52.3,46.8,42.4,8.8
2001-06-04,Rap/Hip Hop,9,49.55555555555556,49.111111111111114,41.666666666666664,8.555555555555555
2001-06-11,Rap/Hip Hop,10,50.0,44.6,41.0,8.7
2001-06-18,Rap/Hip Hop,11,51.18181818181818,45.45454545454545,41.90909090909091,8.909090909090908
2001-06-25,Rap/Hip Hop,13,57.15384615384615,43.30769230769231,47.23076923076923,8.538461538461538
2001-07-02,Rap/Hip Hop,13,54.46153846153846,57.15384615384615,41.92307692307692,9.538461538461538
2001-07-09,Rap/Hip Hop,15,58.93333333333333,47.2,46.13333333333333,9.266666666666667
2001-07-16,Rap/Hip Hop,16,63.0,50.1875,51.5,8.4375
2001-07-23,Rap/Hip Hop,14,56.785714285714285,52.285714285714285,47.642857142857146,7.571428571428571
2001-07-30,Rap/Hip Hop,14,54.5,43.142857142857146,45.57142857142857,6.857142857142857
2001-08-06,Rap/Hip Hop,15,53.333333333333336,44.86666666666667,44.13333333333333,7.133333333333334
2001-08-13,Rap/Hip Hop,15,51.0,53.333333333333336,39.333333333333336,8.133333333333333
2001-08-20,Rap/Hip Hop,15,49.4,44.4,42.266666666666666,8.2
2001-08-27,Rap/Hip Hop,16,52.1875,46.3125,43.4375,8.6875
2001-09-03,Rap/Hip Hop,16,54.75,52.1875,42.25,9.6875
2001-09-10,Rap/Hip Hop,14,51.92857142857143,52.642857142857146,36.642857142857146,9.785714285714286
2001-09-17,Rap/Hip Hop,15,53.733333333333334,42.13333333333333,42.53333333333333,9.0
2001-09-24,Rap/Hip Hop,15,56.266666666666666,53.733333333333334,40.86666666666667,10.0
2001-10-01,Rap/Hip Hop,13,47.84615384615385,50.23076923076923,35.61538461538461,10.692307692307692
2001-10-08,Rap/Hip Hop,15,49.53333333333333,34.93333333333333,37.266666666666666,10.066666666666666
2001-10-15,Rap/Hip Hop,14,47.857142857142854,46.42857142857143,35.07142857142857,10.357142857142858
2001-10-22,Rap/Hip Hop,15,52.0,38.6,40.666666666666664,9.866666666666667
2001-10-29,Rap/Hip Hop,15,48.8,52.0,35.86666666666667,10.866666666666667
2001-11-05,Rap/Hip Hop,16,50.6875,40.0,41.375,10.125
2001-11-12,Rap/Hip Hop,15,49.13333333333333,48.53333333333333,38.13333333333333,10.466666666666667
2001-11-19,Rap/Hip Hop,14,47.07142857142857,45.642857142857146,33.357142857142854,11.142857142857142
2001-11-26,Rap/Hip Hop,14,53.0,43.92857142857143,38.357142857142854,10.428571428571429
2001-12-03,Rap/Hip Hop,12,47.916666666666664,49.583333333333336,37.833333333333336,9.833333333333334
2001-12-10,Rap/Hip Hop,13,53.23076923076923,39.23076923076923,44.84615384615385,8.538461538461538
2001-12-17,Rap/Hip Hop,14,54.57142857142857,49.42857142857143,42.42857142857143,8.928571428571429
2001-12-24,Rap/Hip Hop,13,51.15384615384615,51.46153846153846,37.46153846153846,9.923076923076923
2001-12-31,Rap/Hip Hop,11,43.72727272727273,46.81818181818182,32.09090909090909,9.727272727272727
2002-01-07,Rap/Hip Hop,11,46.09090909090909,43.72727272727273,31.90909090909091,10.727272727272727
2002-01-14,Rap/Hip Hop,11,45.09090909090909,38.0,38.54545454545455,9.909090909090908
2002-01-21,Rap/Hip Hop,12,45.75,41.333333333333336,38.916666666666664,10.083333333333334
2002-01-28,Rap/Hip Hop,13,49.38461538461539,42.23076923076923,42.30769230769231,10.307692307692308
2002-02-04,Rap/Hip Hop,13,46.53846153846154,41.69230769230769,45.07692307692308,10.0
2002-02-11,Rap/Hip Hop,14,48.07142857142857,36.07142857142857,45.714285714285715,10.0
2002-02-18,Rap/Hip Hop,14,46.785714285714285,48.07142857142857,41.57142857142857,11.0
2002-02-25,Rap/Hip Hop,15,50.266666666666666,43.666666666666664,41.6,11.266666666666667
2002-03-04,Rap/Hip Hop,17,55.23529411764706,44.35294117647059,46.11764705882353,10.941176470588236
2002-03-11,Rap/Hip Hop,16,56.4375,55.375,45.6875,11.375
2002-03-18,Rap/Hip Hop,15,55.266666666666666,53.6,40.93333333333333,12.666666666666666
2002-03-25,Rap/Hip Hop,14,57.07142857142857,37.0,47.07142857142857,10.571428571428571
2002-04-01,Rap/Hip Hop,14,58.357142857142854,53.714285714285715,50.285714285714285,10.071428571428571
2002-04-08,Rap/Hip Hop,15,58.4,54.46666666666667,50.733333333333334,10.4
2002-04-15,Rap/Hip Hop,15,58.333333333333336,47.93333333333333,50.93333333333333,9.933333333333334
2002-04-22,Rap/Hip Hop,14,53.642857142857146,48.92857142857143,45.0,10.142857142857142
2002-04-29,Rap/Hip Hop,14,52.42857142857143,37.214285714285715,49.0,7.214285714285714
2002-05-06,Rap/Hip Hop,14,47.42857142857143,48.357142857142854,45.57142857142857,6.785714285714286
2002-05-13,Rap/Hip Hop,16,47.75,41.5,46.1875,6.9375
2002-05-20,Rap/Hip Hop,15,42.6,38.266666666666666,40.86666666666667,7.666666666666667
2002-05-27,Rap/Hip Hop,14,38.0,38.5,33.92857142857143,9.071428571428571
2002-06-03,Rap/Hip Hop,15,42.0,35.46666666666667,35.666666666666664,9.466666666666667
2002-06-10,Rap/Hip Hop,15,45.4,42.0,35.0,10.466666666666667
2002-06-17,Rap/Hip Hop,16,51.125,42.5625,37.5,10.8125
2002-06-24,Rap/Hip Hop,16,50.8125,51.125,35.375,11.8125
2002-07-01,Rap/Hip Hop,15,52.4,49.46666666666667,35.4,12.266666666666667
2002-07-08,Rap/Hip Hop,17,53.588235294117645,40.35294117647059,38.35294117647059,11.352941176470589
2002-07-15,Rap/Hip Hop,17,52.94117647058823,44.11764705882353,43.35294117647059,10.411764705882353
2002-07-22,Rap/Hip Hop,16,46.8125,50.1875,38.1875,10.8125
2002-07-29,Rap/Hip Hop,17,46.529411764705884,44.05882352941177,36.88235294117647,11.176470588235293
2002-08-05,Rap/Hip Hop,15,39.13333333333333,43.06666666666667,32.8,11.0
2002-08-12,Rap/Hip Hop,15,37.4,32.93333333333333,32.06666666666667,10.666666666666666
2002-08-19,Rap/Hip Hop,16,39.6875,35.0625,33.125,11.0
2002-08-26,Rap/Hip Hop,17,42.0,34.64705882352941,37.05882352941177,9.705882352941176
2002-09-02,Rap/Hip Hop,17,40.294117647058826,42.0,32.64705882352941,10.705882352941176
2002-09-09,Rap/Hip Hop,18,42.05555555555556,35.833333333333336,35.77777777777778,9.944444444444445
2002-09-16,Rap/Hip Hop,18,38.888888888888886,42.05555555555556,31.11111111111111,10.944444444444445
2002-09-23,Rap/Hip Hop,17,37.23529411764706,35.588235294117645,33.470588235294116,10.0
2002-09-30,Rap/Hip Hop,18,36.333333333333336,29.944444444444443,32.05555555555556,9.833333333333334
2002-10-07,Rap/Hip Hop,17,31.58823529411765,33.588235294117645,29.11764705882353,10.235294117647058
2002-10-14,Rap/Hip Hop,19,37.10526315789474,28.263157894736842,33.10526315789474,10.157894736842104
2002-10-21,Rap/Hip Hop,19,36.31578947368421,37.10526315789474,31.36842105263158,11.157894736842104
2002-10-28,Rap/Hip Hop,18,35.333333333333336,36.166666666666664,30.555555555555557,11.333333333333334
2002-11-04,Rap/Hip Hop,20,42.3,26.8,34.65,10.95
2002-11-11,Rap/Hip Hop,19,42.36842105263158,37.63157894736842,34.26315789473684,10.368421052631579
2002-11-18,Rap/Hip Hop,20,44.2,40.25,34.85,10.85
2002-11-25,Rap/Hip Hop,22,48.5,40.18181818181818,36.18181818181818,10.863636363636363
2002-12-02,Rap/Hip Hop,22,48.36363636363637,44.09090909090909,33.86363636363637,11.545454545454545
2002-12-09,Rap/Hip Hop,22,49.63636363636363,46.40909090909091,35.31818181818182,11.545454545454545
2002-12-16,Rap/Hip Hop,21,45.904761904761905,40.904761904761905,39.857142857142854,10.047619047619047
2002-12-23,Rap/Hip Hop,20,44.95,41.3,36.9,9.75
2002-12-30,Rap/Hip Hop,20,43.25,39.95,34.55,9.85
2003-01-06,Rap/Hip Hop,22,45.95454545454545,39.31818181818182,37.77272727272727,9.954545454545455
2003-01-13,Rap/Hip Hop,21,46.476190476190474,43.666666666666664,35.285714285714285,10.952380952380953
2003-01-20,Rap/Hip Hop,20,47.6,45.05,37.75,10.35
2003-01-27,Rap/Hip Hop,19,45.473684210526315,42.63157894736842,37.73684210526316,9.842105263157896
2003-02-03,Rap/Hip Hop,21,49.523809523809526,34.333333333333336,44.857142857142854,8.142857142857142
2003-02-10,Rap/Hip Hop,24,52.25,35.041666666666664,45.833333333333336,7.5
2003-02-17,Rap/Hip Hop,23,50.869565217391305,50.391304347826086,41.08695652173913,8.434782608695652
2003-02-24,Rap/Hip Hop,23,49.391304347826086,46.56521739130435,36.56521739130435,9.217391304347826
2003-03-03,Rap/Hip Hop,25,52.32,43.68,40.56,8.52
2003-03-10,Rap/Hip Hop,24,52.291666666666664,48.666666666666664,39.583333333333336,8.833333333333334
2003-03-17,Rap/Hip Hop,22,47.5,44.04545454545455,36.36363636363637,9.272727272727273
2003-03-24,Rap/Hip Hop,19,42.68421052631579,42.473684210526315,32.421052631578945,9.578947368421053
2003-03-31,Rap/Hip Hop,21,44.904761904761905,34.095238095238095,36.0,8.714285714285714
2003-04-07,Rap/Hip Hop,21,44.57142857142857,40.42857142857143,32.76190476190476,9.333333333333334
2003-04-14,Rap/Hip Hop,19,42.1578947368421,36.94736842105263,31.157894736842106,9.052631578947368
2003-04-21,Rap/Hip Hop,19,45.0,28.157894736842106,35.73684210526316,8.105263157894736
2003-04-28,Rap/Hip Hop,19,46.10526315789474,40.10526315789474,36.0,8.526315789473685
2003-05-05,Rap/Hip Hop,19,46.21052631578947,46.10526315789474,34.05263157894737,9.526315789473685
2003-05-12,Rap/Hip Hop,20,49.35,40.6,39.55,9.05
2003-05-19,Rap/Hip Hop,19,48.78947368421053,47.0,39.0,9.68421052631579
2003-05-26,Rap/Hip Hop,18,44.0,40.5,35.94444444444444,9.944444444444445
2003-06-02,Rap/Hip Hop,20,47.95,39.6,38.05,9.95
2003-06-09,Rap/Hip Hop,22,50.90909090909091,43.59090909090909,38.40909090909091,10.045454545454545
2003-06-16,Rap/Hip Hop,22,49.95454545454545,50.90909090909091,33.5,11.045454545454545
2003-06-23,Rap/Hip Hop,17,40.94117647058823,40.411764705882355,27.941176470588236,11.294117647058824
2003-06-30,Rap/Hip Hop,18,43.0,38.666666666666664,29.0,11.666666666666666
2003-07-07,Rap/Hip Hop,18,43.27777777777778,43.0,26.38888888888889,12.666666666666666
2003-07-14,Rap/Hip Hop,17,39.64705882352941,39.94117647058823,24.941176470588236,13.235294117647058
2003-07-21,Rap/Hip Hop,17,39.588235294117645,39.64705882352941,22.294117647058822,14.235294117647058
2003-07-28,Rap/Hip Hop,18,45.0,37.388888888888886,24.88888888888889,14.444444444444445
2003-08-04,Rap/Hip Hop,18,48.388888888888886,36.888888888888886,31.5,12.777777777777779
2003-08-11,Rap/Hip Hop,16,45.4375,45.6875,29.625,12.9375
2003-08-18,Rap/Hip Hop,13,35.15384615384615,31.0,29.46153846153846,11.153846153846153
2003-08-25,Rap/Hip Hop,13,38.0,31.384615384615383,35.07692307692308,10.384615384615385
2003-09-01,Rap/Hip Hop,15,43.86666666666667,32.93333333333333,40.46666666666667,10.0
2003-09-08,Rap/Hip Hop,14,37.0,41.42857142857143,34.285714285714285,10.285714285714286
2003-09-15,Rap/Hip Hop,15,36.2,34.53333333333333,33.733333333333334,10.6
2003-09-22,Rap/Hip Hop,16,37.1875,27.875,34.1875,10.6875
2003-09-29,Rap/Hip Hop,18,39.888888888888886,33.05555555555556,35.5,10.5
2003-10-06,Rap/Hip Hop,17,37.94117647058823,39.294117647058826,34.05882352941177,10.705882352941176
2003-10-13,Rap/Hip Hop,19,38.73684210526316,29.526315789473685,35.21052631578947,10.157894736842104
2003-10-20,Rap/Hip Hop,21,41.76190476190476,35.04761904761905,35.904761904761905,10.19047619047619
2003-10-27,Rap/Hip Hop,22,42.04545454545455,35.81818181818182,37.90909090909091,9.954545454545455
2003-11-03,Rap/Hip Hop,22,41.72727272727273,42.04545454545455,34.77272727272727,10.954545454545455
2003-11-10,Rap/Hip Hop,23,41.69565217391305,35.95652173913044,33.69565217391305,10.826086956521738
2003-11-17,Rap/Hip Hop,21,39.857142857142854,32.333333333333336,34.904761904761905,9.904761904761905
2003-11-24,Rap/Hip Hop,21,39.76190476190476,35.523809523809526,33.19047619047619,10.523809523809524
2003-12-01,Rap/Hip Hop,23,43.34782608695652,32.391304347826086,34.391304347826086,10.173913043478262
2003-12-08,Rap/Hip Hop,22,40.95454545454545,43.09090909090909,32.40909090909091,10.454545454545455
2003-12-15,Rap/Hip Hop,23,42.26086956521739,35.08695652173913,32.34782608695652,10.608695652173912
2003-12-22,Rap/Hip Hop,22,39.90909090909091,36.63636363636363,32.40909090909091,10.772727272727273
2003-12-29,Rap/Hip Hop,23,42.608695652173914,32.608695652173914,37.34782608695652,9.434782608695652
2004-01-05,Rap/Hip Hop,24,42.333333333333336,40.833333333333336,36.875,10.041666666666666
2004-01-12,Rap/Hip Hop,25,45.0,40.64,38.56,10.64
2004-01-19,Rap/Hip Hop,26,44.42307692307692,43.26923076923077,37.03846153846154,11.23076923076923
2004-01-26,Rap/Hip Hop,27,42.74074074074074,39.074074074074076,35.03703703703704,11.25925925925926
2004-02-02,Rap/Hip Hop,27,41.22222222222222,42.74074074074074,30.666666666666668,12.25925925925926
2004-02-09,Rap/Hip Hop,28,43.142857142857146,38.25,31.392857142857142,12.071428571428571
2004-02-16,Rap/Hip Hop,28,42.892857142857146,39.82142857142857,30.75,12.678571428571429
2004-02-23,Rap/Hip Hop,27,39.77777777777778,40.851851851851855,26.296296296296298,13.814814814814815
2004-03-01,Rap/Hip Hop,26,38.38461538461539,36.23076923076923,27.307692307692307,13.807692307692308
2004-03-08,Rap/Hip Hop,28,41.92857142857143,33.892857142857146,31.321428571428573,12.214285714285714
2004-03-15,Rap/Hip Hop,27,40.51851851851852,36.333333333333336,34.592592592592595,10.777777777777779
2004-03-22,Rap/Hip Hop,28,40.17857142857143,39.07142857142857,32.42857142857143,11.392857142857142
2004-03-29,Rap/Hip Hop,28,41.142857142857146,40.17857142857143,29.928571428571427,12.392857142857142
2004-04-05,Rap/Hip Hop,24,32.416666666666664,32.125,22.875,12.833333333333334
2004-04-12,Rap/Hip Hop,25,37.08,31.12,24.64,13.32
2004-04-19,Rap/Hip Hop,23,35.34782608695652,29.91304347826087,23.08695652173913,13.347826086956522
2004-04-26,Rap/Hip Hop,23,36.21739130434783,31.26086956521739,23.391304347826086,13.608695652173912
2004-05-03,Rap/Hip Hop,24,39.541666666666664,25.166666666666668,31.291666666666668,12.25
2004-05-10,Rap/Hip Hop,25,41.84,36.2,33.32,11.72
2004-05-17,Rap/Hip Hop,27,45.44444444444444,38.74074074074074,34.925925925925924,11.851851851851851
2004-05-24,Rap/Hip Hop,25,42.92,42.08,35.04,10.88
2004-05-31,Rap/Hip Hop,25,43.36,41.32,34.52,10.92
2004-06-07,Rap/Hip Hop,25,41.72,43.36,31.44,11.92
2004-06-14,Rap/Hip Hop,25,41.44,35.24,35.36,11.4
2004-06-21,Rap/Hip Hop,28,46.714285714285715,35.392857142857146,40.32142857142857,9.785714285714286
2004-06-28,Rap/Hip Hop,26,40.11538461538461,39.34615384615385,32.34615384615385,11.0
2004-07-05,Rap/Hip Hop,29,47.10344827586207,35.96551724137931,35.55172413793103,10.862068965517242
2004-07-12,Rap/Hip Hop,32,51.125,42.6875,37.40625,10.84375
2004-07-19,Rap/Hip Hop,31,49.58064516129032,45.225806451612904,38.483870967741936,10.35483870967742
2004-07-26,Rap/Hip Hop,28,45.285714285714285,47.035714285714285,36.25,10.607142857142858
2004-08-02,Rap/Hip Hop,25,39.52,41.24,30.32,11.44
2004-08-09,Rap/Hip Hop,24,41.458333333333336,37.5,33.125,10.833333333333334
2004-08-16,Rap/Hip Hop,25,44.24,39.8,34.24,11.4
2004-08-23,Rap/Hip Hop,27,47.370370370370374,37.592592592592595,37.74074074074074,11.11111111111111
2004-08-30,Rap/Hip Hop,26,45.23076923076923,41.88461538461539,34.15384615384615,11.384615384615385
2004-09-06,Rap/Hip Hop,25,44.88,43.12,32.52,12.2
2004-09-13,Rap/Hip Hop,26,47.73076923076923,33.73076923076923,37.65384615384615,10.538461538461538
2004-09-20,Rap/Hip Hop,26,47.42307692307692,41.34615384615385,38.84615384615385,10.307692307692308
2004-09-27,Rap/Hip Hop,26,45.11538461538461,42.07692307692308,38.80769230769231,9.038461538461538
2004-10-04,Rap/Hip Hop,27,42.44444444444444,39.888888888888886,34.2962962962963,9.407407407407407
2004-10-11,Rap/Hip Hop,30,47.3,35.266666666666666,38.5,9.066666666666666
2004-10-18,Rap/Hip Hop,31,48.483870967741936,42.806451612903224,38.774193548387096,9.225806451612904
2004-10-25,Rap/Hip Hop,31,47.67741935483871,43.67741935483871,36.774193548387096,9.612903225806452
2004-11-01,Rap/Hip Hop,30,46.733333333333334,40.96666666666667,36.5,9.9
2004-11-08,Rap/Hip Hop,29,47.93103448275862,43.41379310344828,37.86206896551724,9.655172413793103
2004-11-15,Rap/Hip Hop,32,49.875,34.5,39.75,9.0
2004-11-22,Rap/Hip Hop,32,49.375,40.0625,40.0625,8.21875
2004-11-29,Rap/Hip Hop,31,47.806451612903224,46.096774193548384,39.25806451612903,8.193548387096774
2004-12-06,Rap/Hip Hop,31,44.935483870967744,45.83870967741935,37.16129032258065,8.548387096774194
2004-12-13,Rap/Hip Hop,29,40.58620689655172,41.275862068965516,32.37931034482759,9.448275862068966
2004-12-20,Rap/Hip Hop,28,38.714285714285715,35.07142857142857,28.214285714285715,10.107142857142858
2004-12-27,Rap/Hip Hop,30,43.666666666666664,33.0,29.933333333333334,10.633333333333333
2005-01-03,Rap/Hip Hop,29,41.37931034482759,38.724137931034484,27.24137931034483,10.931034482758621
2005-01-10,Rap/Hip Hop,29,43.275862068965516,38.37931034482759,28.689655172413794,11.620689655172415
2005-01-17,Rap/Hip Hop,30,47.266666666666666,35.233333333333334,29.466666666666665,11.733333333333333
2005-01-24,Rap/Hip Hop,28,47.0,44.392857142857146,29.535714285714285,11.035714285714286
2005-01-31,Rap/Hip Hop,31,50.87096774193548,39.774193548387096,33.903225806451616,10.419354838709678
2005-02-07,Rap/Hip Hop,28,46.107142857142854,42.964285714285715,27.25,10.642857142857142
2005-02-14,Rap/Hip Hop,26,45.26923076923077,37.96153846153846,32.46153846153846,9.615384615384615
2005-02-21,Rap/Hip Hop,25,44.28,36.24,33.32,9.64
2005-02-28,Rap/Hip Hop,26,46.15384615384615,36.30769230769231,38.73076923076923,8.923076923076923
2005-03-07,Rap/Hip Hop,26,43.23076923076923,46.15384615384615,33.53846153846154,9.923076923076923
2005-03-14,Rap/Hip Hop,28,45.357142857142854,36.785714285714285,35.75,9.535714285714286
2005-03-21,Rap/Hip Hop,26,42.03846153846154,35.11538461538461,34.92307692307692,9.961538461538462
2005-03-28,Rap/Hip Hop,25,40.24,40.2,29.32,11.32
2005-04-04,Rap/Hip Hop,23,37.73913043478261,37.869565217391305,28.434782608695652,11.565217391304348
2005-04-11,Rap/Hip Hop,23,38.391304347826086,31.08695652173913,32.08695652173913,11.217391304347826
2005-04-18,Rap/Hip Hop,22,35.5,38.22727272727273,29.09090909090909,11.772727272727273
2005-04-25,Rap/Hip Hop,20,34.3,34.75,29.7,11.35
2005-05-02,Rap/Hip Hop,21,40.80952380952381,32.666666666666664,32.142857142857146,11.80952380952381
2005-05-09,Rap/Hip Hop,20,39.85,38.45,28.8,13.0
2005-05-16,Rap/Hip Hop,20,40.8,31.85,31.95,12.75
2005-05-23,Rap/Hip Hop,21,40.095238095238095,34.714285714285715,32.142857142857146,12.476190476190476
2005-05-30,Rap/Hip Hop,25,46.48,33.68,36.8,11.48
2005-06-06,Rap/Hip Hop,24,44.458333333333336,44.083333333333336,35.75,10.958333333333334
2005-06-13,Rap/Hip Hop,24,42.708333333333336,38.25,33.208333333333336,10.375
2005-06-20,Rap/Hip Hop,26,47.07692307692308,35.73076923076923,37.26923076923077,9.961538461538462
2005-06-27,Rap/Hip Hop,25,45.16,47.16,34.44,10.2
2005-07-04,Rap/Hip Hop,25,45.0,42.2,34.32,10.96
2005-07-11,Rap/Hip Hop,26,47.42307692307692,41.38461538461539,37.92307692307692,10.653846153846153
2005-07-18,Rap/Hip Hop,27,53.18518518518518,40.074074074074076,46.333333333333336,8.703703703703704
2005-07-25,Rap/Hip Hop,26,49.42307692307692,50.15384615384615,44.96153846153846,8.461538461538462
2005-08-01,Rap/Hip Hop,26,45.65384615384615,42.42307692307692,42.30769230769231,9.115384615384615
2005-08-08,Rap/Hip Hop,25,44.76,43.68,39.2,10.16
2005-08-15,Rap/Hip Hop,22,41.81818181818182,40.45454545454545,33.77272727272727,11.045454545454545
2005-08-22,Rap/Hip Hop,24,48.458333333333336,38.333333333333336,36.541666666666664,11.125
2005-08-29,Rap/Hip Hop,25,51.12,42.88,39.16,11.16
2005-09-05,Rap/Hip Hop,26,54.30769230769231,49.15384615384615,38.80769230769231,11.73076923076923
2005-09-12,Rap/Hip Hop,24,52.375,51.25,40.083333333333336,11.208333333333334
2005-09-19,Rap/Hip Hop,23,50.0,46.82608695652174,35.82608695652174,11.652173913043478
2005-09-26,Rap/Hip Hop,21,48.857142857142854,39.76190476190476,38.095238095238095,10.571428571428571
2005-10-03,Rap/Hip Hop,19,43.78947368421053,34.89473684210526,35.578947368421055,10.105263157894736
2005-10-10,Rap/Hip Hop,21,45.61904761904762,39.61904761904762,36.285714285714285,10.142857142857142
2005-10-17,Rap/Hip Hop,18,34.833333333333336,40.27777777777778,27.5,10.555555555555555
2005-10-24,Rap/Hip Hop,19,37.10526315789474,29.210526315789473,31.63157894736842,10.0
2005-10-31,Rap/Hip Hop,22,41.77272727272727,32.04545454545455,35.86363636363637,9.636363636363637
2005-11-07,Rap/Hip Hop,23,43.26086956521739,39.95652173913044,35.21739130434783,10.217391304347826
2005-11-14,Rap/Hip Hop,24,43.041666666666664,37.291666666666664,34.791666666666664,10.333333333333334
2005-11-21,Rap/Hip Hop,24,41.916666666666664,39.5,32.791666666666664,10.541666666666666
2005-11-28,Rap/Hip Hop,22,40.13636363636363,39.86363636363637,32.36363636363637,10.363636363636363
2005-12-05,Rap/Hip Hop,22,38.72727272727273,33.95454545454545,32.5,10.227272727272727
2005-12-12,Rap/Hip Hop,25,45.64,34.08,37.08,10.0
2005-12-19,Rap/Hip Hop,23,42.26086956521739,35.04347826086956,36.08695652173913,10.0
2005-12-26,Rap/Hip Hop,25,42.2,35.48,36.24,10.24
2006-01-02,Rap/Hip Hop,27,46.7037037037037,39.074074074074076,39.18518518518518,10.481481481481481
2006-01-09,Rap/Hip Hop,24,44.0,40.5,31.875,12.375
2006-01-16,Rap/Hip Hop,23,42.78260869565217,34.43478260869565,31.26086956521739,12.652173913043478
2006-01-23,Rap/Hip Hop,22,42.59090909090909,38.31818181818182,33.81818181818182,12.818181818181818
2006-01-30,Rap/Hip Hop,21,40.904761904761905,35.42857142857143,28.523809523809526,14.0
2006-02-06,Rap/Hip Hop,21,44.142857142857146,40.904761904761905,25.952380952380953,15.0
2006-02-13,Rap/Hip Hop,21,43.714285714285715,37.61904761904762,30.38095238095238,14.238095238095237
2006-02-20,Rap/Hip Hop,21,47.333333333333336,37.857142857142854,36.04761904761905,13.047619047619047
2006-02-27,Rap/Hip Hop,23,50.73913043478261,39.34782608695652,40.04347826086956,12.608695652173912
2006-03-06,Rap/Hip Hop,25,53.8,46.68,40.8,12.6
2006-03-13,Rap/Hip Hop,25,53.56,46.04,40.36,12.76
2006-03-20,Rap/Hip Hop,24,53.041666666666664,49.375,40.416666666666664,12.916666666666666
2006-03-27,Rap/Hip Hop,20,51.65,42.75,42.9,11.6
2006-04-03,Rap/Hip Hop,20,54.45,44.25,45.85,9.85
2006-04-10,Rap/Hip Hop,18,47.94444444444444,40.111111111111114,39.05555555555556,10.444444444444445
2006-04-17,Rap/Hip Hop,19,50.26315789473684,41.10526315789474,41.0,9.894736842105264
2006-04-24,Rap/Hip Hop,20,46.4,40.9,40.9,8.15
2006-05-01,Rap/Hip Hop,20,44.3,41.65,37.2,8.9
2006-05-08,Rap/Hip Hop,19,38.526315789473685,41.578947368421055,29.63157894736842,10.263157894736842
2006-05-15,Rap/Hip Hop,19,41.05263157894737,34.1578947368421,33.36842105263158,9.210526315789474
2006-05-22,Rap/Hip Hop,20,45.4,39.0,33.7,9.75
2006-05-29,Rap/Hip Hop,18,46.5,44.94444444444444,34.05555555555556,9.0
2006-06-05,Rap/Hip Hop,17,45.470588235294116,38.411764705882355,31.235294117647058,9.941176470588236
2006-06-12,Rap/Hip Hop,19,48.05263157894737,36.10526315789474,35.0,9.368421052631579
2006-06-19,Rap/Hip Hop,19,48.578947368421055,28.63157894736842,42.89473684210526,8.157894736842104
2006-06-26,Rap/Hip Hop,19,52.1578947368421,43.8421052631579,41.94736842105263,9.105263157894736
2006-07-03,Rap/Hip Hop,16,44.8125,44.625,34.75,10.5625
2006-07-10,Rap/Hip Hop,16,42.4375,38.6875,31.375,11.375
2006-07-17,Rap/Hip Hop,17,46.35294117647059,31.705882352941178,38.529411764705884,10.235294117647058
2006-07-24,Rap/Hip Hop,15,38.2,40.266666666666666,28.2,12.266666666666667
2006-07-31,Rap/Hip Hop,14,37.714285714285715,30.285714285714285,28.0,12.5
2006-08-07,Rap/Hip Hop,14,36.0,30.714285714285715,27.642857142857142,12.142857142857142
2006-08-14,Rap/Hip Hop,16,41.75,31.5,31.4375,11.625
2006-08-21,Rap/Hip Hop,16,40.375,36.25,29.5625,12.4375
2006-08-28,Rap/Hip Hop,16,44.9375,35.875,30.5625,12.6875
2006-09-04,Rap/Hip Hop,16,48.5,40.3125,34.0,12.4375
2006-09-11,Rap/Hip Hop,18,54.833333333333336,25.555555555555557,47.888888888888886,8.777777777777779
2006-09-18,Rap/Hip Hop,19,52.10526315789474,46.68421052631579,43.10526315789474,9.263157894736842
2006-09-25,Rap/Hip Hop,21,55.80952380952381,47.142857142857146,44.857142857142854,9.380952380952381
2006-10-02,Rap/Hip Hop,21,55.38095238095238,49.0,47.76190476190476,8.761904761904763
2006-10-09,Rap/Hip Hop,20,47.0,48.3,38.8,9.95
2006-10-16,Rap/Hip Hop,21,47.142857142857146,42.523809523809526,41.04761904761905,9.142857142857142
2006-10-23,Rap/Hip Hop,21,47.714285714285715,44.95238095238095,40.333333333333336,8.80952380952381
2006-10-30,Rap/Hip Hop,20,43.65,44.15,38.05,8.7
2006-11-06,Rap/Hip Hop,20,42.7,38.95,33.2,9.95
2006-11-13,Rap/Hip Hop,20,42.75,38.25,36.6,8.7
2006-11-20,Rap/Hip Hop,20,43.5,42.75,33.75,9.7
2006-11-27,Rap/Hip Hop,23,47.21739130434783,35.26086956521739,39.91304347826087,8.565217391304348
2006-12-04,Rap/Hip Hop,24,47.75,45.25,37.041666666666664,9.208333333333334
2006-12-11,Rap/Hip Hop,20,39.35,35.1,28.85,9.4
2006-12-18,Rap/Hip Hop,22,41.18181818181818,24.363636363636363,32.18181818181818,8.090909090909092
2006-12-25,Rap/Hip Hop,23,44.69565217391305,39.391304347826086,32.21739130434783,8.73913043478261
2007-01-01,Rap/Hip Hop,22,43.77272727272727,38.86363636363637,32.0,9.0
2007-01-08,Rap/Hip Hop,24,50.416666666666664,36.083333333333336,33.041666666666664,10.0
2007-01-15,Rap/Hip Hop,24,52.5,43.208333333333336,35.75,10.125
2007-01-22,Rap/Hip Hop,22,49.22727272727273,45.63636363636363,32.86363636363637,11.363636363636363
2007-01-29,Rap/Hip Hop,21,50.476190476190474,32.095238095238095,43.285714285714285,9.952380952380953
2007-02-05,Rap/Hip Hop,21,45.76190476190476,50.476190476190474,35.666666666666664,10.952380952380953
2007-02-12,Rap/Hip Hop,19,40.68421052631579,39.63157894736842,35.36842105263158,10.31578947368421
2007-02-19,Rap/Hip Hop,23,46.73913043478261,33.608695652173914,40.608695652173914,9.521739130434783
2007-02-26,Rap/Hip Hop,22,43.31818181818182,44.63636363636363,35.13636363636363,10.909090909090908
2007-03-05,Rap/Hip Hop,25,46.4,38.12,37.4,10.64
2007-03-12,Rap/Hip Hop,23,42.869565217391305,43.130434782608695,33.95652173913044,11.869565217391305
2007-03-19,Rap/Hip Hop,21,37.19047619047619,39.857142857142854,30.285714285714285,12.285714285714286
2007-03-26,Rap/Hip Hop,23,41.65217391304348,33.95652173913044,32.52173913043478,12.26086956521739
2007-04-02,Rap/Hip Hop,22,40.18181818181818,39.18181818181818,27.09090909090909,13.772727272727273
2007-04-09,Rap/Hip Hop,24,44.5,29.041666666666668,31.666666666666668,12.875
2007-04-16,Rap/Hip Hop,25,47.16,36.92,35.44,12.2
2007-04-23,Rap/Hip Hop,23,44.26086956521739,37.391304347826086,32.08695652173913,12.91304347826087
2007-04-30,Rap/Hip Hop,20,42.45,39.45,31.9,11.7
2007-05-07,Rap/Hip Hop,18,42.72222222222222,37.888888888888886,28.555555555555557,12.722222222222221
2007-05-14,Rap/Hip Hop,17,44.76470588235294,37.23529411764706,30.176470588235293,13.058823529411764
2007-05-21,Rap/Hip Hop,16,36.0,30.0625,27.3125,12.4375
2007-05-28,Rap/Hip Hop,14,34.5,31.214285714285715,25.5,11.928571428571429
2007-06-04,Rap/Hip Hop,18,47.111111111111114,26.833333333333332,36.388888888888886,10.277777777777779
2007-06-11,Rap/Hip Hop,19,47.26315789473684,36.05263157894737,39.10526315789474,10.526315789473685
2007-06-18,Rap/Hip Hop,20,41.45,41.2,34.5,10.05
2007-06-25,Rap/Hip Hop,19,35.78947368421053,36.21052631578947,29.105263157894736,10.105263157894736
2007-07-02,Rap/Hip Hop,18,32.666666666666664,35.611111111111114,23.88888888888889,10.444444444444445
2007-07-09,Rap/Hip Hop,16,29.5625,30.375,22.0,10.0625
2007-07-16,Rap/Hip Hop,16,29.8125,27.0,21.75,9.75
2007-07-23,Rap/Hip Hop,16,30.75,29.8125,18.1875,10.75
2007-07-30,Rap/Hip Hop,18,35.77777777777778,27.333333333333332,20.5,10.666666666666666
2007-08-06,Rap/Hip Hop,20,41.55,28.15,26.7,9.75
2007-08-13,Rap/Hip Hop,20,36.85,37.5,24.65,9.85
2007-08-20,Rap/Hip Hop,20,35.85,30.6,26.5,8.55
2007-08-27,Rap/Hip Hop,20,37.45,31.05,29.85,9.1
2007-09-03,Rap/Hip Hop,21,40.61904761904762,35.666666666666664,30.80952380952381,9.666666666666666
2007-09-10,Rap/Hip Hop,25,41.84,34.12,34.08,9.12
2007-09-17,Rap/Hip Hop,24,39.166666666666664,36.416666666666664,31.958333333333332,9.75
2007-09-24,Rap/Hip Hop,28,43.67857142857143,33.57142857142857,34.535714285714285,9.357142857142858
2007-10-01,Rap/Hip Hop,29,45.724137931034484,39.689655172413794,35.62068965517241,9.344827586206897
2007-10-08,Rap/Hip Hop,29,46.10344827586207,42.62068965517241,32.44827586206897,10.206896551724139
2007-10-15,Rap/Hip Hop,29,44.793103448275865,42.827586206896555,30.96551724137931,10.551724137931034
2007-10-22,Rap/Hip Hop,27,42.7037037037037,41.666666666666664,26.185185185185187,11.777777777777779
2007-10-29,Rap/Hip Hop,27,44.7037037037037,40.96296296296296,26.37037037037037,12.0
2007-11-05,Rap/Hip Hop,25,43.44,42.0,28.32,10.88
2007-11-12,Rap/Hip Hop,28,51.17857142857143,37.07142857142857,35.392857142857146,9.928571428571429
2007-11-19,Rap/Hip Hop,27,46.25925925925926,46.0,31.0,10.444444444444445
2007-11-26,Rap/Hip Hop,25,43.28,44.4,29.12,10.64
2007-12-03,Rap/Hip Hop,27,44.77777777777778,40.074074074074076,31.51851851851852,10.851851851851851
2007-12-10,Rap/Hip Hop,24,37.458333333333336,35.0,31.333333333333332,10.875
2007-12-17,Rap/Hip Hop,24,36.0,37.458333333333336,27.791666666666668,11.875
2007-12-24,Rap/Hip Hop,24,36.916666666666664,32.875,26.958333333333332,12.041666666666666
2007-12-31,Rap/Hip Hop,25,40.96,32.0,28.8,12.28
2008-01-07,Rap/Hip Hop,24,43.333333333333336,35.958333333333336,26.208333333333332,13.625
2008-01-14,Rap/Hip Hop,23,41.47826086956522,37.08695652173913,26.304347826086957,14.391304347826088
2008-01-21,Rap/Hip Hop,25,46.08,38.16,29.68,14.24
2008-01-28,Rap/Hip Hop,23,41.78260869565217,41.95652173913044,26.043478260869566,14.869565217391305
2008-02-04,Rap/Hip Hop,22,41.40909090909091,39.72727272727273,24.59090909090909,15.636363636363637
2008-02-11,Rap/Hip Hop,20,40.8,35.65,26.5,14.85
2008-02-18,Rap/Hip Hop,18,38.888888888888886,32.94444444444444,27.055555555555557,15.166666666666666
2008-02-25,Rap/Hip Hop,20,44.45,30.65,35.65,13.9
2008-03-03,Rap/Hip Hop,19,42.578947368421055,41.78947368421053,35.73684210526316,12.052631578947368
2008-03-10,Rap/Hip Hop,20,44.25,40.45,35.15,12.45
2008-03-17,Rap/Hip Hop,19,43.473684210526315,44.1578947368421,34.1578947368421,12.894736842105264
2008-03-24,Rap/Hip Hop,19,40.21052631578947,39.0,31.36842105263158,12.947368421052632
2008-03-31,Rap/Hip Hop,18,34.388888888888886,33.05555555555556,26.055555555555557,12.88888888888889
2008-04-07,Rap/Hip Hop,16,33.875,30.125,22.25,13.5
2008-04-14,Rap/Hip Hop,16,36.6875,29.5625,23.125,14.375
2008-04-21,Rap/Hip Hop,16,42.6875,32.6875,27.3125,14.125
2008-04-28,Rap/Hip Hop,15,41.2,41.6,26.4,14.733333333333333
2008-05-05,Rap/Hip Hop,16,49.3125,31.0625,34.0,12.5625
2008-05-12,Rap/Hip Hop,15,48.13333333333333,37.2,34.0,11.933333333333334
2008-05-19,Rap/Hip Hop,17,58.76470588235294,33.94117647058823,41.8235294117647,10.470588235294118
2008-05-26,Rap/Hip Hop,14,53.5,54.714285714285715,44.5,10.142857142857142
2008-06-02,Rap/Hip Hop,13,50.07692307692308,43.23076923076923,41.15384615384615,11.23076923076923
2008-06-09,Rap/Hip Hop,15,45.46666666666667,43.4,38.2,10.733333333333333
2008-06-16,Rap/Hip Hop,19,52.05263157894737,35.89473684210526,43.89473684210526,9.473684210526315
2008-06-23,Rap/Hip Hop,19,50.421052631578945,43.05263157894737,40.31578947368421,10.157894736842104
2008-06-30,Rap/Hip Hop,18,50.05555555555556,45.22222222222222,34.611111111111114,11.61111111111111
2008-07-07,Rap/Hip Hop,17,51.76470588235294,45.1764705882353,37.64705882352941,10.058823529411764
2008-07-14,Rap/Hip Hop,16,46.4375,46.4375,37.0,9.1875
2008-07-21,Rap/Hip Hop,17,47.0,37.8235294117647,39.88235294117647,9.235294117647058
2008-07-28,Rap/Hip Hop,16,42.625,39.0625,34.8125,10.3125
2008-08-04,Rap/Hip Hop,17,43.76470588235294,34.411764705882355,35.35294117647059,10.705882352941176
2008-08-11,Rap/Hip Hop,18,43.666666666666664,38.611111111111114,37.833333333333336,8.88888888888889
2008-08-18,Rap/Hip Hop,20,45.6,39.3,38.9,9.0
2008-08-25,Rap/Hip Hop,20,46.9,45.6,36.3,10.0
2008-09-01,Rap/Hip Hop,19,40.1578947368421,39.473684210526315,33.36842105263158,10.052631578947368
2008-09-08,Rap/Hip Hop,19,38.578947368421055,37.31578947368421,31.894736842105264,10.0
2008-09-15,Rap/Hip Hop,20,41.65,36.65,32.05,10.5
2008-09-22,Rap/Hip Hop,19,36.10526315789474,34.578947368421055,25.57894736842105,11.894736842105264
2008-09-29,Rap/Hip Hop,21,36.904761904761905,32.666666666666664,24.61904761904762,11.761904761904763
2008-10-06,Rap/Hip Hop,22,42.63636363636363,29.954545454545453,29.272727272727273,10.909090909090908
2008-10-13,Rap/Hip Hop,19,39.421052631578945,31.736842105263158,26.526315789473685,9.631578947368421
2008-10-20,Rap/Hip Hop,17,37.588235294117645,35.0,20.352941176470587,11.647058823529411
2008-10-27,Rap/Hip Hop,19,39.21052631578947,19.789473684210527,29.263157894736842,9.263157894736842
2008-11-03,Rap/Hip Hop,18,39.72222222222222,38.44444444444444,28.61111111111111,9.666666666666666
2008-11-10,Rap/Hip Hop,17,38.294117647058826,36.76470588235294,25.529411764705884,10.352941176470589
2008-11-17,Rap/Hip Hop,17,35.8235294117647,28.058823529411764,24.235294117647058,11.0
2008-11-24,Rap/Hip Hop,14,30.142857142857142,30.071428571428573,19.714285714285715,10.857142857142858
2008-12-01,Rap/Hip Hop,16,37.125,26.375,27.0,10.5
2008-12-08,Rap/Hip Hop,17,38.05882352941177,29.647058823529413,26.294117647058822,10.823529411764707
2008-12-15,Rap/Hip Hop,17,45.8235294117647,30.0,30.352941176470587,10.176470588235293
2008-12-22,Rap/Hip Hop,19,52.05263157894737,41.0,33.8421052631579,10.157894736842104
2008-12-29,Rap/Hip Hop,16,42.0,45.5,29.5,11.0625
2009-01-05,Rap/Hip Hop,16,43.9375,37.375,28.5,11.0
2009-01-12,Rap/Hip Hop,15,42.93333333333333,40.733333333333334,28.533333333333335,12.466666666666667
2009-01-19,Rap/Hip Hop,17,49.411764705882355,37.88235294117647,32.88235294117647,12.058823529411764
2009-01-26,Rap/Hip Hop,16,48.375,31.625,35.9375,11.4375
2009-02-02,Rap/Hip Hop,17,52.294117647058826,43.1764705882353,38.0,10.529411764705882
2009-02-09,Rap/Hip Hop,20,50.95,39.45,40.2,9.1
2009-02-16,Rap/Hip Hop,20,47.25,47.15,35.7,9.15
2009-02-23,Rap/Hip Hop,22,48.90909090909091,42.95454545454545,33.72727272727273,9.318181818181818
2009-03-02,Rap/Hip Hop,21,44.76190476190476,46.476190476190474,29.19047619047619,10.142857142857142
2009-03-09,Rap/Hip Hop,21,45.285714285714285,30.285714285714285,34.333333333333336,8.761904761904763
2009-03-16,Rap/Hip Hop,20,44.15,36.75,33.3,9.1
2009-03-23,Rap/Hip Hop,20,48.4,42.15,36.95,8.55
2009-03-30,Rap/Hip Hop,20,44.65,38.95,33.4,9.0
2009-04-06,Rap/Hip Hop,19,43.473684210526315,41.94736842105263,30.105263157894736,9.894736842105264
2009-04-13,Rap/Hip Hop,20,45.75,36.85,32.95,10.3
2009-04-20,Rap/Hip Hop,18,44.111111111111114,38.72222222222222,31.444444444444443,10.777777777777779
2009-04-27,Rap/Hip Hop,19,43.05263157894737,36.8421052631579,32.68421052631579,10.631578947368421
2009-05-04,Rap/Hip Hop,21,47.714285714285715,34.61904761904762,36.0,10.095238095238095
2009-05-11,Rap/Hip Hop,20,45.2,36.05,33.1,10.5
2009-05-18,Rap/Hip Hop,25,54.56,36.16,41.08,9.44
2009-05-25,Rap/Hip Hop,23,50.91304347826087,47.95652173913044,37.608695652173914,9.478260869565217
2009-06-01,Rap/Hip Hop,21,56.19047619047619,46.42857142857143,38.714285714285715,10.714285714285714
2009-06-08,Rap/Hip Hop,22,49.72727272727273,49.77272727272727,35.54545454545455,11.181818181818182
2009-06-15,Rap/Hip Hop,21,48.76190476190476,45.57142857142857,35.38095238095238,11.047619047619047
2009-06-22,Rap/Hip Hop,21,47.476190476190474,39.857142857142854,35.04761904761905,10.380952380952381
2009-06-29,Rap/Hip Hop,23,50.08695652173913,43.34782608695652,33.608695652173914,10.478260869565217
2009-07-06,Rap/Hip Hop,21,49.76190476190476,43.95238095238095,33.19047619047619,10.142857142857142
2009-07-13,Rap/Hip Hop,19,46.526315789473685,44.63157894736842,31.894736842105264,11.526315789473685
2009-07-20,Rap/Hip Hop,19,50.94736842105263,41.578947368421055,33.1578947368421,12.0
2009-07-27,Rap/Hip Hop,19,51.578947368421055,43.0,29.473684210526315,12.105263157894736
2009-08-03,Rap/Hip Hop,19,53.473684210526315,37.10526315789474,41.526315789473685,8.842105263157896
2009-08-10,Rap/Hip Hop,17,49.294117647058826,46.23529411764706,41.705882352941174,8.941176470588236
2009-08-17,Rap/Hip Hop,16,42.8125,47.1875,35.875,9.4375
2009-08-24,Rap/Hip Hop,15,35.733333333333334,39.2,29.866666666666667,10.6
2009-08-31,Rap/Hip Hop,15,37.93333333333333,35.733333333333334,28.333333333333332,11.6
2009-09-07,Rap/Hip Hop,15,40.733333333333334,29.666666666666668,33.666666666666664,10.866666666666667
2009-09-14,Rap/Hip Hop,15,42.53333333333333,34.13333333333333,32.13333333333333,11.8
2009-09-21,Rap/Hip Hop,18,47.94444444444444,35.44444444444444,35.611111111111114,10.833333333333334
2009-09-28,Rap/Hip Hop,18,38.22222222222222,37.22222222222222,24.833333333333332,10.777777777777779
2009-10-05,Rap/Hip Hop,16,37.9375,32.25,23.625,10.9375
2009-10-12,Rap/Hip Hop,15,35.93333333333333,33.8,21.0,12.533333333333333
2009-10-19,Rap/Hip Hop,16,45.125,33.6875,25.8125,12.75
2009-10-26,Rap/Hip Hop,16,43.9375,35.5,29.0,12.1875
2009-11-02,Rap/Hip Hop,17,47.88235294117647,38.94117647058823,32.529411764705884,11.058823529411764
2009-11-09,Rap/Hip Hop,17,53.88235294117647,40.64705882352941,33.8235294117647,9.941176470588236
2009-11-16,Rap/Hip Hop,14,43.857142857142854,45.5,32.357142857142854,10.285714285714286
2009-11-23,Rap/Hip Hop,14,47.857142857142854,40.714285714285715,35.214285714285715,9.642857142857142
2009-11-30,Rap/Hip Hop,15,51.666666666666664,39.0,42.0,8.8
2009-12-07,Rap/Hip Hop,14,48.642857142857146,39.07142857142857,38.92857142857143,8.571428571428571
2009-12-14,Rap/Hip Hop,14,44.785714285714285,42.214285714285715,34.214285714285715,9.5
2009-12-21,Rap/Hip Hop,16,43.125,33.6875,35.0625,8.0625
2009-12-28,Rap/Hip Hop,18,44.888888888888886,38.333333333333336,34.611111111111114,8.166666666666666
2010-01-04,Rap/Hip Hop,17,48.0,36.94117647058823,34.705882352941174,9.411764705882353
2010-01-11,Rap/Hip Hop,17,46.64705882352941,43.1764705882353,30.941176470588236,10.352941176470589
2010-01-18,Rap/Hip Hop,15,45.53333333333333,44.86666666666667,32.0,10.066666666666666
2010-01-25,Rap/Hip Hop,14,41.857142857142854,35.07142857142857,31.571428571428573,10.214285714285714
2010-02-01,Rap/Hip Hop,14,47.0,41.857142857142854,30.142857142857142,11.214285714285714
2010-02-08,Rap/Hip Hop,16,51.6875,35.0,36.625,10.1875
2010-02-15,Rap/Hip Hop,19,54.421052631578945,43.526315789473685,40.94736842105263,9.578947368421053
2010-02-22,Rap/Hip Hop,20,56.6,47.15,40.45,10.05
2010-03-01,Rap/Hip Hop,21,59.95238095238095,49.333333333333336,39.666666666666664,10.047619047619047
2010-03-08,Rap/Hip Hop,21,57.333333333333336,52.142857142857146,38.95238095238095,10.0
2010-03-15,Rap/Hip Hop,19,56.8421052631579,56.21052631578947,39.10526315789474,9.789473684210526
2010-03-22,Rap/Hip Hop,20,53.9,44.4,40.85,9.45
2010-03-29,Rap/Hip Hop,20,46.8,44.4,36.85,9.7
2010-04-05,Rap/Hip Hop,24,53.458333333333336,39.0,41.791666666666664,9.708333333333334
2010-04-12,Rap/Hip Hop,22,50.18181818181818,46.45454545454545,37.0,10.772727272727273
2010-04-19,Rap/Hip Hop,24,54.416666666666664,39.958333333333336,42.625,8.875
2010-04-26,Rap/Hip Hop,21,51.857142857142854,47.714285714285715,35.42857142857143,9.380952380952381
2010-05-03,Rap/Hip Hop,20,48.15,45.0,33.95,9.55
2010-05-10,Rap/Hip Hop,18,43.5,39.22222222222222,29.5,10.277777777777779
2010-05-17,Rap/Hip Hop,19,41.63157894736842,34.36842105263158,26.842105263157894,9.578947368421053
2010-05-24,Rap/Hip Hop,20,43.75,39.55,28.35,10.1
2010-05-31,Rap/Hip Hop,16,36.6875,36.0,26.1875,10.1875
2010-06-07,Rap/Hip Hop,19,47.89473684210526,26.210526315789473,39.26315789473684,8.526315789473685
2010-06-14,Rap/Hip Hop,21,41.76190476190476,34.142857142857146,32.0,8.619047619047619
2010-06-21,Rap/Hip Hop,22,48.45454545454545,35.36363636363637,32.63636363636363,8.772727272727273
2010-06-28,Rap/Hip Hop,25,51.48,34.96,39.36,8.04
2010-07-05,Rap/Hip Hop,27,52.81481481481482,36.111111111111114,39.22222222222222,7.888888888888889
2010-07-12,Rap/Hip Hop,24,46.208333333333336,38.666666666666664,33.541666666666664,9.0
2010-07-19,Rap/Hip Hop,23,47.391304347826086,42.95652173913044,33.95652173913044,9.26086956521739
2010-07-26,Rap/Hip Hop,24,50.416666666666664,42.708333333333336,36.916666666666664,9.041666666666666
2010-08-02,Rap/Hip Hop,22,45.90909090909091,42.27272727272727,33.36363636363637,10.318181818181818
2010-08-09,Rap/Hip Hop,21,45.476190476190474,40.476190476190474,31.80952380952381,10.80952380952381
2010-08-16,Rap/Hip Hop,20,47.2,41.6,31.8,11.15
2010-08-23,Rap/Hip Hop,18,41.888888888888886,44.22222222222222,29.61111111111111,11.222222222222221
2010-08-30,Rap/Hip Hop,18,35.333333333333336,33.05555555555556,26.333333333333332,10.277777777777779
2010-09-06,Rap/Hip Hop,19,38.31578947368421,30.789473684210527,29.157894736842106,9.68421052631579
2010-09-13,Rap/Hip Hop,18,37.77777777777778,35.27777777777778,25.444444444444443,10.61111111111111
2010-09-20,Rap/Hip Hop,20,40.3,34.0,28.45,10.55
2010-09-27,Rap/Hip Hop,20,42.9,36.1,27.9,11.5
2010-10-04,Rap/Hip Hop,20,48.8,37.9,27.1,12.45
2010-10-11,Rap/Hip Hop,22,49.27272727272727,29.727272727272727,29.454545454545453,10.772727272727273
2010-10-18,Rap/Hip Hop,21,49.38095238095238,42.95238095238095,26.38095238095238,12.19047619047619
2010-10-25,Rap/Hip Hop,21,50.04761904761905,42.57142857142857,26.714285714285715,11.380952380952381
2010-11-01,Rap/Hip Hop,19,47.73684210526316,34.36842105263158,31.736842105263158,11.421052631578947
2010-11-08,Rap/Hip Hop,15,37.86666666666667,36.13333333333333,26.533333333333335,10.0
2010-11-15,Rap/Hip Hop,16,39.125,30.6875,25.4375,10.3125
2010-11-22,Rap/Hip Hop,16,45.75,23.3125,31.6875,8.625
2010-11-29,Rap/Hip Hop,17,48.705882352941174,34.470588235294116,33.88235294117647,9.0
2010-12-06,Rap/Hip Hop,17,45.705882352941174,28.941176470588236,35.05882352941177,9.470588235294118
2010-12-13,Rap/Hip Hop,17,47.529411764705884,32.294117647058826,30.0,10.588235294117647
2010-12-20,Rap/Hip Hop,19,46.89473684210526,42.526315789473685,30.05263157894737,10.473684210526315
2010-12-27,Rap/Hip Hop,21,46.666666666666664,34.42857142857143,35.95238095238095,9.238095238095237
2011-01-03,Rap/Hip Hop,23,50.391304347826086,34.56521739130435,32.34782608695652,9.73913043478261
2011-01-10,Rap/Hip Hop,23,53.95652173913044,46.26086956521739,33.34782608695652,10.652173913043478
2011-01-17,Rap/Hip Hop,23,53.30434782608695,42.130434782608695,37.21739130434783,10.956521739130435
2011-01-24,Rap/Hip Hop,21,53.19047619047619,46.857142857142854,39.76190476190476,11.0
2011-01-31,Rap/Hip Hop,20,52.65,50.8,40.05,10.25
2011-02-07,Rap/Hip Hop,20,53.75,52.65,38.9,11.25
2011-02-14,Rap/Hip Hop,19,51.31578947368421,49.1578947368421,37.21052631578947,11.31578947368421
2011-02-21,Rap/Hip Hop,18,53.27777777777778,38.388888888888886,37.5,10.944444444444445
2011-02-28,Rap/Hip Hop,16,45.5625,37.9375,31.0,11.1875
2011-03-07,Rap/Hip Hop,17,46.11764705882353,37.11764705882353,31.352941176470587,11.058823529411764
2011-03-14,Rap/Hip Hop,19,54.89473684210526,38.63157894736842,40.73684210526316,9.421052631578947
2011-03-21,Rap/Hip Hop,19,52.63157894736842,41.10526315789474,39.68421052631579,10.210526315789474
2011-03-28,Rap/Hip Hop,17,51.23529411764706,40.05882352941177,41.64705882352941,10.411764705882353
2011-04-04,Rap/Hip Hop,19,43.68421052631579,41.10526315789474,35.89473684210526,10.210526315789474
2011-04-11,Rap/Hip Hop,22,50.22727272727273,36.0,42.63636363636363,8.818181818181818
2011-04-18,Rap/Hip Hop,22,55.04545454545455,47.63636363636363,42.0,9.772727272727273
2011-04-25,Rap/Hip Hop,20,48.9,46.5,36.05,10.3
2011-05-02,Rap/Hip Hop,18,49.666666666666664,48.111111111111114,35.166666666666664,10.61111111111111
2011-05-09,Rap/Hip Hop,19,53.578947368421055,47.05263157894737,37.78947368421053,11.052631578947368
2011-05-16,Rap/Hip Hop,20,50.3,42.2,38.0,10.3
2011-05-23,Rap/Hip Hop,18,54.0,47.666666666666664,38.94444444444444,9.88888888888889
2011-05-30,Rap/Hip Hop,18,51.333333333333336,43.77777777777778,39.05555555555556,10.277777777777779
2011-06-06,Rap/Hip Hop,17,53.05882352941177,40.88235294117647,38.35294117647059,9.823529411764707
2011-06-13,Rap/Hip Hop,17,49.76470588235294,47.8235294117647,36.35294117647059,10.705882352941176
2011-06-20,Rap/Hip Hop,15,47.0,43.6,28.066666666666666,12.733333333333333
2011-06-27,Rap/Hip Hop,15,44.6,40.46666666666667,25.133333333333333,12.733333333333333
2011-07-04,Rap/Hip Hop,13,44.30769230769231,41.69230769230769,26.923076923076923,12.23076923076923
2011-07-11,Rap/Hip Hop,14,51.857142857142854,41.142857142857146,31.785714285714285,12.357142857142858
2011-07-18,Rap/Hip Hop,17,54.294117647058826,31.58823529411765,38.588235294117645,10.235294117647058
2011-07-25,Rap/Hip Hop,15,48.53333333333333,46.53333333333333,32.6,11.0
2011-08-01,Rap/Hip Hop,20,57.9,36.4,43.5,9.25
2011-08-08,Rap/Hip Hop,17,45.8235294117647,46.1764705882353,35.470588235294116,9.588235294117647
2011-08-15,Rap/Hip Hop,17,47.76470588235294,45.8235294117647,34.1764705882353,10.588235294117647
2011-08-22,Rap/Hip Hop,18,47.388888888888886,31.166666666666668,31.333333333333332,8.944444444444445
2011-08-29,Rap/Hip Hop,17,47.588235294117645,44.8235294117647,30.823529411764707,7.294117647058823
2011-09-05,Rap/Hip Hop,17,48.470588235294116,37.294117647058826,35.588235294117645,7.647058823529412
2011-09-12,Rap/Hip Hop,24,53.791666666666664,22.166666666666668,43.458333333333336,6.083333333333333
2011-09-19,Rap/Hip Hop,19,49.10526315789474,37.63157894736842,33.0,8.421052631578947
2011-09-26,Rap/Hip Hop,20,49.7,46.65,33.4,9.0
2011-10-03,Rap/Hip Hop,19,48.78947368421053,44.21052631578947,34.1578947368421,9.421052631578947
2011-10-10,Rap/Hip Hop,19,45.21052631578947,40.21052631578947,30.736842105263158,10.157894736842104
2011-10-17,Rap/Hip Hop,21,46.142857142857146,36.333333333333336,33.19047619047619,9.761904761904763
2011-10-24,Rap/Hip Hop,22,42.86363636363637,36.5,33.13636363636363,9.590909090909092
2011-10-31,Rap/Hip Hop,23,43.04347826086956,37.04347826086956,30.0,10.130434782608695
2011-11-07,Rap/Hip Hop,23,42.91304347826087,36.869565217391305,27.652173913043477,10.08695652173913
2011-11-14,Rap/Hip Hop,23,43.56521739130435,40.82608695652174,25.956521739130434,11.043478260869565
2011-11-21,Rap/Hip Hop,20,44.65,40.35,23.5,11.5
2011-11-28,Rap/Hip Hop,23,49.47826086956522,33.26086956521739,32.47826086956522,9.304347826086957
2011-12-05,Rap/Hip Hop,22,45.86363636363637,38.95454545454545,28.90909090909091,10.590909090909092
2011-12-12,Rap/Hip Hop,24,45.791666666666664,38.5,27.541666666666668,11.375
2011-12-19,Rap/Hip Hop,23,44.04347826086956,35.91304347826087,30.73913043478261,10.347826086956522
2011-12-26,Rap/Hip Hop,22,41.77272727272727,37.90909090909091,28.954545454545453,11.181818181818182
2012-01-02,Rap/Hip Hop,27,47.22222222222222,28.074074074074073,33.888888888888886,10.25925925925926
2012-01-09,Rap/Hip Hop,27,49.148148148148145,40.55555555555556,34.925925925925924,10.592592592592593
2012-01-16,Rap/Hip Hop,27,50.074074074074076,39.0,33.888888888888886,11.851851851851851
2012-01-23,Rap/Hip Hop,22,42.90909090909091,39.0,32.77272727272727,12.363636363636363
2012-01-30,Rap/Hip Hop,22,43.09090909090909,34.27272727272727,31.954545454545453,13.181818181818182
2012-02-06,Rap/Hip Hop,24,47.25,37.458333333333336,36.666666666666664,11.625
2012-02-13,Rap/Hip Hop,24,50.708333333333336,45.75,36.5,11.833333333333334
2012-02-20,Rap/Hip Hop,26,54.88461538461539,46.80769230769231,38.76923076923077,11.923076923076923
2012-02-27,Rap/Hip Hop,23,49.08695652173913,37.78260869565217,30.869565217391305,11.521739130434783
2012-03-05,Rap/Hip Hop,22,45.45454545454545,39.36363636363637,28.181818181818183,12.5
2012-03-12,Rap/Hip Hop,26,53.42307692307692,36.42307692307692,39.65384615384615,10.923076923076923
2012-03-19,Rap/Hip Hop,23,47.52173913043478,49.82608695652174,32.608695652173914,13.043478260869565
2012-03-26,Rap/Hip Hop,23,50.04347826086956,42.52173913043478,37.0,12.0
2012-04-02,Rap/Hip Hop,22,49.63636363636363,45.95454545454545,38.22727272727273,11.954545454545455
2012-04-09,Rap/Hip Hop,23,49.43478260869565,47.47826086956522,38.130434782608695,12.434782608695652
2012-04-16,Rap/Hip Hop,26,50.23076923076923,34.34615384615385,40.65384615384615,11.076923076923077
2012-04-23,Rap/Hip Hop,26,49.96153846153846,47.19230769230769,38.46153846153846,12.038461538461538
2012-04-30,Rap/Hip Hop,26,52.76923076923077,41.73076923076923,44.34615384615385,10.23076923076923
2012-05-07,Rap/Hip Hop,26,50.61538461538461,45.5,39.03846153846154,11.153846153846153
2012-05-14,Rap/Hip Hop,25,51.6,42.92,38.24,11.4
2012-05-21,Rap/Hip Hop,25,50.76,47.64,35.04,12.32
2012-05-28,Rap/Hip Hop,25,53.36,44.88,38.2,12.16
2012-06-04,Rap/Hip Hop,25,54.44,47.92,41.08,11.72
2012-06-11,Rap/Hip Hop,23,54.0,52.0,37.0,13.652173913043478
2012-06-18,Rap/Hip Hop,25,55.48,49.68,38.2,13.56
2012-06-25,Rap/Hip Hop,24,59.375,48.75,39.375,13.458333333333334
2012-07-02,Rap/Hip Hop,24,58.875,57.625,40.458333333333336,13.541666666666666
2012-07-09,Rap/Hip Hop,24,58.708333333333336,54.75,42.125,13.791666666666666
2012-07-16,Rap/Hip Hop,25,59.84,52.36,45.28,13.48
2012-07-23,Rap/Hip Hop,23,56.869565217391305,55.21739130434783,44.91304347826087,13.304347826086957
2012-07-30,Rap/Hip Hop,21,56.38095238095238,51.095238095238095,46.80952380952381,12.238095238095237
2012-08-06,Rap/Hip Hop,22,60.09090909090909,46.54545454545455,50.13636363636363,11.727272727272727
2012-08-13,Rap/Hip Hop,22,60.18181818181818,48.40909090909091,48.90909090909091,11.727272727272727
2012-08-20,Rap/Hip Hop,20,56.1,53.0,43.0,12.8
2012-08-27,Rap/Hip Hop,22,58.45454545454545,46.68181818181818,44.77272727272727,12.590909090909092
2012-09-03,Rap/Hip Hop,21,57.61904761904762,45.38095238095238,44.95238095238095,12.238095238095237
2012-09-10,Rap/Hip Hop,19,54.578947368421055,45.10526315789474,40.94736842105263,13.368421052631579
2012-09-17,Rap/Hip Hop,19,55.89473684210526,45.8421052631579,42.36842105263158,13.631578947368421
2012-09-24,Rap/Hip Hop,16,48.875,49.5,41.1875,11.6875
2012-10-01,Rap/Hip Hop,18,53.5,40.77777777777778,46.55555555555556,9.722222222222221
2012-10-08,Rap/Hip Hop,16,51.25,43.0,43.3125,9.875
2012-10-15,Rap/Hip Hop,16,51.25,39.1875,44.375,10.5625
2012-10-22,Rap/Hip Hop,17,52.94117647058823,48.23529411764706,44.11764705882353,11.0
2012-10-29,Rap/Hip Hop,17,49.529411764705884,47.1764705882353,39.88235294117647,11.882352941176471
2012-11-05,Rap/Hip Hop,20,55.35,37.15,46.15,10.25
2012-11-12,Rap/Hip Hop,20,54.85,45.9,43.95,11.15
2012-11-19,Rap/Hip Hop,20,55.4,52.4,44.55,10.9
2012-11-26,Rap/Hip Hop,20,57.9,48.05,47.0,10.05
2012-12-03,Rap/Hip Hop,21,58.904761904761905,55.142857142857146,47.80952380952381,10.571428571428571
2012-12-10,Rap/Hip Hop,22,55.31818181818182,52.22727272727273,47.90909090909091,10.272727272727273
2012-12-17,Rap/Hip Hop,23,60.17391304347826,50.82608695652174,51.95652173913044,9.565217391304348
2012-12-24,Rap/Hip Hop,24,61.541666666666664,52.0,53.583333333333336,9.208333333333334
2012-12-31,Rap/Hip Hop,24,59.333333333333336,57.416666666666664,53.333333333333336,10.083333333333334
2013-01-07,Rap/Hip Hop,22,56.54545454545455,53.63636363636363,51.63636363636363,10.272727272727273
2013-01-14,Rap/Hip Hop,21,56.76190476190476,50.19047619047619,47.76190476190476,11.380952380952381
2013-01-21,Rap/Hip Hop,21,57.61904761904762,49.95238095238095,50.80952380952381,10.571428571428571
2013-01-28,Rap/Hip Hop,23,54.869565217391305,48.26086956521739,47.08695652173913,10.608695652173912
2013-02-04,Rap/Hip Hop,24,56.833333333333336,44.875,47.208333333333336,10.5
2013-02-11,Rap/Hip Hop,22,57.27272727272727,46.81818181818182,46.5,10.863636363636363
2013-02-18,Rap/Hip Hop,23,62.69565217391305,50.73913043478261,51.82608695652174,9.478260869565217
2013-02-25,Rap/Hip Hop,22,60.0,48.5,46.31818181818182,10.5
2013-03-04,Rap/Hip Hop,24,59.875,49.0,49.166666666666664,9.833333333333334
2013-03-11,Rap/Hip Hop,23,58.869565217391305,58.130434782608695,44.43478260869565,11.217391304347826
2013-03-18,Rap/Hip Hop,21,56.523809523809526,48.666666666666664,47.61904761904762,9.476190476190476
2013-03-25,Rap/Hip Hop,21,55.95238095238095,47.476190476190474,45.76190476190476,9.619047619047619
2013-04-01,Rap/Hip Hop,21,54.38095238095238,39.0,47.57142857142857,9.047619047619047
2013-04-08,Rap/Hip Hop,23,57.26086956521739,49.65217391304348,47.56521739130435,9.434782608695652
2013-04-15,Rap/Hip Hop,22,59.5,52.31818181818182,48.45454545454545,9.5
2013-04-22,Rap/Hip Hop,22,59.36363636363637,48.63636363636363,50.63636363636363,9.090909090909092
2013-04-29,Rap/Hip Hop,23,63.73913043478261,56.78260869565217,50.47826086956522,9.869565217391305
2013-05-06,Rap/Hip Hop,21,58.76190476190476,56.142857142857146,47.42857142857143,10.666666666666666
2013-05-13,Rap/Hip Hop,21,57.095238095238095,49.904761904761905,47.61904761904762,10.523809523809524
2013-05-20,Rap/Hip Hop,19,58.526315789473685,51.68421052631579,50.26315789473684,10.68421052631579
2013-05-27,Rap/Hip Hop,17,51.88235294117647,54.88235294117647,45.411764705882355,10.941176470588236
2013-06-03,Rap/Hip Hop,19,55.36842105263158,41.36842105263158,48.421052631578945,10.526315789473685
2013-06-10,Rap/Hip Hop,18,54.27777777777778,47.388888888888886,44.666666666666664,11.666666666666666
2013-06-17,Rap/Hip Hop,17,54.64705882352941,48.11764705882353,43.35294117647059,13.176470588235293
2013-06-24,Rap/Hip Hop,16,50.4375,45.75,37.5,14.25
2013-07-01,Rap/Hip Hop,18,54.72222222222222,31.555555555555557,44.55555555555556,11.833333333333334
2013-07-08,Rap/Hip Hop,19,57.421052631578945,47.05263157894737,43.10526315789474,12.31578947368421
2013-07-15,Rap/Hip Hop,18,53.27777777777778,40.55555555555556,41.388888888888886,12.0
2013-07-22,Rap/Hip Hop,22,57.95454545454545,35.90909090909091,51.59090909090909,8.0
2013-07-29,Rap/Hip Hop,18,52.111111111111114,43.22222222222222,45.666666666666664,9.166666666666666
2013-08-05,Rap/Hip Hop,19,55.73684210526316,49.36842105263158,45.68421052631579,9.68421052631579
2013-08-12,Rap/Hip Hop,20,56.0,52.95,46.25,10.25
2013-08-19,Rap/Hip Hop,21,53.0,53.333333333333336,42.76190476190476,10.761904761904763
2013-08-26,Rap/Hip Hop,20,55.4,53.4,42.5,11.0
2013-09-02,Rap/Hip Hop,21,58.0,52.76190476190476,43.904761904761905,11.476190476190476
2013-09-09,Rap/Hip Hop,21,55.23809523809524,46.142857142857146,42.23809523809524,11.142857142857142
2013-09-16,Rap/Hip Hop,21,57.904761904761905,44.285714285714285,47.904761904761905,9.80952380952381
2013-09-23,Rap/Hip Hop,21,56.476190476190474,39.23809523809524,46.04761904761905,10.19047619047619
2013-09-30,Rap/Hip Hop,20,53.45,41.75,42.2,10.2
2013-10-07,Rap/Hip Hop,29,56.206896551724135,30.655172413793103,47.41379310344828,7.344827586206897
2013-10-14,Rap/Hip Hop,24,54.875,44.875,38.458333333333336,9.0
2013-10-21,Rap/Hip Hop,20,47.7,49.15,35.5,9.9
2013-10-28,Rap/Hip Hop,21,44.904761904761905,40.95238095238095,35.333333333333336,10.285714285714286
2013-11-04,Rap/Hip Hop,21,47.80952380952381,40.19047619047619,33.57142857142857,11.238095238095237
2013-11-11,Rap/Hip Hop,22,45.68181818181818,42.54545454545455,32.86363636363637,11.727272727272727
2013-11-18,Rap/Hip Hop,20,47.6,40.5,35.9,10.65
2013-11-25,Rap/Hip Hop,22,51.81818181818182,38.77272727272727,36.09090909090909,11.090909090909092
2013-12-02,Rap/Hip Hop,23,56.52173913043478,45.391304347826086,38.608695652173914,11.304347826086957
2013-12-09,Rap/Hip Hop,23,54.73913043478261,54.04347826086956,36.52173913043478,11.73913043478261
2013-12-16,Rap/Hip Hop,22,55.09090909090909,45.95454545454545,36.63636363636363,11.181818181818182
2013-12-23,Rap/Hip Hop,21,56.38095238095238,50.333333333333336,36.42857142857143,11.714285714285714
2013-12-30,Rap/Hip Hop,21,55.80952380952381,47.0,36.57142857142857,12.238095238095237
2014-01-06,Rap/Hip Hop,22,55.40909090909091,53.27272727272727,35.45454545454545,12.818181818181818
2014-01-13,Rap/Hip Hop,19,55.05263157894737,51.05263157894737,36.05263157894737,13.789473684210526
2014-01-20,Rap/Hip Hop,18,52.72222222222222,42.0,34.888888888888886,13.277777777777779
2014-01-27,Rap/Hip Hop,14,50.642857142857146,50.42857142857143,39.785714285714285,11.928571428571429
2014-02-03,Rap/Hip Hop,15,52.0,40.86666666666667,41.06666666666667,12.4
2014-02-10,Rap/Hip Hop,14,52.0,43.357142857142854,36.92857142857143,13.857142857142858
2014-02-17,Rap/Hip Hop,13,50.76923076923077,50.23076923076923,33.30769230769231,15.692307692307692
2014-02-24,Rap/Hip Hop,12,49.583333333333336,42.333333333333336,32.666666666666664,15.916666666666666
2014-03-03,Rap/Hip Hop,13,53.15384615384615,41.84615384615385,39.53846153846154,14.153846153846153
2014-03-10,Rap/Hip Hop,12,52.25,45.666666666666664,40.0,14.083333333333334
2014-03-17,Rap/Hip Hop,15,59.666666666666664,31.066666666666666,53.2,10.4
2014-03-24,Rap/Hip Hop,15,61.6,37.0,55.13333333333333,9.866666666666667
2014-03-31,Rap/Hip Hop,15,58.8,61.6,52.06666666666667,10.866666666666667
2014-04-07,Rap/Hip Hop,14,57.357142857142854,52.785714285714285,52.214285714285715,10.142857142857142
2014-04-14,Rap/Hip Hop,15,59.93333333333333,53.53333333333333,52.266666666666666,10.6
2014-04-21,Rap/Hip Hop,14,58.357142857142854,58.42857142857143,48.92857142857143,10.928571428571429
2014-04-28,Rap/Hip Hop,14,60.214285714285715,55.07142857142857,51.285714285714285,9.928571428571429
2014-05-05,Rap/Hip Hop,15,64.53333333333333,56.2,52.86666666666667,10.266666666666667
2014-05-12,Rap/Hip Hop,13,62.92307692307692,53.61538461538461,48.76923076923077,11.846153846153847
2014-05-19,Rap/Hip Hop,13,65.0,57.61538461538461,51.30769230769231,11.307692307692308
2014-05-26,Rap/Hip Hop,15,65.33333333333333,49.93333333333333,55.06666666666667,10.466666666666667
2014-06-02,Rap/Hip Hop,13,67.07692307692308,60.38461538461539,54.46153846153846,10.076923076923077
2014-06-09,Rap/Hip Hop,14,60.857142857142854,55.357142857142854,54.785714285714285,9.428571428571429
2014-06-16,Rap/Hip Hop,13,56.15384615384615,50.53846153846154,50.53846153846154,9.692307692307692
2014-06-23,Rap/Hip Hop,13,56.84615384615385,52.69230769230769,52.23076923076923,8.384615384615385
2014-06-30,Rap/Hip Hop,14,59.785714285714285,52.785714285714285,51.07142857142857,8.785714285714286
2014-07-07,Rap/Hip Hop,15,63.6,55.8,52.733333333333334,9.2
2014-07-14,Rap/Hip Hop,16,64.8125,53.375,55.0625,9.5625
2014-07-21,Rap/Hip Hop,17,66.52941176470588,55.470588235294116,55.294117647058826,10.0
2014-07-28,Rap/Hip Hop,17,63.8235294117647,61.23529411764706,54.94117647058823,9.941176470588236
2014-08-04,Rap/Hip Hop,16,56.75,56.25,49.4375,10.125
2014-08-11,Rap/Hip Hop,17,60.0,48.588235294117645,53.23529411764706,9.352941176470589
2014-08-18,Rap/Hip Hop,19,59.31578947368421,50.73684210526316,52.8421052631579,8.31578947368421
2014-08-25,Rap/Hip Hop,19,57.578947368421055,54.73684210526316,48.73684210526316,9.263157894736842
2014-09-01,Rap/Hip Hop,20,54.85,54.7,47.8,9.8
2014-09-08,Rap/Hip Hop,22,54.13636363636363,49.86363636363637,45.90909090909091,9.909090909090908
2014-09-15,Rap/Hip Hop,23,56.82608695652174,49.52173913043478,47.17391304347826,9.608695652173912
2014-09-22,Rap/Hip Hop,22,58.09090909090909,55.90909090909091,47.27272727272727,10.954545454545455
2014-09-29,Rap/Hip Hop,20,56.3,49.8,46.45,11.0
2014-10-06,Rap/Hip Hop,23,57.73913043478261,45.08695652173913,50.608695652173914,9.782608695652174
2014-10-13,Rap/Hip Hop,23,59.30434782608695,53.391304347826086,50.47826086956522,9.91304347826087
2014-10-20,Rap/Hip Hop,24,60.166666666666664,52.75,51.833333333333336,10.208333333333334
2014-10-27,Rap/Hip Hop,22,56.72727272727273,52.86363636363637,49.31818181818182,10.863636363636363
2014-11-03,Rap/Hip Hop,23,58.30434782608695,44.26086956521739,50.91304347826087,9.608695652173912
2014-11-10,Rap/Hip Hop,20,50.7,47.55,41.05,10.45
2014-11-17,Rap/Hip Hop,20,50.05,42.5,42.1,10.45
2014-11-24,Rap/Hip Hop,20,49.2,50.05,39.8,11.45
2014-12-01,Rap/Hip Hop,20,50.9,35.3,37.25,11.85
2014-12-08,Rap/Hip Hop,19,47.1578947368421,43.1578947368421,29.263157894736842,12.894736842105264
2014-12-15,Rap/Hip Hop,18,49.77777777777778,43.44444444444444,33.72222222222222,12.444444444444445
2014-12-22,Rap/Hip Hop,17,46.88235294117647,38.294117647058826,36.05882352941177,12.176470588235293
2014-12-29,Rap/Hip Hop,19,50.68421052631579,33.473684210526315,39.89473684210526,10.947368421052632
2015-01-05,Rap/Hip Hop,17,47.0,42.411764705882355,36.64705882352941,11.882352941176471
2015-01-12,Rap/Hip Hop,19,50.63157894736842,37.05263157894737,39.31578947368421,11.578947368421053
2015-01-19,Rap/Hip Hop,19,54.31578947368421,35.421052631578945,46.421052631578945,9.736842105263158
2015-01-26,Rap/Hip Hop,21,62.38095238095238,49.142857142857146,49.476190476190474,9.857142857142858
2015-02-02,Rap/Hip Hop,19,60.26315789473684,53.8421052631579,51.31578947368421,9.263157894736842
2015-02-09,Rap/Hip Hop,20,59.85,54.85,50.65,8.55
2015-02-16,Rap/Hip Hop,22,58.40909090909091,51.18181818181818,48.0,9.727272727272727
2015-02-23,Rap/Hip Hop,21,55.19047619047619,41.857142857142854,49.476190476190474,8.095238095238095
2015-03-02,Rap/Hip Hop,26,59.69230769230769,44.57692307692308,51.61538461538461,7.538461538461538
2015-03-09,Rap/Hip Hop,25,59.2,43.96,48.32,8.4
2015-03-16,Rap/Hip Hop,22,51.45454545454545,46.0,40.36363636363637,9.954545454545455
2015-03-23,Rap/Hip Hop,20,49.55,41.85,37.2,10.45
2015-03-30,Rap/Hip Hop,26,55.38461538461539,38.11538461538461,45.38461538461539,9.038461538461538
2015-04-06,Rap/Hip Hop,23,52.52173913043478,41.65217391304348,39.869565217391305,9.869565217391305
2015-04-13,Rap/Hip Hop,25,56.36,44.68,41.04,10.04
2015-04-20,Rap/Hip Hop,25,52.88,49.24,41.92,9.64
2015-04-27,Rap/Hip Hop,24,55.333333333333336,45.375,41.458333333333336,9.666666666666666
2015-05-04,Rap/Hip Hop,25,58.2,47.4,46.08,8.64
2015-05-11,Rap/Hip Hop,25,55.24,50.4,42.56,10.04
2015-05-18,Rap/Hip Hop,24,54.375,49.416666666666664,43.708333333333336,10.166666666666666
2015-05-25,Rap/Hip Hop,22,51.09090909090909,50.31818181818182,38.77272727272727,11.409090909090908
2015-06-01,Rap/Hip Hop,22,51.77272727272727,49.09090909090909,37.54545454545455,12.363636363636363
2015-06-08,Rap/Hip Hop,24,56.416666666666664,43.375,43.625,10.75
2015-06-15,Rap/Hip Hop,25,58.0,46.24,44.64,10.76
2015-06-22,Rap/Hip Hop,23,58.0,49.69565217391305,45.30434782608695,11.608695652173912
2015-06-29,Rap/Hip Hop,21,55.095238095238095,45.80952380952381,46.04761904761905,12.857142857142858
2015-07-06,Rap/Hip Hop,21,55.714285714285715,43.57142857142857,47.19047619047619,12.285714285714286
2015-07-13,Rap/Hip Hop,25,56.44,39.52,49.8,10.52
2015-07-20,Rap/Hip Hop,24,52.916666666666664,47.291666666666664,46.583333333333336,11.041666666666666
2015-07-27,Rap/Hip Hop,25,56.8,45.8,51.24,10.2
2015-08-03,Rap/Hip Hop,23,49.869565217391305,45.52173913043478,43.91304347826087,11.565217391304348
2015-08-10,Rap/Hip Hop,23,50.08695652173913,45.73913043478261,41.95652173913044,12.565217391304348
2015-08-17,Rap/Hip Hop,27,56.925925925925924,39.111111111111114,45.51851851851852,11.62962962962963
2015-08-24,Rap/Hip Hop,26,54.23076923076923,48.5,42.84615384615385,12.0
2015-08-31,Rap/Hip Hop,27,50.333333333333336,41.925925925925924,40.77777777777778,11.222222222222221
2015-09-07,Rap/Hip Hop,27,50.0,43.851851851851855,40.7037037037037,11.481481481481481
2015-09-14,Rap/Hip Hop,24,47.333333333333336,45.583333333333336,37.083333333333336,12.708333333333334
2015-09-21,Rap/Hip Hop,28,51.67857142857143,40.57142857142857,42.107142857142854,11.892857142857142
2015-09-28,Rap/Hip Hop,29,51.241379310344826,40.3448275862069,44.310344827586206,11.517241379310345
2015-10-05,Rap/Hip Hop,37,58.432432432432435,36.432432432432435,51.2972972972973,8.837837837837839
2015-10-12,Rap/Hip Hop,37,53.891891891891895,48.54054054054054,49.75675675675676,8.702702702702704
2015-10-19,Rap/Hip Hop,38,54.78947368421053,50.05263157894737,48.973684210526315,9.447368421052632
2015-10-26,Rap/Hip Hop,38,54.44736842105263,50.10526315789474,46.73684210526316,10.552631578947368
2015-11-02,Rap/Hip Hop,36,53.583333333333336,50.55555555555556,44.416666666666664,11.13888888888889
2015-11-09,Rap/Hip Hop,33,53.84848484848485,49.06060606060606,43.09090909090909,11.515151515151516
2015-11-16,Rap/Hip Hop,33,54.96969696969697,48.06060606060606,42.39393939393939,12.030303030303031
2015-11-23,Rap/Hip Hop,31,54.096774193548384,47.32258064516129,42.61290322580645,12.548387096774194
2015-11-30,Rap/Hip Hop,26,48.69230769230769,47.0,34.57692307692308,14.346153846153847
2015-12-07,Rap/Hip Hop,30,54.56666666666667,42.2,40.63333333333333,13.866666666666667
2015-12-14,Rap/Hip Hop,28,50.17857142857143,48.07142857142857,35.92857142857143,15.071428571428571
2015-12-21,Rap/Hip Hop,30,52.43333333333333,45.4,39.166666666666664,14.533333333333333
2015-12-28,Rap/Hip Hop,28,50.964285714285715,49.357142857142854,34.5,16.5
2016-01-04,Rap/Hip Hop,31,52.61290322580645,43.645161290322584,40.29032258064516,15.935483870967742
2016-01-11,Rap/Hip Hop,32,51.625,48.1875,40.5625,16.21875
2016-01-18,Rap/Hip Hop,31,54.41935483870968,46.064516129032256,40.70967741935484,17.225806451612904
2016-01-25,Rap/Hip Hop,29,54.13793103448276,54.13793103448276,40.3448275862069,17.862068965517242
2016-02-01,Rap/Hip Hop,27,51.851851851851855,49.51851851851852,40.925925925925924,17.074074074074073
2016-02-08,Rap/Hip Hop,25,49.92,40.48,37.2,17.28
2016-02-15,Rap/Hip Hop,25,50.16,43.8,33.8,18.2
2016-02-22,Rap/Hip Hop,22,46.59090909090909,35.95454545454545,29.954545454545453,17.0
2016-02-29,Rap/Hip Hop,20,46.6,35.75,34.1,15.35
2016-03-07,Rap/Hip Hop,25,54.36,37.28,44.8,13.28
2016-03-14,Rap/Hip Hop,24,53.916666666666664,53.0,42.0,14.791666666666666
2016-03-21,Rap/Hip Hop,22,53.40909090909091,50.40909090909091,44.45454545454545,12.727272727272727
2016-03-28,Rap/Hip Hop,20,46.6,49.2,37.0,14.4
2016-04-04,Rap/Hip Hop,22,47.90909090909091,42.36363636363637,38.54545454545455,14.090909090909092
2016-04-11,Rap/Hip Hop,28,57.67857142857143,37.642857142857146,48.892857142857146,12.071428571428571
2016-04-18,Rap/Hip Hop,30,53.86666666666667,33.766666666666666,46.6,8.966666666666667
2016-04-25,Rap/Hip Hop,29,54.96551724137931,41.89655172413793,46.89655172413793,8.344827586206897
2016-05-02,Rap/Hip Hop,27,55.77777777777778,48.81481481481482,43.51851851851852,9.74074074074074
2016-05-09,Rap/Hip Hop,25,62.72,43.68,46.04,9.44
2016-05-16,Rap/Hip Hop,36,57.30555555555556,32.05555555555556,45.111111111111114,6.416666666666667
2016-05-23,Rap/Hip Hop,31,55.096774193548384,52.67741935483871,41.096774193548384,7.967741935483871
2016-05-30,Rap/Hip Hop,34,55.94117647058823,40.1764705882353,47.11764705882353,7.176470588235294
2016-06-06,Rap/Hip Hop,29,51.689655172413794,43.86206896551724,42.172413793103445,8.655172413793103
2016-06-13,Rap/Hip Hop,29,50.6551724137931,45.58620689655172,40.96551724137931,10.172413793103448
2016-06-20,Rap/Hip Hop,31,54.774193548387096,44.58064516129032,40.54838709677419,10.548387096774194
2016-06-27,Rap/Hip Hop,32,56.1875,41.875,42.75,10.46875
2016-07-04,Rap/Hip Hop,31,55.61290322580645,51.903225806451616,41.61290322580645,11.03225806451613
2016-07-11,Rap/Hip Hop,34,57.76470588235294,49.38235294117647,43.0,10.5
2016-07-18,Rap/Hip Hop,32,58.8125,50.9375,44.84375,10.65625
2016-07-25,Rap/Hip Hop,31,56.354838709677416,50.0,42.645161290322584,11.0
2016-08-01,Rap/Hip Hop,31,57.32258064516129,51.54838709677419,45.87096774193548,10.451612903225806
2016-08-08,Rap/Hip Hop,32,55.46875,49.46875,44.4375,10.53125
2016-08-15,Rap/Hip Hop,33,55.878787878787875,51.333333333333336,44.03030303030303,11.181818181818182
2016-08-22,Rap/Hip Hop,31,57.54838709677419,52.483870967741936,44.70967741935484,11.225806451612904
2016-08-29,Rap/Hip Hop,32,56.46875,50.75,47.0,10.84375
2016-09-05,Rap/Hip Hop,30,55.53333333333333,54.8,46.4,11.233333333333333
2016-09-12,Rap/Hip Hop,32,58.625,49.21875,46.46875,11.84375
2016-09-19,Rap/Hip Hop,33,59.03030303030303,51.60606060606061,46.57575757575758,12.212121212121213
2016-09-26,Rap/Hip Hop,34,58.970588235294116,51.44117647058823,46.705882352941174,12.147058823529411
2016-10-03,Rap/Hip Hop,34,60.26470588235294,52.5,47.05882352941177,12.411764705882353
2016-10-10,Rap/Hip Hop,31,56.29032258064516,58.064516129032256,42.903225806451616,13.741935483870968
2016-10-17,Rap/Hip Hop,31,54.516129032258064,49.935483870967744,41.774193548387096,13.806451612903226
2016-10-24,Rap/Hip Hop,28,49.82142857142857,51.5,36.892857142857146,14.428571428571429
2016-10-31,Rap/Hip Hop,30,51.86666666666667,44.5,38.6,14.633333333333333
2016-11-07,Rap/Hip Hop,31,52.193548387096776,42.806451612903224,41.96774193548387,13.32258064516129
2016-11-14,Rap/Hip Hop,35,53.114285714285714,36.714285714285715,46.628571428571426,10.714285714285714
2016-11-21,Rap/Hip Hop,31,49.58064516129032,41.903225806451616,39.67741935483871,12.935483870967742
2016-11-28,Rap/Hip Hop,31,48.74193548387097,41.516129032258064,39.774193548387096,12.516129032258064
2016-12-05,Rap/Hip Hop,27,46.74074074074074,43.55555555555556,36.96296296296296,12.74074074074074
2016-12-12,Rap/Hip Hop,21,48.285714285714285,40.904761904761905,35.333333333333336,12.666666666666666
2016-12-19,Rap/Hip Hop,21,45.0,39.23809523809524,35.42857142857143,12.80952380952381
2016-12-26,Rap/Hip Hop,30,38.666666666666664,22.333333333333332,31.266666666666666,7.833333333333333
2017-01-02,Rap/Hip Hop,28,53.285714285714285,29.5,32.32142857142857,9.107142857142858
2017-01-09,Rap/Hip Hop,27,48.629629629629626,36.370370370370374,40.148148148148145,9.333333333333334
2017-01-16,Rap/Hip Hop,29,52.86206896551724,39.758620689655174,42.86206896551724,9.344827586206897
2017-01-23,Rap/Hip Hop,28,51.142857142857146,48.142857142857146,39.642857142857146,10.464285714285714
2017-01-30,Rap/Hip Hop,26,48.42307692307692,46.07692307692308,39.03846153846154,11.0
2017-02-06,Rap/Hip Hop,23,49.56521739130435,37.73913043478261,37.91304347826087,11.434782608695652
2017-02-13,Rap/Hip Hop,26,51.65384615384615,27.346153846153847,42.53846153846154,9.346153846153847
2017-02-20,Rap/Hip Hop,28,56.642857142857146,32.035714285714285,44.714285714285715,8.75
2017-02-27,Rap/Hip Hop,25,53.32,35.76,40.24,10.2
2017-03-06,Rap/Hip Hop,28,54.214285714285715,39.42857142857143,40.57142857142857,9.214285714285714
2017-03-13,Rap/Hip Hop,27,50.629629629629626,41.851851851851855,39.2962962962963,8.962962962962964
2017-03-20,Rap/Hip Hop,22,46.81818181818182,43.04545454545455,31.181818181818183,10.545454545454545
2017-03-27,Rap/Hip Hop,28,51.464285714285715,36.785714285714285,36.75,9.642857142857142
2017-04-03,Rap/Hip Hop,41,49.34146341463415,18.146341463414632,39.707317073170735,5.341463414634147
2017-04-10,Rap/Hip Hop,39,55.333333333333336,44.0,36.743589743589745,6.564102564102564
2017-04-17,Rap/Hip Hop,33,51.78787878787879,37.27272727272727,33.666666666666664,8.090909090909092
2017-04-24,Rap/Hip Hop,33,50.15151515151515,44.484848484848484,33.03030303030303,8.93939393939394
2017-05-01,Rap/Hip Hop,43,48.95348837209303,29.930232558139537,35.97674418604651,6.813953488372093
2017-05-08,Rap/Hip Hop,40,52.625,46.925,31.825,8.25
2017-05-15,Rap/Hip Hop,36,48.22222222222222,36.75,35.833333333333336,8.61111111111111
2017-05-22,Rap/Hip Hop,38,49.36842105263158,38.76315789473684,35.421052631578945,9.578947368421053
2017-05-29,Rap/Hip Hop,34,47.14705882352941,42.0,33.88235294117647,10.441176470588236
2017-06-05,Rap/Hip Hop,31,46.83870967741935,42.67741935483871,31.967741935483872,10.709677419354838
2017-06-12,Rap/Hip Hop,33,47.39393939393939,41.121212121212125,33.06060606060606,10.848484848484848
2017-06-19,Rap/Hip Hop,34,48.94117647058823,43.14705882352941,35.05882352941177,11.323529411764707
2017-06-26,Rap/Hip Hop,33,48.54545454545455,42.45454545454545,32.878787878787875,12.454545454545455
2017-07-03,Rap/Hip Hop,35,49.42857142857143,41.542857142857144,34.74285714285714,11.685714285714285
2017-07-10,Rap/Hip Hop,38,53.0,37.526315789473685,35.63157894736842,11.68421052631579
2017-07-17,Rap/Hip Hop,38,54.578947368421055,39.23684210526316,37.89473684210526,11.736842105263158
2017-07-24,Rap/Hip Hop,42,52.404761904761905,34.023809523809526,39.42857142857143,9.380952380952381
2017-07-31,Rap/Hip Hop,38,52.13157894736842,43.6578947368421,34.78947368421053,11.5
2017-08-07,Rap/Hip Hop,37,53.513513513513516,42.054054054054056,39.37837837837838,10.567567567567568
2017-08-14,Rap/Hip Hop,32,44.03125,45.34375,30.96875,12.96875
2017-08-21,Rap/Hip Hop,32,44.46875,36.84375,34.65625,12.375
2017-08-28,Rap/Hip Hop,34,48.088235294117645,39.294117647058826,38.088235294117645,12.852941176470589
2017-09-04,Rap/Hip Hop,34,46.44117647058823,35.705882352941174,36.88235294117647,11.911764705882353
2017-09-11,Rap/Hip Hop,43,52.604651162790695,24.0,44.093023255813954,9.209302325581396
2017-09-18,Rap/Hip Hop,37,49.891891891891895,40.486486486486484,40.4054054054054,10.486486486486486
2017-09-25,Rap/Hip Hop,35,49.97142857142857,39.2,36.857142857142854,11.914285714285715
2017-10-02,Rap/Hip Hop,35,48.68571428571428,45.31428571428572,35.6,12.257142857142858
2017-10-09,Rap/Hip Hop,35,50.17142857142857,38.91428571428571,37.857142857142854,12.057142857142857
2017-10-16,Rap/Hip Hop,35,48.714285714285715,42.05714285714286,39.08571428571429,11.771428571428572
2017-10-23,Rap/Hip Hop,32,46.34375,45.34375,34.46875,13.40625
2017-10-30,Rap/Hip Hop,33,46.36363636363637,37.81818181818182,36.96969696969697,13.151515151515152
2017-11-06,Rap/Hip Hop,37,49.486486486486484,34.24324324324324,39.189189189189186,12.594594594594595
2017-11-13,Rap/Hip Hop,36,48.25,34.0,36.888888888888886,12.13888888888889
2017-11-20,Rap/Hip Hop,40,53.3,43.425,40.1,11.925
2017-11-27,Rap/Hip Hop,41,52.19512195121951,39.51219512195122,39.19512195121951,12.048780487804878
2017-12-04,Rap/Hip Hop,38,48.78947368421053,46.26315789473684,35.921052631578945,12.81578947368421
2017-12-11,Rap/Hip Hop,37,47.91891891891892,42.810810810810814,33.567567567567565,13.243243243243244
2017-12-18,Rap/Hip Hop,37,46.567567567567565,42.2972972972973,34.32432432432432,13.27027027027027
2017-12-25,Rap/Hip Hop,39,49.30769230769231,33.92307692307692,40.05128205128205,11.051282051282051
2018-01-01,Rap/Hip Hop,44,52.15909090909091,32.84090909090909,42.56818181818182,10.477272727272727
2018-01-08,Rap/Hip Hop,37,46.7027027027027,42.75675675675676,37.21621621621622,12.756756756756756
2018-01-15,Rap/Hip Hop,39,48.743589743589745,41.82051282051282,38.84615384615385,12.923076923076923
2018-01-22,Rap/Hip Hop,42,49.23809523809524,42.88095238095238,39.5,12.857142857142858
2018-01-29,Rap/Hip Hop,44,47.27272727272727,42.61363636363637,36.11363636363637,13.113636363636363
2018-02-05,Rap/Hip Hop,48,50.6875,30.9375,39.9375,10.4375
2018-02-12,Rap/Hip Hop,43,48.41860465116279,40.74418604651163,35.51162790697674,11.674418604651162
2018-02-19,Rap/Hip Hop,46,46.23913043478261,37.45652173913044,35.391304347826086,11.326086956521738
2018-02-26,Rap/Hip Hop,47,49.02127659574468,41.297872340425535,36.340425531914896,11.361702127659575
2018-03-05,Rap/Hip Hop,51,49.84313725490196,41.666666666666664,38.19607843137255,10.627450980392156
2018-03-12,Rap/Hip Hop,48,49.333333333333336,38.875,36.541666666666664,10.416666666666666
2018-03-19,Rap/Hip Hop,52,52.73076923076923,34.21153846153846,40.75,9.115384615384615
2018-03-26,Rap/Hip Hop,40,45.15,43.325,30.375,11.525
2018-04-02,Rap/Hip Hop,42,47.07142857142857,43.0,30.88095238095238,12.357142857142858
2018-04-09,Rap/Hip Hop,33,42.09090909090909,35.84848484848485,29.484848484848484,10.848484848484848
2018-04-16,Rap/Hip Hop,45,42.13333333333333,24.866666666666667,31.77777777777778,8.177777777777777
2018-04-23,Rap/Hip Hop,47,46.638297872340424,36.851063829787236,30.29787234042553,8.76595744680851
2018-04-30,Rap/Hip Hop,48,43.083333333333336,25.416666666666668,25.1875,7.770833333333333
2018-05-07,Rap/Hip Hop,54,45.148148148148145,25.90740740740741,25.203703703703702,7.462962962962963
2018-05-14,Rap/Hip Hop,49,49.97959183673469,38.224489795918366,24.285714285714285,8.591836734693878
2018-05-21,Rap/Hip Hop,47,50.5531914893617,38.59574468085106,26.127659574468087,9.127659574468085
2018-05-28,Rap/Hip Hop,46,51.369565217391305,40.54347826086956,29.26086956521739,9.543478260869565
2018-06-04,Rap/Hip Hop,46,48.95652173913044,32.58695652173913,30.804347826086957,9.26086956521739
2018-06-11,Rap/Hip Hop,44,46.15909090909091,34.79545454545455,26.613636363636363,8.5
2018-06-18,Rap/Hip Hop,47,49.851063829787236,33.87234042553192,31.127659574468087,8.212765957446809
2018-06-25,Rap/Hip Hop,43,49.604651162790695,31.88372093023256,29.88372093023256,9.790697674418604
2018-07-02,Rap/Hip Hop,41,47.829268292682926,41.53658536585366,27.902439024390244,10.78048780487805
2018-07-09,Rap/Hip Hop,48,41.583333333333336,23.0,22.1875,7.0
2018-07-16,Rap/Hip Hop,50,50.76,30.44,27.7,6.92
2018-07-23,Rap/Hip Hop,37,48.0,31.675675675675677,23.43243243243243,8.837837837837839
2018-07-30,Rap/Hip Hop,34,46.85294117647059,37.029411764705884,22.764705882352942,10.176470588235293
2018-08-06,Rap/Hip Hop,32,47.1875,37.25,25.90625,10.8125
2018-08-13,Rap/Hip Hop,41,40.24390243902439,19.29268292682927,29.390243902439025,7.634146341463414
2018-08-20,Rap/Hip Hop,42,49.785714285714285,28.61904761904762,30.857142857142858,8.119047619047619
2018-08-27,Rap/Hip Hop,30,43.166666666666664,33.3,24.566666666666666,10.8
2018-09-03,Rap/Hip Hop,36,50.333333333333336,30.666666666666668,32.27777777777778,10.027777777777779
2018-09-10,Rap/Hip Hop,44,45.5,32.47727272727273,30.34090909090909,8.545454545454545
2018-09-17,Rap/Hip Hop,41,48.09756097560975,38.1219512195122,26.658536585365855,9.926829268292684
2018-09-24,Rap/Hip Hop,43,47.48837209302326,35.58139534883721,27.488372093023255,9.651162790697674
2018-10-01,Rap/Hip Hop,43,46.93023255813954,43.0,27.069767441860463,10.511627906976743
2018-10-08,Rap/Hip Hop,49,43.16326530612245,16.653061224489797,33.265306122448976,7.122448979591836
2018-10-15,Rap/Hip Hop,45,46.666666666666664,27.88888888888889,29.444444444444443,8.511111111111111
2018-10-22,Rap/Hip Hop,45,49.044444444444444,32.75555555555555,31.91111111111111,9.333333333333334
2018-10-29,Rap/Hip Hop,44,48.36363636363637,32.88636363636363,31.454545454545453,10.204545454545455
2018-11-05,Rap/Hip Hop,45,48.24444444444445,37.62222222222222,28.733333333333334,10.866666666666667
2018-11-12,Rap/Hip Hop,50,52.08,37.78,32.36,10.52
2018-11-19,Rap/Hip Hop,48,51.666666666666664,42.208333333333336,30.479166666666668,11.645833333333334
2018-11-26,Rap/Hip Hop,45,49.82222222222222,46.044444444444444,28.511111111111113,12.511111111111111
2018-12-03,Rap/Hip Hop,45,53.15555555555556,40.977777777777774,30.555555555555557,12.244444444444444
2018-12-10,Rap/Hip Hop,54,55.2037037037037,24.555555555555557,42.22222222222222,8.537037037037036
2018-12-17,Rap/Hip Hop,40,58.675,43.225,33.5,11.275
2018-12-24,Rap/Hip Hop,36,58.55555555555556,48.0,36.19444444444444,11.166666666666666
2018-12-31,Rap/Hip Hop,36,57.166666666666664,27.52777777777778,42.388888888888886,10.38888888888889
2019-01-07,Rap/Hip Hop,40,49.875,40.65,33.575,11.95
2019-01-14,Rap/Hip Hop,42,52.904761904761905,44.095238095238095,35.57142857142857,11.952380952380953
2019-01-21,Rap/Hip Hop,40,51.075,41.6,35.925,12.25
2019-01-28,Rap/Hip Hop,43,49.18604651162791,28.627906976744185,38.325581395348834,11.13953488372093
2019-02-04,Rap/Hip Hop,40,47.725,39.35,33.95,12.8
2019-02-11,Rap/Hip Hop,40,50.175,41.325,30.4,14.075
2019-02-18,Rap/Hip Hop,37,52.24324324324324,41.891891891891895,31.37837837837838,14.054054054054054
2019-02-25,Rap/Hip Hop,36,43.52777777777778,44.083333333333336,26.833333333333332,14.25
2019-03-04,Rap/Hip Hop,44,48.22727272727273,27.386363636363637,37.15909090909091,11.5
2019-03-11,Rap/Hip Hop,39,46.51282051282051,34.61538461538461,33.53846153846154,13.179487179487179
2019-03-18,Rap/Hip Hop,38,44.078947368421055,34.1578947368421,32.76315789473684,12.81578947368421
2019-03-25,Rap/Hip Hop,37,44.189189189189186,39.75675675675676,31.243243243243242,13.405405405405405
2019-04-01,Rap/Hip Hop,39,49.51282051282051,36.717948717948715,35.48717948717949,13.717948717948717
2019-04-08,Rap/Hip Hop,33,49.15151515151515,32.303030303030305,36.24242424242424,12.93939393939394
2019-04-15,Rap/Hip Hop,32,49.3125,43.46875,38.65625,12.6875
2019-04-22,Rap/Hip Hop,32,45.40625,40.5,33.78125,13.46875
2019-04-29,Rap/Hip Hop,35,46.142857142857146,35.114285714285714,34.8,13.2
2019-05-06,Rap/Hip Hop,37,51.16216216216216,37.5945945945946,37.45945945945946,11.72972972972973
2019-05-13,Rap/Hip Hop,37,51.08108108108108,42.054054054054056,35.78378378378378,12.594594594594595
2019-05-20,Rap/Hip Hop,35,51.57142857142857,43.97142857142857,34.74285714285714,13.114285714285714
2019-05-27,Rap/Hip Hop,44,53.86363636363637,31.431818181818183,38.84090909090909,10.045454545454545
2019-06-03,Rap/Hip Hop,39,52.15384615384615,42.82051282051282,32.76923076923077,12.512820512820513
2019-06-10,Rap/Hip Hop,39,55.282051282051285,42.30769230769231,37.38461538461539,11.76923076923077
2019-06-17,Rap/Hip Hop,33,52.333333333333336,47.878787878787875,36.39393939393939,13.636363636363637
2019-06-24,Rap/Hip Hop,37,54.810810810810814,43.24324324324324,36.027027027027025,12.08108108108108
2019-07-01,Rap/Hip Hop,36,55.75,44.861111111111114,35.611111111111114,11.75
2019-07-08,Rap/Hip Hop,37,58.08108108108108,46.432432432432435,36.054054054054056,12.08108108108108
2019-07-15,Rap/Hip Hop,36,53.888888888888886,48.138888888888886,35.861111111111114,12.333333333333334
2019-07-22,Rap/Hip Hop,34,55.14705882352941,46.26470588235294,37.470588235294116,12.882352941176471
2019-07-29,Rap/Hip Hop,36,57.02777777777778,42.77777777777778,37.22222222222222,12.5
2019-08-05,Rap/Hip Hop,36,55.833333333333336,38.27777777777778,43.361111111111114,10.63888888888889
2019-08-12,Rap/Hip Hop,34,55.794117647058826,38.94117647058823,43.5,9.764705882352942
2019-08-19,Rap/Hip Hop,36,57.166666666666664,40.27777777777778,42.888888888888886,10.555555555555555
2019-08-26,Rap/Hip Hop,37,54.4054054054054,32.945945945945944,45.567567567567565,8.08108108108108
2019-09-02,Rap/Hip Hop,26,50.23076923076923,42.46153846153846,34.61538461538461,11.192307692307692
2019-09-09,Rap/Hip Hop,33,51.18181818181818,36.666666666666664,41.0,9.606060606060606
2019-09-16,Rap/Hip Hop,39,42.794871794871796,26.435897435897434,32.61538461538461,8.23076923076923
2019-09-23,Rap/Hip Hop,38,46.6578947368421,35.94736842105263,29.026315789473685,8.973684210526315
2019-09-30,Rap/Hip Hop,35,44.6,39.65714285714286,27.714285714285715,10.085714285714285
2019-10-07,Rap/Hip Hop,46,50.369565217391305,29.08695652173913,34.130434782608695,8.0
2019-10-14,Rap/Hip Hop,39,50.717948717948715,41.15384615384615,26.641025641025642,9.948717948717949
2019-10-21,Rap/Hip Hop,45,54.15555555555556,36.44444444444444,34.82222222222222,9.044444444444444
2019-10-28,Rap/Hip Hop,41,52.75609756097561,48.41463414634146,34.5609756097561,10.317073170731707
2019-11-04,Rap/Hip Hop,45,50.422222222222224,33.6,33.666666666666664,8.377777777777778
2019-11-11,Rap/Hip Hop,41,53.951219512195124,42.853658536585364,35.21951219512195,9.804878048780488
2019-11-18,Rap/Hip Hop,39,52.15384615384615,41.02564102564103,36.02564102564103,10.35897435897436
2019-11-25,Rap/Hip Hop,36,51.833333333333336,44.72222222222222,32.52777777777778,11.305555555555555
2019-12-02,Rap/Hip Hop,37,55.027027027027025,39.351351351351354,35.16216216216216,10.72972972972973
2019-12-09,Rap/Hip Hop,34,60.23529411764706,44.35294117647059,38.411764705882355,10.647058823529411
2019-12-16,Rap/Hip Hop,35,56.714285714285715,38.08571428571429,41.74285714285714,9.857142857142858
2019-12-23,Rap/Hip Hop,33,55.93939393939394,46.24242424242424,37.54545454545455,10.515151515151516
2019-12-30,Rap/Hip Hop,29,60.06896551724138,51.172413793103445,35.37931034482759,11.137931034482758
2020-01-06,Rap/Hip Hop,38,50.18421052631579,43.421052631578945,34.473684210526315,11.657894736842104
2020-01-13,Rap/Hip Hop,40,56.125,39.325,38.7,10.8
2020-01-20,Rap/Hip Hop,36,51.05555555555556,46.30555555555556,35.27777777777778,11.25
2020-01-27,Rap/Hip Hop,48,56.083333333333336,23.5625,43.9375,6.583333333333333
2020-02-03,Rap/Hip Hop,35,53.142857142857146,41.74285714285714,31.485714285714284,9.542857142857143
2020-02-10,Rap/Hip Hop,36,54.47222222222222,39.138888888888886,36.861111111111114,10.027777777777779
2020-02-17,Rap/Hip Hop,33,54.42424242424242,41.60606060606061,35.81818181818182,10.909090909090908
2020-02-24,Rap/Hip Hop,32,53.84375,33.53125,38.4375,9.125
2020-03-02,Rap/Hip Hop,33,52.93939393939394,32.93939393939394,41.0,8.848484848484848
2020-03-09,Rap/Hip Hop,35,49.114285714285714,24.457142857142856,38.142857142857146,7.857142857142857
2020-03-16,Rap/Hip Hop,44,47.09090909090909,17.363636363636363,34.04545454545455,6.4772727272727275
2020-03-23,Rap/Hip Hop,48,54.375,25.354166666666668,38.145833333333336,7.083333333333333
2020-03-30,Rap/Hip Hop,35,58.65714285714286,41.0,28.97142857142857,10.17142857142857
2020-04-06,Rap/Hip Hop,33,50.96969696969697,54.15151515151515,26.636363636363637,11.575757575757576
2020-04-13,Rap/Hip Hop,40,55.125,34.075,35.925,9.25
2020-04-20,Rap/Hip Hop,36,53.80555555555556,38.75,30.77777777777778,10.944444444444445
2020-04-27,Rap/Hip Hop,40,51.425,34.575,34.075,9.575
2020-05-04,Rap/Hip Hop,38,51.86842105263158,31.657894736842106,33.078947368421055,9.447368421052632
2020-05-11,Rap/Hip Hop,45,46.86666666666667,20.533333333333335,30.822222222222223,7.466666666666667
2020-05-18,Rap/Hip Hop,40,51.925,35.1,29.3,9.075
2020-05-25,Rap/Hip Hop,49,55.63265306122449,22.102040816326532,42.183673469387756,7.224489795918367
2020-06-01,Rap/Hip Hop,47,56.06382978723404,27.95744680851064,38.829787234042556,7.468085106382978
2020-06-08,Rap/Hip Hop,36,52.22222222222222,41.47222222222222,29.52777777777778,9.805555555555555
2020-06-15,Rap/Hip Hop,36,50.22222222222222,44.916666666666664,30.11111111111111,10.194444444444445
2020-06-22,Rap/Hip Hop,38,45.89473684210526,34.473684210526315,32.78947368421053,9.236842105263158
2020-06-29,Rap/Hip Hop,38,47.578947368421055,39.78947368421053,31.710526315789473,10.105263157894736
2020-07-06,Rap/Hip Hop,36,46.583333333333336,36.72222222222222,27.63888888888889,11.277777777777779
2020-07-13,Rap/Hip Hop,49,46.89795918367347,23.653061224489797,32.93877551020408,8.448979591836734
2020-07-20,Rap/Hip Hop,52,44.38461538461539,26.21153846153846,26.23076923076923,7.711538461538462
2020-07-27,Rap/Hip Hop,51,49.03921568627451,36.627450980392155,24.392156862745097,8.803921568627452
2020-08-03,Rap/Hip Hop,41,53.36585365853659,32.951219512195124,25.24390243902439,10.536585365853659
2020-08-10,Rap/Hip Hop,42,48.45238095238095,47.666666666666664,24.023809523809526,11.285714285714286
2020-08-17,Rap/Hip Hop,42,46.45238095238095,40.26190476190476,21.61904761904762,11.642857142857142
2020-08-24,Rap/Hip Hop,42,46.45238095238095,33.95238095238095,22.166666666666668,11.976190476190476
2020-08-31,Rap/Hip Hop,42,48.42857142857143,36.88095238095238,29.11904761904762,11.5
2020-09-07,Rap/Hip Hop,39,48.282051282051285,41.51282051282051,28.23076923076923,11.974358974358974
2020-09-14,Rap/Hip Hop,39,47.43589743589744,34.1025641025641,29.692307692307693,11.948717948717949
2020-09-21,Rap/Hip Hop,41,49.292682926829265,28.804878048780488,30.365853658536587,11.292682926829269
2020-09-28,Rap/Hip Hop,40,51.2,35.975,30.425,12.15
2020-10-05,Rap/Hip Hop,35,45.02857142857143,37.42857142857143,26.257142857142856,12.857142857142858
2020-10-12,Rap/Hip Hop,42,47.023809523809526,25.88095238095238,28.595238095238095,10.214285714285714
2020-10-19,Rap/Hip Hop,39,49.0,40.0,21.923076923076923,12.846153846153847
2020-10-26,Rap/Hip Hop,40,50.875,39.075,27.1,13.325
2020-11-02,Rap/Hip Hop,37,51.729729729729726,36.21621621621622,28.72972972972973,13.567567567567568
2020-11-09,Rap/Hip Hop,34,56.294117647058826,43.088235294117645,33.5,12.411764705882353
2020-11-16,Rap/Hip Hop,40,54.875,41.1,36.025,11.475
2020-11-23,Rap/Hip Hop,41,59.21951219512195,39.0,37.97560975609756,10.707317073170731
2020-11-30,Rap/Hip Hop,32,61.5,32.5,35.53125,11.53125
2020-12-07,Rap/Hip Hop,21,57.857142857142854,49.904761904761905,30.571428571428573,14.142857142857142
2020-12-14,Rap/Hip Hop,25,56.92,46.84,35.76,12.16
2020-12-21,Rap/Hip Hop,29,63.172413793103445,24.82758620689655,43.51724137931034,9.655172413793103
2020-12-28,Rap/Hip Hop,24,65.25,39.083333333333336,44.083333333333336,9.375
2021-01-04,Rap/Hip Hop,34,59.411764705882355,38.88235294117647,48.38235294117647,10.088235294117647
2021-01-11,Rap/Hip Hop,30,52.833333333333336,44.5,40.333333333333336,12.7
2021-01-18,Rap/Hip Hop,26,52.69230769230769,41.11538461538461,36.11538461538461,14.307692307692308
2021-01-25,Rap/Hip Hop,30,52.43333333333333,44.0,38.06666666666667,12.766666666666667
2021-02-01,Rap/Hip Hop,31,54.96774193548387,49.12903225806452,38.38709677419355,13.064516129032258
2021-02-08,Rap/Hip Hop,32,53.1875,38.25,39.46875,12.9375
2021-02-15,Rap/Hip Hop,34,50.61764705882353,33.26470588235294,39.794117647058826,10.882352941176471
2021-02-22,Rap/Hip Hop,35,53.25714285714286,42.05714285714286,39.0,10.428571428571429
2021-03-01,Rap/Hip Hop,33,47.27272727272727,43.90909090909091,36.81818181818182,10.666666666666666
2021-03-08,Rap/Hip Hop,33,48.81818181818182,43.63636363636363,35.121212121212125,11.969696969696969
2021-03-15,Rap/Hip Hop,36,50.30555555555556,39.611111111111114,35.361111111111114,10.0
2021-03-22,Rap/Hip Hop,34,47.64705882352941,42.0,31.970588235294116,10.588235294117647
2021-03-29,Rap/Hip Hop,30,44.266666666666666,36.96666666666667,28.4,11.333333333333334
2021-04-05,Rap/Hip Hop,43,52.2093023255814,24.186046511627907,39.97674418604651,8.465116279069768
2021-04-12,Rap/Hip Hop,35,47.22857142857143,36.77142857142857,28.914285714285715,11.457142857142857
2021-04-19,Rap/Hip Hop,33,44.42424242424242,32.93939393939394,28.606060606060606,12.0
2021-04-26,Rap/Hip Hop,37,48.891891891891895,31.756756756756758,33.810810810810814,10.567567567567568
2021-05-03,Rap/Hip Hop,37,49.486486486486484,34.67567567567568,33.972972972972975,10.324324324324325
2021-05-10,Rap/Hip Hop,43,56.604651162790695,33.30232558139535,38.93023255813954,8.627906976744185
2021-05-17,Rap/Hip Hop,40,54.75,48.375,33.025,9.35
2021-05-24,Rap/Hip Hop,35,53.457142857142856,31.685714285714287,29.542857142857144,10.257142857142858
2021-05-31,Rap/Hip Hop,32,53.90625,41.1875,26.40625,11.625
2021-06-07,Rap/Hip Hop,35,57.02857142857143,44.628571428571426,31.65714285714286,11.6
2021-06-14,Rap/Hip Hop,42,55.904761904761905,28.023809523809526,35.5,8.476190476190476
2021-06-21,Rap/Hip Hop,41,55.048780487804876,24.365853658536587,36.65853658536585,7.878048780487805
2021-06-28,Rap/Hip Hop,34,57.205882352941174,32.411764705882355,27.58823529411765,11.088235294117647
2021-07-05,Rap/Hip Hop,34,54.55882352941177,26.61764705882353,36.970588235294116,6.794117647058823
2021-07-12,Rap/Hip Hop,26,56.23076923076923,41.42307692307692,27.53846153846154,10.153846153846153
2021-07-19,Rap/Hip Hop,24,51.625,41.583333333333336,25.916666666666668,10.875
2021-07-26,Rap/Hip Hop,29,57.3448275862069,28.379310344827587,37.62068965517241,8.241379310344827
2021-08-02,Rap/Hip Hop,28,58.142857142857146,38.57142857142857,34.035714285714285,9.25
2021-08-09,Rap/Hip Hop,20,51.85,37.2,29.0,11.15
2021-08-16,Rap/Hip Hop,24,61.75,37.5,36.541666666666664,9.541666666666666
2021-08-23,Rap/Hip Hop,22,60.95454545454545,46.68181818181818,35.31818181818182,10.772727272727273
2021-08-30,Rap/Hip Hop,25,60.64,17.48,45.64,8.64
2021-09-06,Rap/Hip Hop,35,46.05714285714286,9.628571428571428,37.17142857142857,3.4571428571428573
2021-09-13,Rap/Hip Hop,41,40.146341463414636,16.21951219512195,17.146341463414632,3.5365853658536586
2021-09-20,Rap/Hip Hop,36,48.5,25.944444444444443,21.083333333333332,4.388888888888889
2021-09-27,Rap/Hip Hop,29,51.41379310344828,39.275862068965516,21.310344827586206,5.275862068965517
2021-10-04,Rap/Hip Hop,40,57.8,26.5,34.425,4.45
2021-10-11,Rap/Hip Hop,34,60.588235294117645,34.38235294117647,35.5,5.382352941176471
2021-10-18,Rap/Hip Hop,28,57.67857142857143,39.357142857142854,26.571428571428573,6.964285714285714
2021-10-25,Rap/Hip Hop,30,59.1,41.733333333333334,30.4,7.033333333333333
2021-11-01,Rap/Hip Hop,29,57.58620689655172,41.241379310344826,31.275862068965516,7.172413793103448
1958-08-04,Rock,19,41.73684210526316,0.0,41.73684210526316,1.0
1958-08-11,Rock,23,49.78260869565217,31.0,44.608695652173914,1.7826086956521738
1958-08-18,Rock,18,43.72222222222222,39.111111111111114,36.611111111111114,2.6666666666666665
1958-08-25,Rock,19,47.89473684210526,32.0,34.1578947368421,3.4210526315789473
1958-09-01,Rock,18,46.5,34.44444444444444,37.05555555555556,4.0
1958-09-08,Rock,18,51.27777777777778,38.94444444444444,37.05555555555556,4.722222222222222
1958-09-15,Rock,18,46.388888888888886,35.22222222222222,33.888888888888886,5.277777777777778
1958-09-22,Rock,16,44.0,43.5625,27.4375,6.3125
1958-09-29,Rock,13,40.53846153846154,31.076923076923077,27.615384615384617,6.923076923076923
1958-10-06,Rock,13,45.46153846153846,33.92307692307692,33.61538461538461,7.230769230769231
1958-10-13,Rock,14,46.42857142857143,42.214285714285715,34.5,7.714285714285714
1958-10-20,Rock,15,47.93333333333333,30.866666666666667,32.666666666666664,7.6
1958-10-27,Rock,14,45.642857142857146,46.142857142857146,27.785714285714285,8.857142857142858
1958-11-03,Rock,14,52.5,41.5,30.357142857142858,9.142857142857142
1958-11-10,Rock,16,59.9375,34.125,43.1875,7.375
1958-11-17,Rock,15,60.2,45.666666666666664,43.46666666666667,7.066666666666666
1958-11-24,Rock,13,61.0,51.0,44.46153846153846,7.076923076923077
1958-12-01,Rock,11,52.63636363636363,47.54545454545455,42.09090909090909,6.7272727272727275
1958-12-08,Rock,10,54.0,43.3,44.6,6.6
1958-12-15,Rock,9,53.111111111111114,40.0,45.111111111111114,6.111111111111111
1958-12-22,Rock,9,47.666666666666664,35.666666666666664,42.55555555555556,6.0
1958-12-29,Rock,11,53.45454545454545,39.0,47.27272727272727,6.181818181818182
1959-01-05,Rock,10,53.2,43.5,43.3,7.1
1959-01-12,Rock,8,48.25,49.375,40.0,7.25
1959-01-19,Rock,10,56.8,38.6,46.9,6.8
1959-01-26,Rock,11,63.90909090909091,35.72727272727273,51.90909090909091,6.7272727272727275
1959-02-02,Rock,10,58.0,61.2,40.6,8.2
1959-02-09,Rock,10,60.5,49.2,40.2,8.0
1959-02-16,Rock,10,50.4,35.0,49.1,4.2
1959-02-23,Rock,12,55.25,42.0,51.333333333333336,4.5
1959-03-02,Rock,11,45.18181818181818,51.45454545454545,40.09090909090909,5.454545454545454
1959-03-09,Rock,12,49.333333333333336,41.416666666666664,40.083333333333336,6.0
1959-03-16,Rock,12,51.333333333333336,42.333333333333336,40.166666666666664,6.0
1959-03-23,Rock,12,48.333333333333336,35.916666666666664,38.666666666666664,6.5
1959-03-30,Rock,11,45.36363636363637,25.181818181818183,40.0,5.636363636363637
1959-04-06,Rock,11,45.0,45.36363636363637,33.18181818181818,6.636363636363637
1959-04-13,Rock,11,45.45454545454545,29.363636363636363,41.63636363636363,5.454545454545454
1959-04-20,Rock,11,43.81818181818182,29.272727272727273,41.27272727272727,5.545454545454546
1959-04-27,Rock,14,49.57142857142857,34.42857142857143,45.357142857142854,5.428571428571429
1959-05-04,Rock,17,53.35294117647059,40.8235294117647,48.11764705882353,5.470588235294118
1959-05-11,Rock,19,54.26315789473684,43.578947368421055,48.05263157894737,5.578947368421052
1959-05-18,Rock,19,52.473684210526315,44.8421052631579,43.26315789473684,5.947368421052632
1959-05-25,Rock,20,51.1,40.9,40.0,6.2
1959-06-01,Rock,19,44.63157894736842,44.8421052631579,34.31578947368421,6.7368421052631575
1959-06-08,Rock,19,42.473684210526315,35.68421052631579,37.78947368421053,6.052631578947368
1959-06-15,Rock,22,46.40909090909091,36.68181818181818,40.95454545454545,6.2272727272727275
1959-06-22,Rock,25,48.32,37.52,40.72,6.24
1959-06-29,Rock,23,45.73913043478261,40.73913043478261,41.21739130434783,5.913043478260869
1959-07-06,Rock,21,40.19047619047619,34.714285714285715,37.19047619047619,6.095238095238095
1959-07-13,Rock,23,45.08695652173913,32.56521739130435,38.56521739130435,6.478260869565218
1959-07-20,Rock,25,48.64,41.48,40.4,6.96
1959-07-27,Rock,24,48.5,43.375,37.833333333333336,7.708333333333333
1959-08-03,Rock,24,48.791666666666664,36.5,39.458333333333336,6.916666666666667
1959-08-10,Rock,24,47.083333333333336,41.583333333333336,33.166666666666664,7.541666666666667
1959-08-17,Rock,21,39.666666666666664,42.666666666666664,27.80952380952381,7.904761904761905
1959-08-24,Rock,19,33.0,36.21052631578947,23.842105263157894,8.263157894736842
1959-08-31,Rock,21,42.857142857142854,29.857142857142858,28.285714285714285,8.476190476190476
1959-09-07,Rock,21,41.476190476190474,29.714285714285715,32.19047619047619,7.619047619047619
1959-09-14,Rock,22,42.68181818181818,32.81818181818182,35.90909090909091,6.954545454545454
1959-09-21,Rock,23,45.52173913043478,40.82608695652174,33.82608695652174,7.6521739130434785
1959-09-28,Rock,22,47.18181818181818,37.0,36.18181818181818,7.636363636363637
1959-10-05,Rock,22,48.36363636363637,42.95454545454545,33.22727272727273,8.227272727272727
1959-10-12,Rock,22,52.54545454545455,41.18181818181818,35.09090909090909,8.454545454545455
1959-10-19,Rock,24,56.833333333333336,41.125,41.25,7.958333333333333
1959-10-26,Rock,21,54.19047619047619,46.04761904761905,44.76190476190476,6.571428571428571
1959-11-02,Rock,18,50.888888888888886,45.333333333333336,40.72222222222222,7.277777777777778
1959-11-09,Rock,16,43.9375,44.25,34.5625,7.6875
1959-11-16,Rock,15,44.13333333333333,37.666666666666664,31.266666666666666,7.933333333333334
1959-11-23,Rock,13,41.38461538461539,38.53846153846154,26.615384615384617,8.307692307692308
1959-11-30,Rock,13,41.53846153846154,29.53846153846154,35.07692307692308,6.615384615384615
1959-12-07,Rock,13,44.23076923076923,41.53846153846154,32.92307692307692,7.615384615384615
1959-12-14,Rock,13,45.23076923076923,44.23076923076923,29.846153846153847,8.615384615384615
1959-12-21,Rock,12,52.166666666666664,36.0,26.333333333333332,9.25
1959-12-28,Rock,10,52.2,32.0,37.0,7.0
1960-01-04,Rock,11,58.54545454545455,47.45454545454545,37.09090909090909,7.363636363636363
1960-01-11,Rock,11,65.72727272727273,49.81818181818182,44.63636363636363,6.818181818181818
1960-01-18,Rock,10,61.2,54.5,46.0,6.2
1960-01-25,Rock,11,64.81818181818181,55.63636363636363,44.81818181818182,6.636363636363637
1960-02-01,Rock,11,61.54545454545455,40.36363636363637,55.81818181818182,4.636363636363637
1960-02-08,Rock,11,59.09090909090909,61.54545454545455,50.54545454545455,5.636363636363637
1960-02-15,Rock,14,63.07142857142857,33.92857142857143,58.714285714285715,4.428571428571429
1960-02-22,Rock,13,50.23076923076923,60.38461538461539,45.15384615384615,5.6923076923076925
1960-02-29,Rock,14,52.857142857142854,40.57142857142857,47.214285714285715,5.642857142857143
1960-03-07,Rock,14,60.857142857142854,52.857142857142854,46.285714285714285,6.642857142857143
1960-03-14,Rock,10,51.9,49.3,41.5,6.7
1960-03-21,Rock,10,60.2,51.9,41.1,7.7
1960-03-28,Rock,9,63.77777777777778,45.888888888888886,41.0,8.666666666666666
1960-04-04,Rock,9,68.44444444444444,28.0,58.888888888888886,5.555555555555555
1960-04-11,Rock,9,61.888888888888886,68.44444444444444,48.55555555555556,6.555555555555555
1960-04-18,Rock,8,55.25,58.0,38.5,8.125
1960-04-25,Rock,9,59.111111111111114,38.44444444444444,49.111111111111114,6.444444444444445
1960-05-02,Rock,11,58.18181818181818,48.36363636363637,47.18181818181818,6.2727272727272725
1960-05-09,Rock,12,55.416666666666664,45.666666666666664,46.916666666666664,6.333333333333333
1960-05-16,Rock,12,51.0,49.0,45.5,6.25
1960-05-23,Rock,16,57.4375,32.4375,55.25,4.8125
1960-05-30,Rock,16,50.125,53.25,48.6875,4.75
1960-06-06,Rock,15,43.13333333333333,47.266666666666666,39.666666666666664,5.933333333333334
1960-06-13,Rock,16,43.1875,36.0625,38.9375,6.125
1960-06-20,Rock,16,41.875,37.125,36.1875,6.75
1960-06-27,Rock,19,50.89473684210526,32.1578947368421,44.31578947368421,6.315789473684211
1960-07-04,Rock,18,50.888888888888886,38.55555555555556,38.5,7.277777777777778
1960-07-11,Rock,18,51.666666666666664,46.0,37.111111111111114,7.222222222222222
1960-07-18,Rock,16,44.875,43.1875,37.9375,6.875
1960-07-25,Rock,17,50.0,42.23529411764706,38.529411764705884,7.470588235294118
1960-08-01,Rock,19,56.473684210526315,40.31578947368421,42.63157894736842,7.2105263157894735
1960-08-08,Rock,18,54.72222222222222,51.44444444444444,42.166666666666664,7.722222222222222
1960-08-15,Rock,16,52.125,41.5,39.9375,7.0625
1960-08-22,Rock,15,50.8,41.13333333333333,42.93333333333333,6.2
1960-08-29,Rock,14,52.142857142857146,45.07142857142857,40.0,6.285714285714286
1960-09-05,Rock,13,51.23076923076923,37.76923076923077,45.61538461538461,5.538461538461538
1960-09-12,Rock,12,44.083333333333336,51.5,39.25,6.083333333333333
1960-09-19,Rock,16,53.9375,33.0625,50.0625,5.5625
1960-09-26,Rock,16,49.1875,44.9375,47.75,5.1875
1960-10-03,Rock,16,45.375,49.1875,43.6875,6.1875
1960-10-10,Rock,18,48.44444444444444,35.833333333333336,43.0,6.333333333333333
1960-10-17,Rock,15,41.8,38.733333333333334,37.53333333333333,6.8
1960-10-24,Rock,14,37.285714285714285,34.5,32.42857142857143,7.285714285714286
1960-10-31,Rock,16,42.625,29.0625,39.0625,6.4375
1960-11-07,Rock,17,42.0,40.11764705882353,35.470588235294116,7.0588235294117645
1960-11-14,Rock,19,48.26315789473684,37.578947368421055,36.63157894736842,7.315789473684211
1960-11-21,Rock,17,45.94117647058823,46.05882352941177,35.0,8.0
1960-11-28,Rock,18,48.611111111111114,35.166666666666664,36.111111111111114,7.722222222222222
1960-12-05,Rock,17,51.529411764705884,40.294117647058826,42.294117647058826,6.705882352941177
1960-12-12,Rock,14,45.785714285714285,40.07142857142857,38.857142857142854,6.214285714285714
1960-12-19,Rock,14,47.5,32.0,43.642857142857146,5.0
1960-12-26,Rock,16,51.1875,41.5625,43.6875,5.375
1961-01-02,Rock,16,48.3125,42.25,42.4375,5.5
1961-01-09,Rock,14,52.357142857142854,41.07142857142857,47.214285714285715,5.214285714285714
1961-01-16,Rock,13,49.84615384615385,41.53846153846154,41.07692307692308,6.230769230769231
1961-01-23,Rock,15,52.86666666666667,30.733333333333334,45.06666666666667,6.466666666666667
1961-01-30,Rock,15,51.4,49.266666666666666,42.2,6.6
1961-02-06,Rock,14,51.5,39.0,42.285714285714285,6.428571428571429
1961-02-13,Rock,14,55.42857142857143,51.5,36.714285714285715,7.428571428571429
1961-02-20,Rock,14,56.642857142857146,33.642857142857146,52.5,5.214285714285714
1961-02-27,Rock,15,55.13333333333333,47.46666666666667,49.53333333333333,5.6
1961-03-06,Rock,17,57.0,41.411764705882355,53.1764705882353,4.235294117647059
1961-03-13,Rock,18,56.77777777777778,46.888888888888886,54.611111111111114,4.055555555555555
1961-03-20,Rock,17,53.588235294117645,48.88235294117647,51.588235294117645,4.352941176470588
1961-03-27,Rock,17,46.588235294117645,45.588235294117645,43.23529411764706,4.705882352941177
1961-04-03,Rock,14,43.07142857142857,44.0,38.285714285714285,5.571428571428571
1961-04-10,Rock,14,39.5,32.0,38.0,5.428571428571429
1961-04-17,Rock,15,42.4,36.86666666666667,35.86666666666667,6.066666666666666
1961-04-24,Rock,15,39.46666666666667,30.133333333333333,36.06666666666667,6.2
1961-05-01,Rock,16,46.3125,34.125,38.5625,6.4375
1961-05-08,Rock,16,49.0,42.25,37.375,7.0
1961-05-15,Rock,14,50.357142857142854,38.142857142857146,45.642857142857146,5.714285714285714
1961-05-22,Rock,14,46.92857142857143,44.5,40.42857142857143,6.5
1961-05-29,Rock,17,56.88235294117647,35.64705882352941,49.05882352941177,5.529411764705882
1961-06-05,Rock,14,50.42857142857143,54.285714285714285,45.214285714285715,5.857142857142857
1961-06-12,Rock,13,48.61538461538461,42.61538461538461,46.0,5.6923076923076925
1961-06-19,Rock,11,44.09090909090909,35.90909090909091,36.90909090909091,6.818181818181818
1961-06-26,Rock,11,46.0,21.90909090909091,35.18181818181818,6.909090909090909
1961-07-03,Rock,11,45.36363636363637,35.54545454545455,43.18181818181818,5.818181818181818
1961-07-10,Rock,12,45.916666666666664,41.583333333333336,41.833333333333336,6.333333333333333
1961-07-17,Rock,13,48.53846153846154,31.846153846153847,46.38461538461539,5.846153846153846
1961-07-24,Rock,15,55.86666666666667,42.06666666666667,47.4,6.066666666666666
1961-07-31,Rock,13,49.23076923076923,46.30769230769231,45.38461538461539,6.384615384615385
1961-08-07,Rock,15,54.6,28.533333333333335,51.93333333333333,5.0
1961-08-14,Rock,16,51.625,45.5,49.75,4.6875
1961-08-21,Rock,16,45.1875,49.5,44.625,4.9375
1961-08-28,Rock,15,42.666666666666664,44.06666666666667,36.06666666666667,5.933333333333334
1961-09-04,Rock,12,37.083333333333336,36.0,28.416666666666668,6.5
1961-09-11,Rock,10,31.5,22.9,27.3,7.0
1961-09-18,Rock,12,39.25,26.25,34.916666666666664,6.833333333333333
1961-09-25,Rock,13,36.38461538461539,28.692307692307693,27.615384615384617,7.153846153846154
1961-10-02,Rock,11,26.818181818181817,31.181818181818183,21.454545454545453,6.7272727272727275
1961-10-09,Rock,12,35.583333333333336,20.083333333333332,28.333333333333332,6.25
1961-10-16,Rock,14,45.142857142857146,19.0,37.285714285714285,5.928571428571429
1961-10-23,Rock,13,42.23076923076923,38.15384615384615,35.23076923076923,6.538461538461538
1961-10-30,Rock,13,45.61538461538461,36.0,32.76923076923077,7.384615384615385
1961-11-06,Rock,13,45.92307692307692,34.30769230769231,35.23076923076923,6.846153846153846
1961-11-13,Rock,14,43.357142857142854,39.0,31.142857142857142,7.571428571428571
1961-11-20,Rock,13,38.53846153846154,36.92307692307692,28.615384615384617,7.3076923076923075
1961-11-27,Rock,13,34.15384615384615,28.307692307692307,32.61538461538461,6.461538461538462
1961-12-04,Rock,15,37.4,26.533333333333335,35.4,6.133333333333334
1961-12-11,Rock,18,43.611111111111114,31.166666666666668,37.77777777777778,6.111111111111111
1961-12-18,Rock,16,40.0625,38.125,36.125,6.5625
1961-12-25,Rock,14,35.857142857142854,34.42857142857143,26.5,7.928571428571429
1962-01-01,Rock,14,37.214285714285715,26.285714285714285,36.07142857142857,7.071428571428571
1962-01-08,Rock,15,37.733333333333334,28.133333333333333,35.666666666666664,7.533333333333333
1962-01-15,Rock,16,40.6875,35.375,35.0625,8.0625
1962-01-22,Rock,18,47.111111111111114,33.111111111111114,39.666666666666664,7.722222222222222
1962-01-29,Rock,18,50.0,31.22222222222222,43.666666666666664,7.388888888888889
1962-02-05,Rock,17,47.1764705882353,35.35294117647059,41.64705882352941,7.823529411764706
1962-02-12,Rock,17,43.88235294117647,32.8235294117647,39.88235294117647,7.588235294117647
1962-02-19,Rock,18,44.5,33.5,41.166666666666664,7.277777777777778
1962-02-26,Rock,19,45.36842105263158,35.578947368421055,44.31578947368421,7.0
1962-03-05,Rock,20,49.15,43.1,44.05,7.65
1962-03-12,Rock,19,45.31578947368421,30.36842105263158,40.10526315789474,7.7368421052631575
1962-03-19,Rock,18,42.388888888888886,42.72222222222222,32.27777777777778,9.055555555555555
1962-03-26,Rock,15,41.733333333333334,32.06666666666667,31.266666666666666,9.2
1962-04-02,Rock,12,39.5,39.833333333333336,28.5,9.333333333333334
1962-04-09,Rock,11,43.18181818181818,26.09090909090909,39.81818181818182,5.2727272727272725
1962-04-16,Rock,11,45.36363636363637,34.81818181818182,36.81818181818182,6.181818181818182
1962-04-23,Rock,13,53.38461538461539,31.153846153846153,43.53846153846154,5.923076923076923
1962-04-30,Rock,13,55.69230769230769,47.84615384615385,45.46153846153846,6.153846153846154
1962-05-07,Rock,13,55.30769230769231,41.92307692307692,53.84615384615385,4.6923076923076925
1962-05-14,Rock,11,45.90909090909091,54.0,45.0,5.454545454545454
1962-05-21,Rock,14,53.92857142857143,36.07142857142857,51.57142857142857,5.285714285714286
1962-05-28,Rock,13,53.61538461538461,47.84615384615385,49.92307692307692,6.076923076923077
1962-06-04,Rock,12,54.5,46.25,46.25,6.916666666666667
1962-06-11,Rock,13,62.61538461538461,42.07692307692308,56.69230769230769,6.0
1962-06-18,Rock,10,57.5,63.4,54.6,5.7
1962-06-25,Rock,9,57.111111111111114,56.0,50.44444444444444,6.555555555555555
1962-07-02,Rock,9,55.22222222222222,39.888888888888886,50.44444444444444,5.444444444444445
1962-07-09,Rock,9,52.0,55.22222222222222,43.55555555555556,6.444444444444445
1962-07-16,Rock,11,61.63636363636363,36.36363636363637,55.36363636363637,5.181818181818182
1962-07-23,Rock,9,53.666666666666664,49.44444444444444,51.77777777777778,5.111111111111111
1962-07-30,Rock,9,56.888888888888886,39.333333333333336,53.111111111111114,4.555555555555555
1962-08-06,Rock,13,66.3076923076923,34.92307692307692,64.84615384615384,3.3846153846153846
1962-08-13,Rock,14,62.714285714285715,61.57142857142857,61.07142857142857,4.142857142857143
1962-08-20,Rock,11,50.63636363636363,51.36363636363637,49.90909090909091,4.636363636363637
1962-08-27,Rock,11,47.45454545454545,50.63636363636363,43.27272727272727,5.636363636363637
1962-09-03,Rock,15,59.13333333333333,34.8,53.2,5.133333333333334
1962-09-10,Rock,15,57.46666666666667,49.666666666666664,53.93333333333333,5.2
1962-09-17,Rock,14,51.714285714285715,46.285714285714285,50.285714285714285,5.071428571428571
1962-09-24,Rock,13,46.46153846153846,41.69230769230769,43.0,5.6923076923076925
1962-10-01,Rock,12,41.166666666666664,43.833333333333336,36.583333333333336,6.5
1962-10-08,Rock,12,37.833333333333336,34.5,33.75,6.833333333333333
1962-10-15,Rock,12,40.25,37.833333333333336,30.583333333333332,7.833333333333333
1962-10-22,Rock,10,43.9,36.1,29.8,7.9
1962-10-29,Rock,6,37.0,34.333333333333336,29.666666666666668,7.833333333333333
1962-11-05,Rock,8,55.875,10.75,52.375,5.5
1962-11-12,Rock,10,61.4,39.1,57.0,5.1
1962-11-19,Rock,11,57.18181818181818,55.81818181818182,53.27272727272727,5.636363636363637
1962-11-26,Rock,11,51.63636363636363,48.72727272727273,47.36363636363637,6.545454545454546
1962-12-03,Rock,9,43.0,39.55555555555556,39.333333333333336,6.222222222222222
1962-12-10,Rock,8,39.25,34.875,39.25,5.875
1962-12-17,Rock,10,47.4,31.4,46.4,5.7
1962-12-24,Rock,11,50.90909090909091,29.818181818181817,48.09090909090909,5.363636363636363
1962-12-31,Rock,11,42.09090909090909,42.54545454545455,38.27272727272727,6.2727272727272725
1963-01-07,Rock,12,41.833333333333336,34.416666666666664,39.75,6.0
1963-01-14,Rock,13,40.07692307692308,31.307692307692307,36.15384615384615,6.461538461538462
1963-01-21,Rock,11,31.363636363636363,38.18181818181818,29.545454545454547,6.636363636363637
1963-01-28,Rock,12,32.166666666666664,28.75,27.5,7.083333333333333
1963-02-04,Rock,14,38.642857142857146,27.571428571428573,32.142857142857146,7.071428571428571
1963-02-11,Rock,15,45.06666666666667,29.466666666666665,43.266666666666666,5.2
1963-02-18,Rock,15,43.46666666666667,33.06666666666667,39.6,6.066666666666666
1963-02-25,Rock,15,44.86666666666667,38.733333333333334,38.6,6.6
1963-03-04,Rock,15,49.53333333333333,39.0,43.266666666666666,6.266666666666667
1963-03-11,Rock,14,44.5,35.857142857142854,40.142857142857146,6.285714285714286
1963-03-18,Rock,15,45.93333333333333,35.333333333333336,36.53333333333333,6.733333333333333
1963-03-25,Rock,12,41.166666666666664,37.25,36.916666666666664,5.916666666666667
1963-04-01,Rock,10,30.5,31.3,20.1,7.6
1963-04-08,Rock,10,36.9,19.4,30.9,6.5
1963-04-15,Rock,11,42.45454545454545,20.454545454545453,40.72727272727273,5.7272727272727275
1963-04-22,Rock,11,40.54545454545455,25.0,36.45454545454545,6.090909090909091
1963-04-29,Rock,14,52.92857142857143,31.857142857142858,45.785714285714285,5.857142857142857
1963-05-06,Rock,13,52.46153846153846,45.46153846153846,44.46153846153846,6.230769230769231
1963-05-13,Rock,12,57.5,48.333333333333336,48.75,5.833333333333333
1963-05-20,Rock,12,63.833333333333336,37.916666666666664,53.75,5.916666666666667
1963-05-27,Rock,11,66.72727272727273,52.63636363636363,64.9090909090909,4.7272727272727275
1963-06-03,Rock,10,59.4,44.6,57.0,4.9
1963-06-10,Rock,13,63.46153846153846,38.61538461538461,59.69230769230769,4.538461538461538
1963-06-17,Rock,12,57.166666666666664,58.5,54.0,4.75
1963-06-24,Rock,14,56.142857142857146,49.0,52.42857142857143,5.071428571428571
1963-07-01,Rock,14,53.357142857142854,51.214285714285715,48.714285714285715,5.285714285714286
1963-07-08,Rock,12,48.083333333333336,50.916666666666664,43.583333333333336,6.083333333333333
1963-07-15,Rock,13,53.0,40.92307692307692,50.30769230769231,5.3076923076923075
1963-07-22,Rock,11,52.45454545454545,47.0,48.72727272727273,5.181818181818182
1963-07-29,Rock,11,57.36363636363637,42.63636363636363,55.0,4.818181818181818
1963-08-05,Rock,10,48.4,45.8,46.8,5.3
1963-08-12,Rock,12,53.5,35.0,51.583333333333336,5.083333333333333
1963-08-19,Rock,11,48.27272727272727,43.90909090909091,46.09090909090909,5.545454545454546
1963-08-26,Rock,11,52.90909090909091,34.18181818181818,46.0,6.090909090909091
1963-09-02,Rock,11,51.18181818181818,48.54545454545455,46.90909090909091,5.909090909090909
1963-09-09,Rock,10,46.6,52.2,40.5,6.7
1963-09-16,Rock,9,39.0,41.55555555555556,29.77777777777778,7.777777777777778
1963-09-23,Rock,10,45.3,26.6,35.6,7.3
1963-09-30,Rock,13,53.15384615384615,34.84615384615385,43.07692307692308,6.615384615384615
1963-10-07,Rock,10,44.6,49.5,41.4,5.7
1963-10-14,Rock,13,51.23076923076923,34.30769230769231,45.53846153846154,5.384615384615385
1963-10-21,Rock,12,43.916666666666664,50.583333333333336,38.416666666666664,6.083333333333333
1963-10-28,Rock,14,50.857142857142854,33.857142857142854,46.5,5.285714285714286
1963-11-04,Rock,12,45.333333333333336,41.583333333333336,39.916666666666664,5.5
1963-11-11,Rock,10,40.0,44.9,39.6,5.3
1963-11-18,Rock,10,42.0,34.7,41.2,5.5
1963-11-25,Rock,10,38.9,32.0,36.9,6.4
1963-12-02,Rock,10,42.2,35.0,38.9,6.5
1963-12-09,Rock,13,52.0,32.46153846153846,47.38461538461539,6.0
1963-12-16,Rock,12,50.083333333333336,50.333333333333336,40.083333333333336,6.916666666666667
1963-12-23,Rock,9,43.333333333333336,49.111111111111114,38.44444444444444,6.777777777777778
1963-12-30,Rock,9,43.111111111111114,43.333333333333336,34.77777777777778,7.777777777777778
1964-01-06,Rock,9,47.0,31.0,42.333333333333336,6.111111111111111
1964-01-13,Rock,11,51.90909090909091,34.90909090909091,50.81818181818182,4.636363636363637
1964-01-20,Rock,12,44.333333333333336,40.666666666666664,42.916666666666664,4.583333333333333
1964-01-27,Rock,15,45.46666666666667,30.2,44.0,4.2
1964-02-03,Rock,18,50.55555555555556,36.27777777777778,49.5,3.7777777777777777
1964-02-10,Rock,19,48.36842105263158,44.473684210526315,45.473684210526315,4.315789473684211
1964-02-17,Rock,16,35.5,42.9375,33.8125,5.0625
1964-02-24,Rock,16,33.1875,33.0625,32.3125,5.375
1964-03-02,Rock,19,41.526315789473685,19.473684210526315,38.0,5.052631578947368
1964-03-09,Rock,18,38.666666666666664,33.0,36.55555555555556,5.388888888888889
1964-03-16,Rock,19,37.89473684210526,34.68421052631579,35.421052631578945,5.368421052631579
1964-03-23,Rock,22,42.5,29.181818181818183,39.81818181818182,5.045454545454546
1964-03-30,Rock,21,39.095238095238095,38.42857142857143,37.57142857142857,4.857142857142857
1964-04-06,Rock,23,40.69565217391305,31.47826086956522,36.69565217391305,5.3478260869565215
1964-04-13,Rock,21,40.38095238095238,29.285714285714285,35.42857142857143,5.809523809523809
1964-04-20,Rock,20,39.6,35.75,30.35,7.3
1964-04-27,Rock,16,39.8125,29.8125,33.0625,6.875
1964-05-04,Rock,15,47.0,30.133333333333333,40.46666666666667,5.933333333333334
1964-05-11,Rock,15,47.266666666666666,38.13333333333333,44.266666666666666,5.0
1964-05-18,Rock,16,47.875,29.3125,43.125,5.0
1964-05-25,Rock,17,48.23529411764706,42.64705882352941,43.94117647058823,5.0588235294117645
1964-06-01,Rock,16,43.1875,48.625,39.125,5.75
1964-06-08,Rock,15,40.53333333333333,41.6,39.06666666666667,5.466666666666667
1964-06-15,Rock,16,40.4375,38.0,36.25,6.125
1964-06-22,Rock,15,43.4,34.2,40.6,5.666666666666667
1964-06-29,Rock,14,43.214285714285715,41.07142857142857,41.785714285714285,5.928571428571429
1964-07-06,Rock,15,45.8,28.666666666666668,43.13333333333333,5.933333333333334
1964-07-13,Rock,15,43.46666666666667,40.46666666666667,42.2,5.4
1964-07-20,Rock,17,47.94117647058823,31.529411764705884,46.1764705882353,5.117647058823529
1964-07-27,Rock,20,49.75,37.85,47.5,4.7
1964-08-03,Rock,19,44.31578947368421,45.78947368421053,39.89473684210526,5.368421052631579
1964-08-10,Rock,18,39.22222222222222,35.94444444444444,35.44444444444444,5.388888888888889
1964-08-17,Rock,15,35.13333333333333,35.93333333333333,33.86666666666667,5.266666666666667
1964-08-24,Rock,14,30.428571428571427,32.5,26.714285714285715,6.285714285714286
1964-08-31,Rock,18,48.27777777777778,20.11111111111111,45.333333333333336,4.611111111111111
1964-09-07,Rock,22,50.72727272727273,37.22727272727273,48.40909090909091,4.318181818181818
1964-09-14,Rock,22,48.72727272727273,47.40909090909091,46.40909090909091,4.590909090909091
1964-09-21,Rock,21,45.333333333333336,43.666666666666664,43.57142857142857,4.714285714285714
1964-09-28,Rock,18,35.611111111111114,44.388888888888886,33.888888888888886,5.277777777777778
1964-10-05,Rock,20,39.4,32.05,35.8,5.75
1964-10-12,Rock,19,36.473684210526315,34.89473684210526,33.10526315789474,6.105263157894737
1964-10-19,Rock,19,40.78947368421053,32.421052631578945,36.05263157894737,6.157894736842105
1964-10-26,Rock,17,35.294117647058826,39.588235294117645,32.05882352941177,6.823529411764706
1964-11-02,Rock,18,39.166666666666664,27.5,37.44444444444444,6.333333333333333
1964-11-09,Rock,19,41.421052631578945,35.10526315789474,38.10526315789474,6.473684210526316
1964-11-16,Rock,21,46.04761904761905,35.95238095238095,42.95238095238095,6.190476190476191
1964-11-23,Rock,18,40.44444444444444,28.333333333333332,36.666666666666664,6.666666666666667
1964-11-30,Rock,18,37.72222222222222,33.77777777777778,34.77777777777778,5.944444444444445
1964-12-07,Rock,18,39.77777777777778,33.22222222222222,34.333333333333336,6.111111111111111
1964-12-14,Rock,15,32.733333333333334,35.6,28.933333333333334,6.333333333333333
1964-12-21,Rock,17,38.94117647058823,26.41176470588235,35.8235294117647,5.705882352941177
1964-12-28,Rock,19,46.68421052631579,32.21052631578947,41.8421052631579,5.842105263157895
1965-01-04,Rock,18,47.111111111111114,33.05555555555556,42.27777777777778,5.388888888888889
1965-01-11,Rock,17,43.64705882352941,43.470588235294116,39.1764705882353,5.529411764705882
1965-01-18,Rock,16,39.125,39.5,36.3125,5.75
1965-01-25,Rock,12,23.0,30.416666666666668,18.833333333333332,6.583333333333333
1965-02-01,Rock,14,34.42857142857143,17.071428571428573,31.214285714285715,6.0
1965-02-08,Rock,16,39.125,30.125,32.875,6.25
1965-02-15,Rock,18,47.72222222222222,28.22222222222222,45.77777777777778,4.666666666666667
1965-02-22,Rock,20,50.75,33.8,48.85,3.9
1965-03-01,Rock,21,49.857142857142854,46.666666666666664,47.0,4.238095238095238
1965-03-08,Rock,23,50.30434782608695,37.91304347826087,48.26086956521739,4.130434782608695
1965-03-15,Rock,20,40.55,47.05,38.95,4.9
1965-03-22,Rock,20,38.75,34.1,36.75,5.25
1965-03-29,Rock,22,44.54545454545455,28.318181818181817,42.63636363636363,4.863636363636363
1965-04-05,Rock,20,43.8,40.0,42.15,4.95
1965-04-12,Rock,21,44.95238095238095,40.476190476190474,41.04761904761905,5.238095238095238
1965-04-19,Rock,19,43.10526315789474,39.63157894736842,40.63157894736842,5.157894736842105
1965-04-26,Rock,18,35.166666666666664,36.388888888888886,34.833333333333336,5.166666666666667
1965-05-03,Rock,18,31.944444444444443,35.166666666666664,28.5,6.166666666666667
1965-05-10,Rock,20,37.3,26.3,32.1,6.05
1965-05-17,Rock,23,47.17391304347826,27.347826086956523,40.26086956521739,5.6521739130434785
1965-05-24,Rock,19,43.89473684210526,35.10526315789474,40.78947368421053,5.2105263157894735
1965-05-31,Rock,20,45.8,35.7,45.6,4.35
1965-06-07,Rock,21,42.714285714285715,39.095238095238095,40.76190476190476,5.0
1965-06-14,Rock,19,35.31578947368421,40.31578947368421,29.894736842105264,6.0
1965-06-21,Rock,17,30.647058823529413,25.823529411764707,28.41176470588235,5.9411764705882355
1965-06-28,Rock,19,36.10526315789474,27.42105263157895,31.105263157894736,6.315789473684211
1965-07-05,Rock,16,29.9375,31.625,27.25,7.0
1965-07-12,Rock,14,23.714285714285715,23.357142857142858,18.642857142857142,8.357142857142858
1965-07-19,Rock,15,34.2,16.8,30.866666666666667,7.266666666666667
1965-07-26,Rock,15,38.46666666666667,31.6,30.333333333333332,7.733333333333333
1965-08-02,Rock,14,47.214285714285715,21.928571428571427,42.357142857142854,5.0
1965-08-09,Rock,20,55.3,31.15,52.65,3.85
1965-08-16,Rock,20,50.1,48.5,48.75,4.1
1965-08-23,Rock,22,47.90909090909091,45.54545454545455,45.0,4.7272727272727275
1965-08-30,Rock,23,48.52173913043478,44.08695652173913,45.04347826086956,5.043478260869565
1965-09-06,Rock,22,46.04545454545455,46.59090909090909,43.31818181818182,5.318181818181818
1965-09-13,Rock,20,42.5,38.6,41.85,5.3
1965-09-20,Rock,22,44.95454545454545,32.63636363636363,42.54545454545455,5.2727272727272725
1965-09-27,Rock,23,45.04347826086956,38.69565217391305,40.73913043478261,5.391304347826087
1965-10-04,Rock,22,42.90909090909091,39.95454545454545,37.68181818181818,5.545454545454546
1965-10-11,Rock,21,40.857142857142854,38.523809523809526,38.285714285714285,5.380952380952381
1965-10-18,Rock,23,42.47826086956522,34.04347826086956,38.43478260869565,5.565217391304348
1965-10-25,Rock,25,46.16,35.52,43.96,5.28
1965-11-01,Rock,24,42.375,39.833333333333336,40.875,5.625
1965-11-08,Rock,25,43.16,38.52,38.52,6.12
1965-11-15,Rock,21,40.285714285714285,38.904761904761905,36.476190476190474,6.0
1965-11-22,Rock,21,43.476190476190474,38.04761904761905,36.42857142857143,6.380952380952381
1965-11-29,Rock,21,49.61904761904762,31.666666666666668,44.95238095238095,5.523809523809524
1965-12-06,Rock,19,49.68421052631579,45.0,47.94736842105263,5.052631578947368
1965-12-13,Rock,20,50.8,42.9,46.3,4.85
1965-12-20,Rock,20,48.35,45.7,43.55,5.1
1965-12-27,Rock,17,40.294117647058826,42.470588235294116,39.05882352941177,5.0588235294117645
1966-01-03,Rock,19,40.63157894736842,36.05263157894737,38.421052631578945,5.526315789473684
1966-01-10,Rock,21,42.333333333333336,36.76190476190476,39.76190476190476,6.0
1966-01-17,Rock,20,40.05,39.65,33.0,7.2
1966-01-24,Rock,19,47.578947368421055,24.842105263157894,45.8421052631579,5.526315789473684
1966-01-31,Rock,20,51.65,38.15,47.1,5.75
1966-02-07,Rock,21,53.38095238095238,43.714285714285715,48.857142857142854,5.523809523809524
1966-02-14,Rock,21,54.76190476190476,44.904761904761905,48.095238095238095,5.476190476190476
1966-02-21,Rock,20,50.55,49.05,47.7,5.35
1966-02-28,Rock,19,44.89473684210526,47.26315789473684,39.26315789473684,5.7368421052631575
1966-03-07,Rock,17,45.64705882352941,38.05882352941177,44.1764705882353,4.823529411764706
1966-03-14,Rock,17,45.8235294117647,30.176470588235293,44.05882352941177,4.235294117647059
1966-03-21,Rock,14,37.285714285714285,43.714285714285715,36.5,5.0
1966-03-28,Rock,14,37.92857142857143,29.071428571428573,37.142857142857146,5.142857142857143
1966-04-04,Rock,15,36.06666666666667,28.866666666666667,32.46666666666667,5.733333333333333
1966-04-11,Rock,18,43.388888888888886,24.72222222222222,39.833333333333336,4.777777777777778
1966-04-18,Rock,21,45.76190476190476,37.19047619047619,41.57142857142857,5.142857142857143
1966-04-25,Rock,22,48.04545454545455,39.86363636363637,44.04545454545455,4.7727272727272725
1966-05-02,Rock,20,44.4,45.8,44.2,4.35
1966-05-09,Rock,22,42.81818181818182,40.36363636363637,42.40909090909091,4.954545454545454
1966-05-16,Rock,25,45.96,34.0,44.36,5.16
1966-05-23,Rock,24,46.583333333333336,42.958333333333336,43.458333333333336,5.416666666666667
1966-05-30,Rock,23,45.82608695652174,38.47826086956522,43.391304347826086,5.434782608695652
1966-06-06,Rock,24,46.666666666666664,39.583333333333336,41.541666666666664,5.708333333333333
1966-06-13,Rock,23,48.47826086956522,39.391304347826086,44.52173913043478,5.260869565217392
1966-06-20,Rock,22,46.86363636363637,37.13636363636363,45.63636363636363,4.681818181818182
1966-06-27,Rock,23,46.56521739130435,39.608695652173914,45.08695652173913,4.956521739130435
1966-07-04,Rock,26,45.57692307692308,41.19230769230769,42.07692307692308,5.384615384615385
1966-07-11,Rock,24,40.166666666666664,40.916666666666664,37.0,5.666666666666667
1966-07-18,Rock,25,42.6,31.0,38.48,5.44
1966-07-25,Rock,25,44.64,32.76,38.64,5.44
1966-08-01,Rock,26,45.5,37.5,38.88461538461539,5.846153846153846
1966-08-08,Rock,25,49.68,40.28,43.12,5.56
1966-08-15,Rock,25,49.4,43.88,46.32,5.52
1966-08-22,Rock,24,43.541666666666664,46.333333333333336,40.0,6.375
1966-08-29,Rock,24,45.75,36.791666666666664,39.791666666666664,6.458333333333333
1966-09-05,Rock,24,54.625,30.5,52.125,5.208333333333333
1966-09-12,Rock,26,55.26923076923077,49.26923076923077,53.15384615384615,5.269230769230769
1966-09-19,Rock,22,48.36363636363637,50.22727272727273,46.36363636363637,6.045454545454546
1966-09-26,Rock,22,47.36363636363637,42.31818181818182,45.09090909090909,6.5
1966-10-03,Rock,21,44.0,31.38095238095238,40.04761904761905,6.0476190476190474
1966-10-10,Rock,22,43.63636363636363,40.36363636363637,38.81818181818182,6.136363636363637
1966-10-17,Rock,25,51.6,34.08,47.0,5.6
1966-10-24,Rock,25,50.2,48.52,46.84,5.6
1966-10-31,Rock,20,39.0,45.3,37.0,5.45
1966-11-07,Rock,22,44.63636363636363,33.45454545454545,41.18181818181818,5.545454545454546
1966-11-14,Rock,24,50.25,40.916666666666664,42.25,6.083333333333333
1966-11-21,Rock,21,51.904761904761905,40.333333333333336,46.714285714285715,6.0476190476190474
1966-11-28,Rock,21,56.19047619047619,36.57142857142857,52.333333333333336,5.333333333333333
1966-12-05,Rock,21,57.57142857142857,47.38095238095238,55.904761904761905,4.523809523809524
1966-12-12,Rock,21,50.57142857142857,55.285714285714285,49.142857142857146,4.857142857142857
1966-12-19,Rock,18,43.611111111111114,41.72222222222222,40.05555555555556,5.666666666666667
1966-12-26,Rock,18,42.77777777777778,34.888888888888886,36.388888888888886,6.444444444444445
1967-01-02,Rock,16,39.9375,39.1875,38.4375,5.875
1967-01-09,Rock,17,42.705882352941174,34.294117647058826,39.88235294117647,6.176470588235294
1967-01-16,Rock,19,45.421052631578945,34.1578947368421,39.78947368421053,6.2105263157894735
1967-01-23,Rock,13,42.61538461538461,42.69230769230769,41.38461538461539,5.076923076923077
1967-01-30,Rock,15,47.53333333333333,34.93333333333333,47.46666666666667,4.6
1967-02-06,Rock,19,51.63157894736842,33.89473684210526,51.31578947368421,4.368421052631579
1967-02-13,Rock,20,46.05,44.65,45.15,4.95
1967-02-20,Rock,23,46.608695652173914,36.08695652173913,44.30434782608695,5.3478260869565215
1967-02-27,Rock,22,39.63636363636363,46.09090909090909,36.36363636363637,6.2727272727272725
1967-03-06,Rock,23,41.869565217391305,31.73913043478261,37.95652173913044,6.3478260869565215
1967-03-13,Rock,23,48.34782608695652,28.782608695652176,45.73913043478261,5.260869565217392
1967-03-20,Rock,21,45.523809523809526,43.76190476190476,41.857142857142854,5.523809523809524
1967-03-27,Rock,19,47.31578947368421,33.31578947368421,42.526315789473685,5.421052631578948
1967-04-03,Rock,19,48.94736842105263,40.05263157894737,41.73684210526316,5.842105263157895
1967-04-10,Rock,16,42.375,40.6875,37.5625,6.125
1967-04-17,Rock,16,47.8125,29.3125,44.1875,5.125
1967-04-24,Rock,15,44.93333333333333,45.13333333333333,41.8,5.466666666666667
1967-05-01,Rock,13,40.0,41.15384615384615,39.30769230769231,5.461538461538462
1967-05-08,Rock,15,43.53333333333333,34.666666666666664,42.0,5.733333333333333
1967-05-15,Rock,16,47.5625,33.0,45.9375,5.5625
1967-05-22,Rock,16,47.0,39.3125,45.375,5.9375
1967-05-29,Rock,18,52.55555555555556,38.94444444444444,47.5,5.944444444444445
1967-06-05,Rock,19,58.89473684210526,40.31578947368421,57.36842105263158,4.473684210526316
1967-06-12,Rock,22,61.22727272727273,38.40909090909091,57.40909090909091,4.5
1967-06-19,Rock,17,54.411764705882355,58.588235294117645,52.8235294117647,3.823529411764706
1967-06-26,Rock,19,58.421052631578945,47.0,56.68421052631579,3.9473684210526314
1967-07-03,Rock,19,57.78947368421053,49.21052631578947,55.94736842105263,4.105263157894737
1967-07-10,Rock,17,50.88235294117647,53.1764705882353,50.0,4.588235294117647
1967-07-17,Rock,19,51.26315789473684,43.26315789473684,50.473684210526315,4.7368421052631575
1967-07-24,Rock,17,43.11764705882353,44.529411764705884,41.0,5.411764705882353
1967-07-31,Rock,19,50.78947368421053,27.789473684210527,48.94736842105263,4.368421052631579
1967-08-07,Rock,21,49.61904761904762,42.95238095238095,48.04761904761905,4.666666666666667
1967-08-14,Rock,18,40.111111111111114,47.22222222222222,39.166666666666664,5.444444444444445
1967-08-21,Rock,16,33.0625,36.125,31.125,6.4375
1967-08-28,Rock,14,27.357142857142858,31.357142857142858,25.928571428571427,7.428571428571429
1967-09-04,Rock,15,30.4,19.8,25.6,7.6
1967-09-11,Rock,15,36.46666666666667,25.733333333333334,31.533333333333335,7.466666666666667
1967-09-18,Rock,16,39.8125,30.75,33.875,7.5625
1967-09-25,Rock,16,45.1875,34.375,37.75,6.75
1967-10-02,Rock,12,39.166666666666664,35.916666666666664,33.083333333333336,5.583333333333333
1967-10-09,Rock,11,38.45454545454545,35.27272727272727,34.72727272727273,5.363636363636363
1967-10-16,Rock,10,35.8,37.8,32.5,5.8
1967-10-23,Rock,11,39.09090909090909,27.181818181818183,34.45454545454545,5.7272727272727275
1967-10-30,Rock,10,37.8,39.1,30.7,6.5
1967-11-06,Rock,8,41.875,28.875,38.0,5.625
1967-11-13,Rock,11,57.45454545454545,24.181818181818183,54.36363636363637,4.363636363636363
1967-11-20,Rock,9,50.55555555555556,56.44444444444444,48.44444444444444,4.666666666666667
1967-11-27,Rock,11,53.72727272727273,36.72727272727273,52.36363636363637,4.363636363636363
1967-12-04,Rock,13,52.69230769230769,38.61538461538461,48.53846153846154,4.461538461538462
1967-12-11,Rock,13,50.92307692307692,47.84615384615385,47.07692307692308,4.923076923076923
1967-12-18,Rock,12,47.083333333333336,44.5,46.5,4.666666666666667
1967-12-25,Rock,13,45.46153846153846,40.23076923076923,43.07692307692308,4.846153846153846
1968-01-01,Rock,12,33.833333333333336,43.0,32.666666666666664,5.916666666666667
1968-01-08,Rock,13,34.69230769230769,31.23076923076923,31.076923076923077,6.461538461538462
1968-01-15,Rock,13,36.15384615384615,31.846153846153847,32.61538461538461,6.230769230769231
1968-01-22,Rock,12,41.416666666666664,28.5,38.083333333333336,5.666666666666667
1968-01-29,Rock,13,44.07692307692308,38.23076923076923,38.53846153846154,6.230769230769231
1968-02-05,Rock,12,42.5,33.916666666666664,33.166666666666664,6.75
1968-02-12,Rock,10,45.2,25.1,43.8,4.8
1968-02-19,Rock,11,52.54545454545455,38.09090909090909,50.81818181818182,4.545454545454546
1968-02-26,Rock,15,62.06666666666667,31.2,60.733333333333334,3.8
1968-03-04,Rock,12,53.5,63.083333333333336,51.416666666666664,4.333333333333333
1968-03-11,Rock,14,55.285714285714285,38.42857142857143,53.642857142857146,3.7857142857142856
1968-03-18,Rock,13,49.69230769230769,53.61538461538461,49.69230769230769,3.4615384615384617
1968-03-25,Rock,15,54.86666666666667,34.8,54.733333333333334,3.466666666666667
1968-04-01,Rock,15,48.53333333333333,44.53333333333333,48.333333333333336,4.0
1968-04-08,Rock,18,59.333333333333336,38.111111111111114,58.05555555555556,3.9444444444444446
1968-04-15,Rock,17,52.88235294117647,49.94117647058823,52.88235294117647,4.176470588235294
1968-04-22,Rock,17,53.88235294117647,49.705882352941174,52.0,4.823529411764706
1968-04-29,Rock,17,52.1764705882353,53.88235294117647,48.35294117647059,5.823529411764706
1968-05-06,Rock,15,47.733333333333334,44.8,44.06666666666667,6.4
1968-05-13,Rock,14,47.42857142857143,46.214285714285715,46.357142857142854,6.285714285714286
1968-05-20,Rock,14,52.92857142857143,41.642857142857146,49.642857142857146,6.142857142857143
1968-05-27,Rock,16,61.4375,44.25,56.3125,5.5625
1968-06-03,Rock,12,57.083333333333336,56.083333333333336,56.333333333333336,5.0
1968-06-10,Rock,11,56.18181818181818,48.09090909090909,53.18181818181818,5.7272727272727275
1968-06-17,Rock,11,56.63636363636363,34.18181818181818,55.81818181818182,5.363636363636363
1968-06-24,Rock,14,66.14285714285714,44.5,62.357142857142854,5.214285714285714
1968-07-01,Rock,13,58.69230769230769,52.69230769230769,56.07692307692308,5.0
1968-07-08,Rock,13,51.38461538461539,56.15384615384615,50.84615384615385,4.846153846153846
1968-07-15,Rock,11,42.81818181818182,49.54545454545455,42.36363636363637,5.545454545454546
1968-07-22,Rock,11,41.18181818181818,35.45454545454545,40.36363636363637,6.181818181818182
1968-07-29,Rock,12,41.0,30.083333333333332,37.416666666666664,6.333333333333333
1968-08-05,Rock,12,48.833333333333336,26.916666666666668,47.583333333333336,4.75
1968-08-12,Rock,13,46.15384615384615,45.07692307692308,44.53846153846154,5.384615384615385
1968-08-19,Rock,14,44.42857142857143,42.857142857142854,41.285714285714285,6.0
1968-08-26,Rock,17,48.64705882352941,29.647058823529413,41.1764705882353,6.0
1968-09-02,Rock,23,56.608695652173914,33.869565217391305,52.30434782608695,4.826086956521739
1968-09-09,Rock,24,48.5,50.333333333333336,42.666666666666664,5.5
1968-09-16,Rock,23,40.43478260869565,44.04347826086956,34.21739130434783,6.260869565217392
1968-09-23,Rock,19,34.526315789473685,40.10526315789474,28.210526315789473,6.578947368421052
1968-09-30,Rock,24,45.958333333333336,25.708333333333332,40.458333333333336,5.791666666666667
1968-10-07,Rock,21,39.857142857142854,41.523809523809526,38.42857142857143,5.190476190476191
1968-10-14,Rock,19,32.73684210526316,37.68421052631579,30.157894736842106,6.052631578947368
1968-10-21,Rock,18,35.55555555555556,28.61111111111111,34.666666666666664,5.777777777777778
1968-10-28,Rock,19,37.578947368421055,28.63157894736842,35.31578947368421,6.421052631578948
1968-11-04,Rock,18,39.05555555555556,29.055555555555557,37.05555555555556,6.722222222222222
1968-11-11,Rock,19,46.473684210526315,33.68421052631579,43.26315789473684,6.315789473684211
1968-11-18,Rock,20,53.95,36.1,48.7,5.95
1968-11-25,Rock,17,61.11764705882353,52.1764705882353,59.05882352941177,4.764705882352941
1968-12-02,Rock,17,59.35294117647059,59.23529411764706,58.64705882352941,5.0
1968-12-09,Rock,17,52.23529411764706,54.411764705882355,50.35294117647059,5.823529411764706
1968-12-16,Rock,15,45.93333333333333,51.0,44.46666666666667,6.8
1968-12-23,Rock,14,45.357142857142854,34.07142857142857,42.785714285714285,6.928571428571429
1968-12-30,Rock,13,45.38461538461539,45.38461538461539,37.76923076923077,7.846153846153846
1969-01-06,Rock,13,48.38461538461539,40.46153846153846,37.07692307692308,8.153846153846153
1969-01-13,Rock,13,47.53846153846154,31.692307692307693,41.53846153846154,7.0
1969-01-20,Rock,14,56.42857142857143,34.142857142857146,55.5,4.285714285714286
1969-01-27,Rock,13,50.69230769230769,50.15384615384615,50.38461538461539,4.769230769230769
1969-02-03,Rock,16,48.1875,41.1875,46.9375,4.875
1969-02-10,Rock,20,56.15,32.35,54.65,4.05
1969-02-17,Rock,21,54.666666666666664,48.714285714285715,53.42857142857143,4.142857142857143
1969-02-24,Rock,21,53.285714285714285,50.38095238095238,53.23809523809524,4.285714285714286
1969-03-03,Rock,22,51.0,50.86363636363637,50.40909090909091,5.090909090909091
1969-03-10,Rock,23,50.17391304347826,39.391304347826086,48.391304347826086,5.217391304347826
1969-03-17,Rock,24,53.541666666666664,42.125,51.416666666666664,5.0
1969-03-24,Rock,23,52.30434782608695,48.26086956521739,49.82608695652174,5.173913043478261
1969-03-31,Rock,23,49.91304347826087,44.869565217391305,48.95652173913044,4.956521739130435
1969-04-07,Rock,22,45.13636363636363,39.72727272727273,44.59090909090909,4.954545454545454
1969-04-14,Rock,22,43.90909090909091,42.09090909090909,42.27272727272727,5.7272727272727275
1969-04-21,Rock,23,44.17391304347826,38.52173913043478,41.0,6.304347826086956
1969-04-28,Rock,23,46.391304347826086,40.869565217391305,41.21739130434783,6.260869565217392
1969-05-05,Rock,17,41.470588235294116,36.470588235294116,39.88235294117647,5.117647058823529
1969-05-12,Rock,16,41.75,34.6875,41.1875,4.8125
1969-05-19,Rock,18,41.166666666666664,31.72222222222222,39.94444444444444,5.166666666666667
1969-05-26,Rock,18,43.888888888888886,37.05555555555556,42.666666666666664,5.222222222222222
1969-06-02,Rock,16,40.9375,37.6875,36.5625,6.0
1969-06-09,Rock,17,42.1764705882353,29.41176470588235,38.294117647058826,5.764705882352941
1969-06-16,Rock,17,38.76470588235294,39.1764705882353,35.470588235294116,6.117647058823529
1969-06-23,Rock,17,38.0,34.294117647058826,35.94117647058823,5.588235294117647
1969-06-30,Rock,16,34.375,32.8125,32.25,5.9375
1969-07-07,Rock,18,43.611111111111114,29.27777777777778,40.611111111111114,5.555555555555555
1969-07-14,Rock,18,44.333333333333336,36.55555555555556,42.94444444444444,5.722222222222222
1969-07-21,Rock,16,38.3125,31.125,35.375,6.125
1969-07-28,Rock,20,47.1,25.2,44.35,5.15
1969-08-04,Rock,21,51.095238095238095,41.904761904761905,48.666666666666664,4.666666666666667
1969-08-11,Rock,20,48.85,37.65,45.75,4.7
1969-08-18,Rock,21,47.857142857142854,39.857142857142854,45.857142857142854,4.285714285714286
1969-08-25,Rock,20,46.2,40.9,44.6,4.55
1969-09-01,Rock,23,47.47826086956522,40.17391304347826,45.0,4.956521739130435
1969-09-08,Rock,20,42.35,42.8,39.7,5.05
1969-09-15,Rock,20,41.7,40.4,38.7,5.8
1969-09-22,Rock,19,39.94736842105263,39.26315789473684,39.10526315789474,6.2105263157894735
1969-09-29,Rock,21,40.42857142857143,36.142857142857146,39.285714285714285,6.619047619047619
1969-10-06,Rock,22,41.59090909090909,34.45454545454545,39.54545454545455,6.818181818181818
1969-10-13,Rock,24,46.5,32.25,43.666666666666664,6.166666666666667
1969-10-20,Rock,25,46.4,35.52,42.8,6.24
1969-10-27,Rock,24,48.583333333333336,35.958333333333336,44.833333333333336,5.833333333333333
1969-11-03,Rock,21,49.285714285714285,45.38095238095238,46.285714285714285,5.428571428571429
1969-11-10,Rock,18,48.72222222222222,43.94444444444444,46.888888888888886,4.722222222222222
1969-11-17,Rock,21,55.523809523809526,35.42857142857143,53.80952380952381,4.333333333333333
1969-11-24,Rock,17,44.0,58.35294117647059,43.35294117647059,5.176470588235294
1969-12-01,Rock,18,44.166666666666664,41.55555555555556,41.77777777777778,5.888888888888889
1969-12-08,Rock,16,41.125,41.5,36.625,6.5625
1969-12-15,Rock,17,50.05882352941177,29.88235294117647,47.11764705882353,5.411764705882353
1969-12-22,Rock,18,52.166666666666664,43.888888888888886,50.166666666666664,5.555555555555555
1969-12-29,Rock,17,47.64705882352941,49.529411764705884,43.11764705882353,6.764705882352941
1970-01-05,Rock,16,47.75,42.9375,42.75,7.1875
1970-01-12,Rock,15,48.333333333333336,37.13333333333333,43.86666666666667,7.733333333333333
1970-01-19,Rock,18,52.55555555555556,40.27777777777778,48.333333333333336,7.444444444444445
1970-01-26,Rock,18,50.77777777777778,43.27777777777778,45.611111111111114,7.722222222222222
1970-02-02,Rock,19,56.21052631578947,39.526315789473685,55.578947368421055,5.315789473684211
1970-02-09,Rock,21,59.57142857142857,46.23809523809524,56.19047619047619,5.761904761904762
1970-02-16,Rock,21,56.80952380952381,51.333333333333336,54.42857142857143,5.523809523809524
1970-02-23,Rock,22,54.5,49.45454545454545,51.72727272727273,5.136363636363637
1970-03-02,Rock,16,43.4375,50.0625,43.0625,5.3125
1970-03-09,Rock,17,44.64705882352941,35.94117647058823,42.23529411764706,5.823529411764706
1970-03-16,Rock,17,40.05882352941177,37.76470588235294,38.64705882352941,6.0
1970-03-23,Rock,21,48.38095238095238,28.857142857142858,45.57142857142857,5.571428571428571
1970-03-30,Rock,22,45.5,40.63636363636363,44.04545454545455,5.2727272727272725
1970-04-06,Rock,21,43.142857142857146,39.142857142857146,41.333333333333336,5.380952380952381
1970-04-13,Rock,23,47.52173913043478,31.130434782608695,45.82608695652174,5.217391304347826
1970-04-20,Rock,22,44.77272727272727,47.5,44.31818181818182,5.045454545454546
1970-04-27,Rock,23,45.82608695652174,39.65217391304348,44.21739130434783,5.695652173913044
1970-05-04,Rock,21,43.61904761904762,32.76190476190476,41.714285714285715,5.9523809523809526
1970-05-11,Rock,24,48.0,38.166666666666664,44.75,6.208333333333333
1970-05-18,Rock,23,49.56521739130435,42.0,44.56521739130435,6.434782608695652
1970-05-25,Rock,19,47.68421052631579,41.05263157894737,45.05263157894737,6.473684210526316
1970-06-01,Rock,21,49.476190476190474,40.904761904761905,46.142857142857146,6.619047619047619
1970-06-08,Rock,21,50.80952380952381,46.857142857142854,48.714285714285715,6.380952380952381
1970-06-15,Rock,21,51.76190476190476,46.095238095238095,49.0,6.619047619047619
1970-06-22,Rock,21,51.523809523809526,41.76190476190476,48.95238095238095,6.476190476190476
1970-06-29,Rock,20,46.6,50.45,43.0,7.6
1970-07-06,Rock,19,44.36842105263158,39.26315789473684,43.63157894736842,7.315789473684211
1970-07-13,Rock,19,45.05263157894737,40.421052631578945,42.578947368421055,8.157894736842104
1970-07-20,Rock,21,48.857142857142854,30.952380952380953,46.142857142857146,7.571428571428571
1970-07-27,Rock,21,46.904761904761905,40.857142857142854,44.76190476190476,6.809523809523809
1970-08-03,Rock,21,47.04761904761905,45.0,43.04761904761905,7.238095238095238
1970-08-10,Rock,22,51.45454545454545,40.63636363636363,46.31818181818182,6.5
1970-08-17,Rock,18,49.22222222222222,46.666666666666664,48.666666666666664,4.5
1970-08-24,Rock,19,48.31578947368421,45.36842105263158,47.36842105263158,4.7894736842105265
1970-08-31,Rock,21,52.42857142857143,40.57142857142857,49.714285714285715,5.0476190476190474
1970-09-07,Rock,20,54.35,40.05,53.7,4.45
1970-09-14,Rock,22,54.5,45.0,52.95454545454545,5.0
1970-09-21,Rock,22,53.04545454545455,49.09090909090909,50.54545454545455,5.5
1970-09-28,Rock,25,55.48,42.68,51.4,5.72
1970-10-05,Rock,22,50.22727272727273,48.13636363636363,48.36363636363637,5.363636363636363
1970-10-12,Rock,22,44.86363636363637,45.77272727272727,42.04545454545455,6.409090909090909
1970-10-19,Rock,23,49.0,39.73913043478261,47.95652173913044,6.130434782608695
1970-10-26,Rock,24,49.541666666666664,44.166666666666664,46.5,6.625
1970-11-02,Rock,24,48.25,43.416666666666664,47.5,6.125
1970-11-09,Rock,27,49.333333333333336,40.48148148148148,48.55555555555556,5.925925925925926
1970-11-16,Rock,25,44.96,45.08,43.52,6.64
1970-11-23,Rock,27,46.074074074074076,38.96296296296296,43.22222222222222,6.851851851851852
1970-11-30,Rock,26,45.96153846153846,43.07692307692308,43.65384615384615,6.615384615384615
1970-12-07,Rock,23,44.52173913043478,43.52173913043478,42.47826086956522,6.869565217391305
1970-12-14,Rock,22,45.95454545454545,39.63636363636363,39.86363636363637,7.590909090909091
1970-12-21,Rock,19,46.1578947368421,38.31578947368421,42.31578947368421,7.315789473684211
1970-12-28,Rock,18,48.55555555555556,41.55555555555556,46.111111111111114,6.555555555555555
1971-01-04,Rock,20,52.6,36.2,48.8,6.2
1971-01-11,Rock,19,50.578947368421055,52.94736842105263,44.526315789473685,6.894736842105263
1971-01-18,Rock,15,45.733333333333334,49.13333333333333,43.8,6.533333333333333
1971-01-25,Rock,15,45.8,39.06666666666667,40.666666666666664,7.333333333333333
1971-02-01,Rock,12,41.25,30.0,38.916666666666664,7.0
1971-02-08,Rock,14,51.0,33.642857142857146,48.785714285714285,6.071428571428571
1971-02-15,Rock,12,48.916666666666664,52.083333333333336,47.916666666666664,6.5
1971-02-22,Rock,15,54.8,39.13333333333333,50.93333333333333,6.2
1971-03-01,Rock,12,44.916666666666664,50.083333333333336,40.416666666666664,6.833333333333333
1971-03-08,Rock,12,50.416666666666664,31.333333333333332,48.583333333333336,5.166666666666667
1971-03-15,Rock,11,48.18181818181818,45.0,48.18181818181818,5.2727272727272725
1971-03-22,Rock,15,56.8,35.333333333333336,56.53333333333333,4.866666666666666
1971-03-29,Rock,16,54.8125,50.6875,53.6875,5.0625
1971-04-05,Rock,18,53.5,45.0,52.22222222222222,5.055555555555555
1971-04-12,Rock,18,48.44444444444444,48.333333333333336,45.22222222222222,6.0
1971-04-19,Rock,19,49.473684210526315,42.31578947368421,46.21052631578947,6.157894736842105
1971-04-26,Rock,21,54.23809523809524,40.04761904761905,53.42857142857143,4.714285714285714
1971-05-03,Rock,20,48.55,47.3,46.5,5.8
1971-05-10,Rock,19,50.63157894736842,33.26315789473684,49.05263157894737,5.0
1971-05-17,Rock,21,54.38095238095238,45.80952380952381,50.57142857142857,5.523809523809524
1971-05-24,Rock,20,55.45,46.95,52.0,5.75
1971-05-31,Rock,20,58.85,47.2,57.0,5.2
1971-06-07,Rock,21,58.714285714285715,53.04761904761905,55.76190476190476,5.761904761904762
1971-06-14,Rock,19,58.05263157894737,45.89473684210526,54.36842105263158,5.842105263157895
1971-06-21,Rock,10,39.8,41.6,37.1,5.3
1971-06-28,Rock,10,38.9,37.1,38.3,5.0
1971-07-05,Rock,13,48.53846153846154,29.923076923076923,46.46153846153846,5.615384615384615
1971-07-12,Rock,18,55.333333333333336,35.05555555555556,52.72222222222222,5.388888888888889
1971-07-19,Rock,16,50.5625,56.6875,50.375,5.8125
1971-07-26,Rock,17,51.05882352941177,42.64705882352941,50.470588235294116,6.0
1971-08-02,Rock,19,50.578947368421055,45.68421052631579,48.10526315789474,6.7894736842105265
1971-08-09,Rock,20,52.55,45.6,50.05,7.05
1971-08-16,Rock,17,51.94117647058823,49.94117647058823,49.470588235294116,7.0588235294117645
1971-08-23,Rock,15,46.6,42.333333333333336,44.4,8.0
1971-08-30,Rock,17,54.1764705882353,39.705882352941174,51.05882352941177,7.176470588235294
1971-09-06,Rock,18,56.166666666666664,46.0,51.333333333333336,7.0
1971-09-13,Rock,17,53.588235294117645,50.0,49.23529411764706,7.764705882352941
1971-09-20,Rock,16,56.9375,47.9375,53.1875,7.8125
1971-09-27,Rock,17,59.35294117647059,50.05882352941177,55.8235294117647,7.352941176470588
1971-10-04,Rock,16,58.5,50.0625,54.1875,6.9375
1971-10-11,Rock,15,58.0,41.333333333333336,55.53333333333333,5.733333333333333
1971-10-18,Rock,16,50.9375,49.0,50.9375,5.5
1971-10-25,Rock,18,51.888888888888886,45.27777777777778,49.0,5.888888888888889
1971-11-01,Rock,18,46.27777777777778,32.166666666666664,45.44444444444444,5.888888888888889
1971-11-08,Rock,20,49.2,41.65,47.4,6.3
1971-11-15,Rock,23,53.04347826086956,41.47826086956522,51.08695652173913,5.869565217391305
1971-11-22,Rock,23,52.82608695652174,46.65217391304348,50.65217391304348,5.434782608695652
1971-11-29,Rock,24,53.333333333333336,47.708333333333336,52.416666666666664,4.625
1971-12-06,Rock,25,51.64,46.64,49.68,5.12
1971-12-13,Rock,26,51.03846153846154,49.65384615384615,47.84615384615385,5.923076923076923
1971-12-20,Rock,21,47.80952380952381,48.333333333333336,46.95238095238095,5.857142857142857
1971-12-27,Rock,25,54.88,38.16,52.88,5.36
1972-01-03,Rock,26,54.26923076923077,52.76923076923077,50.53846153846154,6.153846153846154
1972-01-10,Rock,24,48.083333333333336,54.25,44.125,6.875
1972-01-17,Rock,20,47.55,38.55,45.4,6.0
1972-01-24,Rock,21,45.476190476190474,35.76190476190476,44.42857142857143,5.523809523809524
1972-01-31,Rock,23,46.78260869565217,36.26086956521739,45.69565217391305,5.173913043478261
1972-02-07,Rock,26,48.07692307692308,39.38461538461539,47.42307692307692,5.1923076923076925
1972-02-14,Rock,28,47.607142857142854,41.17857142857143,45.535714285714285,5.75
1972-02-21,Rock,26,43.30769230769231,38.57692307692308,41.34615384615385,5.8076923076923075
1972-02-28,Rock,26,42.80769230769231,39.19230769230769,40.11538461538461,6.153846153846154
1972-03-06,Rock,28,45.964285714285715,38.535714285714285,42.42857142857143,6.357142857142857
1972-03-13,Rock,31,51.29032258064516,38.0,49.193548387096776,5.806451612903226
1972-03-20,Rock,30,47.96666666666667,45.53333333333333,45.833333333333336,6.333333333333333
1972-03-27,Rock,27,40.74074074074074,45.074074074074076,36.7037037037037,7.407407407407407
1972-04-03,Rock,26,39.96153846153846,37.65384615384615,35.69230769230769,7.769230769230769
1972-04-10,Rock,24,44.458333333333336,33.958333333333336,41.833333333333336,7.0
1972-04-17,Rock,27,50.111111111111114,33.74074074074074,45.111111111111114,6.703703703703703
1972-04-24,Rock,28,50.035714285714285,38.357142857142854,47.392857142857146,6.035714285714286
1972-05-01,Rock,27,50.51851851851852,40.333333333333336,47.74074074074074,5.925925925925926
1972-05-08,Rock,24,50.166666666666664,44.875,46.166666666666664,6.291666666666667
1972-05-15,Rock,23,47.608695652173914,46.78260869565217,43.91304347826087,6.956521739130435
1972-05-22,Rock,22,51.77272727272727,44.31818181818182,47.09090909090909,6.863636363636363
1972-05-29,Rock,19,48.05263157894737,44.94736842105263,45.31578947368421,7.2631578947368425
1972-06-05,Rock,20,50.7,40.0,49.3,7.0
1972-06-12,Rock,18,48.166666666666664,45.27777777777778,46.5,7.0
1972-06-19,Rock,20,51.2,43.35,45.75,7.3
1972-06-26,Rock,15,47.06666666666667,45.46666666666667,43.4,7.0
1972-07-03,Rock,15,48.0,42.13333333333333,45.13333333333333,7.0
1972-07-10,Rock,16,47.5625,39.9375,43.5,7.25
1972-07-17,Rock,18,49.77777777777778,42.27777777777778,44.72222222222222,7.444444444444445
1972-07-24,Rock,16,50.0,45.6875,47.5625,6.125
1972-07-31,Rock,18,53.44444444444444,41.611111111111114,52.333333333333336,6.055555555555555
1972-08-07,Rock,19,51.89473684210526,42.473684210526315,50.26315789473684,6.2105263157894735
1972-08-14,Rock,20,49.65,49.3,46.65,6.9
1972-08-21,Rock,19,48.94736842105263,43.526315789473685,47.78947368421053,6.157894736842105
1972-08-28,Rock,22,50.22727272727273,42.27272727272727,46.45454545454545,6.863636363636363
1972-09-04,Rock,20,46.65,45.25,42.25,7.35
1972-09-11,Rock,18,45.27777777777778,43.666666666666664,41.22222222222222,6.833333333333333
1972-09-18,Rock,21,52.19047619047619,32.95238095238095,49.523809523809526,5.428571428571429
1972-09-25,Rock,21,53.61904761904762,45.19047619047619,50.61904761904762,5.333333333333333
1972-10-02,Rock,19,50.0,50.94736842105263,49.473684210526315,5.315789473684211
1972-10-09,Rock,21,50.04761904761905,45.23809523809524,48.857142857142854,5.809523809523809
1972-10-16,Rock,23,48.26086956521739,42.91304347826087,48.17391304347826,5.782608695652174
1972-10-23,Rock,24,47.458333333333336,39.125,46.166666666666664,6.208333333333333
1972-10-30,Rock,25,48.28,41.92,47.72,6.12
1972-11-06,Rock,26,46.92307692307692,41.03846153846154,45.38461538461539,6.384615384615385
1972-11-13,Rock,27,45.22222222222222,43.51851851851852,44.03703703703704,6.703703703703703
1972-11-20,Rock,30,48.43333333333333,40.7,45.2,7.033333333333333
1972-11-27,Rock,30,50.5,39.6,48.43333333333333,6.133333333333334
1972-12-04,Rock,25,45.0,49.56,44.24,6.2
1972-12-11,Rock,26,49.57692307692308,41.46153846153846,46.15384615384615,6.538461538461538
1972-12-18,Rock,21,45.714285714285715,47.095238095238095,37.76190476190476,6.9523809523809526
1972-12-25,Rock,18,43.166666666666664,30.38888888888889,37.0,7.0
1973-01-01,Rock,17,38.529411764705884,42.411764705882355,32.705882352941174,7.705882352941177
1973-01-08,Rock,17,39.411764705882355,35.294117647058826,33.8235294117647,8.0
1973-01-15,Rock,17,39.64705882352941,35.705882352941174,34.88235294117647,8.352941176470589
1973-01-22,Rock,18,43.333333333333336,34.666666666666664,39.44444444444444,8.277777777777779
1973-01-29,Rock,18,42.888888888888886,29.166666666666668,36.55555555555556,8.555555555555555
1973-02-05,Rock,17,42.411764705882355,38.705882352941174,39.411764705882355,8.294117647058824
1973-02-12,Rock,18,49.05555555555556,31.38888888888889,47.333333333333336,6.777777777777778
1973-02-19,Rock,18,48.333333333333336,49.05555555555556,43.77777777777778,7.777777777777778
1973-02-26,Rock,16,53.375,39.3125,52.0,6.4375
1973-03-05,Rock,17,53.94117647058823,50.23529411764706,49.76470588235294,7.0588235294117645
1973-03-12,Rock,15,55.06666666666667,57.333333333333336,52.0,6.866666666666666
1973-03-19,Rock,14,56.714285714285715,49.642857142857146,49.0,7.428571428571429
1973-03-26,Rock,13,57.23076923076923,47.69230769230769,56.76923076923077,5.6923076923076925
1973-04-02,Rock,15,59.6,45.2,57.8,5.4
1973-04-09,Rock,16,57.9375,52.5625,54.5625,5.4375
1973-04-16,Rock,18,56.833333333333336,42.888888888888886,56.833333333333336,4.833333333333333
1973-04-23,Rock,22,57.09090909090909,43.90909090909091,57.09090909090909,4.590909090909091
1973-04-30,Rock,22,52.86363636363637,53.45454545454545,52.86363636363637,5.5
1973-05-07,Rock,23,50.78260869565217,46.82608695652174,50.391304347826086,6.043478260869565
1973-05-14,Rock,25,50.56,44.2,49.84,6.28
1973-05-21,Rock,26,50.38461538461539,47.38461538461539,49.96153846153846,6.5
1973-05-28,Rock,24,45.666666666666664,45.208333333333336,44.166666666666664,7.416666666666667
1973-06-04,Rock,21,42.666666666666664,39.95238095238095,34.95238095238095,8.904761904761905
1973-06-11,Rock,22,46.40909090909091,38.36363636363637,38.86363636363637,9.090909090909092
1973-06-18,Rock,21,44.523809523809526,34.57142857142857,39.42857142857143,9.0
1973-06-25,Rock,20,44.0,44.9,38.2,9.3
1973-07-02,Rock,18,43.94444444444444,38.888888888888886,37.111111111111114,9.11111111111111
1973-07-09,Rock,17,39.23529411764706,41.88235294117647,33.64705882352941,9.411764705882353
1973-07-16,Rock,16,37.0625,37.75,30.375,10.0
1973-07-23,Rock,17,43.35294117647059,26.88235294117647,36.76470588235294,8.823529411764707
1973-07-30,Rock,18,48.611111111111114,28.88888888888889,40.111111111111114,7.722222222222222
1973-08-06,Rock,19,50.421052631578945,46.05263157894737,38.8421052631579,8.31578947368421
1973-08-13,Rock,18,49.27777777777778,42.77777777777778,39.388888888888886,7.444444444444445
1973-08-20,Rock,18,49.666666666666664,43.22222222222222,43.666666666666664,6.666666666666667
1973-08-27,Rock,19,47.94736842105263,41.578947368421055,45.78947368421053,5.315789473684211
1973-09-03,Rock,21,47.714285714285715,43.38095238095238,44.666666666666664,5.809523809523809
1973-09-10,Rock,21,49.42857142857143,41.0,48.23809523809524,5.190476190476191
1973-09-17,Rock,19,41.26315789473684,45.578947368421055,39.78947368421053,6.2105263157894735
1973-09-24,Rock,20,40.65,30.35,38.5,6.7
1973-10-01,Rock,22,45.0,36.95454545454545,40.40909090909091,7.090909090909091
1973-10-08,Rock,21,43.714285714285715,41.857142857142854,38.0,7.380952380952381
1973-10-15,Rock,23,46.43478260869565,35.69565217391305,41.130434782608695,7.434782608695652
1973-10-22,Rock,23,50.17391304347826,40.04347826086956,46.17391304347826,6.869565217391305
1973-10-29,Rock,23,50.21739130434783,42.34782608695652,44.608695652173914,7.565217391304348
1973-11-05,Rock,22,50.90909090909091,46.18181818181818,41.77272727272727,7.909090909090909
1973-11-12,Rock,20,50.45,45.0,43.4,7.5
1973-11-19,Rock,21,51.42857142857143,42.80952380952381,46.857142857142854,6.619047619047619
1973-11-26,Rock,21,50.857142857142854,44.95238095238095,45.19047619047619,6.619047619047619
1973-12-03,Rock,20,48.65,45.3,40.9,7.2
1973-12-10,Rock,21,50.23809523809524,43.904761904761905,43.23809523809524,7.095238095238095
1973-12-17,Rock,20,51.15,44.7,46.35,6.2
1973-12-24,Rock,19,49.8421052631579,47.89473684210526,46.89473684210526,6.2631578947368425
1973-12-31,Rock,19,48.21052631578947,45.8421052631579,43.578947368421055,7.0
1974-01-07,Rock,22,54.86363636363637,38.09090909090909,47.86363636363637,6.7272727272727275
1974-01-14,Rock,24,57.541666666666664,47.041666666666664,50.708333333333336,6.666666666666667
1974-01-21,Rock,23,53.91304347826087,52.391304347826086,46.0,7.304347826086956
1974-01-28,Rock,23,54.21739130434783,47.47826086956522,45.82608695652174,7.260869565217392
1974-02-04,Rock,20,49.25,50.7,40.65,7.7
1974-02-11,Rock,19,47.94736842105263,41.578947368421055,40.578947368421055,7.2105263157894735
1974-02-18,Rock,20,47.8,36.5,46.4,5.95
1974-02-25,Rock,21,47.38095238095238,42.333333333333336,44.04761904761905,6.380952380952381
1974-03-04,Rock,22,46.63636363636363,43.40909090909091,43.18181818181818,6.2272727272727275
1974-03-11,Rock,22,46.13636363636363,38.68181818181818,44.36363636363637,5.818181818181818
1974-03-18,Rock,22,42.36363636363637,46.13636363636363,38.13636363636363,6.818181818181818
1974-03-25,Rock,21,39.23809523809524,37.95238095238095,37.714285714285715,6.857142857142857
1974-04-01,Rock,20,36.45,38.65,33.15,7.9
1974-04-08,Rock,19,34.36842105263158,27.31578947368421,31.157894736842106,7.947368421052632
1974-04-15,Rock,21,39.57142857142857,28.095238095238095,35.80952380952381,7.666666666666667
1974-04-22,Rock,21,40.0,36.95238095238095,35.95238095238095,8.0
1974-04-29,Rock,23,45.08695652173913,36.52173913043478,38.69565217391305,8.304347826086957
1974-05-06,Rock,24,47.625,41.083333333333336,41.875,8.291666666666666
1974-05-13,Rock,24,49.625,45.166666666666664,41.166666666666664,8.916666666666666
1974-05-20,Rock,26,53.34615384615385,43.19230769230769,42.61538461538461,8.923076923076923
1974-05-27,Rock,22,51.59090909090909,51.95454545454545,39.72727272727273,9.545454545454545
1974-06-03,Rock,21,55.19047619047619,39.285714285714285,42.666666666666664,8.857142857142858
1974-06-10,Rock,17,52.05882352941177,49.529411764705884,44.11764705882353,8.470588235294118
1974-06-17,Rock,15,53.6,49.666666666666664,47.733333333333334,6.933333333333334
1974-06-24,Rock,13,51.15384615384615,41.69230769230769,48.69230769230769,6.461538461538462
1974-07-01,Rock,14,54.214285714285715,47.5,49.214285714285715,7.0
1974-07-08,Rock,16,58.1875,38.25,51.375,6.5625
1974-07-15,Rock,17,58.76470588235294,54.76470588235294,48.64705882352941,7.176470588235294
1974-07-22,Rock,15,54.333333333333336,43.53333333333333,48.266666666666666,6.8
1974-07-29,Rock,15,52.93333333333333,47.733333333333334,44.4,7.533333333333333
1974-08-05,Rock,15,52.13333333333333,41.86666666666667,47.8,6.733333333333333
1974-08-12,Rock,17,54.470588235294116,46.0,41.11764705882353,7.9411764705882355
1974-08-19,Rock,18,56.666666666666664,46.55555555555556,40.94444444444444,8.277777777777779
1974-08-26,Rock,17,55.8235294117647,54.35294117647059,35.705882352941174,9.352941176470589
1974-09-02,Rock,17,59.0,45.470588235294116,37.88235294117647,8.823529411764707
1974-09-09,Rock,16,55.875,45.1875,40.0,8.0
1974-09-16,Rock,14,46.214285714285715,50.42857142857143,36.5,8.214285714285714
1974-09-23,Rock,14,47.0,35.785714285714285,35.785714285714285,7.928571428571429
1974-09-30,Rock,14,42.642857142857146,33.0,36.357142857142854,7.285714285714286
1974-10-07,Rock,14,45.785714285714285,36.57142857142857,41.857142857142854,5.785714285714286
1974-10-14,Rock,16,51.6875,37.3125,48.375,5.1875
1974-10-21,Rock,17,52.588235294117645,48.64705882352941,44.94117647058823,5.882352941176471
1974-10-28,Rock,20,59.05,39.9,48.8,5.5
1974-11-04,Rock,19,52.05263157894737,48.473684210526315,49.21052631578947,5.0
1974-11-11,Rock,17,46.0,43.64705882352941,41.64705882352941,5.705882352941177
1974-11-18,Rock,20,56.6,39.1,44.6,5.85
1974-11-25,Rock,20,58.45,47.25,47.4,5.7
1974-12-02,Rock,21,61.23809523809524,51.142857142857146,49.476190476190474,5.857142857142857
1974-12-09,Rock,20,61.8,47.1,49.65,5.95
1974-12-16,Rock,19,56.05263157894737,50.94736842105263,46.73684210526316,5.894736842105263
1974-12-23,Rock,19,56.78947368421053,48.1578947368421,48.31578947368421,5.526315789473684
1974-12-30,Rock,19,55.78947368421053,54.05263157894737,48.05263157894737,6.052631578947368
1975-01-06,Rock,18,51.77777777777778,49.333333333333336,45.27777777777778,6.166666666666667
1975-01-13,Rock,18,50.611111111111114,40.833333333333336,47.0,5.555555555555555
1975-01-20,Rock,18,47.22222222222222,47.666666666666664,44.611111111111114,5.944444444444445
1975-01-27,Rock,19,49.21052631578947,42.1578947368421,46.26315789473684,6.105263157894737
1975-02-03,Rock,20,51.45,34.6,47.7,5.6
1975-02-10,Rock,19,47.78947368421053,51.473684210526315,44.05263157894737,6.2631578947368425
1975-02-17,Rock,20,47.95,35.25,47.6,5.75
1975-02-24,Rock,21,45.61904761904762,45.666666666666664,43.95238095238095,6.476190476190476
1975-03-03,Rock,19,40.78947368421053,42.421052631578945,36.05263157894737,7.473684210526316
1975-03-10,Rock,20,48.0,34.9,41.8,6.85
1975-03-17,Rock,19,46.73684210526316,45.26315789473684,33.8421052631579,8.052631578947368
1975-03-24,Rock,17,45.05882352941177,34.35294117647059,35.588235294117645,7.705882352941177
1975-03-31,Rock,17,44.1764705882353,33.35294117647059,39.23529411764706,6.882352941176471
1975-04-07,Rock,18,45.55555555555556,36.22222222222222,44.611111111111114,5.666666666666667
1975-04-14,Rock,19,43.73684210526316,40.73684210526316,41.36842105263158,5.7894736842105265
1975-04-21,Rock,21,46.42857142857143,37.76190476190476,43.857142857142854,5.809523809523809
1975-04-28,Rock,22,44.81818181818182,40.36363636363637,41.09090909090909,6.409090909090909
1975-05-05,Rock,21,41.76190476190476,41.04761904761905,38.38095238095238,6.571428571428571
1975-05-12,Rock,19,37.63157894736842,40.94736842105263,36.10526315789474,7.052631578947368
1975-05-19,Rock,18,36.5,35.388888888888886,30.333333333333332,8.222222222222221
1975-05-26,Rock,17,38.64705882352941,31.0,31.823529411764707,8.529411764705882
1975-06-02,Rock,15,39.13333333333333,36.06666666666667,29.933333333333334,9.2
1975-06-09,Rock,19,55.26315789473684,19.789473684210527,45.0,7.2105263157894735
1975-06-16,Rock,18,50.833333333333336,49.666666666666664,43.94444444444444,7.0
1975-06-23,Rock,18,49.666666666666664,42.388888888888886,43.55555555555556,7.055555555555555
1975-06-30,Rock,19,46.421052631578945,38.10526315789474,42.21052631578947,6.526315789473684
1975-07-07,Rock,20,46.15,39.95,39.3,7.1
1975-07-14,Rock,23,53.30434782608695,36.95652173913044,43.21739130434783,6.608695652173913
1975-07-21,Rock,17,43.88235294117647,51.64705882352941,43.294117647058826,5.764705882352941
1975-07-28,Rock,19,45.31578947368421,39.26315789473684,42.578947368421055,6.157894736842105
1975-08-04,Rock,19,45.526315789473685,37.10526315789474,40.8421052631579,6.473684210526316
1975-08-11,Rock,18,42.166666666666664,40.05555555555556,40.111111111111114,6.722222222222222
1975-08-18,Rock,21,47.57142857142857,36.142857142857146,43.61904761904762,6.761904761904762
1975-08-25,Rock,18,37.111111111111114,41.77777777777778,36.72222222222222,7.277777777777778
1975-09-01,Rock,20,42.8,33.4,38.65,7.55
1975-09-08,Rock,18,45.44444444444444,39.333333333333336,31.22222222222222,9.0
1975-09-15,Rock,15,45.46666666666667,32.86666666666667,38.2,7.8
1975-09-22,Rock,14,40.785714285714285,42.07142857142857,30.142857142857142,8.857142857142858
1975-09-29,Rock,14,47.857142857142854,31.428571428571427,38.92857142857143,7.857142857142857
1975-10-06,Rock,14,44.785714285714285,41.0,34.785714285714285,8.5
1975-10-13,Rock,14,45.714285714285715,37.214285714285715,41.142857142857146,7.5
1975-10-20,Rock,14,45.57142857142857,41.07142857142857,44.785714285714285,7.428571428571429
1975-10-27,Rock,16,50.25,39.875,47.375,7.5
1975-11-03,Rock,15,48.06666666666667,42.0,41.06666666666667,8.533333333333333
1975-11-10,Rock,18,57.888888888888886,36.5,44.833333333333336,7.944444444444445
1975-11-17,Rock,16,57.5625,50.125,45.25,7.5625
1975-11-24,Rock,17,58.11764705882353,40.23529411764706,49.88235294117647,6.823529411764706
1975-12-01,Rock,15,52.0,57.666666666666664,46.666666666666664,6.666666666666667
1975-12-08,Rock,16,52.8125,35.0,49.75,5.625
1975-12-15,Rock,16,52.75,43.75,49.125,5.5
1975-12-22,Rock,17,57.8235294117647,45.1764705882353,47.94117647058823,5.647058823529412
1975-12-29,Rock,16,49.6875,44.375,49.125,5.0625
1976-01-05,Rock,19,52.0,41.8421052631579,48.78947368421053,5.7368421052631575
1976-01-12,Rock,19,49.94736842105263,47.94736842105263,48.1578947368421,6.052631578947368
1976-01-19,Rock,19,50.73684210526316,38.26315789473684,43.31578947368421,7.315789473684211
1976-01-26,Rock,19,50.26315789473684,47.68421052631579,42.68421052631579,7.842105263157895
1976-02-02,Rock,21,53.04761904761905,42.95238095238095,43.714285714285715,7.857142857142857
1976-02-09,Rock,20,51.2,44.45,42.2,8.15
1976-02-16,Rock,21,51.095238095238095,45.857142857142854,44.476190476190474,8.095238095238095
1976-02-23,Rock,22,54.5,46.18181818181818,44.40909090909091,8.5
1976-03-01,Rock,18,45.333333333333336,47.72222222222222,40.05555555555556,9.38888888888889
1976-03-08,Rock,18,45.388888888888886,38.05555555555556,39.111111111111114,9.11111111111111
1976-03-15,Rock,20,47.75,30.3,43.45,7.95
1976-03-22,Rock,20,48.15,45.15,42.25,8.6
1976-03-29,Rock,19,51.68421052631579,44.63157894736842,41.26315789473684,9.0
1976-04-05,Rock,19,53.0,35.63157894736842,47.94736842105263,7.052631578947368
1976-04-12,Rock,19,54.05263157894737,46.526315789473685,45.36842105263158,7.578947368421052
1976-04-19,Rock,19,52.1578947368421,47.10526315789474,46.05263157894737,7.368421052631579
1976-04-26,Rock,16,48.25,45.1875,44.1875,6.5625
1976-05-03,Rock,17,46.588235294117645,41.11764705882353,42.1764705882353,6.9411764705882355
1976-05-10,Rock,18,47.55555555555556,39.5,40.77777777777778,7.277777777777778
1976-05-17,Rock,19,50.78947368421053,40.89473684210526,40.421052631578945,7.157894736842105
1976-05-24,Rock,17,41.76470588235294,39.588235294117645,38.88235294117647,6.352941176470588
1976-05-31,Rock,20,44.95,27.7,42.95,5.9
1976-06-07,Rock,21,42.95238095238095,39.666666666666664,38.142857142857146,6.476190476190476
1976-06-14,Rock,21,43.904761904761905,37.80952380952381,40.95238095238095,6.190476190476191
1976-06-21,Rock,20,42.8,38.5,42.8,6.0
1976-06-28,Rock,21,43.095238095238095,30.142857142857142,42.523809523809526,6.142857142857143
1976-07-05,Rock,23,47.73913043478261,39.34782608695652,43.608695652173914,6.608695652173913
1976-07-12,Rock,20,43.0,41.45,33.05,8.0
1976-07-19,Rock,23,48.21739130434783,28.91304347826087,42.82608695652174,6.782608695652174
1976-07-26,Rock,24,50.791666666666664,42.541666666666664,39.791666666666664,7.375
1976-08-02,Rock,25,52.44,45.12,39.88,8.04
1976-08-09,Rock,24,51.416666666666664,44.0,38.333333333333336,8.291666666666666
1976-08-16,Rock,22,50.04545454545455,38.27272727272727,41.40909090909091,7.409090909090909
1976-08-23,Rock,22,46.86363636363637,41.5,40.72727272727273,7.545454545454546
1976-08-30,Rock,25,53.32,41.24,43.32,7.64
1976-09-06,Rock,20,47.05,45.9,37.05,8.55
1976-09-13,Rock,25,54.8,33.92,45.36,7.76
1976-09-20,Rock,26,61.03846153846154,46.19230769230769,47.11538461538461,7.423076923076923
1976-09-27,Rock,24,56.0,51.375,48.333333333333336,6.958333333333333
1976-10-04,Rock,23,51.95652173913044,54.130434782608695,43.82608695652174,7.782608695652174
1976-10-11,Rock,22,49.90909090909091,41.72727272727273,40.09090909090909,7.7727272727272725
1976-10-18,Rock,20,43.3,37.0,39.95,7.85
1976-10-25,Rock,19,40.68421052631579,39.473684210526315,35.36842105263158,8.578947368421053
1976-11-01,Rock,21,45.142857142857146,36.80952380952381,36.523809523809526,8.761904761904763
1976-11-08,Rock,20,44.45,34.75,36.15,8.55
1976-11-15,Rock,23,49.56521739130435,34.47826086956522,43.82608695652174,7.695652173913044
1976-11-22,Rock,24,50.75,41.416666666666664,41.541666666666664,7.791666666666667
1976-11-29,Rock,25,50.48,41.12,42.68,7.88
1976-12-06,Rock,26,51.69230769230769,42.11538461538461,43.38461538461539,7.538461538461538
1976-12-13,Rock,27,49.18518518518518,40.592592592592595,44.77777777777778,6.62962962962963
1976-12-20,Rock,32,53.65625,41.5,47.71875,6.59375
1976-12-27,Rock,32,53.65625,53.65625,47.71875,7.59375
1977-01-03,Rock,30,51.96666666666667,46.8,44.666666666666664,8.033333333333333
1977-01-10,Rock,27,46.629629629629626,47.2962962962963,36.25925925925926,9.555555555555555
1977-01-17,Rock,25,42.68,37.44,35.08,9.32
1977-01-24,Rock,27,47.51851851851852,33.0,42.592592592592595,7.777777777777778
1977-01-31,Rock,29,49.58620689655172,39.0,44.275862068965516,7.724137931034483
1977-02-07,Rock,27,44.851851851851855,43.96296296296296,37.77777777777778,8.555555555555555
1977-02-14,Rock,24,38.25,37.791666666666664,32.75,8.416666666666666
1977-02-21,Rock,25,38.96,34.6,33.72,8.36
1977-02-28,Rock,26,40.34615384615385,37.46153846153846,32.19230769230769,9.038461538461538
1977-03-07,Rock,24,37.875,35.083333333333336,28.958333333333332,9.416666666666666
1977-03-14,Rock,24,41.625,28.416666666666668,37.833333333333336,7.625
1977-03-21,Rock,25,43.24,36.72,37.76,8.0
1977-03-28,Rock,25,45.04,37.68,36.36,8.32
1977-04-04,Rock,24,46.541666666666664,39.291666666666664,38.5,7.708333333333333
1977-04-11,Rock,24,48.166666666666664,36.708333333333336,38.791666666666664,7.333333333333333
1977-04-18,Rock,24,46.708333333333336,44.083333333333336,36.541666666666664,7.708333333333333
1977-04-25,Rock,24,47.541666666666664,39.791666666666664,35.75,7.958333333333333
1977-05-02,Rock,21,39.19047619047619,38.142857142857146,36.476190476190474,7.142857142857143
1977-05-09,Rock,24,44.5,31.458333333333332,42.791666666666664,6.416666666666667
1977-05-16,Rock,24,46.541666666666664,41.833333333333336,40.75,7.125
1977-05-23,Rock,25,45.92,34.56,41.28,7.08
1977-05-30,Rock,24,45.458333333333336,38.833333333333336,40.333333333333336,7.416666666666667
1977-06-06,Rock,23,42.0,40.73913043478261,37.56521739130435,7.739130434782608
1977-06-13,Rock,21,38.904761904761905,38.04761904761905,29.80952380952381,9.142857142857142
1977-06-20,Rock,22,40.95454545454545,29.227272727272727,34.18181818181818,8.681818181818182
1977-06-27,Rock,22,43.45454545454545,40.95454545454545,30.0,9.681818181818182
1977-07-04,Rock,24,49.625,33.666666666666664,36.833333333333336,8.75
1977-07-11,Rock,23,46.73913043478261,43.391304347826086,33.34782608695652,9.130434782608695
1977-07-18,Rock,23,44.73913043478261,43.73913043478261,31.869565217391305,9.173913043478262
1977-07-25,Rock,25,46.6,37.16,32.88,9.24
1977-08-01,Rock,24,43.083333333333336,40.75,32.833333333333336,9.0
1977-08-08,Rock,24,43.625,40.0,29.416666666666668,9.583333333333334
1977-08-15,Rock,28,49.0,30.321428571428573,38.67857142857143,8.428571428571429
1977-08-22,Rock,25,43.56,44.12,39.84,8.16
1977-08-29,Rock,27,47.666666666666664,34.51851851851852,42.2962962962963,8.185185185185185
1977-09-05,Rock,25,46.76,43.96,36.0,9.6
1977-09-12,Rock,22,45.59090909090909,35.5,33.63636363636363,9.727272727272727
1977-09-19,Rock,23,50.47826086956522,40.34782608695652,36.65217391304348,9.391304347826088
1977-09-26,Rock,27,60.629629629629626,40.22222222222222,42.407407407407405,8.777777777777779
1977-10-03,Rock,26,58.61538461538461,50.15384615384615,43.69230769230769,8.5
1977-10-10,Rock,26,57.42307692307692,45.23076923076923,49.38461538461539,6.730769230769231
1977-10-17,Rock,26,55.34615384615385,47.84615384615385,50.11538461538461,6.230769230769231
1977-10-24,Rock,25,51.24,51.4,45.4,6.8
1977-10-31,Rock,26,50.96153846153846,49.26923076923077,42.76923076923077,7.538461538461538
1977-11-07,Rock,27,51.629629629629626,42.96296296296296,44.48148148148148,7.333333333333333
1977-11-14,Rock,29,53.6551724137931,38.48275862068966,48.275862068965516,6.448275862068965
1977-11-21,Rock,29,49.89655172413793,46.96551724137931,44.86206896551724,7.0
1977-11-28,Rock,29,48.6551724137931,44.62068965517241,43.03448275862069,7.448275862068965
1977-12-05,Rock,32,52.1875,44.09375,43.1875,7.75
1977-12-12,Rock,30,51.233333333333334,41.36666666666667,44.2,7.5
1977-12-19,Rock,29,51.241379310344826,49.6551724137931,40.03448275862069,8.620689655172415
1977-12-26,Rock,29,51.241379310344826,51.241379310344826,40.03448275862069,9.620689655172415
1978-01-02,Rock,26,48.53846153846154,40.46153846153846,37.88461538461539,9.384615384615385
1978-01-09,Rock,24,45.291666666666664,40.875,35.291666666666664,9.625
1978-01-16,Rock,24,45.375,39.166666666666664,33.083333333333336,10.083333333333334
1978-01-23,Rock,25,48.68,36.92,37.8,9.36
1978-01-30,Rock,25,43.96,37.0,39.68,8.8
1978-02-06,Rock,27,45.7037037037037,40.7037037037037,37.851851851851855,9.148148148148149
1978-02-13,Rock,29,47.206896551724135,36.827586206896555,40.48275862068966,8.724137931034482
1978-02-20,Rock,31,49.903225806451616,35.38709677419355,45.774193548387096,7.548387096774194
1978-02-27,Rock,30,46.13333333333333,47.266666666666666,43.03333333333333,7.733333333333333
1978-03-06,Rock,34,49.029411764705884,38.73529411764706,45.470588235294116,7.411764705882353
1978-03-13,Rock,33,48.06060606060606,46.93939393939394,43.303030303030305,7.96969696969697
1978-03-20,Rock,35,49.17142857142857,42.857142857142854,41.885714285714286,8.314285714285715
1978-03-27,Rock,36,53.69444444444444,46.166666666666664,42.05555555555556,8.555555555555555
1978-04-03,Rock,36,53.111111111111114,46.27777777777778,40.083333333333336,8.777777777777779
1978-04-10,Rock,34,52.14705882352941,45.705882352941174,38.529411764705884,9.264705882352942
1978-04-17,Rock,32,46.875,46.3125,35.15625,9.8125
1978-04-24,Rock,31,46.806451612903224,42.935483870967744,34.03225806451613,9.903225806451612
1978-05-01,Rock,30,50.86666666666667,43.333333333333336,32.56666666666667,10.566666666666666
1978-05-08,Rock,28,47.464285714285715,34.214285714285715,36.42857142857143,9.071428571428571
1978-05-15,Rock,28,48.214285714285715,40.464285714285715,37.107142857142854,8.821428571428571
1978-05-22,Rock,26,42.42307692307692,37.76923076923077,37.84615384615385,8.73076923076923
1978-05-29,Rock,27,45.22222222222222,33.51851851851852,34.925925925925924,8.962962962962964
1978-06-05,Rock,28,51.892857142857146,34.107142857142854,36.92857142857143,8.678571428571429
1978-06-12,Rock,26,47.80769230769231,37.65384615384615,40.15384615384615,7.5
1978-06-19,Rock,27,49.44444444444444,38.7037037037037,39.592592592592595,7.518518518518518
1978-06-26,Rock,29,50.172413793103445,46.03448275862069,36.55172413793103,8.0
1978-07-03,Rock,27,44.44444444444444,46.51851851851852,33.0,7.888888888888889
1978-07-10,Rock,27,44.7037037037037,40.77777777777778,32.22222222222222,8.148148148148149
1978-07-17,Rock,26,46.46153846153846,29.807692307692307,36.80769230769231,7.423076923076923
1978-07-24,Rock,26,44.57692307692308,38.92307692307692,37.23076923076923,7.576923076923077
1978-07-31,Rock,29,49.55172413793103,39.96551724137931,38.62068965517241,7.793103448275862
1978-08-07,Rock,32,50.9375,34.40625,46.59375,6.28125
1978-08-14,Rock,32,51.5,48.09375,40.21875,7.15625
1978-08-21,Rock,33,55.666666666666664,44.333333333333336,39.878787878787875,7.2727272727272725
1978-08-28,Rock,31,53.516129032258064,53.38709677419355,35.645161290322584,8.290322580645162
1978-09-04,Rock,29,49.51724137931034,42.86206896551724,36.689655172413794,7.586206896551724
1978-09-11,Rock,27,46.0,36.25925925925926,38.51851851851852,6.851851851851852
1978-09-18,Rock,28,47.82142857142857,36.857142857142854,40.25,6.535714285714286
1978-09-25,Rock,30,49.4,36.733333333333334,44.6,5.8
1978-10-02,Rock,28,44.75,46.07142857142857,38.464285714285715,6.75
1978-10-09,Rock,28,42.785714285714285,37.964285714285715,38.75,6.75
1978-10-16,Rock,30,46.766666666666666,36.666666666666664,39.166666666666664,7.1
1978-10-23,Rock,31,52.54838709677419,39.03225806451613,41.354838709677416,6.935483870967742
1978-10-30,Rock,27,47.44444444444444,43.55555555555556,39.44444444444444,7.185185185185185
1978-11-06,Rock,23,42.56521739130435,37.26086956521739,34.82608695652174,7.913043478260869
1978-11-13,Rock,24,50.75,36.875,36.5,8.291666666666666
1978-11-20,Rock,22,49.90909090909091,43.04545454545455,36.09090909090909,8.5
1978-11-27,Rock,24,57.083333333333336,41.583333333333336,39.083333333333336,8.333333333333334
1978-12-04,Rock,22,50.54545454545455,44.77272727272727,43.31818181818182,7.409090909090909
1978-12-11,Rock,23,49.69565217391305,42.130434782608695,45.08695652173913,6.869565217391305
1978-12-18,Rock,23,45.17391304347826,45.34782608695652,41.82608695652174,7.260869565217392
1978-12-25,Rock,23,45.17391304347826,45.17391304347826,41.82608695652174,8.26086956521739
1979-01-01,Rock,27,52.851851851851855,35.925925925925924,44.666666666666664,7.7407407407407405
1979-01-08,Rock,28,53.75,47.42857142857143,43.714285714285715,8.25
1979-01-15,Rock,30,57.5,44.06666666666667,42.3,8.366666666666667
1979-01-22,Rock,28,54.357142857142854,46.67857142857143,42.07142857142857,7.928571428571429
1979-01-29,Rock,30,56.6,47.46666666666667,44.06666666666667,7.8
1979-02-05,Rock,25,54.08,49.64,42.32,7.68
1979-02-12,Rock,23,51.43478260869565,42.21739130434783,45.08695652173913,6.6521739130434785
1979-02-19,Rock,22,53.5,41.27272727272727,44.45454545454545,7.090909090909091
1979-02-26,Rock,23,56.08695652173913,42.82608695652174,47.30434782608695,6.869565217391305
1979-03-05,Rock,23,59.34782608695652,47.52173913043478,50.17391304347826,6.608695652173913
1979-03-12,Rock,22,61.40909090909091,41.40909090909091,46.63636363636363,6.545454545454546
1979-03-19,Rock,20,58.55,48.3,46.8,6.3
1979-03-26,Rock,18,46.888888888888886,48.833333333333336,45.55555555555556,5.666666666666667
1979-04-02,Rock,19,49.421052631578945,40.36842105263158,42.73684210526316,6.157894736842105
1979-04-09,Rock,21,54.714285714285715,37.0,48.285714285714285,5.761904761904762
1979-04-16,Rock,21,56.57142857142857,50.19047619047619,44.76190476190476,6.476190476190476
1979-04-23,Rock,23,55.52173913043478,37.30434782608695,54.82608695652174,4.695652173913044
1979-04-30,Rock,23,51.52173913043478,52.34782608695652,49.47826086956522,5.565217391304348
1979-05-07,Rock,24,52.208333333333336,46.666666666666664,46.708333333333336,6.125
1979-05-14,Rock,24,48.5,48.666666666666664,44.083333333333336,6.666666666666667
1979-05-21,Rock,27,51.925925925925924,36.592592592592595,46.0,6.037037037037037
1979-05-28,Rock,29,51.55172413793103,42.275862068965516,45.06896551724138,5.9655172413793105
1979-06-04,Rock,27,44.81481481481482,45.074074074074076,40.888888888888886,6.296296296296297
1979-06-11,Rock,28,42.142857142857146,33.785714285714285,39.607142857142854,6.321428571428571
1979-06-18,Rock,30,44.46666666666667,36.5,39.56666666666667,6.6
1979-06-25,Rock,32,44.25,38.78125,39.28125,6.90625
1979-07-02,Rock,35,47.77142857142857,37.74285714285714,40.94285714285714,7.0285714285714285
1979-07-09,Rock,35,49.457142857142856,47.77142857142857,37.542857142857144,8.028571428571428
1979-07-16,Rock,32,44.03125,41.90625,34.84375,8.53125
1979-07-23,Rock,30,42.56666666666667,38.166666666666664,32.06666666666667,9.166666666666666
1979-07-30,Rock,30,48.333333333333336,32.86666666666667,31.533333333333335,9.133333333333333
1979-08-06,Rock,28,50.535714285714285,35.857142857142854,35.57142857142857,8.464285714285714
1979-08-13,Rock,26,49.23076923076923,39.34615384615385,37.5,7.884615384615385
1979-08-20,Rock,23,42.0,36.52173913043478,37.04347826086956,7.869565217391305
1979-08-27,Rock,29,53.758620689655174,33.310344827586206,43.724137931034484,7.241379310344827
1979-09-03,Rock,34,58.705882352941174,40.35294117647059,49.44117647058823,6.205882352941177
1979-09-10,Rock,34,57.88235294117647,53.029411764705884,47.88235294117647,6.5588235294117645
1979-09-17,Rock,31,53.87096774193548,51.74193548387097,46.70967741935484,6.483870967741935
1979-09-24,Rock,31,55.03225806451613,50.70967741935484,45.064516129032256,7.032258064516129
1979-10-01,Rock,28,53.964285714285715,45.5,45.285714285714285,6.571428571428571
1979-10-08,Rock,27,52.629629629629626,36.7037037037037,47.44444444444444,5.814814814814815
1979-10-15,Rock,27,51.22222222222222,39.25925925925926,46.7037037037037,5.888888888888889
1979-10-22,Rock,29,54.6551724137931,47.689655172413794,44.724137931034484,6.482758620689655
1979-10-29,Rock,29,55.37931034482759,41.86206896551724,45.96551724137931,6.310344827586207
1979-11-05,Rock,29,57.89655172413793,49.6551724137931,43.41379310344828,6.758620689655173
1979-11-12,Rock,28,54.535714285714285,42.57142857142857,46.035714285714285,5.928571428571429
1979-11-19,Rock,26,50.76923076923077,47.88461538461539,43.34615384615385,6.115384615384615
1979-11-26,Rock,25,48.04,45.16,41.8,6.6
1979-12-03,Rock,27,50.407407407407405,42.629629629629626,41.925925925925924,6.888888888888889
1979-12-10,Rock,26,49.11538461538461,45.76923076923077,40.92307692307692,7.230769230769231
1979-12-17,Rock,24,46.916666666666664,37.041666666666664,40.666666666666664,6.75
1979-12-24,Rock,24,46.916666666666664,46.916666666666664,40.666666666666664,7.75
1979-12-31,Rock,25,46.32,37.36,42.08,7.12
1980-01-07,Rock,25,46.04,37.12,44.48,7.0
1980-01-14,Rock,27,51.7037037037037,42.629629629629626,42.888888888888886,7.481481481481482
1980-01-21,Rock,26,50.73076923076923,42.57692307692308,43.84615384615385,7.269230769230769
1980-01-28,Rock,29,58.172413793103445,45.48275862068966,45.06896551724138,7.517241379310345
1980-02-04,Rock,27,56.81481481481482,48.074074074074076,42.0,7.925925925925926
1980-02-11,Rock,27,56.81481481481482,43.0,46.81481481481482,6.925925925925926
1980-02-18,Rock,26,56.26923076923077,41.15384615384615,49.23076923076923,6.3076923076923075
1980-02-25,Rock,24,52.083333333333336,52.833333333333336,42.041666666666664,7.375
1980-03-03,Rock,24,53.875,44.125,42.25,7.0
1980-03-10,Rock,22,46.0,46.40909090909091,38.13636363636363,7.2727272727272725
1980-03-17,Rock,20,39.75,41.8,35.45,7.45
1980-03-24,Rock,21,45.095238095238095,33.23809523809524,36.38095238095238,7.809523809523809
1980-03-31,Rock,23,51.30434782608695,32.91304347826087,41.17391304347826,7.478260869565218
1980-04-07,Rock,27,58.407407407407405,36.48148148148148,49.44444444444444,6.222222222222222
1980-04-14,Rock,26,58.76923076923077,46.23076923076923,49.53846153846154,6.038461538461538
1980-04-21,Rock,26,59.15384615384615,47.61538461538461,50.96153846153846,5.615384615384615
1980-04-28,Rock,23,53.34782608695652,46.30434782608695,46.69565217391305,5.869565217391305
1980-05-05,Rock,22,49.95454545454545,43.22727272727273,43.81818181818182,6.181818181818182
1980-05-12,Rock,24,51.416666666666664,31.25,47.666666666666664,5.625
1980-05-19,Rock,27,52.148148148148145,42.148148148148145,47.18518518518518,5.7407407407407405
1980-05-26,Rock,26,49.30769230769231,50.34615384615385,41.80769230769231,6.8076923076923075
1980-06-02,Rock,29,54.206896551724135,40.86206896551724,45.172413793103445,6.655172413793103
1980-06-09,Rock,29,54.241379310344826,42.172413793103445,46.89655172413793,6.655172413793103
1980-06-16,Rock,26,50.42307692307692,46.73076923076923,41.07692307692308,7.769230769230769
1980-06-23,Rock,24,50.458333333333336,43.208333333333336,35.958333333333336,8.541666666666666
1980-06-30,Rock,23,45.95652173913044,40.08695652173913,33.73913043478261,8.608695652173912
1980-07-07,Rock,22,44.27272727272727,35.18181818181818,37.31818181818182,7.2727272727272725
1980-07-14,Rock,22,42.45454545454545,35.86363636363637,37.77272727272727,7.454545454545454
1980-07-21,Rock,27,51.74074074074074,34.592592592592595,43.666666666666664,7.074074074074074
1980-07-28,Rock,28,52.357142857142854,43.142857142857146,44.17857142857143,7.178571428571429
1980-08-04,Rock,30,56.43333333333333,42.43333333333333,47.1,6.6
1980-08-11,Rock,29,54.689655172413794,48.827586206896555,45.689655172413794,6.551724137931035
1980-08-18,Rock,29,55.0,44.793103448275865,44.275862068965516,6.862068965517241
1980-08-25,Rock,28,51.107142857142854,46.535714285714285,38.82142857142857,7.75
1980-09-01,Rock,28,48.607142857142854,44.392857142857146,36.964285714285715,8.035714285714286
1980-09-08,Rock,31,52.29032258064516,40.774193548387096,39.45161290322581,7.935483870967742
1980-09-15,Rock,31,52.483870967741936,45.903225806451616,39.87096774193548,7.580645161290323
1980-09-22,Rock,31,51.38709677419355,43.29032258064516,39.516129032258064,7.709677419354839
1980-09-29,Rock,31,52.25806451612903,48.70967741935484,36.25806451612903,8.387096774193548
1980-10-06,Rock,31,52.70967741935484,40.29032258064516,39.354838709677416,7.709677419354839
1980-10-13,Rock,32,53.84375,48.03125,39.65625,7.8125
1980-10-20,Rock,30,51.86666666666667,50.8,36.56666666666667,8.4
1980-10-27,Rock,31,52.935483870967744,43.774193548387096,37.16129032258065,8.129032258064516
1980-11-03,Rock,30,49.56666666666667,41.833333333333336,33.46666666666667,8.5
1980-11-10,Rock,30,47.03333333333333,39.86666666666667,37.46666666666667,7.766666666666667
1980-11-17,Rock,34,52.3235294117647,39.588235294117645,39.64705882352941,7.323529411764706
1980-11-24,Rock,33,51.27272727272727,45.21212121212121,38.666666666666664,7.333333333333333
1980-12-01,Rock,31,48.193548387096776,45.61290322580645,36.38709677419355,7.741935483870968
1980-12-08,Rock,31,48.38709677419355,35.903225806451616,36.16129032258065,7.870967741935484
1980-12-15,Rock,32,51.78125,43.78125,34.65625,8.34375
1980-12-22,Rock,29,46.241379310344826,43.93103448275862,34.689655172413794,8.172413793103448
1980-12-29,Rock,29,46.241379310344826,46.241379310344826,34.689655172413794,9.172413793103448
1981-01-05,Rock,29,46.241379310344826,46.241379310344826,32.03448275862069,10.172413793103448
1981-01-12,Rock,31,47.38709677419355,43.25806451612903,31.516129032258064,10.516129032258064
1981-01-19,Rock,34,50.294117647058826,34.76470588235294,36.705882352941174,9.0
1981-01-26,Rock,32,49.15625,44.34375,33.3125,9.3125
1981-02-02,Rock,31,46.354838709677416,38.74193548387097,34.483870967741936,9.0
1981-02-09,Rock,30,44.43333333333333,41.56666666666667,31.7,9.533333333333333
1981-02-16,Rock,32,48.4375,38.6875,32.125,9.8125
1981-02-23,Rock,33,48.333333333333336,40.93939393939394,33.0,9.787878787878787
1981-03-02,Rock,36,52.416666666666664,39.02777777777778,38.5,9.0
1981-03-09,Rock,34,49.0,42.3235294117647,37.411764705882355,8.794117647058824
1981-03-16,Rock,34,47.470588235294116,40.55882352941177,37.3235294117647,8.029411764705882
1981-03-23,Rock,34,49.64705882352941,39.8235294117647,34.85294117647059,8.411764705882353
1981-03-30,Rock,34,51.88235294117647,43.94117647058823,35.73529411764706,8.323529411764707
1981-04-06,Rock,32,49.25,43.03125,35.53125,8.25
1981-04-13,Rock,30,47.56666666666667,46.13333333333333,34.06666666666667,8.566666666666666
1981-04-20,Rock,30,47.733333333333334,38.166666666666664,33.766666666666666,8.933333333333334
1981-04-27,Rock,29,47.0,42.62068965517241,31.586206896551722,9.137931034482758
1981-05-04,Rock,28,46.214285714285715,38.892857142857146,30.464285714285715,9.535714285714286
1981-05-11,Rock,26,45.11538461538461,38.57692307692308,30.23076923076923,9.076923076923077
1981-05-18,Rock,30,51.7,35.9,36.06666666666667,8.266666666666667
1981-05-25,Rock,30,52.06666666666667,42.2,37.766666666666666,7.933333333333334
1981-06-01,Rock,31,51.0,44.064516129032256,40.16129032258065,7.419354838709677
1981-06-08,Rock,33,53.21212121212121,44.90909090909091,40.878787878787875,7.424242424242424
1981-06-15,Rock,35,55.74285714285714,44.57142857142857,44.02857142857143,7.114285714285714
1981-06-22,Rock,37,59.270270270270274,47.7027027027027,46.945945945945944,6.8108108108108105
1981-06-29,Rock,35,59.2,51.51428571428571,45.57142857142857,7.057142857142857
1981-07-06,Rock,34,58.8235294117647,52.205882352941174,44.23529411764706,7.470588235294118
1981-07-13,Rock,30,52.1,50.53333333333333,41.833333333333336,7.633333333333334
1981-07-20,Rock,29,48.03448275862069,37.96551724137931,39.689655172413794,7.551724137931035
1981-07-27,Rock,31,48.645161290322584,38.70967741935484,42.516129032258064,7.032258064516129
1981-08-03,Rock,33,52.75757575757576,42.84848484848485,43.18181818181818,7.303030303030303
1981-08-10,Rock,32,50.375,42.40625,44.4375,7.03125
1981-08-17,Rock,33,51.81818181818182,46.15151515151515,40.93939393939394,7.757575757575758
1981-08-24,Rock,32,51.09375,50.625,38.5,8.4375
1981-08-31,Rock,30,51.63333333333333,47.96666666666667,35.833333333333336,9.3
1981-09-07,Rock,29,51.48275862068966,37.275862068965516,38.41379310344828,8.89655172413793
1981-09-14,Rock,29,51.310344827586206,44.86206896551724,38.310344827586206,9.10344827586207
1981-09-21,Rock,28,52.92857142857143,43.107142857142854,38.57142857142857,9.285714285714286
1981-09-28,Rock,26,51.53846153846154,42.19230769230769,39.0,8.884615384615385
1981-10-05,Rock,27,54.0,42.48148148148148,36.96296296296296,9.296296296296296
1981-10-12,Rock,25,52.52,46.76,36.16,9.08
1981-10-19,Rock,24,48.916666666666664,38.541666666666664,37.416666666666664,8.875
1981-10-26,Rock,26,51.61538461538461,38.03846153846154,42.76923076923077,7.730769230769231
1981-11-02,Rock,26,51.57692307692308,44.46153846153846,42.0,7.346153846153846
1981-11-09,Rock,25,52.2,50.92,37.44,8.44
1981-11-16,Rock,24,52.333333333333336,42.25,36.958333333333336,8.375
1981-11-23,Rock,24,53.25,44.333333333333336,36.75,8.75
1981-11-30,Rock,24,54.041666666666664,45.708333333333336,38.583333333333336,8.458333333333334
1981-12-07,Rock,24,55.333333333333336,41.791666666666664,36.708333333333336,8.125
1981-12-14,Rock,21,48.0,44.57142857142857,37.76190476190476,7.619047619047619
1981-12-21,Rock,21,45.38095238095238,43.476190476190474,37.142857142857146,7.904761904761905
1981-12-28,Rock,21,45.38095238095238,45.38095238095238,37.142857142857146,8.904761904761905
1982-01-04,Rock,20,41.75,42.7,34.05,9.8
1982-01-11,Rock,25,48.92,29.8,43.48,8.0
1982-01-18,Rock,26,50.03846153846154,43.5,39.92307692307692,8.384615384615385
1982-01-25,Rock,25,47.64,40.6,37.48,8.68
1982-02-01,Rock,26,46.69230769230769,35.07692307692308,42.11538461538461,7.3076923076923075
1982-02-08,Rock,26,46.23076923076923,39.46153846153846,37.61538461538461,7.846153846153846
1982-02-15,Rock,24,43.208333333333336,37.958333333333336,32.666666666666664,8.333333333333334
1982-02-22,Rock,24,44.166666666666664,43.208333333333336,29.125,9.333333333333334
1982-03-01,Rock,22,41.13636363636363,34.95454545454545,27.772727272727273,9.318181818181818
1982-03-08,Rock,24,46.083333333333336,37.708333333333336,30.375,9.541666666666666
1982-03-15,Rock,21,40.476190476190474,35.42857142857143,32.23809523809524,8.761904761904763
1982-03-22,Rock,21,44.0,27.761904761904763,33.857142857142854,8.571428571428571
1982-03-29,Rock,22,46.63636363636363,34.27272727272727,37.59090909090909,7.590909090909091
1982-04-05,Rock,21,49.476190476190474,39.57142857142857,36.095238095238095,8.0
1982-04-12,Rock,21,49.38095238095238,35.666666666666664,41.714285714285715,6.857142857142857
1982-04-19,Rock,22,50.18181818181818,47.13636363636363,39.31818181818182,7.545454545454546
1982-04-26,Rock,23,49.30434782608695,35.391304347826086,40.08695652173913,6.608695652173913
1982-05-03,Rock,24,48.875,44.041666666666664,37.625,7.125
1982-05-10,Rock,26,48.15384615384615,37.84615384615385,39.61538461538461,6.576923076923077
1982-05-17,Rock,28,48.57142857142857,41.142857142857146,40.42857142857143,6.464285714285714
1982-05-24,Rock,30,52.766666666666666,42.1,41.06666666666667,6.5
1982-05-31,Rock,29,50.44827586206897,41.48275862068966,42.10344827586207,6.241379310344827
1982-06-07,Rock,29,49.41379310344828,43.758620689655174,41.206896551724135,6.551724137931035
1982-06-14,Rock,30,49.166666666666664,44.56666666666667,40.53333333333333,7.133333333333334
1982-06-21,Rock,28,49.142857142857146,45.57142857142857,38.25,7.571428571428571
1982-06-28,Rock,31,52.70967741935484,38.12903225806452,42.12903225806452,7.258064516129032
1982-07-05,Rock,32,54.125,45.25,42.09375,7.5
1982-07-12,Rock,33,55.303030303030305,43.96969696969697,44.36363636363637,6.96969696969697
1982-07-19,Rock,32,56.375,48.8125,43.78125,7.1875
1982-07-26,Rock,31,57.70967741935484,46.74193548387097,40.32258064516129,7.709677419354839
1982-08-02,Rock,30,57.833333333333336,43.6,42.166666666666664,7.2
1982-08-09,Rock,30,57.3,48.166666666666664,44.9,6.833333333333333
1982-08-16,Rock,29,54.6551724137931,46.06896551724138,45.724137931034484,6.344827586206897
1982-08-23,Rock,27,48.666666666666664,44.48148148148148,46.03703703703704,6.2592592592592595
1982-08-30,Rock,28,53.535714285714285,43.535714285714285,45.214285714285715,6.821428571428571
1982-09-06,Rock,28,52.5,46.785714285714285,43.42857142857143,7.392857142857143
1982-09-13,Rock,25,44.92,43.96,40.2,7.28
1982-09-20,Rock,24,44.291666666666664,43.0,38.0,8.166666666666666
1982-09-27,Rock,24,47.875,30.0,39.916666666666664,7.708333333333333
1982-10-04,Rock,26,53.38461538461539,37.61538461538461,41.88461538461539,7.5
1982-10-11,Rock,26,55.57692307692308,45.92307692307692,40.80769230769231,7.769230769230769
1982-10-18,Rock,28,58.214285714285715,48.214285714285715,41.535714285714285,8.0
1982-10-25,Rock,24,50.75,49.375,40.75,7.5
1982-11-01,Rock,24,53.916666666666664,42.916666666666664,42.666666666666664,7.458333333333333
1982-11-08,Rock,27,57.55555555555556,44.22222222222222,45.0,7.185185185185185
1982-11-15,Rock,28,57.82142857142857,48.535714285714285,46.142857142857146,6.571428571428571
1982-11-22,Rock,27,56.0,45.81481481481482,43.148148148148145,6.777777777777778
1982-11-29,Rock,26,55.5,51.03846153846154,40.65384615384615,7.3076923076923075
1982-12-06,Rock,23,49.65217391304348,46.73913043478261,37.69565217391305,7.565217391304348
1982-12-13,Rock,23,50.56521739130435,41.73913043478261,39.08695652173913,7.521739130434782
1982-12-20,Rock,25,49.88,38.6,42.52,6.72
1982-12-27,Rock,25,49.88,49.88,42.52,7.72
1983-01-03,Rock,26,51.15384615384615,44.42307692307692,43.30769230769231,7.884615384615385
1983-01-10,Rock,28,56.32142857142857,43.964285714285715,46.07142857142857,7.607142857142857
1983-01-17,Rock,27,58.74074074074074,51.370370370370374,44.666666666666664,8.11111111111111
1983-01-24,Rock,27,58.48148148148148,42.148148148148145,48.629629629629626,6.814814814814815
1983-01-31,Rock,23,49.608695652173914,45.04347826086956,46.91304347826087,6.434782608695652
1983-02-07,Rock,26,50.57692307692308,43.88461538461539,45.84615384615385,6.6923076923076925
1983-02-14,Rock,27,49.55555555555556,45.333333333333336,43.629629629629626,7.222222222222222
1983-02-21,Rock,26,47.46153846153846,44.61538461538461,42.19230769230769,7.269230769230769
1983-02-28,Rock,26,47.53846153846154,43.73076923076923,39.46153846153846,8.076923076923077
1983-03-07,Rock,27,49.25925925925926,38.851851851851855,40.407407407407405,8.25925925925926
1983-03-14,Rock,27,49.074074074074076,42.0,39.25925925925926,8.37037037037037
1983-03-21,Rock,28,53.214285714285715,40.67857142857143,42.892857142857146,7.821428571428571
1983-03-28,Rock,30,61.233333333333334,46.5,45.233333333333334,7.933333333333334
1983-04-04,Rock,30,62.43333333333333,51.46666666666667,46.3,7.766666666666667
1983-04-11,Rock,26,56.42307692307692,49.73076923076923,42.03846153846154,7.8076923076923075
1983-04-18,Rock,25,53.08,47.0,42.12,7.64
1983-04-25,Rock,26,54.11538461538461,47.61538461538461,41.53846153846154,7.384615384615385
1983-05-02,Rock,24,48.541666666666664,42.916666666666664,41.541666666666664,7.041666666666667
1983-05-09,Rock,24,48.25,40.333333333333336,41.125,7.166666666666667
1983-05-16,Rock,24,46.166666666666664,40.375,38.458333333333336,7.541666666666667
1983-05-23,Rock,23,43.65217391304348,40.21739130434783,35.130434782608695,7.913043478260869
1983-05-30,Rock,25,45.8,36.4,38.2,7.36
1983-06-06,Rock,27,49.55555555555556,38.7037037037037,39.851851851851855,7.481481481481482
1983-06-13,Rock,26,47.07692307692308,41.26923076923077,39.65384615384615,7.346153846153846
1983-06-20,Rock,27,49.0,41.77777777777778,39.48148148148148,7.62962962962963
1983-06-27,Rock,28,46.535714285714285,37.17857142857143,41.32142857142857,6.964285714285714
1983-07-04,Rock,29,48.310344827586206,42.03448275862069,41.275862068965516,7.137931034482759
1983-07-11,Rock,29,49.13793103448276,41.827586206896555,38.724137931034484,7.793103448275862
1983-07-18,Rock,29,49.55172413793103,42.62068965517241,37.758620689655174,7.862068965517241
1983-07-25,Rock,29,48.93103448275862,42.96551724137931,35.03448275862069,8.206896551724139
1983-08-01,Rock,31,51.064516129032256,39.483870967741936,36.74193548387097,7.967741935483871
1983-08-08,Rock,33,52.484848484848484,42.24242424242424,38.666666666666664,7.757575757575758
1983-08-15,Rock,31,48.96774193548387,44.064516129032256,38.064516129032256,7.516129032258065
1983-08-22,Rock,32,51.0625,41.3125,38.28125,7.34375
1983-08-29,Rock,31,47.54838709677419,37.774193548387096,40.225806451612904,6.387096774193548
1983-09-05,Rock,30,43.86666666666667,39.36666666666667,37.36666666666667,6.833333333333333
1983-09-12,Rock,31,43.54838709677419,36.58064516129032,36.96774193548387,7.032258064516129
1983-09-19,Rock,33,46.696969696969695,35.78787878787879,38.90909090909091,7.03030303030303
1983-09-26,Rock,34,48.14705882352941,39.76470588235294,39.88235294117647,7.117647058823529
1983-10-03,Rock,31,45.41935483870968,41.12903225806452,35.483870967741936,7.741935483870968
1983-10-10,Rock,27,41.333333333333336,39.44444444444444,30.14814814814815,8.407407407407407
1983-10-17,Rock,27,41.55555555555556,30.51851851851852,32.851851851851855,8.185185185185185
1983-10-24,Rock,23,36.17391304347826,33.869565217391305,29.26086956521739,8.956521739130435
1983-10-31,Rock,26,44.42307692307692,28.384615384615383,31.46153846153846,8.846153846153847
1983-11-07,Rock,26,49.19230769230769,37.53846153846154,31.384615384615383,9.115384615384615
1983-11-14,Rock,28,56.642857142857146,43.142857142857146,35.17857142857143,8.928571428571429
1983-11-21,Rock,25,53.96,44.96,33.2,8.84
1983-11-28,Rock,25,52.28,38.4,38.56,7.24
1983-12-05,Rock,22,44.68181818181818,43.54545454545455,38.86363636363637,6.2272727272727275
1983-12-12,Rock,23,44.869565217391305,38.65217391304348,39.95652173913044,6.391304347826087
1983-12-19,Rock,23,44.52173913043478,40.56521739130435,37.47826086956522,7.217391304347826
1983-12-26,Rock,23,44.52173913043478,44.52173913043478,37.47826086956522,8.217391304347826
1984-01-02,Rock,23,43.65217391304348,36.17391304347826,38.130434782608695,8.173913043478262
1984-01-09,Rock,26,47.84615384615385,35.07692307692308,39.15384615384615,7.846153846153846
1984-01-16,Rock,26,47.57692307692308,40.34615384615385,34.92307692307692,8.26923076923077
1984-01-23,Rock,28,50.75,37.17857142857143,34.607142857142854,8.107142857142858
1984-01-30,Rock,28,50.92857142857143,44.035714285714285,35.07142857142857,7.964285714285714
1984-02-06,Rock,26,51.03846153846154,42.53846153846154,36.92307692307692,7.3076923076923075
1984-02-13,Rock,24,45.083333333333336,39.375,35.625,7.041666666666667
1984-02-20,Rock,25,47.08,35.68,39.0,6.4
1984-02-27,Rock,25,43.28,36.12,36.72,6.4
1984-03-05,Rock,26,43.5,37.76923076923077,36.69230769230769,6.6923076923076925
1984-03-12,Rock,26,43.69230769230769,43.5,33.0,7.6923076923076925
1984-03-19,Rock,27,46.96296296296296,38.44444444444444,33.55555555555556,8.185185185185185
1984-03-26,Rock,26,47.03846153846154,41.11538461538461,34.11538461538461,8.423076923076923
1984-04-02,Rock,27,50.81481481481482,38.48148148148148,34.111111111111114,8.62962962962963
1984-04-09,Rock,24,46.375,41.041666666666664,30.083333333333332,8.75
1984-04-16,Rock,28,53.07142857142857,39.75,32.82142857142857,8.5
1984-04-23,Rock,27,51.407407407407405,44.18518518518518,32.333333333333336,8.592592592592593
1984-04-30,Rock,25,48.48,40.48,33.16,7.6
1984-05-07,Rock,27,50.77777777777778,41.2962962962963,34.18518518518518,7.481481481481482
1984-05-14,Rock,26,48.88461538461539,41.73076923076923,35.53846153846154,7.384615384615385
1984-05-21,Rock,24,46.833333333333336,41.625,34.333333333333336,7.375
1984-05-28,Rock,23,47.47826086956522,41.04347826086956,30.608695652173914,8.347826086956522
1984-06-04,Rock,23,48.0,38.95652173913044,34.73913043478261,7.739130434782608
1984-06-11,Rock,23,49.56521739130435,35.52173913043478,38.43478260869565,7.260869565217392
1984-06-18,Rock,23,49.34782608695652,41.08695652173913,39.34782608695652,7.217391304347826
1984-06-25,Rock,23,48.73913043478261,37.0,37.91304347826087,7.217391304347826
1984-07-02,Rock,24,48.125,38.625,40.041666666666664,7.125
1984-07-09,Rock,25,50.36,42.32,40.32,7.2
1984-07-16,Rock,24,50.375,44.416666666666664,36.583333333333336,7.791666666666667
1984-07-23,Rock,25,51.12,37.08,36.8,7.76
1984-07-30,Rock,26,55.03846153846154,45.61538461538461,35.46153846153846,8.153846153846153
1984-08-06,Rock,23,49.69565217391305,49.30434782608695,31.17391304347826,8.869565217391305
1984-08-13,Rock,23,52.08695652173913,42.130434782608695,31.08695652173913,8.869565217391305
1984-08-20,Rock,20,46.05,40.6,30.35,8.25
1984-08-27,Rock,20,45.7,41.25,30.7,8.45
1984-09-03,Rock,21,48.76190476190476,38.95238095238095,34.38095238095238,8.095238095238095
1984-09-10,Rock,22,50.59090909090909,42.04545454545455,37.0,7.7727272727272725
1984-09-17,Rock,22,52.5,50.59090909090909,34.18181818181818,8.772727272727273
1984-09-24,Rock,24,53.958333333333336,36.0,39.541666666666664,7.75
1984-10-01,Rock,21,48.904761904761905,44.666666666666664,40.0,7.095238095238095
1984-10-08,Rock,24,54.791666666666664,42.791666666666664,42.166666666666664,7.208333333333333
1984-10-15,Rock,25,53.2,41.08,44.6,6.48
1984-10-22,Rock,27,54.81481481481482,39.592592592592595,45.22222222222222,6.074074074074074
1984-10-29,Rock,29,56.827586206896555,51.03448275862069,42.37931034482759,6.655172413793103
1984-11-05,Rock,29,55.93103448275862,47.0,43.41379310344828,6.344827586206897
1984-11-12,Rock,28,51.714285714285715,44.32142857142857,45.142857142857146,5.857142857142857
1984-11-19,Rock,28,51.892857142857146,48.214285714285715,41.75,6.678571428571429
1984-11-26,Rock,27,50.592592592592595,46.81481481481482,40.407407407407405,6.888888888888889
1984-12-03,Rock,27,48.96296296296296,36.148148148148145,38.851851851851855,6.7407407407407405
1984-12-10,Rock,28,52.57142857142857,43.857142857142854,38.964285714285715,7.25
1984-12-17,Rock,27,51.2962962962963,40.629629629629626,39.7037037037037,7.074074074074074
1984-12-24,Rock,27,51.2962962962963,51.2962962962963,39.7037037037037,8.074074074074074
1984-12-31,Rock,29,54.241379310344826,47.758620689655174,38.689655172413794,8.517241379310345
1985-01-07,Rock,28,51.07142857142857,52.67857142857143,33.714285714285715,9.642857142857142
1985-01-14,Rock,28,48.5,41.107142857142854,34.285714285714285,9.285714285714286
1985-01-21,Rock,27,48.44444444444444,43.2962962962963,32.96296296296296,9.148148148148149
1985-01-28,Rock,25,43.72,40.72,28.64,9.6
1985-02-04,Rock,24,42.583333333333336,33.541666666666664,29.625,8.958333333333334
1985-02-11,Rock,25,44.36,33.36,32.32,8.72
1985-02-18,Rock,26,45.34615384615385,38.92307692307692,31.615384615384617,9.115384615384615
1985-02-25,Rock,24,44.458333333333336,41.75,29.333333333333332,9.625
1985-03-04,Rock,25,47.8,35.08,32.88,9.4
1985-03-11,Rock,27,50.148148148148145,37.03703703703704,34.666666666666664,8.777777777777779
1985-03-18,Rock,24,45.375,34.583333333333336,33.416666666666664,8.75
1985-03-25,Rock,24,48.083333333333336,45.375,29.958333333333332,9.75
1985-04-01,Rock,24,50.958333333333336,44.0,30.416666666666668,9.958333333333334
1985-04-08,Rock,24,53.708333333333336,47.041666666666664,31.25,10.041666666666666
1985-04-15,Rock,26,59.61538461538461,45.76923076923077,35.69230769230769,9.423076923076923
1985-04-22,Rock,25,60.24,46.76,35.24,9.4
1985-04-29,Rock,24,58.5,47.041666666666664,38.791666666666664,8.208333333333334
1985-05-06,Rock,21,54.19047619047619,45.23809523809524,42.714285714285715,6.761904761904762
1985-05-13,Rock,23,55.69565217391305,40.869565217391305,46.34782608695652,6.217391304347826
1985-05-20,Rock,26,56.03846153846154,38.96153846153846,48.84615384615385,5.153846153846154
1985-05-27,Rock,25,52.52,50.52,44.64,5.68
1985-06-03,Rock,25,52.48,44.92,43.28,6.0
1985-06-10,Rock,29,56.51724137931034,42.03448275862069,46.275862068965516,5.896551724137931
1985-06-17,Rock,28,53.57142857142857,52.17857142857143,43.75,6.392857142857143
1985-06-24,Rock,28,51.25,50.0,42.142857142857146,6.857142857142857
1985-07-01,Rock,29,51.62068965517241,46.206896551724135,41.96551724137931,6.9655172413793105
1985-07-08,Rock,28,50.17857142857143,46.714285714285715,41.535714285714285,7.392857142857143
1985-07-15,Rock,25,45.8,45.0,36.44,7.8
1985-07-22,Rock,26,52.03846153846154,37.03846153846154,39.46153846153846,7.730769230769231
1985-07-29,Rock,23,49.43478260869565,43.08695652173913,34.608695652173914,8.130434782608695
1985-08-05,Rock,23,49.43478260869565,45.130434782608695,32.30434782608695,8.782608695652174
1985-08-12,Rock,24,50.5,39.541666666666664,35.875,8.416666666666666
1985-08-19,Rock,25,48.64,37.24,37.64,7.56
1985-08-26,Rock,27,48.77777777777778,37.77777777777778,39.74074074074074,6.925925925925926
1985-09-02,Rock,29,50.310344827586206,42.41379310344828,38.06896551724138,7.379310344827586
1985-09-09,Rock,29,48.689655172413794,43.724137931034484,36.55172413793103,7.586206896551724
1985-09-16,Rock,25,40.48,41.36,32.0,7.8
1985-09-23,Rock,24,39.041666666666664,38.0,28.708333333333332,8.375
1985-09-30,Rock,25,42.32,33.68,30.2,8.4
1985-10-07,Rock,25,44.28,38.52,28.92,9.08
1985-10-14,Rock,25,49.24,40.6,28.64,9.72
1985-10-21,Rock,22,47.5,38.63636363636363,30.227272727272727,9.5
1985-10-28,Rock,23,52.69565217391305,36.95652173913044,34.04347826086956,8.73913043478261
1985-11-04,Rock,26,59.15384615384615,39.46153846153846,41.38461538461539,7.8076923076923075
1985-11-11,Rock,27,60.407407407407405,53.2962962962963,41.44444444444444,8.148148148148149
1985-11-18,Rock,24,54.916666666666664,48.125,43.625,6.875
1985-11-25,Rock,25,56.72,49.04,42.24,7.28
1985-12-02,Rock,22,50.54545454545455,47.45454545454545,40.86363636363637,7.181818181818182
1985-12-09,Rock,23,51.95652173913044,48.34782608695652,40.0,7.869565217391305
1985-12-16,Rock,25,56.44,47.8,41.6,8.24
1985-12-23,Rock,26,58.11538461538461,47.0,43.73076923076923,8.038461538461538
1985-12-30,Rock,26,58.11538461538461,58.11538461538461,43.73076923076923,9.038461538461538
1986-01-06,Rock,25,56.8,56.44,42.76,9.6
1986-01-13,Rock,22,51.27272727272727,47.72727272727273,40.54545454545455,9.5
1986-01-20,Rock,22,52.86363636363637,42.59090909090909,38.77272727272727,9.818181818181818
1986-01-27,Rock,25,58.16,39.28,43.8,8.88
1986-02-03,Rock,23,56.43478260869565,55.08695652173913,41.08695652173913,9.26086956521739
1986-02-10,Rock,23,58.0,47.91304347826087,40.78260869565217,9.217391304347826
1986-02-17,Rock,23,59.130434782608695,50.30434782608695,43.56521739130435,8.608695652173912
1986-02-24,Rock,20,55.65,54.2,40.5,8.7
1986-03-03,Rock,20,58.2,46.5,43.35,8.3
1986-03-10,Rock,20,54.2,39.65,45.65,6.65
1986-03-17,Rock,21,55.523809523809526,47.57142857142857,47.61904761904762,6.523809523809524
1986-03-24,Rock,21,53.61904761904762,46.476190476190474,48.714285714285715,6.142857142857143
1986-03-31,Rock,22,54.13636363636363,47.59090909090909,47.81818181818182,6.454545454545454
1986-04-07,Rock,20,48.2,45.7,42.55,6.95
1986-04-14,Rock,22,51.36363636363637,39.40909090909091,43.90909090909091,6.545454545454546
1986-04-21,Rock,23,54.56521739130435,45.56521739130435,42.391304347826086,7.0
1986-04-28,Rock,22,51.81818181818182,48.0,39.54545454545455,7.454545454545454
1986-05-05,Rock,24,57.833333333333336,47.5,40.916666666666664,7.833333333333333
1986-05-12,Rock,22,53.95454545454545,41.54545454545455,41.18181818181818,6.954545454545454
1986-05-19,Rock,22,52.22727272727273,45.27272727272727,39.95454545454545,6.954545454545454
1986-05-26,Rock,20,48.1,47.7,37.55,7.35
1986-06-02,Rock,20,50.7,43.25,39.6,7.35
1986-06-09,Rock,20,52.2,37.35,44.25,6.7
1986-06-16,Rock,23,58.08695652173913,45.391304347826086,45.47826086956522,6.826086956521739
1986-06-23,Rock,21,57.61904761904762,50.666666666666664,39.42857142857143,7.666666666666667
1986-06-30,Rock,20,54.5,41.95,45.85,6.35
1986-07-07,Rock,20,54.15,49.95,43.25,6.85
1986-07-14,Rock,20,52.3,49.15,41.95,7.25
1986-07-21,Rock,19,50.0,45.05263157894737,42.0,7.2105263157894735
1986-07-28,Rock,19,47.78947368421053,44.8421052631579,39.21052631578947,7.631578947368421
1986-08-04,Rock,21,49.95238095238095,34.333333333333336,40.666666666666664,7.285714285714286
1986-08-11,Rock,23,53.391304347826086,41.65217391304348,43.69565217391305,7.304347826086956
1986-08-18,Rock,22,53.5,47.5,39.54545454545455,8.136363636363637
1986-08-25,Rock,23,57.47826086956522,47.08695652173913,42.65217391304348,8.08695652173913
1986-09-01,Rock,24,60.791666666666664,47.0,44.291666666666664,7.916666666666667
1986-09-08,Rock,24,60.458333333333336,56.875,43.833333333333336,8.041666666666666
1986-09-15,Rock,20,49.7,49.05,39.4,7.75
1986-09-22,Rock,24,53.333333333333336,37.416666666666664,44.291666666666664,6.916666666666667
1986-09-29,Rock,25,52.6,39.96,46.16,6.4
1986-10-06,Rock,25,50.6,52.6,40.56,7.4
1986-10-13,Rock,25,45.4,38.84,40.68,7.04
1986-10-20,Rock,25,42.32,41.52,35.16,7.92
1986-10-27,Rock,27,45.592592592592595,39.18518518518518,34.592592592592595,8.333333333333334
1986-11-03,Rock,26,43.80769230769231,40.07692307692308,29.76923076923077,9.23076923076923
1986-11-10,Rock,25,43.8,37.72,29.0,9.44
1986-11-17,Rock,26,44.23076923076923,30.96153846153846,33.65384615384615,8.307692307692308
1986-11-24,Rock,27,46.592592592592595,42.592592592592595,32.2962962962963,9.0
1986-12-01,Rock,28,49.07142857142857,41.5,31.75,9.178571428571429
1986-12-08,Rock,27,48.851851851851855,40.55555555555556,34.51851851851852,8.592592592592593
1986-12-15,Rock,27,49.666666666666664,41.851851851851855,32.888888888888886,8.962962962962964
1986-12-22,Rock,25,47.4,46.0,29.8,9.36
1986-12-29,Rock,25,47.4,47.4,29.8,10.36
1987-01-05,Rock,24,45.125,45.25,28.041666666666668,11.166666666666666
1987-01-12,Rock,23,43.26086956521739,38.95652173913044,24.73913043478261,11.26086956521739
1987-01-19,Rock,23,44.869565217391305,35.608695652173914,27.26086956521739,10.521739130434783
1987-01-26,Rock,24,47.333333333333336,35.333333333333336,32.208333333333336,9.5
1987-02-02,Rock,23,44.47826086956522,37.91304347826087,33.391304347826086,8.956521739130435
1987-02-09,Rock,23,45.608695652173914,37.130434782608695,33.391304347826086,9.08695652173913
1987-02-16,Rock,21,38.904761904761905,40.57142857142857,30.333333333333332,9.285714285714286
1987-02-23,Rock,19,32.21052631578947,33.63157894736842,28.263157894736842,9.263157894736842
1987-03-02,Rock,21,36.04761904761905,29.142857142857142,29.285714285714285,9.380952380952381
1987-03-09,Rock,22,39.86363636363637,34.40909090909091,26.272727272727273,9.954545454545455
1987-03-16,Rock,23,40.82608695652174,30.0,30.17391304347826,9.26086956521739
1987-03-23,Rock,24,43.0,32.458333333333336,33.041666666666664,8.625
1987-03-30,Rock,25,44.68,35.2,34.76,8.08
1987-04-06,Rock,25,44.84,41.6,33.88,8.28
1987-04-13,Rock,25,45.16,40.92,30.72,9.12
1987-04-20,Rock,28,50.82142857142857,33.82142857142857,37.25,8.214285714285714
1987-04-27,Rock,31,53.193548387096776,39.67741935483871,41.096774193548384,7.774193548387097
1987-05-04,Rock,31,49.645161290322584,46.903225806451616,39.67741935483871,7.354838709677419
1987-05-11,Rock,32,50.5625,42.8125,41.40625,7.03125
1987-05-18,Rock,32,50.09375,47.71875,38.5625,7.78125
1987-05-25,Rock,31,47.16129032258065,42.16129032258065,38.03225806451613,7.774193548387097
1987-06-01,Rock,31,46.41935483870968,38.03225806451613,37.61290322580645,8.096774193548388
1987-06-08,Rock,33,49.15151515151515,40.72727272727273,37.303030303030305,8.393939393939394
1987-06-15,Rock,35,52.02857142857143,43.48571428571429,37.4,8.342857142857143
1987-06-22,Rock,35,54.31428571428572,46.82857142857143,35.68571428571428,8.82857142857143
1987-06-29,Rock,34,53.94117647058823,44.470588235294116,36.911764705882355,8.5
1987-07-06,Rock,33,55.15151515151515,50.0,35.78787878787879,9.06060606060606
1987-07-13,Rock,30,52.666666666666664,45.56666666666667,38.733333333333334,8.233333333333333
1987-07-20,Rock,30,53.46666666666667,46.1,38.5,8.533333333333333
1987-07-27,Rock,25,45.52,37.68,37.04,8.0
1987-08-03,Rock,25,45.0,41.64,32.72,8.8
1987-08-10,Rock,23,39.391304347826086,36.47826086956522,28.391304347826086,8.91304347826087
1987-08-17,Rock,22,36.31818181818182,28.545454545454547,30.0,8.5
1987-08-24,Rock,22,37.31818181818182,36.31818181818182,26.863636363636363,9.5
1987-08-31,Rock,24,42.958333333333336,30.25,28.5,9.458333333333334
1987-09-07,Rock,25,44.84,37.44,29.36,9.48
1987-09-14,Rock,26,47.38461538461539,39.42307692307692,31.576923076923077,9.615384615384615
1987-09-21,Rock,26,48.26923076923077,40.03846153846154,31.03846153846154,9.615384615384615
1987-09-28,Rock,29,54.41379310344828,43.275862068965516,32.13793103448276,9.620689655172415
1987-10-05,Rock,29,54.3448275862069,44.689655172413794,34.55172413793103,9.344827586206897
1987-10-12,Rock,27,52.55555555555556,47.629629629629626,35.25925925925926,9.11111111111111
1987-10-19,Rock,28,51.285714285714285,40.75,38.535714285714285,7.928571428571429
1987-10-26,Rock,29,52.55172413793103,46.10344827586207,37.62068965517241,8.206896551724139
1987-11-02,Rock,29,51.6551724137931,42.827586206896555,41.724137931034484,7.206896551724138
1987-11-09,Rock,27,46.592592592592595,48.18518518518518,36.25925925925926,8.148148148148149
1987-11-16,Rock,26,45.03846153846154,44.57692307692308,33.96153846153846,8.653846153846153
1987-11-23,Rock,28,49.785714285714285,38.42857142857143,37.0,8.535714285714286
1987-11-30,Rock,29,49.89655172413793,37.93103448275862,38.86206896551724,8.068965517241379
1987-12-07,Rock,28,48.607142857142854,44.75,34.82142857142857,9.071428571428571
1987-12-14,Rock,29,50.3448275862069,40.48275862068966,37.689655172413794,9.068965517241379
1987-12-21,Rock,29,50.758620689655174,50.3448275862069,33.62068965517241,10.068965517241379
1987-12-28,Rock,29,50.758620689655174,50.758620689655174,33.62068965517241,11.068965517241379
1988-01-04,Rock,29,50.51724137931034,50.758620689655174,32.206896551724135,12.068965517241379
1988-01-11,Rock,29,52.58620689655172,47.10344827586207,32.58620689655172,12.10344827586207
1988-01-18,Rock,28,52.82142857142857,44.285714285714285,31.392857142857142,12.214285714285714
1988-01-25,Rock,26,51.34615384615385,42.03846153846154,34.03846153846154,11.461538461538462
1988-02-01,Rock,27,55.407407407407405,42.370370370370374,35.333333333333336,10.851851851851851
1988-02-08,Rock,28,59.142857142857146,43.357142857142854,38.67857142857143,10.214285714285714
1988-02-15,Rock,27,58.74074074074074,50.629629629629626,40.2962962962963,9.148148148148149
1988-02-22,Rock,25,56.28,48.36,37.36,8.84
1988-02-29,Rock,24,55.75,54.541666666666664,34.708333333333336,9.416666666666666
1988-03-07,Rock,26,59.57692307692308,44.23076923076923,40.38461538461539,8.423076923076923
1988-03-14,Rock,27,57.370370370370374,50.18518518518518,42.592592592592595,7.62962962962963
1988-03-21,Rock,25,51.32,50.12,44.2,6.88
1988-03-28,Rock,26,51.5,45.65384615384615,45.69230769230769,6.8076923076923075
1988-04-04,Rock,28,53.42857142857143,47.82142857142857,44.535714285714285,7.321428571428571
1988-04-11,Rock,28,54.892857142857146,44.17857142857143,45.214285714285715,6.892857142857143
1988-04-18,Rock,28,53.607142857142854,44.42857142857143,46.357142857142854,6.821428571428571
1988-04-25,Rock,26,50.15384615384615,46.88461538461539,41.76923076923077,7.5
1988-05-02,Rock,23,44.52173913043478,45.04347826086956,36.130434782608695,8.304347826086957
1988-05-09,Rock,23,45.43478260869565,40.52173913043478,36.52173913043478,8.608695652173912
1988-05-16,Rock,24,49.458333333333336,35.541666666666664,39.125,8.5
1988-05-23,Rock,22,46.68181818181818,45.90909090909091,35.68181818181818,9.318181818181818
1988-05-30,Rock,23,50.30434782608695,36.26086956521739,38.82608695652174,9.043478260869565
1988-06-06,Rock,23,50.56521739130435,42.08695652173913,38.0,9.043478260869565
1988-06-13,Rock,21,50.142857142857146,46.0,30.095238095238095,10.333333333333334
1988-06-20,Rock,21,52.666666666666664,41.857142857142854,32.57142857142857,10.095238095238095
1988-06-27,Rock,22,57.86363636363637,45.77272727272727,35.13636363636363,9.772727272727273
1988-07-04,Rock,23,59.56521739130435,43.34782608695652,41.43478260869565,8.347826086956522
1988-07-11,Rock,22,55.36363636363637,49.13636363636363,41.59090909090909,8.090909090909092
1988-07-18,Rock,20,49.75,46.8,39.6,7.5
1988-07-25,Rock,21,48.714285714285715,38.476190476190474,44.142857142857146,6.761904761904762
1988-08-01,Rock,20,44.5,46.3,36.55,7.9
1988-08-08,Rock,23,47.91304347826087,38.69565217391305,35.56521739130435,8.521739130434783
1988-08-15,Rock,22,43.04545454545455,41.72727272727273,33.63636363636363,8.636363636363637
1988-08-22,Rock,23,44.869565217391305,41.17391304347826,33.130434782608695,9.26086956521739
1988-08-29,Rock,26,51.03846153846154,35.88461538461539,40.38461538461539,8.461538461538462
1988-09-05,Rock,27,52.96296296296296,49.148148148148145,38.074074074074076,9.37037037037037
1988-09-12,Rock,26,51.30769230769231,47.57692307692308,34.84615384615385,10.0
1988-09-19,Rock,25,45.92,38.04,32.28,9.76
1988-09-26,Rock,28,48.25,35.464285714285715,37.285714285714285,8.678571428571429
1988-10-03,Rock,27,44.592592592592595,46.666666666666664,33.851851851851855,9.11111111111111
1988-10-10,Rock,27,41.77777777777778,33.81481481481482,35.629629629629626,8.37037037037037
1988-10-17,Rock,29,44.41379310344828,38.89655172413793,34.96551724137931,8.793103448275861
1988-10-24,Rock,29,46.0,38.724137931034484,36.206896551724135,8.689655172413794
1988-10-31,Rock,29,46.206896551724135,36.275862068965516,34.44827586206897,9.0
1988-11-07,Rock,25,39.76,39.4,26.64,9.88
1988-11-14,Rock,25,40.12,35.96,25.92,10.24
1988-11-21,Rock,27,43.0,34.074074074074076,28.62962962962963,10.11111111111111
1988-11-28,Rock,27,42.81481481481482,43.0,24.666666666666668,11.11111111111111
1988-12-05,Rock,26,41.5,37.26923076923077,22.923076923076923,11.423076923076923
1988-12-12,Rock,27,43.55555555555556,33.111111111111114,28.703703703703702,10.62962962962963
1988-12-19,Rock,27,42.81481481481482,40.22222222222222,27.11111111111111,10.666666666666666
1988-12-26,Rock,27,42.81481481481482,42.81481481481482,27.11111111111111,11.666666666666666
1989-01-02,Rock,27,43.629629629629626,42.81481481481482,23.88888888888889,12.666666666666666
1989-01-09,Rock,28,47.714285714285715,42.07142857142857,24.214285714285715,13.214285714285714
1989-01-16,Rock,29,52.48275862068966,39.55172413793103,27.655172413793103,12.482758620689655
1989-01-23,Rock,29,54.86206896551724,46.275862068965516,28.103448275862068,12.413793103448276
1989-01-30,Rock,26,52.42307692307692,46.69230769230769,28.384615384615383,11.307692307692308
1989-02-06,Rock,23,47.30434782608695,42.130434782608695,27.08695652173913,11.043478260869565
1989-02-13,Rock,26,50.76923076923077,34.30769230769231,37.15384615384615,9.346153846153847
1989-02-20,Rock,26,50.38461538461539,43.69230769230769,39.34615384615385,8.576923076923077
1989-02-27,Rock,26,51.11538461538461,43.57692307692308,36.76923076923077,9.076923076923077
1989-03-06,Rock,27,56.333333333333336,49.22222222222222,35.370370370370374,9.74074074074074
1989-03-13,Rock,27,61.25925925925926,49.2962962962963,36.96296296296296,9.407407407407407
1989-03-20,Rock,23,58.82608695652174,55.43478260869565,38.82608695652174,9.043478260869565
1989-03-27,Rock,21,58.714285714285715,46.19047619047619,39.714285714285715,9.047619047619047
1989-04-03,Rock,22,61.31818181818182,47.40909090909091,42.90909090909091,8.545454545454545
1989-04-10,Rock,19,55.526315789473685,55.68421052631579,41.68421052631579,8.157894736842104
1989-04-17,Rock,18,56.22222222222222,49.111111111111114,42.22222222222222,7.777777777777778
1989-04-24,Rock,19,58.26315789473684,38.31578947368421,44.8421052631579,7.105263157894737
1989-05-01,Rock,18,57.0,50.611111111111114,40.111111111111114,8.277777777777779
1989-05-08,Rock,22,65.45454545454545,42.5,51.5,7.0
1989-05-15,Rock,24,67.54166666666667,52.458333333333336,49.208333333333336,7.333333333333333
1989-05-22,Rock,21,60.523809523809526,63.23809523809524,47.666666666666664,7.523809523809524
1989-05-29,Rock,20,58.2,54.85,49.35,7.5
1989-06-05,Rock,19,53.10526315789474,51.0,44.68421052631579,8.368421052631579
1989-06-12,Rock,17,45.64705882352941,43.470588235294116,40.411764705882355,8.647058823529411
1989-06-19,Rock,19,49.31578947368421,35.63157894736842,42.0,8.631578947368421
1989-06-26,Rock,20,50.9,46.85,40.3,9.2
1989-07-03,Rock,22,55.45454545454545,46.27272727272727,41.40909090909091,9.363636363636363
1989-07-10,Rock,23,58.21739130434783,53.04347826086956,40.91304347826087,9.956521739130435
1989-07-17,Rock,24,58.083333333333336,48.0,43.916666666666664,9.625
1989-07-24,Rock,25,58.64,48.48,42.96,9.68
1989-07-31,Rock,24,55.0,49.375,44.583333333333336,8.958333333333334
1989-08-07,Rock,27,58.48148148148148,45.407407407407405,49.111111111111114,8.296296296296296
1989-08-14,Rock,27,57.888888888888886,55.148148148148145,47.074074074074076,8.703703703703704
1989-08-21,Rock,27,56.81481481481482,51.25925925925926,48.03703703703704,8.148148148148149
1989-08-28,Rock,28,54.07142857142857,47.82142857142857,44.607142857142854,7.357142857142857
1989-09-04,Rock,28,53.75,44.035714285714285,46.392857142857146,7.071428571428571
1989-09-11,Rock,29,53.93103448275862,51.89655172413793,44.03448275862069,7.827586206896552
1989-09-18,Rock,28,53.0,45.964285714285715,42.75,7.928571428571429
1989-09-25,Rock,26,51.69230769230769,42.57692307692308,39.69230769230769,8.192307692307692
1989-10-02,Rock,28,54.714285714285715,41.0,44.285714285714285,7.428571428571429
1989-10-09,Rock,26,50.65384615384615,51.34615384615385,39.03846153846154,8.307692307692308
1989-10-16,Rock,26,50.46153846153846,46.80769230769231,36.30769230769231,9.076923076923077
1989-10-23,Rock,28,53.642857142857146,40.0,40.214285714285715,8.321428571428571
1989-10-30,Rock,31,57.0,39.0,43.12903225806452,8.0
1989-11-06,Rock,31,57.61290322580645,50.903225806451616,44.0,7.741935483870968
1989-11-13,Rock,32,59.03125,52.8125,43.59375,7.8125
1989-11-20,Rock,31,55.806451612903224,42.32258064516129,48.12903225806452,6.903225806451613
1989-11-27,Rock,31,53.0,50.096774193548384,44.70967741935484,7.161290322580645
1989-12-04,Rock,33,54.333333333333336,44.42424242424242,46.03030303030303,7.212121212121212
1989-12-11,Rock,32,54.5,53.40625,43.46875,7.9375
1989-12-18,Rock,30,52.333333333333336,48.4,43.666666666666664,7.966666666666667
1989-12-25,Rock,30,52.333333333333336,52.333333333333336,43.666666666666664,8.966666666666667
1990-01-01,Rock,29,52.689655172413794,47.3448275862069,41.6551724137931,9.517241379310345
1990-01-08,Rock,29,53.44827586206897,45.89655172413793,40.758620689655174,10.03448275862069
1990-01-15,Rock,29,55.44827586206897,46.58620689655172,38.13793103448276,10.551724137931034
1990-01-22,Rock,31,59.83870967741935,48.87096774193548,40.645161290322584,10.451612903225806
1990-01-29,Rock,29,59.13793103448276,53.96551724137931,38.37931034482759,10.620689655172415
1990-02-05,Rock,27,58.18518518518518,52.7037037037037,39.0,10.407407407407407
1990-02-12,Rock,26,57.73076923076923,39.11538461538461,44.23076923076923,8.423076923076923
1990-02-19,Rock,25,53.44,48.16,40.72,8.28
1990-02-26,Rock,26,55.26923076923077,51.38461538461539,39.57692307692308,8.961538461538462
1990-03-05,Rock,28,58.142857142857146,47.857142857142854,41.42857142857143,8.785714285714286
1990-03-12,Rock,27,56.333333333333336,46.2962962962963,47.03703703703704,7.481481481481482
1990-03-19,Rock,28,59.357142857142854,47.607142857142854,49.07142857142857,7.357142857142857
1990-03-26,Rock,28,59.0,56.42857142857143,46.535714285714285,7.714285714285714
1990-04-02,Rock,28,61.464285714285715,52.535714285714285,48.785714285714285,7.642857142857143
1990-04-09,Rock,25,57.96,53.84,43.88,8.4
1990-04-16,Rock,26,59.57692307692308,51.92307692307692,41.84615384615385,8.884615384615385
1990-04-23,Rock,21,52.333333333333336,46.857142857142854,40.0,7.857142857142857
1990-04-30,Rock,20,49.4,41.1,44.5,6.9
1990-05-07,Rock,21,52.857142857142854,47.04761904761905,43.04761904761905,7.571428571428571
1990-05-14,Rock,22,55.45454545454545,46.0,42.81818181818182,7.7727272727272725
1990-05-21,Rock,22,56.86363636363637,55.45454545454545,40.22727272727273,8.772727272727273
1990-05-28,Rock,21,53.523809523809526,41.523809523809526,44.19047619047619,7.809523809523809
1990-06-04,Rock,22,54.09090909090909,46.86363636363637,43.22727272727273,8.318181818181818
1990-06-11,Rock,21,50.38095238095238,47.333333333333336,37.61904761904762,9.19047619047619
1990-06-18,Rock,23,54.26086956521739,42.130434782608695,42.91304347826087,8.956521739130435
1990-06-25,Rock,22,53.31818181818182,52.22727272727273,39.72727272727273,9.818181818181818
1990-07-02,Rock,25,60.84,46.92,43.4,9.64
1990-07-09,Rock,23,57.47826086956522,45.0,44.26086956521739,8.73913043478261
1990-07-16,Rock,23,55.52173913043478,49.21739130434783,41.21739130434783,8.565217391304348
1990-07-23,Rock,24,56.458333333333336,53.208333333333336,39.5,9.208333333333334
1990-07-30,Rock,21,53.904761904761905,51.95238095238095,37.666666666666664,9.714285714285714
1990-08-06,Rock,21,55.42857142857143,44.523809523809526,41.76190476190476,9.0
1990-08-13,Rock,22,57.31818181818182,48.45454545454545,45.63636363636363,8.681818181818182
1990-08-20,Rock,18,46.888888888888886,49.388888888888886,37.833333333333336,8.944444444444445
1990-08-27,Rock,17,43.64705882352941,38.705882352941174,32.8235294117647,9.058823529411764
1990-09-03,Rock,20,51.25,32.1,42.0,7.6
1990-09-10,Rock,22,52.18181818181818,46.59090909090909,41.45454545454545,7.909090909090909
1990-09-17,Rock,23,50.78260869565217,45.65217391304348,40.30434782608695,7.869565217391305
1990-09-24,Rock,23,49.04347826086956,46.69565217391305,37.47826086956522,8.347826086956522
1990-10-01,Rock,23,47.43478260869565,40.69565217391305,37.65217391304348,7.956521739130435
1990-10-08,Rock,25,52.6,43.64,38.0,8.32
1990-10-15,Rock,26,52.76923076923077,43.34615384615385,40.42307692307692,7.8076923076923075
1990-10-22,Rock,29,53.96551724137931,44.3448275862069,42.758620689655174,7.517241379310345
1990-10-29,Rock,27,51.22222222222222,51.592592592592595,39.74074074074074,7.814814814814815
1990-11-05,Rock,27,50.74074074074074,40.2962962962963,39.74074074074074,7.592592592592593
1990-11-12,Rock,24,45.958333333333336,44.916666666666664,35.375,8.333333333333334
1990-11-19,Rock,25,46.52,40.52,34.8,8.76
1990-11-26,Rock,26,46.46153846153846,37.34615384615385,37.03846153846154,8.576923076923077
1990-12-03,Rock,29,51.6551724137931,41.6551724137931,39.689655172413794,8.689655172413794
1990-12-10,Rock,29,53.41379310344828,48.206896551724135,38.827586206896555,8.96551724137931
1990-12-17,Rock,28,53.214285714285715,44.92857142857143,39.32142857142857,9.107142857142858
1990-12-24,Rock,28,53.214285714285715,53.214285714285715,39.32142857142857,10.107142857142858
1990-12-31,Rock,26,50.23076923076923,50.03846153846154,36.76923076923077,10.5
1991-01-07,Rock,24,46.666666666666664,46.125,36.458333333333336,11.0
1991-01-14,Rock,24,44.75,38.916666666666664,33.875,11.0
1991-01-21,Rock,25,46.52,42.96,30.36,11.56
1991-01-28,Rock,25,46.92,38.92,29.44,11.8
1991-02-04,Rock,25,48.44,43.32,28.12,12.2
1991-02-11,Rock,25,50.44,41.0,32.12,11.64
1991-02-18,Rock,24,51.833333333333336,48.833333333333336,29.5,12.208333333333334
1991-02-25,Rock,22,51.45454545454545,43.72727272727273,32.04545454545455,11.681818181818182
1991-03-04,Rock,24,57.541666666666664,32.125,42.583333333333336,9.375
1991-03-11,Rock,27,59.851851851851855,44.25925925925926,49.851851851851855,7.555555555555555
1991-03-18,Rock,29,60.62068965517241,49.241379310344826,50.241379310344826,7.137931034482759
1991-03-25,Rock,27,55.592592592592595,57.77777777777778,44.81481481481482,7.777777777777778
1991-04-01,Rock,28,58.214285714285715,50.42857142857143,42.75,8.321428571428571
1991-04-08,Rock,27,56.48148148148148,49.888888888888886,44.55555555555556,7.444444444444445
1991-04-15,Rock,30,61.93333333333333,50.833333333333336,45.63333333333333,7.7
1991-04-22,Rock,28,57.535714285714285,49.357142857142854,44.785714285714285,7.107142857142857
1991-04-29,Rock,27,53.148148148148145,52.333333333333336,40.7037037037037,7.777777777777778
1991-05-06,Rock,26,51.38461538461539,51.42307692307692,35.38461538461539,8.76923076923077
1991-05-13,Rock,24,46.75,43.833333333333336,38.375,7.833333333333333
1991-05-20,Rock,22,40.5,42.27272727272727,32.86363636363637,8.727272727272727
1991-05-27,Rock,21,35.904761904761905,29.285714285714285,33.904761904761905,8.428571428571429
1991-06-03,Rock,23,39.21739130434783,32.78260869565217,34.91304347826087,8.695652173913043
1991-06-10,Rock,24,42.541666666666664,37.583333333333336,34.0,9.333333333333334
1991-06-17,Rock,26,49.03846153846154,39.26923076923077,35.38461538461539,9.615384615384615
1991-06-24,Rock,28,53.07142857142857,36.107142857142854,41.285714285714285,8.714285714285714
1991-07-01,Rock,27,52.74074074074074,48.03703703703704,41.48148148148148,8.814814814814815
1991-07-08,Rock,27,54.888888888888886,45.81481481481482,40.925925925925924,9.0
1991-07-15,Rock,27,55.666666666666664,51.51851851851852,39.51851851851852,9.37037037037037
1991-07-22,Rock,23,50.52173913043478,49.08695652173913,37.95652173913044,9.73913043478261
1991-07-29,Rock,24,51.291666666666664,40.625,38.5,9.625
1991-08-05,Rock,23,50.34782608695652,45.08695652173913,34.52173913043478,10.521739130434783
1991-08-12,Rock,22,45.36363636363637,39.54545454545455,35.72727272727273,9.636363636363637
1991-08-19,Rock,25,48.96,39.92,37.12,9.48
1991-08-26,Rock,26,48.96153846153846,43.34615384615385,35.65384615384615,9.615384615384615
1991-09-02,Rock,26,49.53846153846154,45.57692307692308,34.73076923076923,9.692307692307692
1991-09-09,Rock,26,50.76923076923077,45.92307692307692,34.92307692307692,9.73076923076923
1991-09-16,Rock,26,50.26923076923077,43.38461538461539,36.69230769230769,8.807692307692308
1991-09-23,Rock,26,49.84615384615385,43.03846153846154,37.26923076923077,8.73076923076923
1991-09-30,Rock,26,48.61538461538461,42.26923076923077,39.07692307692308,8.23076923076923
1991-10-07,Rock,28,52.142857142857146,45.142857142857146,38.285714285714285,8.642857142857142
1991-10-14,Rock,27,51.629629629629626,43.77777777777778,40.074074074074076,8.407407407407407
1991-10-21,Rock,24,47.25,39.5,40.166666666666664,8.25
1991-10-28,Rock,22,42.90909090909091,43.5,35.90909090909091,9.045454545454545
1991-11-04,Rock,25,49.84,37.76,38.48,8.96
1991-11-11,Rock,24,48.375,40.458333333333336,38.333333333333336,9.25
1991-11-18,Rock,24,50.833333333333336,44.791666666666664,38.291666666666664,9.208333333333334
1991-11-25,Rock,22,57.31818181818182,44.86363636363637,39.77272727272727,9.181818181818182
1991-12-02,Rock,23,59.43478260869565,53.73913043478261,40.30434782608695,8.782608695652174
1991-12-09,Rock,21,58.95238095238095,55.714285714285715,37.04761904761905,9.619047619047619
1991-12-16,Rock,21,62.095238095238095,45.857142857142854,45.285714285714285,7.666666666666667
1991-12-23,Rock,21,62.095238095238095,62.095238095238095,45.285714285714285,8.666666666666666
1991-12-30,Rock,22,60.5,54.77272727272727,46.63636363636363,8.636363636363637
1992-01-06,Rock,21,59.76190476190476,57.04761904761905,48.523809523809526,8.142857142857142
1992-01-13,Rock,21,59.0,55.0,49.857142857142854,8.428571428571429
1992-01-20,Rock,18,51.0,52.833333333333336,40.111111111111114,9.333333333333334
1992-01-27,Rock,18,50.666666666666664,45.44444444444444,38.55555555555556,9.833333333333334
1992-02-03,Rock,18,53.388888888888886,43.05555555555556,40.611111111111114,9.444444444444445
1992-02-10,Rock,20,58.95,48.05,43.6,9.5
1992-02-17,Rock,17,51.1764705882353,52.23529411764706,37.705882352941174,9.882352941176471
1992-02-24,Rock,17,51.529411764705884,45.529411764705884,39.705882352941174,9.705882352941176
1992-03-02,Rock,16,49.9375,48.6875,37.0625,10.25
1992-03-09,Rock,16,51.6875,39.6875,41.875,8.875
1992-03-16,Rock,19,57.10526315789474,43.526315789473685,46.578947368421055,8.473684210526315
1992-03-23,Rock,20,58.55,54.25,45.2,9.05
1992-03-30,Rock,19,54.68421052631579,51.68421052631579,43.94736842105263,8.842105263157896
1992-04-06,Rock,19,54.21052631578947,47.26315789473684,45.63157894736842,7.947368421052632
1992-04-13,Rock,19,55.78947368421053,54.21052631578947,42.8421052631579,8.947368421052632
1992-04-20,Rock,17,52.88235294117647,48.294117647058826,39.23529411764706,8.941176470588236
1992-04-27,Rock,16,48.9375,50.125,35.9375,9.6875
1992-05-04,Rock,15,48.4,47.2,34.53333333333333,10.0
1992-05-11,Rock,16,55.875,40.125,39.6875,9.5
1992-05-18,Rock,14,51.57142857142857,50.214285714285715,34.92857142857143,9.928571428571429
1992-05-25,Rock,14,48.357142857142854,44.714285714285715,29.5,10.142857142857142
1992-06-01,Rock,14,50.714285714285715,44.92857142857143,34.07142857142857,9.428571428571429
1992-06-08,Rock,13,47.76923076923077,39.76923076923077,34.30769230769231,8.461538461538462
1992-06-15,Rock,14,51.42857142857143,44.357142857142854,35.07142857142857,8.857142857142858
1992-06-22,Rock,16,52.5625,39.25,37.6875,8.1875
1992-06-29,Rock,17,55.88235294117647,49.470588235294116,37.705882352941174,8.705882352941176
1992-07-06,Rock,18,55.888888888888886,47.388888888888886,35.5,9.88888888888889
1992-07-13,Rock,19,60.10526315789474,48.0,39.36842105263158,9.31578947368421
1992-07-20,Rock,18,59.833333333333336,58.22222222222222,37.77777777777778,9.833333333333334
1992-07-27,Rock,14,52.42857142857143,53.142857142857146,33.42857142857143,10.428571428571429
1992-08-03,Rock,15,54.666666666666664,42.6,34.8,10.4
1992-08-10,Rock,15,53.06666666666667,42.46666666666667,37.13333333333333,9.6
1992-08-17,Rock,16,57.0,43.75,43.25,8.75
1992-08-24,Rock,14,48.92857142857143,53.42857142857143,35.857142857142854,9.142857142857142
1992-08-31,Rock,14,48.357142857142854,35.642857142857146,38.642857142857146,8.928571428571429
1992-09-07,Rock,16,50.5,42.3125,40.75,8.8125
1992-09-14,Rock,16,49.75,50.5,37.3125,9.8125
1992-09-21,Rock,16,49.5625,49.75,35.1875,10.8125
1992-09-28,Rock,18,53.888888888888886,44.05555555555556,38.111111111111114,10.61111111111111
1992-10-05,Rock,18,55.0,48.44444444444444,37.166666666666664,11.11111111111111
1992-10-12,Rock,15,46.733333333333334,40.53333333333333,37.266666666666666,9.333333333333334
1992-10-19,Rock,16,47.8125,37.8125,40.3125,8.8125
1992-10-26,Rock,16,43.5,41.5625,35.875,9.375
1992-11-02,Rock,16,42.0,37.375,32.0,10.3125
1992-11-09,Rock,15,44.8,32.266666666666666,36.93333333333333,8.733333333333333
1992-11-16,Rock,16,45.75,42.0,36.3125,9.1875
1992-11-23,Rock,15,42.4,42.4,33.46666666666667,9.733333333333333
1992-11-30,Rock,16,48.0625,39.75,35.25,10.125
1992-12-07,Rock,16,47.625,36.0,35.9375,10.0625
1992-12-14,Rock,16,48.0,38.5,39.4375,8.8125
1992-12-21,Rock,18,51.888888888888886,42.666666666666664,42.94444444444444,8.833333333333334
1992-12-28,Rock,17,51.0,50.76470588235294,43.8235294117647,9.176470588235293
1993-01-04,Rock,17,55.470588235294116,47.76470588235294,46.88235294117647,9.0
1993-01-11,Rock,17,52.1764705882353,55.470588235294116,42.94117647058823,10.0
1993-01-18,Rock,19,54.78947368421053,46.68421052631579,42.31578947368421,9.947368421052632
1993-01-25,Rock,18,55.833333333333336,49.77777777777778,40.666666666666664,9.61111111111111
1993-02-01,Rock,16,55.0625,53.6875,38.1875,9.9375
1993-02-08,Rock,16,55.75,42.75,39.25,9.4375
1993-02-15,Rock,15,57.13333333333333,48.4,40.93333333333333,9.2
1993-02-22,Rock,13,50.84615384615385,51.0,39.76923076923077,8.846153846153847
1993-03-01,Rock,13,53.15384615384615,45.07692307692308,42.0,8.307692307692308
1993-03-08,Rock,14,53.785714285714285,42.214285714285715,40.42857142857143,8.5
1993-03-15,Rock,13,56.0,50.23076923076923,34.46153846153846,9.76923076923077
1993-03-22,Rock,12,52.833333333333336,44.25,36.916666666666664,9.0
1993-03-29,Rock,11,54.54545454545455,43.63636363636363,41.63636363636363,7.636363636363637
1993-04-05,Rock,10,50.4,50.4,37.6,8.4
1993-04-12,Rock,11,51.54545454545455,28.363636363636363,47.90909090909091,6.090909090909091
1993-04-19,Rock,11,45.63636363636363,51.54545454545455,41.54545454545455,7.090909090909091
1993-04-26,Rock,11,44.36363636363637,45.63636363636363,37.63636363636363,8.090909090909092
1993-05-03,Rock,14,54.07142857142857,34.857142857142854,45.714285714285715,7.357142857142857
1993-05-10,Rock,13,48.84615384615385,50.53846153846154,40.23076923076923,8.23076923076923
1993-05-17,Rock,13,51.38461538461539,48.84615384615385,37.38461538461539,9.23076923076923
1993-05-24,Rock,11,44.45454545454545,43.18181818181818,29.545454545454547,10.545454545454545
1993-05-31,Rock,11,45.63636363636363,36.0,29.454545454545453,10.727272727272727
1993-06-07,Rock,11,54.45454545454545,35.72727272727273,43.90909090909091,7.909090909090909
1993-06-14,Rock,12,58.166666666666664,49.916666666666664,45.166666666666664,8.25
1993-06-21,Rock,11,51.27272727272727,54.45454545454545,38.09090909090909,9.090909090909092
1993-06-28,Rock,11,51.0,44.90909090909091,40.72727272727273,8.272727272727273
1993-07-05,Rock,10,48.1,46.7,40.7,8.4
1993-07-12,Rock,9,42.44444444444444,43.333333333333336,32.666666666666664,9.88888888888889
1993-07-19,Rock,10,53.6,38.2,38.3,9.9
1993-07-26,Rock,9,49.44444444444444,40.0,37.0,9.444444444444445
1993-08-02,Rock,9,48.55555555555556,49.44444444444444,32.111111111111114,10.444444444444445
1993-08-09,Rock,10,54.8,37.2,44.0,8.4
1993-08-16,Rock,11,54.63636363636363,49.81818181818182,43.18181818181818,8.636363636363637
1993-08-23,Rock,10,50.0,51.0,41.6,8.9
1993-08-30,Rock,11,54.27272727272727,45.45454545454545,44.90909090909091,9.090909090909092
1993-09-06,Rock,11,46.27272727272727,45.18181818181818,35.72727272727273,9.727272727272727
1993-09-13,Rock,11,44.90909090909091,37.36363636363637,36.0,9.727272727272727
1993-09-20,Rock,10,36.2,40.7,30.3,9.7
1993-09-27,Rock,10,32.4,36.2,25.7,10.7
1993-10-04,Rock,12,43.0,22.916666666666668,40.0,7.833333333333333
1993-10-11,Rock,12,40.5,43.0,35.916666666666664,8.833333333333334
1993-10-18,Rock,14,44.92857142857143,34.714285714285715,40.0,8.571428571428571
1993-10-25,Rock,13,42.0,44.61538461538461,38.61538461538461,8.692307692307692
1993-11-01,Rock,14,45.07142857142857,39.0,38.214285714285715,9.071428571428571
1993-11-08,Rock,14,43.214285714285715,45.07142857142857,35.0,10.071428571428571
1993-11-15,Rock,14,40.285714285714285,36.92857142857143,34.142857142857146,10.285714285714286
1993-11-22,Rock,15,42.4,37.6,33.266666666666666,10.6
1993-11-29,Rock,15,40.93333333333333,42.4,29.2,11.6
1993-12-06,Rock,14,41.5,33.214285714285715,30.642857142857142,10.928571428571429
1993-12-13,Rock,15,42.86666666666667,38.733333333333334,30.066666666666666,11.2
1993-12-20,Rock,14,42.642857142857146,35.857142857142854,31.5,10.428571428571429
1993-12-27,Rock,13,40.53846153846154,41.92307692307692,30.46153846153846,10.692307692307692
1994-01-03,Rock,13,41.92307692307692,40.53846153846154,29.923076923076923,11.692307692307692
1994-01-10,Rock,14,43.92857142857143,38.92857142857143,33.42857142857143,11.857142857142858
1994-01-17,Rock,14,41.07142857142857,43.92857142857143,29.428571428571427,12.857142857142858
1994-01-24,Rock,12,39.916666666666664,38.666666666666664,29.583333333333332,12.416666666666666
1994-01-31,Rock,12,42.5,35.75,33.833333333333336,11.166666666666666
1994-02-07,Rock,12,41.916666666666664,42.5,32.25,12.166666666666666
1994-02-14,Rock,13,46.61538461538461,38.69230769230769,34.23076923076923,12.23076923076923
1994-02-21,Rock,12,43.75,36.666666666666664,36.583333333333336,10.916666666666666
1994-02-28,Rock,13,46.15384615384615,40.38461538461539,37.15384615384615,11.076923076923077
1994-03-07,Rock,13,45.84615384615385,46.15384615384615,34.30769230769231,12.076923076923077
1994-03-14,Rock,13,48.76923076923077,38.69230769230769,36.30769230769231,12.076923076923077
1994-03-21,Rock,13,50.84615384615385,42.84615384615385,40.38461538461539,11.538461538461538
1994-03-28,Rock,14,56.214285714285715,47.214285714285715,42.857142857142854,11.714285714285714
1994-04-04,Rock,11,47.36363636363637,49.27272727272727,40.09090909090909,11.636363636363637
1994-04-11,Rock,12,52.75,43.416666666666664,43.083333333333336,11.666666666666666
1994-04-18,Rock,12,54.916666666666664,52.75,42.333333333333336,12.666666666666666
1994-04-25,Rock,11,60.36363636363637,56.18181818181818,46.0,12.818181818181818
1994-05-02,Rock,9,62.77777777777778,49.22222222222222,50.77777777777778,11.11111111111111
1994-05-09,Rock,7,60.42857142857143,60.285714285714285,46.857142857142854,11.857142857142858
1994-05-16,Rock,7,60.42857142857143,46.714285714285715,48.0,11.714285714285714
1994-05-23,Rock,8,62.375,52.875,47.5,11.25
1994-05-30,Rock,8,57.25,52.0,50.75,9.75
1994-06-06,Rock,10,60.7,45.8,53.8,8.8
1994-06-13,Rock,12,60.333333333333336,50.583333333333336,53.333333333333336,8.333333333333334
1994-06-20,Rock,13,59.30769230769231,55.69230769230769,51.0,8.692307692307692
1994-06-27,Rock,13,56.15384615384615,59.30769230769231,47.69230769230769,9.692307692307692
1994-07-04,Rock,13,56.38461538461539,51.07692307692308,51.69230769230769,9.153846153846153
1994-07-11,Rock,13,56.84615384615385,52.61538461538461,53.07692307692308,7.538461538461538
1994-07-18,Rock,12,48.166666666666664,53.583333333333336,44.166666666666664,7.666666666666667
1994-07-25,Rock,12,49.916666666666664,48.166666666666664,42.5,8.666666666666666
1994-08-01,Rock,12,50.25,41.833333333333336,42.083333333333336,9.083333333333334
1994-08-08,Rock,13,55.46153846153846,46.38461538461539,44.46153846153846,9.384615384615385
1994-08-15,Rock,12,54.833333333333336,44.666666666666664,47.416666666666664,8.666666666666666
1994-08-22,Rock,13,57.69230769230769,42.92307692307692,52.23076923076923,8.23076923076923
1994-08-29,Rock,14,59.5,53.57142857142857,52.857142857142854,8.642857142857142
1994-09-05,Rock,14,57.214285714285715,59.5,49.57142857142857,9.642857142857142
1994-09-12,Rock,12,52.166666666666664,50.5,41.833333333333336,11.333333333333334
1994-09-19,Rock,12,52.75,52.166666666666664,40.333333333333336,12.333333333333334
1994-09-26,Rock,14,57.57142857142857,38.142857142857146,47.642857142857146,10.357142857142858
1994-10-03,Rock,13,54.84615384615385,54.30769230769231,42.92307692307692,11.0
1994-10-10,Rock,14,54.5,44.0,44.714285714285715,10.642857142857142
1994-10-17,Rock,14,55.5,54.5,42.857142857142854,11.642857142857142
1994-10-24,Rock,14,57.0,45.5,48.285714285714285,9.571428571428571
1994-10-31,Rock,13,49.53846153846154,53.92307692307692,45.0,10.076923076923077
1994-11-07,Rock,13,49.69230769230769,49.53846153846154,42.61538461538461,11.076923076923077
1994-11-14,Rock,14,53.642857142857146,46.142857142857146,44.857142857142854,11.285714285714286
1994-11-21,Rock,12,51.416666666666664,52.666666666666664,46.083333333333336,10.083333333333334
1994-11-28,Rock,13,58.53846153846154,47.46153846153846,48.69230769230769,10.307692307692308
1994-12-05,Rock,13,56.53846153846154,51.23076923076923,46.30769230769231,11.076923076923077
1994-12-12,Rock,13,58.61538461538461,56.53846153846154,45.07692307692308,12.076923076923077
1994-12-19,Rock,13,60.0,58.61538461538461,44.84615384615385,13.076923076923077
1994-12-26,Rock,14,63.92857142857143,55.714285714285715,45.92857142857143,13.142857142857142
1995-01-02,Rock,13,65.76923076923077,61.53846153846154,42.61538461538461,14.23076923076923
1995-01-09,Rock,12,63.5,55.833333333333336,41.75,15.25
1995-01-16,Rock,10,62.7,59.4,40.0,15.7
1995-01-23,Rock,8,57.375,53.75,32.75,17.0
1995-01-30,Rock,9,61.111111111111114,40.0,42.22222222222222,14.555555555555555
1995-02-06,Rock,10,59.3,55.0,38.4,14.1
1995-02-13,Rock,10,61.1,51.1,40.1,13.1
1995-02-20,Rock,10,56.9,41.6,43.5,11.6
1995-02-27,Rock,8,50.375,53.125,40.875,10.625
1995-03-06,Rock,8,51.5,50.375,39.5,11.625
1995-03-13,Rock,8,54.125,45.375,47.125,7.375
1995-03-20,Rock,11,58.0,39.36363636363637,51.27272727272727,6.363636363636363
1995-03-27,Rock,11,59.18181818181818,58.0,48.81818181818182,7.363636363636363
1995-04-03,Rock,11,59.36363636363637,59.18181818181818,46.36363636363637,8.363636363636363
1995-04-10,Rock,9,55.22222222222222,55.888888888888886,47.0,7.111111111111111
1995-04-17,Rock,9,53.22222222222222,44.888888888888886,48.111111111111114,7.111111111111111
1995-04-24,Rock,10,57.5,47.9,50.5,7.4
1995-05-01,Rock,9,53.55555555555556,53.0,47.333333333333336,8.11111111111111
1995-05-08,Rock,10,54.3,48.2,45.9,8.3
1995-05-15,Rock,9,49.666666666666664,49.333333333333336,42.44444444444444,9.777777777777779
1995-05-22,Rock,10,50.5,44.7,42.2,9.8
1995-05-29,Rock,11,54.81818181818182,45.90909090909091,42.90909090909091,9.909090909090908
1995-06-05,Rock,13,59.30769230769231,46.38461538461539,44.07692307692308,9.384615384615385
1995-06-12,Rock,11,56.0,53.36363636363637,42.0,10.363636363636363
1995-06-19,Rock,10,49.4,47.4,37.9,8.4
1995-06-26,Rock,11,50.0,44.90909090909091,36.63636363636363,8.636363636363637
1995-07-03,Rock,12,51.583333333333336,38.083333333333336,43.583333333333336,7.583333333333333
1995-07-10,Rock,11,48.0,49.09090909090909,43.27272727272727,7.454545454545454
1995-07-17,Rock,11,47.63636363636363,39.63636363636363,45.54545454545455,6.909090909090909
1995-07-24,Rock,13,51.15384615384615,40.30769230769231,46.92307692307692,8.153846153846153
1995-07-31,Rock,14,52.142857142857146,47.5,47.214285714285715,8.571428571428571
1995-08-07,Rock,13,47.61538461538461,48.69230769230769,41.38461538461539,10.076923076923077
1995-08-14,Rock,12,45.166666666666664,43.333333333333336,40.25,10.25
1995-08-21,Rock,12,46.083333333333336,45.166666666666664,39.0,11.25
1995-08-28,Rock,13,51.15384615384615,42.53846153846154,39.84615384615385,11.384615384615385
1995-09-04,Rock,14,52.142857142857146,47.5,38.785714285714285,11.571428571428571
1995-09-11,Rock,14,55.357142857142854,52.142857142857146,37.214285714285715,12.571428571428571
1995-09-18,Rock,12,50.25,48.0,30.5,14.333333333333334
1995-09-25,Rock,11,49.18181818181818,46.09090909090909,27.454545454545453,15.545454545454545
1995-10-02,Rock,12,52.333333333333336,45.083333333333336,32.0,15.25
1995-10-09,Rock,12,53.166666666666664,44.75,31.5,14.583333333333334
1995-10-16,Rock,10,50.4,47.6,31.8,14.8
1995-10-23,Rock,7,31.0,31.0,25.571428571428573,16.142857142857142
1995-10-30,Rock,7,30.857142857142858,31.0,24.0,17.142857142857142
1995-11-06,Rock,7,31.285714285714285,30.857142857142858,23.428571428571427,18.142857142857142
1995-11-13,Rock,7,34.57142857142857,22.0,28.857142857142858,16.285714285714285
1995-11-20,Rock,9,46.22222222222222,26.88888888888889,40.44444444444444,13.666666666666666
1995-11-27,Rock,10,47.2,41.6,40.1,13.3
1995-12-04,Rock,10,49.9,47.2,39.8,14.3
1995-12-11,Rock,10,49.8,49.9,36.6,15.3
1995-12-18,Rock,9,45.77777777777778,45.44444444444444,32.0,17.555555555555557
1995-12-25,Rock,11,46.27272727272727,37.45454545454545,31.09090909090909,15.363636363636363
1996-01-01,Rock,11,47.09090909090909,46.27272727272727,29.636363636363637,16.363636363636363
1996-01-08,Rock,11,47.09090909090909,47.09090909090909,29.363636363636363,17.363636363636363
1996-01-15,Rock,10,44.6,46.0,27.7,18.1
1996-01-22,Rock,10,42.4,37.2,28.6,17.1
1996-01-29,Rock,10,44.0,42.4,26.5,18.1
1996-02-05,Rock,9,45.44444444444444,43.333333333333336,26.88888888888889,16.77777777777778
1996-02-12,Rock,8,42.0,38.875,20.375,18.375
1996-02-19,Rock,8,45.0,42.0,20.0,19.375
1996-02-26,Rock,7,43.857142857142854,44.285714285714285,21.142857142857142,16.142857142857142
1996-03-04,Rock,8,41.5,26.25,24.625,13.375
1996-03-11,Rock,6,34.0,30.833333333333332,29.0,11.0
1996-03-18,Rock,8,39.75,25.5,34.625,9.25
1996-03-25,Rock,8,41.0,39.75,33.25,10.25
1996-04-01,Rock,9,45.666666666666664,36.44444444444444,38.77777777777778,10.11111111111111
1996-04-08,Rock,11,51.18181818181818,37.36363636363637,43.36363636363637,9.272727272727273
1996-04-15,Rock,11,52.09090909090909,51.18181818181818,41.81818181818182,10.272727272727273
1996-04-22,Rock,11,51.18181818181818,52.09090909090909,40.0,11.272727272727273
1996-04-29,Rock,11,52.63636363636363,51.18181818181818,38.18181818181818,12.272727272727273
1996-05-06,Rock,10,50.2,49.1,40.9,13.8
1996-05-13,Rock,10,51.1,50.2,40.3,14.8
1996-05-20,Rock,10,52.0,51.1,39.5,15.8
1996-05-27,Rock,9,55.22222222222222,52.22222222222222,41.333333333333336,14.777777777777779
1996-06-03,Rock,10,55.7,49.7,37.9,14.3
1996-06-10,Rock,9,52.333333333333336,52.0,38.111111111111114,14.666666666666666
1996-06-17,Rock,9,53.22222222222222,52.333333333333336,37.55555555555556,15.666666666666666
1996-06-24,Rock,10,57.3,47.9,40.5,15.1
1996-07-01,Rock,11,63.09090909090909,52.09090909090909,45.09090909090909,14.727272727272727
1996-07-08,Rock,10,63.7,64.5,45.1,13.8
1996-07-15,Rock,12,63.25,53.083333333333336,45.666666666666664,12.5
1996-07-22,Rock,11,60.0,55.45454545454545,46.54545454545455,11.0
1996-07-29,Rock,11,58.27272727272727,60.0,44.54545454545455,12.0
1996-08-05,Rock,10,53.6,54.3,42.1,12.2
1996-08-12,Rock,10,54.1,49.0,44.7,9.9
1996-08-19,Rock,10,56.5,54.1,43.8,10.9
1996-08-26,Rock,9,48.44444444444444,41.111111111111114,39.44444444444444,8.666666666666666
1996-09-02,Rock,9,48.888888888888886,48.44444444444444,37.666666666666664,9.666666666666666
1996-09-09,Rock,9,51.0,48.888888888888886,36.55555555555556,10.666666666666666
1996-09-16,Rock,9,53.0,41.0,39.44444444444444,10.444444444444445
1996-09-23,Rock,9,54.22222222222222,53.0,38.888888888888886,11.444444444444445
1996-09-30,Rock,9,54.888888888888886,54.22222222222222,38.0,12.444444444444445
1996-10-07,Rock,9,59.22222222222222,54.888888888888886,37.44444444444444,13.444444444444445
1996-10-14,Rock,7,54.42857142857143,49.142857142857146,31.0,16.428571428571427
1996-10-21,Rock,5,39.2,36.8,23.8,17.2
1996-10-28,Rock,5,41.0,39.2,23.8,18.2
1996-11-04,Rock,5,41.6,22.0,29.4,15.4
1996-11-11,Rock,5,43.4,41.6,28.0,16.4
1996-11-18,Rock,5,41.8,43.4,26.4,17.4
1996-11-25,Rock,5,45.0,41.8,26.2,18.4
1996-12-02,Rock,5,46.2,45.0,26.2,19.4
1996-12-09,Rock,4,39.5,35.75,26.75,20.25
1996-12-16,Rock,5,51.0,31.6,40.6,17.2
1996-12-23,Rock,5,48.8,51.0,37.2,18.2
1996-12-30,Rock,5,48.0,48.8,33.8,19.2
1997-01-06,Rock,5,48.0,48.0,31.6,20.2
1997-01-13,Rock,5,43.2,48.0,30.8,21.2
1997-01-20,Rock,5,44.4,43.2,30.6,22.2
1997-01-27,Rock,5,46.2,44.4,30.2,23.2
1997-02-03,Rock,5,48.2,46.2,29.4,24.2
1997-02-10,Rock,4,46.5,48.75,32.25,25.25
1997-02-17,Rock,7,45.857142857142854,26.571428571428573,34.142857142857146,15.428571428571429
1997-02-24,Rock,9,55.22222222222222,35.666666666666664,43.111111111111114,13.0
1997-03-03,Rock,8,57.0,56.125,44.875,9.625
1997-03-10,Rock,7,54.42857142857143,52.142857142857146,41.857142857142854,9.428571428571429
1997-03-17,Rock,8,56.75,47.625,41.125,10.125
1997-03-24,Rock,7,54.57142857142857,52.0,38.857142857142854,11.857142857142858
1997-03-31,Rock,8,57.0,47.75,40.625,11.375
1997-04-07,Rock,8,57.25,57.0,40.0,12.375
1997-04-14,Rock,8,56.625,57.25,39.375,13.375
1997-04-21,Rock,8,51.125,44.625,31.25,13.375
1997-04-28,Rock,8,52.75,51.125,31.125,14.375
1997-05-05,Rock,7,47.142857142857146,46.285714285714285,33.57142857142857,15.857142857142858
1997-05-12,Rock,7,51.285714285714285,40.0,39.42857142857143,10.714285714285714
1997-05-19,Rock,8,55.375,44.875,42.25,10.375
1997-05-26,Rock,8,56.25,55.375,41.375,11.375
1997-06-02,Rock,8,59.75,56.25,41.125,12.375
1997-06-09,Rock,6,50.5,46.5,38.166666666666664,13.333333333333334
1997-06-16,Rock,5,53.8,50.8,38.6,11.8
1997-06-23,Rock,6,62.166666666666664,44.833333333333336,45.333333333333336,10.833333333333334
1997-06-30,Rock,6,64.83333333333333,62.166666666666664,44.666666666666664,11.833333333333334
1997-07-07,Rock,4,67.75,65.5,50.0,8.0
1997-07-14,Rock,5,75.0,54.2,51.4,7.4
1997-07-21,Rock,5,76.8,75.0,51.4,8.4
1997-07-28,Rock,4,77.5,72.75,48.25,9.0
1997-08-04,Rock,4,77.0,77.5,48.25,10.0
1997-08-11,Rock,4,77.5,77.0,48.25,11.0
1997-08-18,Rock,5,75.6,62.0,50.2,9.8
1997-08-25,Rock,4,77.25,70.25,54.5,8.75
1997-09-01,Rock,4,83.0,77.25,54.5,9.75
1997-09-08,Rock,2,74.5,69.0,44.5,11.0
1997-09-15,Rock,2,79.5,74.5,44.5,12.0
1997-09-22,Rock,2,82.0,79.5,44.5,13.0
1997-09-29,Rock,2,86.0,35.5,73.0,4.0
1997-10-06,Rock,3,81.0,57.333333333333336,70.0,3.6666666666666665
1997-10-13,Rock,3,79.0,81.0,68.66666666666667,4.666666666666667
1997-10-20,Rock,3,73.33333333333333,79.0,65.0,5.666666666666667
1997-10-27,Rock,3,74.66666666666667,73.33333333333333,62.666666666666664,6.666666666666667
1997-11-03,Rock,2,78.0,68.5,68.5,5.5
1997-11-10,Rock,1,59.0,59.0,52.0,6.0
1997-11-17,Rock,1,72.0,59.0,52.0,7.0
1997-11-24,Rock,2,58.5,36.0,41.5,4.5
1997-12-01,Rock,3,72.0,39.0,56.0,4.0
1997-12-08,Rock,2,70.5,58.0,58.0,2.5
1997-12-15,Rock,3,79.66666666666667,47.0,70.66666666666667,2.6666666666666665
1997-12-22,Rock,2,69.5,72.5,62.0,3.5
1997-12-29,Rock,2,68.5,69.5,62.0,4.5
1998-01-05,Rock,2,66.0,68.5,62.0,5.5
1998-01-12,Rock,2,66.0,66.0,57.5,6.5
1998-01-19,Rock,2,69.5,66.0,57.5,7.5
1998-01-26,Rock,2,74.5,69.5,57.5,8.5
1998-02-02,Rock,1,57.0,52.0,28.0,11.0
1998-02-09,Rock,2,55.5,28.5,38.0,6.5
1998-02-16,Rock,3,64.0,37.0,53.0,5.333333333333333
1998-02-23,Rock,4,56.25,48.0,47.25,5.0
1998-03-02,Rock,5,63.8,45.0,54.4,5.0
1998-03-09,Rock,5,64.8,63.8,54.0,6.0
1998-03-16,Rock,6,68.83333333333333,54.0,56.333333333333336,6.0
1998-03-23,Rock,7,64.0,59.0,49.285714285714285,6.142857142857143
1998-03-30,Rock,7,61.142857142857146,49.714285714285715,45.857142857142854,6.571428571428571
1998-04-06,Rock,7,51.42857142857143,47.285714285714285,43.714285714285715,4.857142857142857
1998-04-13,Rock,7,52.0,51.42857142857143,41.857142857142854,5.857142857142857
1998-04-20,Rock,7,52.857142857142854,52.0,40.142857142857146,6.857142857142857
1998-04-27,Rock,7,51.714285714285715,52.857142857142854,38.0,7.857142857142857
1998-05-04,Rock,8,57.0,45.25,39.625,7.875
1998-05-11,Rock,8,59.5,57.0,39.625,8.875
1998-05-18,Rock,7,55.42857142857143,54.714285714285715,34.714285714285715,9.285714285714286
1998-05-25,Rock,6,52.833333333333336,49.0,36.0,9.666666666666666
1998-06-01,Rock,6,54.333333333333336,52.833333333333336,36.0,10.666666666666666
1998-06-08,Rock,6,53.333333333333336,54.333333333333336,36.0,11.666666666666666
1998-06-15,Rock,6,57.333333333333336,53.333333333333336,36.0,12.666666666666666
1998-06-22,Rock,5,50.0,49.2,33.6,12.4
1998-06-29,Rock,6,51.833333333333336,41.666666666666664,35.0,11.333333333333334
1998-07-06,Rock,6,59.5,51.833333333333336,35.0,12.333333333333334
1998-07-13,Rock,6,68.16666666666667,44.166666666666664,40.333333333333336,10.833333333333334
1998-07-20,Rock,7,72.28571428571429,58.42857142857143,46.142857142857146,10.285714285714286
1998-07-27,Rock,7,60.42857142857143,72.28571428571429,36.42857142857143,11.285714285714286
1998-08-03,Rock,6,55.666666666666664,55.166666666666664,34.666666666666664,10.833333333333334
1998-08-10,Rock,5,53.6,51.4,38.6,10.0
1998-08-17,Rock,5,54.6,53.6,37.2,11.0
1998-08-24,Rock,5,52.2,54.6,35.8,12.0
1998-08-31,Rock,6,48.833333333333336,43.5,30.0,11.0
1998-09-07,Rock,6,44.5,32.5,30.0,9.0
1998-09-14,Rock,6,44.5,44.5,29.166666666666668,10.0
1998-09-21,Rock,6,46.666666666666664,44.5,28.333333333333332,11.0
1998-09-28,Rock,7,51.857142857142854,40.0,33.0,10.428571428571429
1998-10-05,Rock,6,48.666666666666664,45.0,30.666666666666668,11.333333333333334
1998-10-12,Rock,6,49.833333333333336,48.666666666666664,30.666666666666668,12.333333333333334
1998-10-19,Rock,6,51.833333333333336,41.5,38.333333333333336,8.666666666666666
1998-10-26,Rock,6,52.5,51.833333333333336,38.333333333333336,9.666666666666666
1998-11-02,Rock,6,51.666666666666664,52.5,38.333333333333336,10.666666666666666
1998-11-09,Rock,6,57.833333333333336,51.666666666666664,38.333333333333336,11.666666666666666
1998-11-16,Rock,5,51.8,49.8,37.6,11.0
1998-11-23,Rock,5,51.4,51.8,37.6,12.0
1998-11-30,Rock,10,65.7,1.2,62.1,2.3
1998-12-07,Rock,10,66.5,65.7,60.7,3.3
1998-12-14,Rock,11,66.18181818181819,60.45454545454545,59.81818181818182,4.0
1998-12-21,Rock,11,61.18181818181818,57.27272727272727,51.72727272727273,4.7272727272727275
1998-12-28,Rock,11,61.90909090909091,61.18181818181818,51.09090909090909,5.7272727272727275
1999-01-04,Rock,11,58.81818181818182,61.90909090909091,50.09090909090909,6.7272727272727275
1999-01-11,Rock,11,57.90909090909091,58.81818181818182,48.54545454545455,7.7272727272727275
1999-01-18,Rock,10,60.2,57.0,52.5,7.5
1999-01-25,Rock,10,60.6,60.2,52.2,8.5
1999-02-01,Rock,9,58.22222222222222,57.111111111111114,47.888888888888886,9.444444444444445
1999-02-08,Rock,9,65.55555555555556,53.22222222222222,54.55555555555556,9.333333333333334
1999-02-15,Rock,9,66.0,65.55555555555556,52.111111111111114,10.333333333333334
1999-02-22,Rock,11,71.45454545454545,54.0,57.72727272727273,9.454545454545455
1999-03-01,Rock,12,74.33333333333333,65.5,59.666666666666664,9.666666666666666
1999-03-08,Rock,12,73.83333333333333,66.08333333333333,64.91666666666667,9.75
1999-03-15,Rock,11,73.27272727272727,72.54545454545455,61.18181818181818,11.363636363636363
1999-03-22,Rock,12,75.66666666666667,59.916666666666664,66.41666666666667,10.083333333333334
1999-03-29,Rock,9,68.0,69.11111111111111,61.888888888888886,8.777777777777779
1999-04-05,Rock,12,70.75,51.0,64.5,7.583333333333333
1999-04-12,Rock,12,70.58333333333333,63.25,65.41666666666667,7.0
1999-04-19,Rock,11,66.18181818181819,68.18181818181819,61.63636363636363,8.090909090909092
1999-04-26,Rock,12,64.08333333333333,60.666666666666664,54.333333333333336,10.0
1999-05-03,Rock,12,59.833333333333336,56.0,55.083333333333336,9.833333333333334
1999-05-10,Rock,11,54.90909090909091,56.63636363636363,51.90909090909091,11.090909090909092
1999-05-17,Rock,11,54.72727272727273,46.36363636363637,50.54545454545455,11.545454545454545
1999-05-24,Rock,12,59.083333333333336,50.166666666666664,51.083333333333336,11.583333333333334
1999-05-31,Rock,12,60.5,50.833333333333336,48.083333333333336,11.25
1999-06-07,Rock,11,57.54545454545455,57.18181818181818,45.63636363636363,12.272727272727273
1999-06-14,Rock,12,60.583333333333336,52.75,47.0,12.25
1999-06-21,Rock,11,54.90909090909091,58.0,41.36363636363637,13.181818181818182
1999-06-28,Rock,11,53.54545454545455,47.90909090909091,39.54545454545455,13.818181818181818
1999-07-05,Rock,10,49.5,49.6,36.6,14.9
1999-07-12,Rock,10,50.4,35.2,42.6,10.7
1999-07-19,Rock,8,37.875,38.5,33.25,10.0
1999-07-26,Rock,9,42.22222222222222,33.666666666666664,37.22222222222222,9.88888888888889
1999-08-02,Rock,9,37.55555555555556,37.0,35.55555555555556,7.222222222222222
1999-08-09,Rock,10,46.3,33.8,39.4,7.5
1999-08-16,Rock,10,47.5,46.3,36.3,8.5
1999-08-23,Rock,10,49.0,47.5,34.6,9.5
1999-08-30,Rock,9,50.666666666666664,48.333333333333336,37.666666666666664,9.333333333333334
1999-09-06,Rock,9,48.77777777777778,40.111111111111114,44.44444444444444,9.777777777777779
1999-09-13,Rock,9,52.77777777777778,48.77777777777778,44.0,10.777777777777779
1999-09-20,Rock,9,53.22222222222222,52.77777777777778,43.55555555555556,11.777777777777779
1999-09-27,Rock,10,56.3,47.9,46.6,11.6
1999-10-04,Rock,11,57.45454545454545,51.18181818181818,48.09090909090909,11.545454545454545
1999-10-11,Rock,11,56.09090909090909,48.81818181818182,46.45454545454545,11.545454545454545
1999-10-18,Rock,9,52.0,53.0,45.888888888888886,11.666666666666666
1999-10-25,Rock,11,57.45454545454545,42.54545454545455,50.09090909090909,10.545454545454545
1999-11-01,Rock,11,56.63636363636363,57.45454545454545,47.36363636363637,11.545454545454545
1999-11-08,Rock,11,57.81818181818182,56.63636363636363,46.81818181818182,12.545454545454545
1999-11-15,Rock,12,60.916666666666664,47.5,53.25,10.833333333333334
1999-11-22,Rock,12,58.416666666666664,60.916666666666664,49.666666666666664,11.833333333333334
1999-11-29,Rock,14,61.214285714285715,43.642857142857146,55.5,9.714285714285714
1999-12-06,Rock,13,62.38461538461539,62.07692307692308,53.07692307692308,9.846153846153847
1999-12-13,Rock,12,62.166666666666664,63.416666666666664,55.25,9.166666666666666
1999-12-20,Rock,11,57.45454545454545,59.36363636363637,50.81818181818182,10.090909090909092
1999-12-27,Rock,10,58.2,58.3,53.7,9.3
2000-01-03,Rock,10,58.7,58.2,53.1,10.3
2000-01-10,Rock,10,58.5,58.7,52.9,11.3
2000-01-17,Rock,10,59.5,58.5,51.0,12.3
2000-01-24,Rock,9,64.44444444444444,59.333333333333336,49.77777777777778,12.444444444444445
2000-01-31,Rock,9,58.55555555555556,64.44444444444444,47.111111111111114,13.444444444444445
2000-02-07,Rock,10,61.1,52.7,49.6,13.1
2000-02-14,Rock,8,56.0,52.75,43.75,13.5
2000-02-21,Rock,8,58.875,56.0,43.375,14.5
2000-02-28,Rock,8,62.125,58.875,43.125,15.5
2000-03-06,Rock,8,63.75,62.125,42.875,16.5
2000-03-13,Rock,8,62.75,51.5,43.0,15.0
2000-03-20,Rock,9,60.888888888888886,45.44444444444444,48.333333333333336,14.555555555555555
2000-03-27,Rock,8,58.125,56.625,46.5,15.0
2000-04-03,Rock,7,51.142857142857146,52.142857142857146,38.714285714285715,15.571428571428571
2000-04-10,Rock,6,51.666666666666664,51.333333333333336,40.333333333333336,14.666666666666666
2000-04-17,Rock,5,46.8,43.0,33.0,16.6
2000-04-24,Rock,5,60.6,37.2,47.2,12.4
2000-05-01,Rock,6,67.33333333333333,50.5,53.333333333333336,11.333333333333334
2000-05-08,Rock,7,72.0,51.57142857142857,65.0,7.428571428571429
2000-05-15,Rock,7,70.71428571428571,72.0,61.857142857142854,8.428571428571429
2000-05-22,Rock,6,67.16666666666667,67.0,58.833333333333336,9.333333333333334
2000-05-29,Rock,6,62.5,67.16666666666667,54.833333333333336,10.333333333333334
2000-06-05,Rock,6,56.166666666666664,46.166666666666664,56.166666666666664,9.333333333333334
2000-06-12,Rock,6,52.333333333333336,56.166666666666664,52.333333333333336,10.333333333333334
2000-06-19,Rock,6,53.5,52.333333333333336,50.333333333333336,11.333333333333334
2000-06-26,Rock,6,54.833333333333336,53.5,49.833333333333336,12.333333333333334
2000-07-03,Rock,7,57.142857142857146,47.0,52.857142857142854,11.571428571428571
2000-07-10,Rock,7,55.142857142857146,44.0,52.857142857142854,11.0
2000-07-17,Rock,7,50.142857142857146,55.142857142857146,48.42857142857143,12.0
2000-07-24,Rock,8,52.875,43.875,49.625,11.5
2000-07-31,Rock,8,54.0,52.875,47.75,12.5
2000-08-07,Rock,9,55.666666666666664,48.0,48.44444444444444,12.11111111111111
2000-08-14,Rock,9,55.888888888888886,55.666666666666664,47.666666666666664,13.11111111111111
2000-08-21,Rock,9,55.111111111111114,55.888888888888886,45.77777777777778,14.11111111111111
2000-08-28,Rock,8,48.25,49.5,41.25,15.375
2000-09-04,Rock,8,45.5,48.25,38.5,16.375
2000-09-11,Rock,8,43.625,45.5,36.875,17.375
2000-09-18,Rock,8,44.0,43.625,34.75,18.375
2000-09-25,Rock,7,35.57142857142857,36.714285714285715,26.714285714285715,19.142857142857142
2000-10-02,Rock,9,42.111111111111114,27.666666666666668,33.0,15.88888888888889
2000-10-09,Rock,9,40.666666666666664,42.111111111111114,31.333333333333332,16.88888888888889
2000-10-16,Rock,9,41.55555555555556,40.666666666666664,30.11111111111111,17.88888888888889
2000-10-23,Rock,11,48.63636363636363,34.0,38.0,15.636363636363637
2000-10-30,Rock,11,50.63636363636363,48.63636363636363,37.45454545454545,16.636363636363637
2000-11-06,Rock,11,53.63636363636363,46.27272727272727,42.54545454545455,15.181818181818182
2000-11-13,Rock,12,54.666666666666664,49.166666666666664,43.166666666666664,14.916666666666666
2000-11-20,Rock,13,56.23076923076923,50.46153846153846,43.69230769230769,14.76923076923077
2000-11-27,Rock,13,53.61538461538461,45.23076923076923,46.30769230769231,12.615384615384615
2000-12-04,Rock,11,53.45454545454545,50.18181818181818,46.36363636363637,10.181818181818182
2000-12-11,Rock,10,50.2,51.6,42.5,10.2
2000-12-18,Rock,10,51.1,50.2,40.2,11.2
2000-12-25,Rock,9,48.666666666666664,47.111111111111114,39.44444444444444,11.222222222222221
2001-01-01,Rock,9,48.666666666666664,37.55555555555556,39.77777777777778,11.666666666666666
2001-01-08,Rock,9,47.77777777777778,48.666666666666664,39.0,12.666666666666666
2001-01-15,Rock,9,47.55555555555556,47.77777777777778,36.22222222222222,13.666666666666666
2001-01-22,Rock,10,48.2,33.6,37.3,12.4
2001-01-29,Rock,10,44.9,48.2,32.9,13.4
2001-02-05,Rock,9,38.0,38.77777777777778,33.666666666666664,13.88888888888889
2001-02-12,Rock,11,43.90909090909091,31.09090909090909,39.27272727272727,12.363636363636363
2001-02-19,Rock,11,43.63636363636363,43.90909090909091,37.09090909090909,13.363636363636363
2001-02-26,Rock,11,44.0,43.63636363636363,34.90909090909091,14.363636363636363
2001-03-05,Rock,11,41.45454545454545,34.90909090909091,34.63636363636363,13.818181818181818
2001-03-12,Rock,12,47.416666666666664,38.0,38.0,13.666666666666666
2001-03-19,Rock,12,49.583333333333336,47.416666666666664,37.0,14.666666666666666
2001-03-26,Rock,10,50.7,50.2,37.2,13.9
2001-04-02,Rock,8,48.0,46.125,39.0,10.25
2001-04-09,Rock,7,41.57142857142857,40.857142857142854,32.714285714285715,11.142857142857142
2001-04-16,Rock,7,42.285714285714285,41.57142857142857,32.0,12.142857142857142
2001-04-23,Rock,8,44.875,24.5,39.25,10.375
2001-04-30,Rock,8,40.875,44.875,34.125,11.375
2001-05-07,Rock,9,46.111111111111114,36.333333333333336,37.77777777777778,11.11111111111111
2001-05-14,Rock,10,48.7,41.5,39.4,11.0
2001-05-21,Rock,10,51.4,48.7,38.3,12.0
2001-05-28,Rock,10,54.6,51.4,37.5,13.0
2001-06-04,Rock,10,58.7,54.6,37.2,14.0
2001-06-11,Rock,9,65.33333333333333,53.77777777777778,50.111111111111114,11.777777777777779
2001-06-18,Rock,9,64.66666666666667,54.333333333333336,52.0,10.777777777777779
2001-06-25,Rock,7,60.142857142857146,62.142857142857146,49.42857142857143,10.0
2001-07-02,Rock,7,59.0,60.142857142857146,47.57142857142857,11.0
2001-07-09,Rock,7,58.0,59.0,46.714285714285715,12.0
2001-07-16,Rock,6,51.333333333333336,52.0,40.166666666666664,13.333333333333334
2001-07-23,Rock,6,47.666666666666664,35.666666666666664,43.166666666666664,11.0
2001-07-30,Rock,5,37.6,37.2,34.6,11.4
2001-08-06,Rock,5,35.4,37.6,34.0,12.4
2001-08-13,Rock,5,33.8,35.4,32.8,13.4
2001-08-20,Rock,6,41.166666666666664,28.166666666666668,39.833333333333336,12.166666666666666
2001-08-27,Rock,7,46.142857142857146,35.285714285714285,44.0,11.428571428571429
2001-09-03,Rock,8,46.375,40.375,44.875,11.0
2001-09-10,Rock,8,46.375,46.375,42.75,12.0
2001-09-17,Rock,9,48.888888888888886,41.22222222222222,45.111111111111114,11.666666666666666
2001-09-24,Rock,10,51.0,44.0,45.8,11.5
2001-10-01,Rock,11,52.09090909090909,46.36363636363637,45.36363636363637,11.454545454545455
2001-10-08,Rock,13,51.92307692307692,44.07692307692308,45.61538461538461,10.692307692307692
2001-10-15,Rock,14,54.214285714285715,48.214285714285715,46.142857142857146,10.928571428571429
2001-10-22,Rock,14,54.357142857142854,50.857142857142854,46.42857142857143,10.285714285714286
2001-10-29,Rock,15,56.333333333333336,50.733333333333334,47.13333333333333,10.6
2001-11-05,Rock,13,51.23076923076923,50.92307692307692,42.38461538461539,10.923076923076923
2001-11-12,Rock,13,52.61538461538461,51.23076923076923,40.84615384615385,11.923076923076923
2001-11-19,Rock,13,53.61538461538461,52.61538461538461,39.69230769230769,12.923076923076923
2001-11-26,Rock,13,54.0,53.61538461538461,38.46153846153846,13.923076923076923
2001-12-03,Rock,13,55.0,54.0,37.30769230769231,14.923076923076923
2001-12-10,Rock,11,50.54545454545455,43.45454545454545,40.18181818181818,13.818181818181818
2001-12-17,Rock,12,54.416666666666664,46.333333333333336,42.0,13.666666666666666
2001-12-24,Rock,11,51.90909090909091,50.27272727272727,37.27272727272727,14.818181818181818
2001-12-31,Rock,14,56.357142857142854,40.785714285714285,44.785714285714285,12.642857142857142
2002-01-07,Rock,13,55.61538461538461,54.30769230769231,46.30769230769231,13.076923076923077
2002-01-14,Rock,13,58.38461538461539,55.61538461538461,46.30769230769231,14.076923076923077
2002-01-21,Rock,14,59.857142857142854,54.214285714285715,47.357142857142854,14.071428571428571
2002-01-28,Rock,16,64.6875,52.375,51.75,13.3125
2002-02-04,Rock,15,61.46666666666667,57.46666666666667,47.6,13.8
2002-02-11,Rock,13,55.69230769230769,57.15384615384615,43.84615384615385,14.076923076923077
2002-02-18,Rock,13,56.07692307692308,55.69230769230769,42.0,15.076923076923077
2002-02-25,Rock,12,51.666666666666664,45.583333333333336,41.75,14.0
2002-03-04,Rock,12,50.083333333333336,51.666666666666664,40.333333333333336,15.0
2002-03-11,Rock,14,53.0,42.92857142857143,43.5,13.857142857142858
2002-03-18,Rock,11,45.27272727272727,46.18181818181818,42.81818181818182,11.0
2002-03-25,Rock,11,44.36363636363637,45.27272727272727,40.81818181818182,12.0
2002-04-01,Rock,11,42.63636363636363,44.36363636363637,38.63636363636363,13.0
2002-04-08,Rock,11,40.45454545454545,42.63636363636363,35.90909090909091,14.0
2002-04-15,Rock,11,38.90909090909091,40.45454545454545,33.90909090909091,15.0
2002-04-22,Rock,11,39.18181818181818,38.90909090909091,32.72727272727273,16.0
2002-04-29,Rock,12,43.5,35.916666666666664,35.5,15.666666666666666
2002-05-06,Rock,12,45.25,43.5,34.583333333333336,16.666666666666668
2002-05-13,Rock,12,48.75,41.166666666666664,38.916666666666664,15.25
2002-05-20,Rock,12,47.833333333333336,41.083333333333336,36.75,14.583333333333334
2002-05-27,Rock,11,44.27272727272727,44.0,30.636363636363637,15.363636363636363
2002-06-03,Rock,12,48.416666666666664,40.583333333333336,32.833333333333336,15.083333333333334
2002-06-10,Rock,12,49.583333333333336,41.916666666666664,37.75,14.416666666666666
2002-06-17,Rock,11,46.09090909090909,45.72727272727273,37.36363636363637,15.0
2002-06-24,Rock,12,51.416666666666664,42.25,41.666666666666664,14.75
2002-07-01,Rock,12,51.0,51.416666666666664,40.166666666666664,15.75
2002-07-08,Rock,14,53.357142857142854,43.714285714285715,42.42857142857143,14.5
2002-07-15,Rock,14,53.142857142857146,47.214285714285715,42.285714285714285,14.071428571428571
2002-07-22,Rock,14,56.42857142857143,47.07142857142857,43.642857142857146,14.928571428571429
2002-07-29,Rock,15,52.53333333333333,40.6,45.266666666666666,12.733333333333333
2002-08-05,Rock,15,53.13333333333333,52.53333333333333,43.86666666666667,13.733333333333333
2002-08-12,Rock,16,54.6875,46.6875,47.5,10.8125
2002-08-19,Rock,16,55.875,54.6875,46.375,11.8125
2002-08-26,Rock,15,52.733333333333334,52.93333333333333,41.53333333333333,13.266666666666667
2002-09-02,Rock,15,57.333333333333336,49.46666666666667,46.13333333333333,11.933333333333334
2002-09-09,Rock,13,55.84615384615385,55.76923076923077,47.84615384615385,11.153846153846153
2002-09-16,Rock,13,58.84615384615385,55.84615384615385,47.30769230769231,12.153846153846153
2002-09-23,Rock,15,62.93333333333333,51.0,50.666666666666664,11.533333333333333
2002-09-30,Rock,15,68.93333333333334,62.93333333333333,50.4,12.533333333333333
2002-10-07,Rock,14,69.0,53.285714285714285,52.285714285714285,11.571428571428571
2002-10-14,Rock,11,64.27272727272727,58.09090909090909,56.09090909090909,10.727272727272727
2002-10-21,Rock,11,65.54545454545455,64.27272727272727,54.27272727272727,11.727272727272727
2002-10-28,Rock,10,66.3,60.8,60.2,8.6
2002-11-04,Rock,9,62.0,62.666666666666664,56.333333333333336,9.0
2002-11-11,Rock,9,60.44444444444444,50.888888888888886,56.111111111111114,9.222222222222221
2002-11-18,Rock,11,61.18181818181818,49.45454545454545,57.0,8.545454545454545
2002-11-25,Rock,11,59.36363636363637,52.72727272727273,56.45454545454545,8.0
2002-12-02,Rock,11,62.09090909090909,59.36363636363637,56.0,9.0
2002-12-09,Rock,13,65.38461538461539,52.53846153846154,58.53846153846154,8.615384615384615
2002-12-16,Rock,13,64.46153846153847,65.38461538461539,57.15384615384615,9.615384615384615
2002-12-23,Rock,15,63.733333333333334,55.86666666666667,56.4,9.333333333333334
2002-12-30,Rock,14,59.214285714285715,61.857142857142854,54.07142857142857,9.571428571428571
2003-01-06,Rock,14,61.214285714285715,59.214285714285715,54.07142857142857,10.571428571428571
2003-01-13,Rock,14,61.0,61.214285714285715,53.0,11.571428571428571
2003-01-20,Rock,14,61.285714285714285,61.0,52.0,12.571428571428571
2003-01-27,Rock,14,63.57142857142857,58.285714285714285,56.0,11.142857142857142
2003-02-03,Rock,13,62.84615384615385,61.38461538461539,52.30769230769231,12.384615384615385
2003-02-10,Rock,11,59.90909090909091,57.72727272727273,47.90909090909091,12.181818181818182
2003-02-17,Rock,10,56.8,56.5,44.4,13.0
2003-02-24,Rock,11,58.18181818181818,51.63636363636363,46.09090909090909,12.818181818181818
2003-03-03,Rock,10,57.5,45.7,46.6,11.6
2003-03-10,Rock,11,60.36363636363637,52.27272727272727,46.90909090909091,11.545454545454545
2003-03-17,Rock,9,58.55555555555556,57.77777777777778,47.666666666666664,10.333333333333334
2003-03-24,Rock,11,58.81818181818182,47.90909090909091,47.72727272727273,9.454545454545455
2003-03-31,Rock,12,59.416666666666664,53.916666666666664,48.0,9.666666666666666
2003-04-07,Rock,12,57.666666666666664,59.416666666666664,45.583333333333336,10.666666666666666
2003-04-14,Rock,13,58.69230769230769,46.84615384615385,48.92307692307692,9.307692307692308
2003-04-21,Rock,14,59.5,54.5,48.42857142857143,9.642857142857142
2003-04-28,Rock,13,55.76923076923077,56.38461538461539,49.38461538461539,9.846153846153847
2003-05-05,Rock,14,58.07142857142857,51.785714285714285,50.857142857142854,10.142857142857142
2003-05-12,Rock,12,51.583333333333336,52.166666666666664,48.916666666666664,9.5
2003-05-19,Rock,13,54.15384615384615,47.61538461538461,50.46153846153846,9.76923076923077
2003-05-26,Rock,13,57.30769230769231,54.15384615384615,49.61538461538461,10.76923076923077
2003-06-02,Rock,13,60.61538461538461,57.30769230769231,49.53846153846154,11.76923076923077
2003-06-09,Rock,11,52.90909090909091,54.54545454545455,46.27272727272727,13.181818181818182
2003-06-16,Rock,12,53.5,48.5,48.0,13.083333333333334
2003-06-23,Rock,12,57.083333333333336,53.5,47.666666666666664,14.083333333333334
2003-06-30,Rock,10,53.1,53.5,47.1,14.7
2003-07-07,Rock,10,55.5,53.1,46.7,15.7
2003-07-14,Rock,9,56.0,55.55555555555556,47.77777777777778,16.22222222222222
2003-07-21,Rock,11,56.09090909090909,37.72727272727273,52.09090909090909,12.454545454545455
2003-07-28,Rock,12,57.666666666666664,51.416666666666664,52.75,12.416666666666666
2003-08-04,Rock,12,56.916666666666664,57.666666666666664,50.25,13.416666666666666
2003-08-11,Rock,12,59.5,52.083333333333336,51.333333333333336,12.75
2003-08-18,Rock,12,60.333333333333336,54.416666666666664,51.5,12.083333333333334
2003-08-25,Rock,13,60.76923076923077,55.69230769230769,50.84615384615385,12.153846153846153
2003-09-01,Rock,11,53.54545454545455,54.0,44.18181818181818,12.545454545454545
2003-09-08,Rock,12,52.416666666666664,49.083333333333336,42.666666666666664,14.166666666666666
2003-09-15,Rock,14,57.07142857142857,44.92857142857143,47.92857142857143,13.142857142857142
2003-09-22,Rock,13,51.92307692307692,47.07692307692308,45.0,12.923076923076923
2003-09-29,Rock,13,54.15384615384615,48.30769230769231,49.23076923076923,10.461538461538462
2003-10-06,Rock,12,51.583333333333336,50.583333333333336,43.083333333333336,12.25
2003-10-13,Rock,12,49.583333333333336,51.583333333333336,39.583333333333336,13.25
2003-10-20,Rock,10,46.4,45.6,41.3,12.4
2003-10-27,Rock,10,46.9,46.4,40.8,13.4
2003-11-03,Rock,10,47.6,46.9,39.2,14.4
2003-11-10,Rock,11,49.81818181818182,43.27272727272727,41.18181818181818,14.090909090909092
2003-11-17,Rock,12,52.5,45.666666666666664,42.666666666666664,13.916666666666666
2003-11-24,Rock,11,48.81818181818182,48.72727272727273,44.09090909090909,14.545454545454545
2003-12-01,Rock,11,50.45454545454545,48.81818181818182,44.0,15.545454545454545
2003-12-08,Rock,9,48.0,45.77777777777778,40.888888888888886,15.444444444444445
2003-12-15,Rock,10,50.2,43.2,43.8,14.9
2003-12-22,Rock,10,51.5,50.2,43.6,15.9
2003-12-29,Rock,9,46.111111111111114,47.44444444444444,39.888888888888886,16.444444444444443
2004-01-05,Rock,11,51.36363636363637,37.72727272727273,45.09090909090909,14.454545454545455
2004-01-12,Rock,11,51.72727272727273,51.36363636363637,45.09090909090909,15.454545454545455
2004-01-19,Rock,11,55.36363636363637,51.72727272727273,44.27272727272727,16.454545454545453
2004-01-26,Rock,10,52.1,51.3,40.9,17.3
2004-02-02,Rock,12,56.083333333333336,38.666666666666664,48.166666666666664,13.75
2004-02-09,Rock,12,58.0,52.416666666666664,50.75,12.416666666666666
2004-02-16,Rock,11,59.09090909090909,58.72727272727273,52.36363636363637,10.636363636363637
2004-02-23,Rock,11,58.81818181818182,59.09090909090909,51.18181818181818,11.636363636363637
2004-03-01,Rock,12,60.416666666666664,53.916666666666664,51.833333333333336,11.666666666666666
2004-03-08,Rock,11,57.36363636363637,56.90909090909091,48.72727272727273,12.272727272727273
2004-03-15,Rock,12,59.75,52.583333333333336,49.75,12.25
2004-03-22,Rock,12,59.833333333333336,59.75,48.333333333333336,13.25
2004-03-29,Rock,10,54.9,51.9,44.3,13.4
2004-04-05,Rock,10,58.2,54.9,43.7,14.4
2004-04-12,Rock,10,58.4,58.2,43.4,15.4
2004-04-19,Rock,10,58.2,58.4,43.1,16.4
2004-04-26,Rock,12,62.083333333333336,48.5,48.083333333333336,14.666666666666666
2004-05-03,Rock,11,60.09090909090909,59.54545454545455,46.45454545454545,15.454545454545455
2004-05-10,Rock,12,59.083333333333336,39.5,50.0,12.833333333333334
2004-05-17,Rock,11,57.45454545454545,55.36363636363637,47.18181818181818,14.0
2004-05-24,Rock,11,58.45454545454545,57.45454545454545,46.27272727272727,15.0
2004-05-31,Rock,11,59.81818181818182,58.45454545454545,45.09090909090909,16.0
2004-06-07,Rock,9,54.0,52.0,36.55555555555556,19.444444444444443
2004-06-14,Rock,9,53.77777777777778,43.0,37.333333333333336,18.77777777777778
2004-06-21,Rock,8,50.375,48.0,31.5,21.5
2004-06-28,Rock,10,57.8,40.3,38.8,18.2
2004-07-05,Rock,9,53.666666666666664,54.111111111111114,34.888888888888886,20.333333333333332
2004-07-12,Rock,8,56.625,54.25,35.5,21.125
2004-07-19,Rock,9,57.22222222222222,50.333333333333336,38.77777777777778,19.77777777777778
2004-07-26,Rock,9,55.666666666666664,57.22222222222222,36.22222222222222,20.77777777777778
2004-08-02,Rock,8,54.375,44.75,44.25,15.625
2004-08-09,Rock,8,53.5,54.375,42.75,16.625
2004-08-16,Rock,6,53.833333333333336,55.333333333333336,53.333333333333336,9.333333333333334
2004-08-23,Rock,6,54.0,53.833333333333336,52.333333333333336,10.333333333333334
2004-08-30,Rock,7,56.57142857142857,46.285714285714285,52.285714285714285,9.857142857142858
2004-09-06,Rock,8,60.75,49.5,54.125,9.625
2004-09-13,Rock,7,61.285714285714285,58.285714285714285,52.57142857142857,9.142857142857142
2004-09-20,Rock,7,60.857142857142854,61.285714285714285,51.142857142857146,10.142857142857142
2004-09-27,Rock,8,62.125,53.25,52.25,9.875
2004-10-04,Rock,9,59.77777777777778,55.22222222222222,50.333333333333336,9.777777777777779
2004-10-11,Rock,8,54.75,55.375,47.125,10.125
2004-10-18,Rock,8,51.0,42.875,49.875,9.125
2004-10-25,Rock,8,49.25,51.0,48.0,10.125
2004-11-01,Rock,8,47.125,49.25,45.375,11.125
2004-11-08,Rock,8,45.875,47.125,43.5,12.125
2004-11-15,Rock,8,48.75,45.875,43.25,13.125
2004-11-22,Rock,9,52.888888888888886,43.333333333333336,48.22222222222222,12.666666666666666
2004-11-29,Rock,9,53.888888888888886,52.888888888888886,47.44444444444444,13.666666666666666
2004-12-06,Rock,10,58.5,44.3,54.9,10.3
2004-12-13,Rock,10,58.3,58.5,53.1,11.3
2004-12-20,Rock,10,57.2,58.3,51.2,12.3
2004-12-27,Rock,10,57.4,57.2,50.2,13.3
2005-01-03,Rock,10,57.5,57.4,49.6,14.3
2005-01-10,Rock,9,55.666666666666664,54.888888888888886,46.111111111111114,14.333333333333334
2005-01-17,Rock,9,58.55555555555556,55.666666666666664,45.0,15.333333333333334
2005-01-24,Rock,6,53.833333333333336,50.333333333333336,38.833333333333336,16.0
2005-01-31,Rock,7,59.285714285714285,46.142857142857146,43.285714285714285,14.714285714285714
2005-02-07,Rock,9,64.0,21.0,59.0,6.222222222222222
2005-02-14,Rock,9,68.22222222222223,58.55555555555556,66.0,5.0
2005-02-21,Rock,7,64.28571428571429,67.28571428571429,61.42857142857143,4.285714285714286
2005-02-28,Rock,6,63.333333333333336,46.166666666666664,58.5,5.166666666666667
2005-03-07,Rock,7,69.71428571428571,54.285714285714285,62.714285714285715,5.857142857142857
2005-03-14,Rock,8,71.625,61.0,63.875,6.125
2005-03-21,Rock,8,73.25,47.75,66.125,5.75
2005-03-28,Rock,8,74.5,49.625,64.0,7.0
2005-04-04,Rock,8,66.125,62.25,60.75,7.0
2005-04-11,Rock,10,58.8,42.9,54.0,6.4
2005-04-18,Rock,10,61.5,58.8,51.3,7.4
2005-04-25,Rock,9,66.66666666666667,52.22222222222222,54.55555555555556,6.0
2005-05-02,Rock,9,58.77777777777778,55.888888888888886,43.888888888888886,6.666666666666667
2005-05-09,Rock,9,59.666666666666664,58.77777777777778,42.0,7.666666666666667
2005-05-16,Rock,10,57.9,53.7,44.9,7.9
2005-05-23,Rock,9,49.333333333333336,53.22222222222222,37.888888888888886,9.333333333333334
2005-05-30,Rock,9,49.44444444444444,49.333333333333336,35.77777777777778,10.333333333333334
2005-06-06,Rock,8,41.875,43.625,28.0,12.25
2005-06-13,Rock,8,43.25,41.875,27.5,13.25
2005-06-20,Rock,9,47.888888888888886,38.44444444444444,33.55555555555556,12.777777777777779
2005-06-27,Rock,11,57.81818181818182,39.18181818181818,43.36363636363637,11.454545454545455
2005-07-04,Rock,13,64.53846153846153,48.92307692307692,50.15384615384615,10.692307692307692
2005-07-11,Rock,11,56.27272727272727,58.81818181818182,40.18181818181818,11.818181818181818
2005-07-18,Rock,11,55.72727272727273,56.27272727272727,39.09090909090909,12.818181818181818
2005-07-25,Rock,11,55.72727272727273,46.72727272727273,44.0,12.181818181818182
2005-08-01,Rock,11,52.81818181818182,55.72727272727273,40.72727272727273,13.181818181818182
2005-08-08,Rock,10,49.6,48.2,34.8,15.3
2005-08-15,Rock,10,49.5,49.6,33.7,16.3
2005-08-22,Rock,9,46.666666666666664,45.666666666666664,31.333333333333332,16.88888888888889
2005-08-29,Rock,8,46.375,42.375,31.25,17.5
2005-09-05,Rock,7,45.57142857142857,32.42857142857143,35.57142857142857,15.142857142857142
2005-09-12,Rock,8,44.5,39.875,36.25,14.25
2005-09-19,Rock,7,41.857142857142854,45.142857142857146,36.0,14.428571428571429
2005-09-26,Rock,12,59.916666666666664,24.416666666666668,54.333333333333336,9.416666666666666
2005-10-03,Rock,12,55.666666666666664,44.333333333333336,48.166666666666664,10.25
2005-10-10,Rock,11,51.90909090909091,52.0,40.63636363636363,12.090909090909092
2005-10-17,Rock,12,54.833333333333336,47.583333333333336,39.75,12.083333333333334
2005-10-24,Rock,12,59.5,39.916666666666664,47.083333333333336,11.416666666666666
2005-10-31,Rock,10,58.7,40.2,47.4,9.9
2005-11-07,Rock,11,60.81818181818182,28.545454545454547,49.81818181818182,8.727272727272727
2005-11-14,Rock,12,66.58333333333333,41.083333333333336,55.0,8.666666666666666
2005-11-21,Rock,10,62.1,60.3,53.5,10.3
2005-11-28,Rock,8,53.5,54.125,49.125,11.375
2005-12-05,Rock,11,63.0,38.90909090909091,52.09090909090909,10.727272727272727
2005-12-12,Rock,10,56.4,49.6,43.1,11.9
2005-12-19,Rock,11,60.36363636363637,51.27272727272727,47.54545454545455,11.818181818181818
2005-12-26,Rock,10,58.4,49.1,47.9,12.9
2006-01-02,Rock,10,49.9,58.4,43.5,13.9
2006-01-09,Rock,14,57.57142857142857,35.642857142857146,47.857142857142854,11.857142857142858
2006-01-16,Rock,10,49.9,43.2,39.5,15.9
2006-01-23,Rock,10,55.1,40.3,42.3,16.3
2006-01-30,Rock,10,54.8,45.7,41.7,16.2
2006-02-06,Rock,9,54.888888888888886,46.666666666666664,41.44444444444444,12.555555555555555
2006-02-13,Rock,9,55.77777777777778,54.888888888888886,39.888888888888886,13.555555555555555
2006-02-20,Rock,9,60.44444444444444,27.11111111111111,52.666666666666664,11.0
2006-02-27,Rock,8,52.875,55.625,43.875,13.25
2006-03-06,Rock,10,61.0,42.3,52.2,11.7
2006-03-13,Rock,10,60.1,41.5,49.7,12.2
2006-03-20,Rock,11,61.09090909090909,46.72727272727273,49.27272727272727,12.181818181818182
2006-03-27,Rock,13,61.07692307692308,51.69230769230769,49.84615384615385,11.307692307692308
2006-04-03,Rock,14,61.5,49.785714285714285,49.285714285714285,11.571428571428571
2006-04-10,Rock,14,60.714285714285715,41.0,50.142857142857146,11.285714285714286
2006-04-17,Rock,14,62.285714285714285,50.285714285714285,55.214285714285715,8.071428571428571
2006-04-24,Rock,9,52.333333333333336,54.111111111111114,47.888888888888886,9.0
2006-05-01,Rock,9,49.333333333333336,52.333333333333336,45.77777777777778,10.0
2006-05-08,Rock,12,61.25,37.0,54.75,8.833333333333334
2006-05-15,Rock,13,57.92307692307692,49.0,52.23076923076923,8.923076923076923
2006-05-22,Rock,11,50.72727272727273,50.81818181818182,44.45454545454545,10.636363636363637
2006-05-29,Rock,12,48.416666666666664,38.333333333333336,44.0,10.75
2006-06-05,Rock,11,48.72727272727273,48.54545454545455,44.63636363636363,9.909090909090908
2006-06-12,Rock,12,50.416666666666664,44.666666666666664,44.833333333333336,10.083333333333334
2006-06-19,Rock,11,45.54545454545455,47.18181818181818,38.81818181818182,11.909090909090908
2006-06-26,Rock,11,46.36363636363637,45.54545454545455,37.36363636363637,12.909090909090908
2006-07-03,Rock,10,42.9,41.9,33.1,13.9
2006-07-10,Rock,10,44.7,42.9,33.1,14.9
2006-07-17,Rock,11,48.09090909090909,40.63636363636363,38.45454545454545,14.545454545454545
2006-07-24,Rock,12,54.166666666666664,31.75,48.25,12.083333333333334
2006-07-31,Rock,14,55.357142857142854,39.57142857142857,49.642857142857146,11.285714285714286
2006-08-07,Rock,16,54.6875,48.4375,47.5625,10.9375
2006-08-14,Rock,16,49.9375,48.625,42.4375,11.8125
2006-08-21,Rock,16,50.625,49.9375,39.875,12.8125
2006-08-28,Rock,17,50.11764705882353,47.64705882352941,36.705882352941174,13.058823529411764
2006-09-04,Rock,16,45.5625,47.0,33.625,13.625
2006-09-11,Rock,16,43.8125,45.5625,32.0,14.625
2006-09-18,Rock,16,46.375,43.8125,30.875,15.625
2006-09-25,Rock,15,45.13333333333333,46.13333333333333,30.8,15.8
2006-10-02,Rock,14,44.785714285714285,38.142857142857146,33.714285714285715,15.071428571428571
2006-10-09,Rock,15,46.733333333333334,41.8,35.93333333333333,15.066666666666666
2006-10-16,Rock,14,46.92857142857143,46.5,36.142857142857146,15.0
2006-10-23,Rock,13,43.07692307692308,43.07692307692308,32.15384615384615,16.23076923076923
2006-10-30,Rock,14,47.07142857142857,40.0,35.214285714285715,16.928571428571427
2006-11-06,Rock,13,43.61538461538461,43.0,31.846153846153847,18.23076923076923
2006-11-13,Rock,15,47.46666666666667,37.8,37.733333333333334,16.8
2006-11-20,Rock,16,50.8125,44.5,37.75,17.5625
2006-11-27,Rock,16,52.1875,47.9375,40.5625,16.25
2006-12-04,Rock,16,49.75,46.1875,40.6875,16.125
2006-12-11,Rock,15,53.93333333333333,47.06666666666667,43.86666666666667,14.066666666666666
2006-12-18,Rock,13,53.0,48.38461538461539,39.23076923076923,16.692307692307693
2006-12-25,Rock,13,50.69230769230769,45.53846153846154,41.76923076923077,16.153846153846153
2007-01-01,Rock,14,49.07142857142857,47.07142857142857,39.285714285714285,17.428571428571427
2007-01-08,Rock,14,47.5,42.42857142857143,37.57142857142857,17.785714285714285
2007-01-15,Rock,13,44.46153846153846,43.46153846153846,33.53846153846154,19.692307692307693
2007-01-22,Rock,13,47.76923076923077,37.46153846153846,33.30769230769231,21.153846153846153
2007-01-29,Rock,13,48.30769230769231,37.30769230769231,33.69230769230769,20.692307692307693
2007-02-05,Rock,13,47.38461538461539,40.61538461538461,35.07692307692308,21.0
2007-02-12,Rock,9,32.77777777777778,32.44444444444444,20.333333333333332,25.444444444444443
2007-02-19,Rock,8,32.375,28.0,15.75,27.25
2007-02-26,Rock,7,33.285714285714285,30.142857142857142,16.142857142857142,27.857142857142858
2007-03-05,Rock,8,41.875,29.125,25.5,25.375
2007-03-12,Rock,7,47.0,34.42857142857143,36.857142857142854,21.0
2007-03-19,Rock,7,42.142857142857146,47.0,31.142857142857142,22.0
2007-03-26,Rock,9,48.888888888888886,32.77777777777778,38.55555555555556,18.22222222222222
2007-04-02,Rock,8,43.375,46.5,30.25,21.375
2007-04-09,Rock,8,49.875,31.875,45.5,14.125
2007-04-16,Rock,8,51.0,49.875,42.125,15.125
2007-04-23,Rock,8,50.5,51.0,39.0,16.125
2007-04-30,Rock,8,46.5,38.875,41.875,16.375
2007-05-07,Rock,8,47.75,46.5,40.0,17.375
2007-05-14,Rock,9,46.888888888888886,42.44444444444444,38.44444444444444,16.444444444444443
2007-05-21,Rock,10,47.2,32.8,38.1,15.5
2007-05-28,Rock,9,48.22222222222222,41.666666666666664,32.666666666666664,17.444444444444443
2007-06-04,Rock,8,53.375,48.25,33.625,13.375
2007-06-11,Rock,8,56.375,53.375,33.625,14.375
2007-06-18,Rock,8,64.75,50.75,42.75,10.0
2007-06-25,Rock,8,64.75,64.75,42.0,11.0
2007-07-02,Rock,9,60.333333333333336,52.22222222222222,48.0,10.444444444444445
2007-07-09,Rock,8,56.5,55.5,43.875,11.875
2007-07-16,Rock,7,53.0,54.285714285714285,37.857142857142854,14.285714285714286
2007-07-23,Rock,7,54.285714285714285,53.0,36.285714285714285,15.285714285714286
2007-07-30,Rock,6,51.666666666666664,52.666666666666664,35.333333333333336,15.5
2007-08-06,Rock,6,60.333333333333336,51.666666666666664,35.333333333333336,16.5
2007-08-13,Rock,4,52.5,54.75,36.5,15.5
2007-08-20,Rock,4,50.25,52.5,34.5,16.5
2007-08-27,Rock,4,51.5,50.25,33.0,17.5
2007-09-03,Rock,4,47.75,51.5,30.25,18.5
2007-09-10,Rock,4,43.5,47.75,26.5,19.5
2007-09-17,Rock,5,51.6,34.8,38.0,16.6
2007-09-24,Rock,5,53.6,51.6,37.4,17.6
2007-10-01,Rock,4,40.25,42.5,38.25,18.0
2007-10-08,Rock,5,51.0,32.2,48.2,15.4
2007-10-15,Rock,4,37.0,38.75,31.75,20.0
2007-10-22,Rock,5,46.0,29.6,42.4,17.2
2007-10-29,Rock,5,42.0,46.0,38.2,18.2
2007-11-05,Rock,6,48.833333333333336,35.0,45.0,16.166666666666668
2007-11-12,Rock,5,38.0,39.2,30.6,20.2
2007-11-19,Rock,5,47.6,29.0,42.4,16.0
2007-11-26,Rock,4,36.0,37.0,29.5,20.75
2007-12-03,Rock,4,34.5,36.0,27.25,21.75
2007-12-10,Rock,4,36.5,34.5,26.0,22.75
2007-12-17,Rock,5,46.6,29.2,37.6,19.2
2007-12-24,Rock,6,45.5,38.833333333333336,37.0,17.0
2007-12-31,Rock,6,39.0,45.5,31.5,18.0
2008-01-07,Rock,8,51.25,29.25,47.0,14.5
2008-01-14,Rock,8,56.125,39.625,46.25,15.375
2008-01-21,Rock,5,37.2,34.8,25.0,24.2
2008-01-28,Rock,5,46.2,27.4,41.8,15.4
2008-02-04,Rock,5,47.6,27.2,41.4,16.2
2008-02-11,Rock,5,52.6,19.2,44.0,13.6
2008-02-18,Rock,6,55.833333333333336,43.833333333333336,47.333333333333336,12.333333333333334
2008-02-25,Rock,6,63.166666666666664,55.833333333333336,47.166666666666664,13.333333333333334
2008-03-03,Rock,5,60.6,44.4,48.6,12.6
2008-03-10,Rock,5,61.0,60.6,47.4,13.6
2008-03-17,Rock,5,61.2,61.0,47.2,14.6
2008-03-24,Rock,6,66.5,51.0,53.833333333333336,13.333333333333334
2008-03-31,Rock,6,63.333333333333336,51.333333333333336,57.5,12.5
2008-04-07,Rock,6,63.0,63.333333333333336,56.0,13.5
2008-04-14,Rock,6,59.166666666666664,63.0,52.333333333333336,14.5
2008-04-21,Rock,6,55.0,59.166666666666664,48.333333333333336,15.5
2008-04-28,Rock,7,57.857142857142854,47.142857142857146,51.714285714285715,14.285714285714286
2008-05-05,Rock,7,54.857142857142854,57.857142857142854,48.0,15.285714285714286
2008-05-12,Rock,8,57.0,48.0,50.375,14.375
2008-05-19,Rock,10,52.4,36.8,44.2,12.4
2008-05-26,Rock,10,55.5,52.4,40.0,13.4
2008-06-02,Rock,7,51.57142857142857,54.285714285714285,40.714285714285715,7.285714285714286
2008-06-09,Rock,7,45.714285714285715,38.0,38.142857142857146,9.142857142857142
2008-06-16,Rock,6,36.0,36.833333333333336,32.833333333333336,8.833333333333334
2008-06-23,Rock,8,48.625,27.0,46.5,7.625
2008-06-30,Rock,9,56.44444444444444,43.22222222222222,50.77777777777778,7.777777777777778
2008-07-07,Rock,9,57.666666666666664,35.333333333333336,51.0,7.555555555555555
2008-07-14,Rock,9,55.22222222222222,47.111111111111114,47.22222222222222,9.555555555555555
2008-07-21,Rock,8,47.5,50.0,37.75,10.375
2008-07-28,Rock,7,40.142857142857146,42.714285714285715,34.285714285714285,11.428571428571429
2008-08-04,Rock,6,35.166666666666664,34.833333333333336,32.833333333333336,11.0
2008-08-11,Rock,6,36.666666666666664,35.166666666666664,32.5,12.0
2008-08-18,Rock,7,42.0,31.428571428571427,39.142857142857146,11.285714285714286
2008-08-25,Rock,7,42.142857142857146,42.0,37.57142857142857,12.285714285714286
2008-09-01,Rock,9,45.44444444444444,32.77777777777778,40.44444444444444,10.666666666666666
2008-09-08,Rock,10,50.2,40.9,42.7,10.6
2008-09-15,Rock,9,45.666666666666664,37.666666666666664,35.44444444444444,12.333333333333334
2008-09-22,Rock,7,48.57142857142857,35.285714285714285,43.57142857142857,12.142857142857142
2008-09-29,Rock,7,46.0,34.57142857142857,32.285714285714285,13.428571428571429
2008-10-06,Rock,9,53.77777777777778,35.77777777777778,43.333333333333336,11.555555555555555
2008-10-13,Rock,10,51.6,39.8,38.7,11.3
2008-10-20,Rock,11,56.45454545454545,46.90909090909091,42.90909090909091,11.272727272727273
2008-10-27,Rock,10,56.1,48.0,45.3,10.9
2008-11-03,Rock,11,58.90909090909091,51.0,48.45454545454545,10.909090909090908
2008-11-10,Rock,12,61.0,54.0,51.5,11.0
2008-11-17,Rock,10,55.8,54.1,48.6,13.1
2008-11-24,Rock,11,52.90909090909091,35.90909090909091,46.36363636363637,10.454545454545455
2008-12-01,Rock,13,51.0,37.46153846153846,42.0,9.692307692307692
2008-12-08,Rock,14,62.357142857142854,38.42857142857143,49.142857142857146,10.5
2008-12-15,Rock,12,59.083333333333336,50.75,50.166666666666664,12.75
2008-12-22,Rock,12,57.75,59.083333333333336,48.666666666666664,13.75
2008-12-29,Rock,12,57.25,57.75,47.583333333333336,14.75
2009-01-05,Rock,14,58.642857142857146,49.07142857142857,48.0,13.785714285714286
2009-01-12,Rock,13,58.30769230769231,56.53846153846154,45.07692307692308,15.76923076923077
2009-01-19,Rock,13,61.23076923076923,47.46153846153846,53.07692307692308,14.23076923076923
2009-01-26,Rock,13,61.69230769230769,55.46153846153846,53.84615384615385,15.153846153846153
2009-02-02,Rock,13,61.69230769230769,50.84615384615385,52.92307692307692,13.615384615384615
2009-02-09,Rock,12,63.0,58.666666666666664,48.0,14.333333333333334
2009-02-16,Rock,12,63.75,35.333333333333336,56.0,9.833333333333334
2009-02-23,Rock,9,53.0,48.77777777777778,45.22222222222222,12.11111111111111
2009-03-02,Rock,8,50.875,47.25,39.25,13.75
2009-03-09,Rock,9,58.0,36.0,42.0,13.666666666666666
2009-03-16,Rock,9,54.44444444444444,47.333333333333336,45.333333333333336,14.333333333333334
2009-03-23,Rock,9,55.44444444444444,45.666666666666664,44.55555555555556,15.333333333333334
2009-03-30,Rock,8,45.375,39.75,34.5,15.875
2009-04-06,Rock,9,48.111111111111114,40.333333333333336,38.0,15.11111111111111
2009-04-13,Rock,9,53.333333333333336,48.111111111111114,36.666666666666664,16.11111111111111
2009-04-20,Rock,7,46.857142857142854,35.714285714285715,40.57142857142857,17.142857142857142
2009-04-27,Rock,8,49.875,41.0,37.625,16.5
2009-05-04,Rock,9,45.44444444444444,44.333333333333336,36.333333333333336,15.666666666666666
2009-05-11,Rock,8,46.125,45.125,38.625,12.25
2009-05-18,Rock,8,47.875,46.125,38.375,13.25
2009-05-25,Rock,8,48.625,47.875,37.875,14.25
2009-06-01,Rock,9,47.666666666666664,32.77777777777778,39.333333333333336,13.222222222222221
2009-06-08,Rock,8,42.125,43.375,33.125,15.75
2009-06-15,Rock,9,37.111111111111114,37.44444444444444,28.333333333333332,15.444444444444445
2009-06-22,Rock,9,47.111111111111114,31.88888888888889,34.44444444444444,14.222222222222221
2009-06-29,Rock,9,43.44444444444444,47.111111111111114,30.22222222222222,15.222222222222221
2009-07-06,Rock,10,46.7,39.1,35.6,14.7
2009-07-13,Rock,9,44.55555555555556,41.666666666666664,35.44444444444444,16.444444444444443
2009-07-20,Rock,8,39.625,38.25,31.875,17.25
2009-07-27,Rock,10,43.2,31.7,36.9,14.8
2009-08-03,Rock,10,44.8,33.7,36.5,15.7
2009-08-10,Rock,11,48.18181818181818,40.72727272727273,40.54545454545455,15.272727272727273
2009-08-17,Rock,10,44.4,43.4,34.2,17.6
2009-08-24,Rock,11,52.45454545454545,40.36363636363637,39.45454545454545,17.181818181818183
2009-08-31,Rock,9,49.77777777777778,54.0,41.0,15.222222222222221
2009-09-07,Rock,10,52.8,35.4,45.2,13.8
2009-09-14,Rock,8,44.375,35.875,32.625,15.375
2009-09-21,Rock,7,46.42857142857143,29.714285714285715,35.714285714285715,11.857142857142858
2009-09-28,Rock,9,61.77777777777778,26.22222222222222,51.22222222222222,10.11111111111111
2009-10-05,Rock,7,52.714285714285715,52.285714285714285,39.285714285714285,12.857142857142858
2009-10-12,Rock,7,54.285714285714285,52.714285714285715,38.714285714285715,13.857142857142858
2009-10-19,Rock,8,61.5,39.625,51.75,10.625
2009-10-26,Rock,8,56.875,37.75,42.0,11.0
2009-11-02,Rock,7,53.714285714285715,52.42857142857143,35.42857142857143,13.428571428571429
2009-11-09,Rock,7,69.0,46.42857142857143,44.0,11.571428571428571
2009-11-16,Rock,8,68.125,60.375,42.5,11.25
2009-11-23,Rock,11,66.27272727272727,49.54545454545455,48.18181818181818,9.272727272727273
2009-11-30,Rock,12,64.5,55.0,48.166666666666664,9.416666666666666
2009-12-07,Rock,11,65.0909090909091,61.27272727272727,40.81818181818182,11.181818181818182
2009-12-14,Rock,9,64.0,54.888888888888886,46.333333333333336,11.88888888888889
2009-12-21,Rock,9,62.0,53.888888888888886,51.111111111111114,12.0
2009-12-28,Rock,10,66.0,55.8,54.3,11.9
2010-01-04,Rock,11,65.81818181818181,60.0,56.54545454545455,11.909090909090908
2010-01-11,Rock,9,60.77777777777778,59.22222222222222,49.22222222222222,14.777777777777779
2010-01-18,Rock,9,63.55555555555556,60.77777777777778,48.666666666666664,15.777777777777779
2010-01-25,Rock,10,67.1,57.2,51.5,15.2
2010-02-01,Rock,9,63.888888888888886,64.22222222222223,48.666666666666664,15.666666666666666
2010-02-08,Rock,7,55.142857142857146,54.42857142857143,46.42857142857143,16.714285714285715
2010-02-15,Rock,8,53.875,48.25,46.875,15.625
2010-02-22,Rock,8,64.875,53.875,45.125,16.625
2010-03-01,Rock,6,56.333333333333336,53.5,40.166666666666664,22.0
2010-03-08,Rock,6,55.166666666666664,39.833333333333336,42.666666666666664,20.5
2010-03-15,Rock,5,52.8,38.2,46.2,13.6
2010-03-22,Rock,5,54.8,52.8,45.2,14.6
2010-03-29,Rock,4,56.0,51.5,45.75,14.25
2010-04-05,Rock,3,41.666666666666664,42.333333333333336,35.666666666666664,19.0
2010-04-12,Rock,3,47.0,41.666666666666664,35.666666666666664,20.0
2010-04-19,Rock,5,52.0,28.2,44.8,13.0
2010-04-26,Rock,5,67.0,52.0,44.8,14.0
2010-05-03,Rock,4,66.25,63.75,51.0,18.0
2010-05-10,Rock,3,62.333333333333336,39.666666666666664,60.0,11.666666666666666
2010-05-17,Rock,4,78.0,46.75,69.75,9.75
2010-05-24,Rock,2,66.5,56.5,41.5,17.5
2010-05-31,Rock,2,47.5,18.0,34.5,17.0
2010-06-07,Rock,3,80.0,31.666666666666668,29.666666666666668,13.0
2010-06-14,Rock,1,65.0,99.0,20.0,4.0
2010-06-21,Rock,2,93.0,0.0,61.5,2.0
2010-06-28,Rock,3,83.0,29.333333333333332,66.33333333333333,2.0
2010-07-05,Rock,2,84.5,84.0,59.0,3.5
2010-07-12,Rock,2,74.5,34.5,54.0,4.0
2010-07-19,Rock,3,75.0,49.666666666666664,62.666666666666664,4.333333333333333
2010-07-26,Rock,3,65.0,75.0,54.666666666666664,5.333333333333333
2010-08-02,Rock,3,60.666666666666664,65.0,51.0,6.333333333333333
2010-08-09,Rock,5,72.6,36.4,60.2,5.2
2010-08-16,Rock,3,63.666666666666664,61.0,51.0,8.333333333333334
2010-08-23,Rock,3,58.333333333333336,63.666666666666664,51.0,9.333333333333334
2010-08-30,Rock,3,55.333333333333336,25.333333333333332,52.0,7.666666666666667
2010-09-06,Rock,2,35.5,35.0,30.0,12.0
2010-09-13,Rock,2,32.5,35.5,27.0,13.0
2010-09-20,Rock,2,33.0,32.5,25.5,14.0
2010-09-27,Rock,2,39.5,33.0,25.5,15.0
2010-10-04,Rock,2,45.0,39.5,24.5,16.0
2010-10-11,Rock,2,51.5,45.0,24.5,17.0
2010-10-18,Rock,2,49.0,51.5,23.0,18.0
2010-10-25,Rock,1,24.0,21.0,21.0,17.0
2010-11-01,Rock,2,57.0,12.0,55.5,9.5
2010-11-08,Rock,2,64.5,57.0,55.5,10.5
2010-11-15,Rock,2,56.0,64.5,55.5,11.5
2010-11-22,Rock,2,62.0,56.0,55.5,12.5
2010-11-29,Rock,2,61.5,62.0,55.5,13.5
2010-12-06,Rock,1,25.0,24.0,21.0,23.0
2010-12-13,Rock,1,28.0,25.0,21.0,24.0
2010-12-20,Rock,2,62.0,14.0,55.5,15.5
2010-12-27,Rock,1,25.0,25.0,21.0,26.0
2011-01-03,Rock,1,28.0,25.0,21.0,27.0
2011-01-10,Rock,1,26.0,28.0,21.0,28.0
2011-01-17,Rock,2,63.0,13.0,55.5,18.0
2011-01-24,Rock,1,36.0,28.0,21.0,30.0
2011-01-31,Rock,1,40.0,36.0,21.0,31.0
2011-02-07,Rock,2,64.0,20.0,55.0,16.5
2011-02-14,Rock,2,62.5,19.5,51.0,17.0
2011-03-14,Rock,1,70.0,0.0,70.0,1.0
2011-03-21,Rock,2,83.0,35.0,72.0,1.5
2011-03-28,Rock,1,99.0,92.0,70.0,3.0
2011-04-04,Rock,2,90.5,49.5,72.0,3.0
2011-04-11,Rock,3,80.33333333333333,60.333333333333336,71.0,3.0
2011-04-18,Rock,3,85.33333333333333,57.333333333333336,71.0,4.0
2011-04-25,Rock,3,81.66666666666667,85.33333333333333,70.33333333333333,5.0
2011-05-02,Rock,3,86.66666666666667,81.66666666666667,70.33333333333333,6.0
2011-05-09,Rock,3,79.0,86.66666666666667,69.33333333333333,7.0
2011-05-16,Rock,4,73.0,59.25,65.75,6.25
2011-05-23,Rock,3,73.0,74.0,62.0,9.0
2011-05-30,Rock,3,64.33333333333333,73.0,56.0,10.0
2011-06-06,Rock,4,69.75,48.25,59.25,8.5
2011-06-13,Rock,3,42.0,35.0,39.0,7.666666666666667
2011-06-20,Rock,3,38.333333333333336,42.0,34.0,8.666666666666666
2011-06-27,Rock,3,52.0,38.333333333333336,34.0,9.666666666666666
2011-07-04,Rock,3,54.666666666666664,52.0,34.0,10.666666666666666
2011-07-11,Rock,4,63.0,41.0,46.75,9.0
2011-07-18,Rock,4,64.25,40.0,48.5,9.75
2011-07-25,Rock,5,67.2,51.4,54.4,8.8
2011-08-01,Rock,4,51.75,60.0,44.5,7.5
2011-08-08,Rock,3,49.0,47.333333333333336,37.666666666666664,10.333333333333334
2011-08-15,Rock,5,60.8,29.4,55.4,7.2
2011-08-22,Rock,4,51.25,35.0,45.25,9.5
2011-08-29,Rock,3,45.0,45.666666666666664,36.333333333333336,13.333333333333334
2011-09-05,Rock,3,44.0,45.0,35.666666666666664,14.333333333333334
2011-09-12,Rock,3,53.0,44.0,35.666666666666664,15.333333333333334
2011-09-19,Rock,4,52.75,39.75,41.25,12.5
2011-09-26,Rock,5,47.8,42.2,35.8,11.0
2011-10-03,Rock,4,54.0,41.25,30.25,14.25
2011-10-10,Rock,5,63.0,43.2,33.8,12.4
2011-10-17,Rock,3,54.333333333333336,42.0,24.0,11.333333333333334
2011-10-24,Rock,4,56.25,40.75,42.75,9.5
2011-10-31,Rock,3,34.333333333333336,42.0,23.666666666666668,13.333333333333334
2011-11-07,Rock,4,39.5,25.75,22.75,11.0
2011-11-14,Rock,4,49.0,39.5,22.75,12.0
2011-11-21,Rock,3,44.666666666666664,40.0,23.666666666666668,16.333333333333332
2011-11-28,Rock,3,38.0,44.666666666666664,22.333333333333332,17.333333333333332
2011-12-05,Rock,4,52.0,28.5,39.0,14.0
2011-12-12,Rock,2,42.5,39.0,29.5,11.0
2011-12-19,Rock,2,56.0,42.5,29.5,12.0
2011-12-26,Rock,2,52.5,56.0,29.5,13.0
2012-01-02,Rock,2,54.5,52.5,29.5,14.0
2012-01-09,Rock,2,50.0,54.5,29.5,15.0
2012-01-16,Rock,2,57.5,50.0,29.5,16.0
2012-01-23,Rock,3,67.0,38.333333333333336,42.0,11.666666666666666
2012-01-30,Rock,1,35.0,38.0,15.0,19.0
2012-02-06,Rock,2,65.0,17.5,17.5,11.5
2012-02-13,Rock,1,36.0,32.0,15.0,21.0
2012-02-20,Rock,2,52.0,18.0,17.5,13.0
2012-02-27,Rock,2,37.0,52.0,17.5,14.0
2012-03-05,Rock,2,54.5,37.0,17.5,15.0
2012-03-12,Rock,2,55.0,54.5,17.5,16.0
2012-03-19,Rock,2,48.5,55.0,17.5,17.0
2012-03-26,Rock,2,50.0,48.5,17.5,18.0
2012-04-02,Rock,3,69.66666666666667,33.333333333333336,43.0,13.0
2012-04-09,Rock,2,64.0,57.5,17.5,20.0
2012-04-16,Rock,2,92.0,41.0,57.0,7.0
2012-04-23,Rock,1,86.0,0.0,86.0,1.0
2012-05-14,Rock,2,59.0,0.0,42.5,15.5
2012-05-21,Rock,2,54.0,24.0,36.5,16.0
2012-05-28,Rock,1,47.0,50.0,15.0,32.0
2012-07-30,Rock,1,95.0,0.0,95.0,1.0
2013-06-03,Rock,1,26.0,0.0,26.0,1.0
2013-06-10,Rock,1,92.0,26.0,26.0,2.0
2013-06-24,Rock,1,88.0,0.0,88.0,1.0
2013-07-01,Rock,1,77.0,0.0,77.0,1.0
2013-07-29,Rock,2,87.0,0.0,87.0,1.0
2013-08-26,Rock,1,98.0,0.0,91.0,2.0
2013-09-02,Rock,2,87.0,49.0,84.0,2.5
2013-09-09,Rock,1,83.0,89.0,83.0,3.0
2013-10-21,Rock,1,76.0,0.0,76.0,1.0
2013-11-25,Rock,1,25.0,0.0,1.0,22.0
2013-12-16,Rock,1,80.0,0.0,80.0,1.0
2013-12-30,Rock,1,48.0,0.0,48.0,2.0
2014-03-03,Rock,1,99.0,0.0,99.0,1.0
2014-03-17,Rock,1,84.0,0.0,84.0,2.0
2015-01-19,Rock,1,90.0,0.0,90.0,1.0
2015-03-09,Rock,1,66.0,0.0,66.0,1.0
2015-04-06,Rock,1,80.0,0.0,80.0,1.0
2015-04-27,Rock,2,99.0,0.0,99.0,1.0
2015-05-04,Rock,1,100.0,0.0,100.0,1.0
2015-05-11,Rock,1,71.0,0.0,71.0,1.0
2015-05-18,Rock,1,99.0,0.0,99.0,1.0
2015-05-25,Rock,1,94.0,0.0,94.0,1.0
2015-06-01,Rock,2,50.0,0.0,50.0,1.0
2015-07-13,Rock,1,100.0,0.0,100.0,1.0
2015-07-20,Rock,1,98.0,100.0,98.0,2.0
2016-01-25,Rock,1,40.0,0.0,40.0,1.0
2016-03-07,Rock,1,88.0,0.0,88.0,1.0
2016-03-14,Rock,1,81.0,88.0,81.0,2.0
2016-03-21,Rock,1,76.0,81.0,76.0,3.0
2016-03-28,Rock,1,73.0,76.0,73.0,4.0
2016-04-04,Rock,1,69.0,73.0,69.0,5.0
2016-04-11,Rock,1,51.0,69.0,51.0,6.0
2016-04-18,Rock,1,49.0,51.0,49.0,7.0
2016-04-25,Rock,1,42.0,49.0,42.0,8.0
2016-05-02,Rock,1,46.0,42.0,42.0,9.0
2016-05-09,Rock,1,59.0,46.0,42.0,10.0
2016-05-16,Rock,1,67.0,59.0,42.0,11.0
2016-05-23,Rock,1,60.0,67.0,42.0,12.0
2016-05-30,Rock,1,66.0,60.0,42.0,13.0
2016-06-06,Rock,1,49.0,66.0,42.0,14.0
2016-06-13,Rock,1,53.0,49.0,42.0,15.0
2016-06-20,Rock,1,66.0,53.0,42.0,16.0
2016-06-27,Rock,1,66.0,66.0,42.0,17.0
2016-07-04,Rock,1,71.0,66.0,42.0,18.0
2016-07-11,Rock,1,79.0,71.0,42.0,19.0
2016-07-18,Rock,2,82.0,39.5,63.5,10.5
2016-07-25,Rock,1,92.0,85.0,85.0,2.0
2016-12-05,Rock,1,53.0,0.0,53.0,1.0
2017-02-06,Rock,1,91.0,0.0,53.0,2.0
2017-02-20,Rock,1,89.0,0.0,89.0,1.0
2017-12-04,Rock,1,79.0,0.0,79.0,1.0
2017-12-11,Rock,1,99.0,0.0,99.0,1.0
2018-03-19,Rock,1,54.0,0.0,54.0,1.0
2018-03-26,Rock,1,68.0,54.0,54.0,2.0
2018-04-02,Rock,1,65.0,68.0,54.0,3.0
2018-04-09,Rock,1,61.0,65.0,54.0,4.0
2018-04-16,Rock,1,67.0,61.0,54.0,5.0
2018-04-23,Rock,1,74.0,67.0,54.0,6.0
2018-04-30,Rock,1,76.0,74.0,54.0,7.0
2018-05-07,Rock,1,88.0,76.0,54.0,8.0
2018-05-14,Rock,1,79.0,88.0,54.0,9.0
2018-05-21,Rock,1,76.0,79.0,54.0,10.0
2018-05-28,Rock,1,85.0,76.0,54.0,11.0
2018-06-04,Rock,1,86.0,85.0,54.0,12.0
2018-06-11,Rock,1,82.0,86.0,54.0,13.0
2018-06-18,Rock,1,82.0,82.0,54.0,14.0
2018-06-25,Rock,1,93.0,82.0,54.0,15.0
2018-07-02,Rock,1,90.0,93.0,54.0,16.0
2018-07-09,Rock,1,95.0,90.0,54.0,17.0
2018-07-23,Rock,1,97.0,0.0,54.0,18.0
2018-12-24,Rock,1,45.0,0.0,45.0,1.0
2018-12-31,Rock,2,43.5,22.5,43.5,3.0
2019-04-22,Rock,1,66.0,0.0,66.0,1.0
2019-08-12,Rock,1,93.0,0.0,93.0,1.0
2019-12-30,Rock,1,36.0,0.0,36.0,5.0
2020-10-12,Rock,1,21.0,0.0,1.0,20.0
2020-10-19,Rock,1,12.0,21.0,1.0,21.0
2020-10-26,Rock,1,21.0,12.0,1.0,22.0
2020-11-02,Rock,1,33.0,21.0,1.0,23.0
2020-12-14,Rock,1,40.0,0.0,36.0,6.0
2020-12-21,Rock,1,29.0,40.0,29.0,7.0
2020-12-28,Rock,1,10.0,29.0,10.0,8.0
2021-01-04,Rock,1,29.0,10.0,10.0,9.0
