song,artist,genre
Easy On Me,Adele,Pop
Stay,The Kid LAROI,Alternative
Industry Baby,Lil Nas,Rap/Hip Hop
Fancy Like,Walker Hayes,Country
Bad Habits,Ed Sheeran,Pop
Way 2 Sexy,Drake,Rap/Hip Hop
Shivers,Ed Sheeran,Pop
Good 4 U,Olivia Rodrigo,Pop
Need To Know,Doja Cat,Pop
Levitating,Dua Lipa,Pop
Essence,Wizkid,R&B
Kiss Me More,Doja Cat,Pop
Heat Waves,Glass Animals,Pop
Beggin',Maneskin,Pop
Cold Heart,Elton John,Pop
You Right,Doja Cat,Pop
Save Your Tears,The Weeknd,R&B
If I Didn't Love You,Jason Aldean,Country
Traitor,Olivia Rodrigo,Pop
My Universe,Coldplay,Alternative
Who Want Smoke??,Nardo Wick,Rap/Hip Hop
Knife Talk,Drake,Rap/Hip Hop
Meet Me At Our Spot,THE ANXIETY: WILLOW,Alternative
Montero,Lil Nas X,Pop
Chasing After You,Ryan Hurd,
Girls Want Girls,Drake,Rap/Hip Hop
Moth To A Flame,Swedish House Mafia,Dance
Let's Go Brandon,Bryson Gray,Rap/Hip Hop
Thats What I Want,Lil Nas X,Pop
Pepas,Farruko,Dance
Love Nwantiti,CKay,African Music
Take My Breath,The Weeknd,R&B
Happier Than Ever,Billie Eilish,Alternative
Wockesha,Moneybagg Yo,Rap/Hip Hop
Better Days,NEIKED,Pop
Buy Dirt,Jordan Davis,Country
Ghost,Justin Bieber,Pop
Lets Go Brandon,Loza Alexander,Rap/Hip Hop
Cold As You,Luke Combs,Country
A-O-K,Tai Verdes,
You Should Probably Leave,Chris Stapleton,Country
Leave The Door Open,Silk Sonic (Bruno Mars,Pop
Thinking 'Bout You,Dustin Lynch,Country
Memory I Don't Mess With,Lee Brice,Country
Bubbly,Young Thug,Rap/Hip Hop
Wild Side,Normani,Pop
Sharing Locations,Meek Mill,Rap/Hip Hop
Gyalis,Capella Grey,R&B
I Was On A Boat That Day,Old Dominion,Country
Family Ties,Baby Keem,Rap/Hip Hop
Have Mercy,Chloe,R&B
Fair Trade,Drake,Rap/Hip Hop
Same Boat,Zac Brown Band,Country
My Boy,Elvie Shane,Country
Hurricane,Kanye West,Rap/Hip Hop
Chosen,Blxst,Rap/Hip Hop
Baddest,Yung Bleu,R&B
Knowing You,Kenny Chesney,Country
Memory,Kane Brown,Country
Cold Beer Calling My Name,Jameson Rodgers,Country
Not In The Mood,Lil Tjay,Rap/Hip Hop
Pissed Me Off,Lil Durk,Rap/Hip Hop
Woman,Doja Cat,Pop
Sand In My Boots,Morgan Wallen,Country
'Til You Can't,Cody Johnson,Country
Love Again,Dua Lipa,Pop
Whiskey And Rain,Michael Ray,Country
One Mississippi,Kane Brown,Country
Switches & Dracs,Moneybagg Yo,Rap/Hip Hop
Jugaste y Sufri,Eslabon Armado,Traditional Mexicano
Too Easy,Gunna,Rap/Hip Hop
Esta Danada,Ivan Cornejo,
Volvi,Aventura,Reggaeton
Tequila Little Time,Jon Pardi,Country
Whole Lotta Money,BIA,Rap/Hip Hop
2055,Sleepy Hallow,Rap/Hip Hop
Maybach,42 Dugg,Rap/Hip Hop
WFM,Realestk,R&B
Poke It Out,Wale,Rap/Hip Hop
Praise God,Kanye West,Rap/Hip Hop
Lo Siento BB:/,Tainy,Rap/Hip Hop
Freedom Was A Highway,Jimmie Allen,Country
For Tonight,Giveon,R&B
Thot Shit,Megan Thee Stallion,Rap/Hip Hop
Like A Lady,Lady A,Country
Get Into It,Doja Cat,Pop
Scorpio,Moneybagg Yo,Rap/Hip Hop
Big Energy,Latto,Alternative
Half Of My Hometown,Kelsea Ballerini,Country
Money,Lisa,Asian Music
No Friends In The Industry,Drake,Rap/Hip Hop
Ya Superame,Grupo Firme,Traditional Mexicano
Who's In Your Head,Jonas Brothers,Pop
In The Bible,Drake,Rap/Hip Hop
Just About Over You,Priscilla Block,Country
To Be Loved By You,Parker McCollum,Country
Ain't Shit,Doja Cat,Pop
Life Goes On,Oliver Tree,Alternative
Come Through,H.E.R.,R&B
Nevada,YoungBoy Never Broke Again,Rap/Hip Hop
Leave Before You Love Me,Marshmello,Pop
Deja Vu,Olivia Rodrigo,Pop
Ex For A Reason,Summer Walker,R&B
Late At Night,Roddy Ricch,Rap/Hip Hop
Livin It Up,Young Thug,Rap/Hip Hop
Stressed,Young Thug,Rap/Hip Hop
Rich N***a Shit,Young Thug,
Yonaguni,Bad Bunny,Reggaeton
Champagne Poetry,Drake,Rap/Hip Hop
Let Somebody Go,Coldplay,Alternative
You Time,Scotty McCreery,Country
Peepin Out The Window,Young Thug,Rap/Hip Hop
Woo Baby,Pop Smoke,Rap/Hip Hop
Flocky Flocky,Don Toliver,Rap/Hip Hop
Peaches,Justin Bieber,Pop
Todo de Ti,Rauw Alejandro,Dance
Drinkin' Beer. Talkin' God. Amen.,Chase Rice,Country
Your Heart,Joyner Lucas,Rap/Hip Hop
Summer Of Love,Shawn Mendes,Pop
Waves,Luke Bryan,Country
Life Support,YoungBoy Never Broke Again,Rap/Hip Hop
Bad Morning,YoungBoy Never Broke Again,Rap/Hip Hop
Intro,Meek Mill,Rap/Hip Hop
Drunk,Elle King,Alternative
Butter,BTS,Asian Music
Hot,Meek Mill,Rap/Hip Hop
Expensive Pain,Meek Mill,Rap/Hip Hop
On My Soul,Meek Mill,Rap/Hip Hop
Blue Note$ II,Meek Mill,
Outside,Meek Mill,Rap/Hip Hop
Last One Standing,Skylar Grey,Rap/Hip Hop
The Feels,TWICE,Asian Music
Me,Meek Mill,R&B
Love Train,Meek Mill,Rap/Hip Hop
Feelin Like Tunechi,Lil Wayne,Rap/Hip Hop
Ride For You,Meek Mill,Rap/Hip Hop
TSU,Drake,Rap/Hip Hop
Love All,Drake,Rap/Hip Hop
No Where,YoungBoy Never Broke Again,Rap/Hip Hop
On My Side,YoungBoy Never Broke Again,Rap/Hip Hop
Things A Man Oughta Know,Lainey Wilson,Country
Hold Me Down,YoungBoy Never Broke Again,Rap/Hip Hop
50 Shots,YoungBoy Never Broke Again,Rap/Hip Hop
Smoke Strong,YoungBoy Never Broke Again,Rap/Hip Hop
Break Or Make Me,YoungBoy Never Broke Again,Rap/Hip Hop
Sincerely,YoungBoy Never Broke Again,Rap/Hip Hop
I Can't Take It Back,YoungBoy Never Broke Again,Rap/Hip Hop
Rumors,Lizzo,Pop
Forgiato,YoungBoy Never Broke Again,Rap/Hip Hop
Rich Shit,YoungBoy Never Broke Again,Rap/Hip Hop
N 2 Deep,Drake,Rap/Hip Hop
Baddest Thing,YoungBoy Never Broke Again,Rap/Hip Hop
Pipe Down,Drake,Rap/Hip Hop
Papi's Home,Drake,Rap/Hip Hop
Toxic Punk,YoungBoy Never Broke Again,Rap/Hip Hop
Moon,Kanye West,Rap/Hip Hop
Wildest Dreams,Taylor Swift,
Arcade,Duncan Laurence,Pop
Scoop,Lil Nas,Pop
Dolla Sign Slime,Lil Nas,Pop
Lonely,DaBaby,Rap/Hip Hop
Dead Right Now,Lil Nas X,Pop
Tales Of Dominica,Lil Nas X,Pop
One Of Me,Lil Nas,Pop
Race My Mind,Drake,Rap/Hip Hop
Lost In The Citadel,Lil Nas X,Pop
Sun Goes Down,Lil Nas X,Alternative
7am On Bridle Path,Drake,Rap/Hip Hop
Off The Grid,Kanye West,Rap/Hip Hop
In Da Getto,J Balvin,Rap/Hip Hop
Skate,Silk Sonic (Bruno Mars,Pop
Am I Dreaming,Lil Nas,Pop
Don't Go Yet,Camila Cabello,Pop
Country Again,Thomas Rhett,Country
Range Brothers,Baby Keem,Rap/Hip Hop
Every Chance I Get,DJ Khaled,Rap/Hip Hop
IMY2,Drake,Rap/Hip Hop
Yebba's Heartbreak,Drake,Rap/Hip Hop
Get Along Better,Drake,Rap/Hip Hop
You Only Live Twice,Drake,Rap/Hip Hop
Lalisa,Lisa,Asian Music
Fountains,Drake,Rap/Hip Hop
Single Saturday Night,Cole Swindell,Country
We Didn't Have Much,Justin Moore,Country
Jail,Kanye West,Rap/Hip Hop
Fucking Fans,Drake,
The Remorse,Drake,Rap/Hip Hop
Ok Ok,Kanye West,Rap/Hip Hop
Junya,Kanye West,Rap/Hip Hop
Believe What I Say,Kanye West,Rap/Hip Hop
Jonah,Kanye West,Rap/Hip Hop
Jesus Lord,Kanye West,Rap/Hip Hop
Motley Crew,Post Malone,Rap/Hip Hop
Remote Control,Kanye West,Rap/Hip Hop
God Breathed,Kanye West,Rap/Hip Hop
Heartbreak Anniversary,Giveon,R&B
Forever After All,Luke Combs,
Heaven And Hell,Kanye West,Rap/Hip Hop
24,Kanye West,Rap/Hip Hop
Pure Souls,Kanye West,Rap/Hip Hop
No Child Left Behind,Kanye West,
Donda,Kanye West,Rap/Hip Hop
Keep My Spirit Alive,Kanye West,Rap/Hip Hop
Jail Pt 2,Kanye West,Rap/Hip Hop
"I Am Not A Woman, I'm A God",Halsey,Alternative
New Again,Kanye West,Rap/Hip Hop
Lord I Need You,Kanye West,Rap/Hip Hop
Come To Life,Kanye West,Rap/Hip Hop
Tell The Vision,Kanye West,Rap/Hip Hop
Brutal,Olivia Rodrigo,Pop
AM,Nio Garcia,Reggaeton
Repeat It,Lil Tecca,Rap/Hip Hop
Matt Hardy 999,Trippie Redd,Rap/Hip Hop
Blinding Lights,The Weeknd,R&B
Glad You Exist,Dan + Shay,Country
Without You,The Kid LAROI,Rap/Hip Hop
Astronaut In The Ocean,Masked Wolf,Rap/Hip Hop
Rapstar,Polo G,Rap/Hip Hop
Famous Friends,Chris Young + Kane Brown,Country
Lil Bit,Nelly,Country
Beautiful Mistakes,Maroon 5,Pop
Rich MF,Trippie Redd,Rap/Hip Hop
Already Won,Rod Wave,Rap/Hip Hop
Betrayal,Trippie Redd,Rap/Hip Hop
Don't Go,Skrillex,Pop
Tombstone,Rod Wave,Rap/Hip Hop
Visiting Hours,Ed Sheeran,Pop
Holy Smokes,Trippie Redd,Rap/Hip Hop
Miss The Rage,Trippie Redd,Rap/Hip Hop
You,Regard,Dance
MP5,Trippie Redd,Rap/Hip Hop
Paralyzed,Sueco,Alternative
I Guess I'm In Love,Clinton Kane,Pop
Get Ready,Rod Wave,Rap/Hip Hop
Danny Phantom,Trippie Redd,Rap/Hip Hop
What's Wrong,Rod Wave,Rap/Hip Hop
Demon Time,Trippie Redd,Rap/Hip Hop
Tick Tock,Young Thug,Rap/Hip Hop
Permission To Dance,BTS,Asian Music
Time Heals,Rod Wave,Rap/Hip Hop
Mind Of Melvin,YNW Melly,Rap/Hip Hop
Papercuts,Machine Gun Kelly,
SUVs,Jack Harlow,
Straightenin,Migos,Rap/Hip Hop
Blame It On You,Jason Aldean,Country
Hats Off,Lil Baby,Rap/Hip Hop
Over The Top,Smiley,Rap/Hip Hop
Brainwashed,Tom MacDonald,Rap/Hip Hop
my.life,J. Cole,
WUSYANAME,Tyler,Rap/Hip Hop
Favorite Crime,Olivia Rodrigo,Pop
Outside,MO3,Rap/Hip Hop
Ball If I Want To,DaBaby,Rap/Hip Hop
Next Girl,Carly Pearce,Country
I Like Dat,T-Pain,R&B
Steal My Love,Dan + Shay,Country
5500 Degrees,EST Gee,Rap/Hip Hop
Telepatia,Kali Uchis,Latin Music
My Ex's Best Friend,Machine Gun Kelly,
NDA,Billie Eilish,Alternative
EPMD 2,Nas,Rap/Hip Hop
Lose,KSI,Rap/Hip Hop
I Hope Ur Miserable Until Ur Dead,Nessa Barrett,Pop
Not Sober,The Kid LAROI,Rap/Hip Hop
Happier,Olivia Rodrigo,Pop
Twerkulator,City Girls,Rap/Hip Hop
Fiel,Los Legendarios,Reggaeton
Rare,Nas,Rap/Hip Hop
Best Friend,Saweetie,Rap/Hip Hop
Mood,24kGoldn,Alternative
One Too Many,Keith Urban Duet,
Getting Older,Billie Eilish,Alternative
Billie Bossa Nova,Billie Eilish,Alternative
Oxytocin,Billie Eilish,Alternative
I Didn't Change My Number,Billie Eilish,Alternative
Way Less Sad,AJR,Alternative
Lost Cause,Billie Eilish,Alternative
Halley's Comet,Billie Eilish,Alternative
My Future,Billie Eilish,Alternative
Build A Bitch,Bella Poarch,Pop
From The Garden,Isaiah Rashad,Rap/Hip Hop
Working,Tate McRae,Pop
Wants And Needs,Drake,Rap/Hip Hop
Settling Down,Miranda Lambert,Country
Gone,Dierks Bentley,Country
Red Light Green Light,DaBaby,Rap/Hip Hop
Better Believe,Belly,Rap/Hip Hop
Lick Back,EST Gee,Rap/Hip Hop
Ski,Young Thug,Rap/Hip Hop
Minimum Wage,Blake Shelton,Country
Still Chose You,The Kid LAROI,Rap/Hip Hop
Drivers License,Olivia Rodrigo,Pop
Tell The Vision,Pop Smoke,Rap/Hip Hop
pov,Ariana Grande,Pop
Bout A Million,Pop Smoke,Rap/Hip Hop
Mr. Jones,Pop Smoke,Rap/Hip Hop
More Time,Pop Smoke,Rap/Hip Hop
Manslaughter,Pop Smoke,Rap/Hip Hop
Demeanor,Pop Smoke,Rap/Hip Hop
transparentsoul,Willow,
Am I The Only One,Aaron Lewis,Country
30,Pop Smoke,Rap/Hip Hop
"Jealousy, Jealousy",Olivia Rodrigo,Pop
Calling My Phone,Lil Tjay,Rap/Hip Hop
Breaking Up Was Easy In The 90's,Sam Hunt,Country
The Jackie,Bas,Rap/Hip Hop
Follow You,Imagine Dragons,Alternative
Volando,Mora,Latin Music
4 Da Gang,42 Dugg,Rap/Hip Hop
De Museo,Bad Bunny,Latin Music
Wasting Time,Brent Faiyaz,R&B
All I Know So Far,P!nk,Pop
Track Star,Mooski,R&B
Renegade,Big Red Machine,Alternative
Cry No More,G Herbo,Rap/Hip Hop
Made For You,Jake Owen,Country
Having Our Way,Migos,Rap/Hip Hop
What's Next,Drake,Rap/Hip Hop
Enough For You,Olivia Rodrigo,Pop
Juggernaut,Tyler,Rap/Hip Hop
Tell Em,Cochise,Rap/Hip Hop
Lemonhead,Tyler,Rap/Hip Hop
Lumberjack,Tyler,Rap/Hip Hop
Almost Maybes,Jordan Davis,Country
Hot Wind Blows,Tyler,Rap/Hip Hop
Corso,Tyler,Rap/Hip Hop
I Don't Do Drugs,Doja Cat,Rap/Hip Hop
Sir Baudelaire,Tyler,Rap/Hip Hop
Sweet / I Thought You Wanted To Dance,Tyler,Rap/Hip Hop
Massa,Tyler,Rap/Hip Hop
RunItUp,Tyler,Rap/Hip Hop
Manifesto,Tyler,Rap/Hip Hop
Wilshire,Tyler,Rap/Hip Hop
Rise!,Tyler,Rap/Hip Hop
What You Know Bout Love,Pop Smoke,Rap/Hip Hop
Time Today,Moneybagg Yo,Rap/Hip Hop
Up,Cardi B,Rap/Hip Hop
Beat Box,SpotemGottem,Rap/Hip Hop
Nobody,Dylan Scott,Country
No Return,Polo G,Rap/Hip Hop
No More Parties,Coi Leray,Rap/Hip Hop
Quicksand,Morray,Rap/Hip Hop
Gang Gang,Polo G,Rap/Hip Hop
Pick Up Your Feelings,Jazmine Sullivan,R&B
Avalanche,Migos,Rap/Hip Hop
We're Good,Dua Lipa,Pop
pride.is.the.devil,J. Cole,
Still Runnin,Lil Baby,Rap/Hip Hop
How It Feels,Lil Baby,Rap/Hip Hop
Black Hearted,Polo G,Rap/Hip Hop
Painting Pictures,Polo G,Rap/Hip Hop
Modern Day,Migos,Rap/Hip Hop
Toxic,Polo G,Rap/Hip Hop
Solar Power,Lorde,Alternative
Malibu,Migos,Rap/Hip Hop
Type Shit,Migos,Rap/Hip Hop
Clueless,Polo G,Rap/Hip Hop
Voice Of The Heroes,Lil Baby,Rap/Hip Hop
Heart Of A Giant,Polo G,Rap/Hip Hop
Party Lyfe,Polo G,Rap/Hip Hop
Go Part 1,Polo G,Rap/Hip Hop
Epidemic,Polo G,Rap/Hip Hop
Boom,Polo G,Rap/Hip Hop
2040,Lil Baby,Rap/Hip Hop
"1 Step Forward, 3 Steps Back",Olivia Rodrigo,Pop
Bloody Canvas,Polo G,Rap/Hip Hop
Who I Want,Lil Baby,Rap/Hip Hop
Back In Blood,Pooh Shiesty,Rap/Hip Hop
Still Hood,Lil Baby,Rap/Hip Hop
Okay,Lil Baby,Rap/Hip Hop
Man Of My Word,Lil Baby,Rap/Hip Hop
Medical,Lil Baby,Rap/Hip Hop
Rich Off Pain,Lil Baby,Rap/Hip Hop
Lying,Lil Baby,Rap/Hip Hop
Snowflakes,Tom MacDonald,Rap/Hip Hop
That's Facts,Lil Baby,Rap/Hip Hop
Your Power,Billie Eilish,Alternative
Please,Lil Baby,Rap/Hip Hop
Up The Side,Lil Baby,Rap/Hip Hop
Hope Ur OK,Olivia Rodrigo,Pop
If You Want To,Lil Baby,Rap/Hip Hop
Seeing Green,Nicki Minaj,Rap/Hip Hop
The Good Ones,Gabby Barrett,Country
Hell Of A View,Eric Church,Country
On Me,Lil Baby,Rap/Hip Hop
Killer,Eminem,Rap/Hip Hop
amari,J. Cole,
Goosebumps,Travis Scott,Rap/Hip Hop
Solid,Young Thug,Rap/Hip Hop
Hello,Pop Smoke,Rap/Hip Hop
The Business,Tiesto,Dance
95.south,J. Cole,
Drankin N Smokin,Future,Rap/Hip Hop
Hold On,Justin Bieber,Pop
Wasted On You,Morgan Wallen,Country
Botella Tras Botella,Gera MX + Christian Nodal,Rap/Hip Hop
interlude,J. Cole,Rap/Hip Hop
applying.pressure,J. Cole,
Streets,Doja Cat,R&B
100.mil',J. Cole,
let.go.my.hand,J. Cole,
24 Hours,A Boogie Wit da Hoodie,Rap/Hip Hop
punchin'.the.clock,J. Cole,
the.climb.back,J. Cole,
hunger.on.hillside,J. Cole,
close,J. Cole,
Fractions,Nicki Minaj,Rap/Hip Hop
His & Hers,Internet Money,Rap/Hip Hop
White Teeth,YoungBoy Never Broke Again,Rap/Hip Hop
Itty Bitty Piggy,Nicki Minaj,Rap/Hip Hop
Street Runner,Rod Wave,Rap/Hip Hop
La Noche de Anoche,Bad Bunny,Latin Music
Shottas,Moneybagg Yo,Rap/Hip Hop
Never Left,Lil Tecca,
Higher Power,Coldplay,Alternative
Lady,Brett Young,Country
Crocodile Teeth,Nicki Minaj,Rap/Hip Hop
34+35,Ariana Grande,Pop
Positions,Ariana Grande,Pop
You Broke Me First.,Tate McRae,Dance
Dakiti,Bad Bunny,Latin Music
You're Mines Still,Yung Bleu,R&B
Therefore I Am,Billie Eilish,Alternative
What's Your Country Song,Thomas Rhett,Country
Good Days,SZA,Pop
Just The Way,Parmalee,Country
Ramen & OJ,Joyner Lucas,Rap/Hip Hop
Down To One,Luke Bryan,Country
Hard For The Next,Moneybagg Yo,Rap/Hip Hop
What You Need,Don Toliver,Rap/Hip Hop
I Did It,DJ Khaled,Rap/Hip Hop
Tampa,Cico P,Rap/Hip Hop
Big Gangsta,Kevin Gates,Rap/Hip Hop
Hellcats & Trackhawks,Lil Durk,Rap/Hip Hop
Let It Go,DJ Khaled,Rap/Hip Hop
Richer,Rod Wave,Rap/Hip Hop
Headshot,Lil Tjay,Rap/Hip Hop
Go!,Moneybagg Yo,Rap/Hip Hop
Go Crazy,Chris Brown,Rap/Hip Hop
Sorry Not Sorry,DJ Khaled,Rap/Hip Hop
Somebody Like That,Tenille Arts,Country
Body In Motion,DJ Khaled,Rap/Hip Hop
Big Paper,DJ Khaled,Rap/Hip Hop
Durag Activity,Baby Keem,Alternative
Final Warning,NLE Choppa,Rap/Hip Hop
If Pain Was A Person,Moneybagg Yo,Rap/Hip Hop
Thankful,DJ Khaled,Rap/Hip Hop
For The Night,Pop Smoke,Rap/Hip Hop
Willow,Taylor Swift,
Damage,H.E.R.,R&B
Free Promo,Moneybagg Yo,Rap/Hip Hop
Just Say Det,Moneybagg Yo,Rap/Hip Hop
Anyone,Justin Bieber,Pop
My Head And My Heart,Ava Max,Pop
How They Remember You,Rascal Flatts,Country
Masterpiece,DaBaby,Rap/Hip Hop
Long Live,Florida Georgia Line,Country
Clear Da Air,Moneybagg Yo,Rap/Hip Hop
Starting Over,Chris Stapleton,Country
Diamonds Dancing,Young Thug,Rap/Hip Hop
Cry Baby,Megan Thee Stallion,Rap/Hip Hop
Proud Of You,Young Thug,Rap/Hip Hop
Came And Saw,Young Thug,Rap/Hip Hop
Paid The Fine,Young Thug,Rap/Hip Hop
Momma's House,Dustin Lynch,Country
Mr. Perfectly Fine,Taylor Swift,
Run It Up,Lil Tjay,Rap/Hip Hop
You Got It,VEDO,R&B
Monsters,All Time Low,Alternative
Slatty,Young Thug,Rap/Hip Hop
Ruff Ryders' Anthem,DMX,Rap/Hip Hop
Party Up,DMX,Rap/Hip Hop
X Gon' Give It To Ya,DMX,Rap/Hip Hop
Love Story,Taylor Swift,
Forever & Always,Taylor Swift,Pop
Fearless,Taylor Swift,
You All Over Me,Taylor Swift,
You Belong With Me,Taylor Swift,
Shy Away,twenty one pilots,Alternative
Fifteen,Taylor Swift,
Big Purr,Coi Leray,Rap/Hip Hop
Met Him Last Night,Demi Lovato,Pop
The Way I Loved You,Taylor Swift,
Dancing With The Devil,Demi Lovato,Pop
Real As It Gets,Lil Baby,Rap/Hip Hop
Put Your Records On,Ritt Momney,Pop
Whoopty,CJ,Rap/Hip Hop
Lemon Pepper Freestyle,Drake,Rap/Hip Hop
Film Out,BTS,Asian Music
Body,Megan Thee Stallion,Rap/Hip Hop
As I Am,Justin Bieber,Pop
Girl Like Me,Black Eyed Peas,Pop
Buss It,Erica Banks,Rap/Hip Hop
Dynamite,BTS,Asian Music
SoulFly,Rod Wave,Rap/Hip Hop
Gone Till November,Rod Wave,Rap/Hip Hop
Don't Forget,Rod Wave,Rap/Hip Hop
Blame On You,Rod Wave,Rap/Hip Hop
All I Got,Rod Wave,Rap/Hip Hop
Pills & Billz,Rod Wave,Rap/Hip Hop
How The Game Go,Rod Wave,Rap/Hip Hop
OMDB,Rod Wave,Rap/Hip Hop
Clouds,NF,Rap/Hip Hop
What's Love??,Rod Wave,Rap/Hip Hop
Shock Da World,Rod Wave,Rap/Hip Hop
Sneaky Links,Rod Wave,Rap/Hip Hop
Better Together,Luke Combs,Country
Good Time,Niko Moon,Country
Unstable,Justin Bieber,Pop
Off My Face,Justin Bieber,Pop
2 Much,Justin Bieber,Pop
Deserve You,Justin Bieber,Pop
Die For You,Justin Bieber,Pop
Love You Different,Justin Bieber,Pop
Loved By You,Justin Bieber,Pop
Somebody,Justin Bieber,Pop
Neighbors,Pooh Shiesty,Rap/Hip Hop
Bandido,Myke Towers,Reggaeton
Beers And Sunshine,Darius Rucker,Country
Throat Baby,BRS Kash,Rap/Hip Hop
On The Ground,ROSE,Asian Music
Lost,NF,Rap/Hip Hop
Baila Conmigo,Selena Gomez,Pop
Like I Want You,Giveon,R&B
Daywalker!,Machine Gun Kelly,
Opp Stoppa,YBN Nahmir,Rap/Hip Hop
Still Trappin',Lil Durk,Rap/Hip Hop
Finesse Out The Gang Way,Lil Durk,Rap/Hip Hop
Undivided,Tim McGraw,Country
Holy,Justin Bieber,Pop
Golden,Harry Styles,Pop
Lifestyle,Jason Derulo,Pop
Moonwalking In Calabasas,DDG,Rap/Hip Hop
Tyler Herro,Jack Harlow,Rap/Hip Hop
Somebody's Problem,Morgan Wallen,Country
Cover Me Up,Morgan Wallen,Country
Life's A Mess II,Juice WRLD,Rap/Hip Hop
AP,Pop Smoke,Rap/Hip Hop
I Hope,Gabby Barrett,Country
Bang!,AJR,Alternative
Lemonade,Internet Money,Rap/Hip Hop
Lonely,Justin Bieber,Pop
Laugh Now Cry Later,Drake,Rap/Hip Hop
Only Wanna Be With You,Post Malone,Films/Games
Hole In The Bottle,Kelsea Ballerini,Country
Bichota,Karol G,Rap/Hip Hop
Test Drive,Ariana Grande,Pop
Hit Bout It,Lil Yachty,Rap/Hip Hop
Chicken Tendies,Clinton Kane,Pop
ZaZa,6ix9ine,
Afterglow,Ed Sheeran,
Monster,Shawn Mendes,Pop
Before You Go,Lewis Capaldi,Alternative
What It Feels Like,Nipsey Hussle,Rap/Hip Hop
So Done,The Kid LAROI,Rap/Hip Hop
Happy Does,Kenny Chesney,Country
"Big, Big Plans",Chris Lane,Country
Back To The Streets,Saweetie,Rap/Hip Hop
Bad Boy,Juice WRLD,Rap/Hip Hop
Kings & Queens,Ava Max,Pop
Rockstar,DaBaby,Rap/Hip Hop
GNF,Polo G,Rap/Hip Hop
Provide,G-Eazy,Rap/Hip Hop
865,Morgan Wallen,Country
Box Of Churches,Pooh Shiesty,Rap/Hip Hop
Dangerous,Morgan Wallen,Country
Warning,Morgan Wallen,Country
Still Goin Down,Morgan Wallen,Country
Prisoner,Miley Cyrus,Pop
Skin,Sabrina Carpenter,Pop
7 Summers,Morgan Wallen,Country
More Than My Hometown,Morgan Wallen,Country
Whats Poppin,Jack Harlow,Rap/Hip Hop
Should've Ducked,Lil Durk,Rap/Hip Hop
Diamonds,Sam Smith,Pop
Gravity,Brent Faiyaz,R&B
Holiday,Lil Nas X,Pop
Stay Down,Lil Durk,Rap/Hip Hop
Kanye Krazy,Lil Durk,Rap/Hip Hop
Backdoor,Lil Durk,Rap/Hip Hop
Fake Woke,Tom MacDonald,Rap/Hip Hop
Mr. Right Now,21 Savage,Rap/Hip Hop
Savage Love,Jawsh 685,Pop
Lo Vas A Olvidar,Billie Eilish,Pop
Take You Dancing,Jason Derulo,Pop
Hit Different,SZA,R&B
Champagne Night,Lady A,Country
Kacey Talk,YoungBoy Never Broke Again,Rap/Hip Hop
Adderall,Popp Hunna,Rap/Hip Hop
Antes,Anuel AA,Reggaeton
I Should Probably Go To Bed,Dan + Shay,Country
WAP,Cardi B,Rap/Hip Hop
Love You Like I Used To,Russell Dickerson,Country
De Una Vez,Selena Gomez,Pop
Better Days,Ant Clemons,R&B
Hawai,Maluma,Rap/Hip Hop
B.S.,Jhene Aiko,R&B
Neon Eyes,Morgan Wallen,Country
More Surprised Than Me,Morgan Wallen,Country
Livin' The Dream,Morgan Wallen,Country
Whiskey'd My Way,Morgan Wallen,Country
Your Bartender,Morgan Wallen,Country
Outlaw,Morgan Wallen,Country
Only Thing That's Gone,Morgan Wallen,Country
This Bar,Morgan Wallen,Country
Wonderin' Bout The Wind,Morgan Wallen,Country
Girl Like Me,Jazmine Sullivan,R&B
Midnight Sky,Miley Cyrus,Pop
Happy Anywhere,Blake Shelton,Country
Pretty Heart,Parker McCollum,Country
Watermelon Sugar,Harry Styles,Pop
Ain't Always The Cowboy,Jon Pardi,Country
Way Out,Jack Harlow,Rap/Hip Hop
Some Girls,Jameson Rodgers,Country
Took Her To The O,King Von,Rap/Hip Hop
Wonder,Shawn Mendes,Pop
Everywhere But On,Matt Stell,Country
Reminds Me Of You,The Kid LAROI,Rap/Hip Hop
All I Want For Christmas Is You,Mariah Carey,Pop
Rockin' Around The Christmas Tree,Brenda Lee,
Jingle Bell Rock,Bobby Helms,Kids
A Holly Jolly Christmas,Burl Ives,
It's The Most Wonderful Time Of The Year,Andy Williams,Classical
Run Rudolph Run,Chuck Berry,Rock
Feliz Navidad,Jose Feliciano,Classical
"Let It Snow, Let It Snow, Let It Snow",Dean Martin,Kids
The Christmas Song,Nat King Cole,
Underneath The Tree,Kelly Clarkson,
Redman,Lil Durk,Rap/Hip Hop
Slay3r,Playboi Carti,Rap/Hip Hop
Go2DaMoon,Playboi Carti,Rap/Hip Hop
Refugee,Lil Durk,Rap/Hip Hop
Take Me Home For Christmas,Dan + Shay,
Vamp Anthem,Playboi Carti,Rap/Hip Hop
New N3on,Playboi Carti,Rap/Hip Hop
Death Ain't Easy,Lil Durk,Rap/Hip Hop
M3tamorphosis,Playboi Carti,Rap/Hip Hop
Last Christmas,Wham!,Pop
Sleigh Ride,The Ronettes,Classical
It's Beginning To Look A Lot Like Christmas,Perry Como,
Rudolph The Red-Nosed Reindeer,Gene Autry,Classical
Santa Tell Me,Ariana Grande,
Happy Holiday / The Holiday Season,Andy Williams,Classical
Christmas,Darlene Love,Classical
White Christmas,Bing Crosby,
 Home For The Holidays,Perry Como,Classical
It's Beginning To Look A Lot Like Christmas,Michael Buble,
Here Comes Santa Claus,Gene Autry,
Wonderful Christmastime,Paul McCartney,Pop
"You're A Mean One, Mr. Grinch",Thurl Ravenscroft,
Blue Christmas,Elvis Presley,Classical
Mele Kalikimaka,Bing Crosby,
This Christmas,Donny Hathaway,R&B
Deck The Halls,Nat King Cole,
Please Come Home For Christmas,Eagles,Pop
Santa Claus Is Comin' To Town,Jackson 5,
Little Saint Nick,The Beach Boys,Pop
Have Yourself A Merry Little Christmas,Michael Buble,
I'll Be Home For Christmas,Bing Crosby,
Hallelujah,Carrie Underwood,
Gnat,Eminem,Rap/Hip Hop
Rockin' Around The Christmas Tree,Justin Bieber,
Favorite Time Of Year,Carrie Underwood,
Under The Mistletoe,Kelly Clarkson,
Champagne Problems,Taylor Swift,
The First Noel,Gabby Barrett,Country
Tequila Shots,Kid Cudi,Rap/Hip Hop
'Tis The Damn Season,Taylor Swift,
Silent Night,Carrie Underwood,
"No Body, No Crime",Taylor Swift,
Gold Rush,Taylor Swift,
Tolerate It,Taylor Swift,
She Knows This,Kid Cudi,Rap/Hip Hop
Happiness,Taylor Swift,
Show Out,Kid Cudi,Rap/Hip Hop
Evermore,Taylor Swift,
Ivy,Taylor Swift,
Coney Island,Taylor Swift,
Another Day,Kid Cudi,Rap/Hip Hop
Dorothea,Taylor Swift,
Long Story Short,Taylor Swift,
Cowboy Like Me,Taylor Swift,
Marjorie,Taylor Swift,
Mr. Solo Dolo III,Kid Cudi,
Dive,Kid Cudi,Rap/Hip Hop
Closure,Taylor Swift,
Heaven On Earth,Kid Cudi,Rap/Hip Hop
Sad People,Kid Cudi,Rap/Hip Hop
Damaged,Kid Cudi,Rap/Hip Hop
Errbody,Lil Baby,Rap/Hip Hop
Beautiful Trip,Kid Cudi,Rap/Hip Hop
Real Shit,Juice WRLD,Rap/Hip Hop
Dicked Down In Dallas,Trey Lewis,Country
Oh Santa!,Mariah Carey,Dance
Don't Stop,Megan Thee Stallion,Rap/Hip Hop
Life Goes On,BTS,Asian Music
Martin & Gina,Polo G,Rap/Hip Hop
Heather,Conan Gray,Pop
Practice,DaBaby,Rap/Hip Hop
Te Mudaste,Bad Bunny,Latin Music
Be Like That,Kane Brown,Country
ily,Surf Mesa,Dance
Said Sum,Moneybagg Yo,Rap/Hip Hop
Yo Visto Asi,Bad Bunny,Latin Music
Haciendo Que Me Amas,Bad Bunny,Latin Music
Te Deseo Lo Mejor,Bad Bunny,Latin Music
Booker T,Bad Bunny,Latin Music
El Mundo Es Mio,Bad Bunny,Latin Music
Hoy Cobre,Bad Bunny,Latin Music
Maldita Pobreza,Bad Bunny,Latin Music
La Droga,Bad Bunny,Latin Music
Blue & Grey,BTS,Asian Music
Stay,BTS,Asian Music
One Beer,HARDY,Country
One Of Them Girls,Lee Brice,Country
Come & Go,Juice WRLD,Rap/Hip Hop
Fly To My Room,BTS,Asian Music
Telepathy,BTS,Asian Music
Dis-ease,BTS,Asian Music
Franchise,Travis Scott,Rap/Hip Hop
Girls In The Hood,Megan Thee Stallion,Rap/Hip Hop
Shots Fired,Megan Thee Stallion,Rap/Hip Hop
Pain Away,Meek Mill,Rap/Hip Hop
U 2 Luv,Ne-Yo,R&B
Wishing Well,Juice WRLD,Rap/Hip Hop
Do It On The Tip,Megan Thee Stallion,Rap/Hip Hop
Circles,Megan Thee Stallion,Rap/Hip Hop
Popstar,DJ Khaled,Rap/Hip Hop
Got What I Got,Jason Aldean,Country
Stripes Like Burberry,Future,Rap/Hip Hop
Adore You,Harry Styles,Pop
That's It,Future,Rap/Hip Hop
The Woo,Pop Smoke,Rap/Hip Hop
Real Baby Pluto,Future,Rap/Hip Hop
Iris,Phoebe,Dance
Mood Swings,Pop Smoke,Rap/Hip Hop
Marni On Me,Future,Rap/Hip Hop
Million Dollar Play,Future,Rap/Hip Hop
Sleeping On The Floor,Future,Rap/Hip Hop
Blind,DaBaby,Rap/Hip Hop
Plastic,Future,Rap/Hip Hop
24,Money Man,Rap/Hip Hop
Runnin,21 Savage,Rap/Hip Hop
Relacion,Sech,Latin Music
La Toxica,Farruko,Rap/Hip Hop
Tap In,Saweetie,Rap/Hip Hop
Rockstar Chainz,Future,Rap/Hip Hop
Bought A Bad Bitch,Future,Rap/Hip Hop
What That Speed Bout!?,Mike WiLL Made-It,Rap/Hip Hop
Rags2Riches,Rod Wave,Rap/Hip Hop
Roses,SAINt JHN,Rap/Hip Hop
Lovin' On You,Luke Combs,Country
Don't Need Friends,NAV,Rap/Hip Hop
The Code,King Von,Rap/Hip Hop
Tragic,The Kid LAROI,Rap/Hip Hop
All These N**gas,King Von,
Motive,Ariana Grande,Pop
Crazy Story 2.0,King Von,
Always Do,The Kid LAROI,Rap/Hip Hop
Young Wheezy,NAV,Rap/Hip Hop
Off The Table,Ariana Grande,Pop
Just Like Magic,Ariana Grande,Pop
"F*ck You, Goodbye",The Kid LAROI,Rap/Hip Hop
Shut Up,Ariana Grande,Pop
Thriller,Michael Jackson,Pop
Nasty,Ariana Grande,Pop
Break My Heart,Dua Lipa,Pop
Safety Net,Ariana Grande,Pop
Six Thirty,Ariana Grande,Pop
My Hair,Ariana Grande,Pop
Obvious,Ariana Grande,Pop
West Side,Ariana Grande,Pop
Love Language,Ariana Grande,Pop
Weeeeee,Trippie Redd,Rap/Hip Hop
Thick,DJ Chose,Rap/Hip Hop
Circles,Post Malone,Rap/Hip Hop
Dreams,Fleetwood Mac,Rock
Don't Start Now,Dua Lipa,Pop
Spicy,Ty Dolla $ign,R&B
The Other Guy,Luke Combs,Country
Without You,Luke Combs,Country
The Bigger Picture,Lil Baby,Rap/Hip Hop
Whole Lotta Choppas,Sada Baby,Rap/Hip Hop
Greece,DJ Khaled,Rap/Hip Hop
Un Dia,J Balvin,Rap/Hip Hop
Do It,Chloe,R&B
Cardigan,Taylor Swift,
Forget Me Too,Machine Gun Kelly,
Head & Heart,Joel Corry,Dance
"Wine, Beer, Whiskey",Little Big Town,Country
Hate The Way,G-Eazy,Rap/Hip Hop
OK Not To Be OK,Marshmello,Pop
Canceled,Larray,Rap/Hip Hop
Glock In My Lap,21 Savage,Rap/Hip Hop
Ice Cream,BLACKPINK,Asian Music
Smile,Juice WRLD,Rap/Hip Hop
Breaking Me,Topic,Dance
3 Headed Goat,Lil Durk,Rap/Hip Hop
I Called Mama,Tim McGraw,Country
Bloody Valentine,Machine Gun Kelly,
La Jeepeta,Nio Garcia,Reggaeton
Caramelo,Ozuna,Reggaeton
Pardon,T.I.,Rap/Hip Hop
Dollaz On My Head,Gunna,Rap/Hip Hop
If The World Was Ending,JP Saxe,Pop
"Baby, I'm Jealous",Bebe Rexha,Pop
Cool Again,Kane Brown,Country
Rich N*gga Sh*t,21 Savage,Rap/Hip Hop
Slidin,21 Savage,Rap/Hip Hop
Many Men,21 Savage,Rap/Hip Hop
Sofia,Clairo,Alternative
Fallin',Why Don't We,Pop
Outta Time,Bryson Tiller,R&B
My Dawg,21 Savage,Rap/Hip Hop
Brand New Draco,21 Savage,Rap/Hip Hop
Lovesick Girls,BLACKPINK,Asian Music
Snitches & Rats,21 Savage,Rap/Hip Hop
Rain On Me,Lady Gaga,Pop
No Opp Left Behind,21 Savage,
Steppin On N*ggas,21 Savage,Rap/Hip Hop
RIP Luv,21 Savage,Rap/Hip Hop
Always Forever,Bryson Tiller,R&B
Years Go By,Bryson Tiller,R&B
Said N Done,21 Savage,Rap/Hip Hop
Life Is Good,Future,Alternative
Chasin' You,Morgan Wallen,Country
Die From A Broken Heart,Maddie,Country
We Paid,Lil Baby,Rap/Hip Hop
Like That,Doja Cat,R&B
Over Now,Calvin Harris,Pop
Nobody's Love,Maroon 5,Pop
Better,Zayn,Pop
Drunk Face,Machine Gun Kelly,
"Ay, Dios Mio!",Karol G,Rap/Hip Hop
Money Over Fallouts,Tory Lanez,Rap/Hip Hop
Moral Of The Story,Ashe,Alternative
Say So,Doja Cat,R&B
Savage,Megan Thee Stallion,Rap/Hip Hop
Blueberry Faygo,Lil Mosey,Rap/Hip Hop
Dolly,Lil Tecca,Rap/Hip Hop
My Window,YoungBoy Never Broke Again,Rap/Hip Hop
When You Down,Lil Tecca,Rap/Hip Hop
Me Gusta,Anitta,Rap/Hip Hop
Wet.,YFN Lucci,Rap/Hip Hop
Lonely If You Are,Chase Rice,Country
Drug Addiction,YoungBoy Never Broke Again,Rap/Hip Hop
Wolves,Big Sean,Rap/Hip Hop
The Bones,Maren Morris,Country
One Margarita,Luke Bryan,Country
Gone Too Soon,Andrew Jannakos,Country
All In,YoungBoy Never Broke Again,Rap/Hip Hop
Dead Trollz,YoungBoy Never Broke Again,Rap/Hip Hop
Cross Roads,YoungBoy Never Broke Again,Rap/Hip Hop
The Last Backyard...,YoungBoy Never Broke Again,Rap/Hip Hop
Right Foot Creep,YoungBoy Never Broke Again,Rap/Hip Hop
One Night Standards,Ashley McBryde,Country
Lets Link,WhoHeem,
Dirty Stick,YoungBoy Never Broke Again,Rap/Hip Hop
Got It On Me,Pop Smoke,Rap/Hip Hop
Death Bed,Powfu,Rap/Hip Hop
Intentions,Justin Bieber,Pop
Party Girl,StaySolidRocky,Rap/Hip Hop
The Voice,Lil Durk,Rap/Hip Hop
Lithuania,Big Sean,Rap/Hip Hop
Deep Reverence,Big Sean,Rap/Hip Hop
Why We Drink,Justin Moore,Country
After Party,Don Toliver,
Body Language,Big Sean,Rap/Hip Hop
Why Would I Stop?,Big Sean,Rap/Hip Hop
Need It,Migos,Rap/Hip Hop
Stuck With U,Ariana Grande,Pop
Be A Light,Thomas Rhett,Country
I Love My Country,Florida Georgia Line,Country
God Whispered Your Name,Keith Urban,Country
Blastoff,Internet Money,Rap/Hip Hop
Expensive,Ty Dolla $ign,Rap/Hip Hop
The 1,Taylor Swift,
Done,Chris Janson,Country
Girl Of My Dreams,Rod Wave,Rap/Hip Hop
The Box,Roddy Ricch,Rap/Hip Hop
The Plan,Travis Scott,Rap/Hip Hop
Spicy,Nas,Rap/Hip Hop
Hate The Other Side,Juice WRLD,Rap/Hip Hop
Exile,Taylor Swift,
B*tch From da Souf,Mulatto,
21,Polo G,Rap/Hip Hop
Emotionally Scarred,Lil Baby,Rap/Hip Hop
Bluebird,Miranda Lambert,Country
Toosie Slide,Drake,Rap/Hip Hop
Mamacita,Black Eyed Peas,Reggaeton
Conversations,Juice WRLD,Rap/Hip Hop
Righteous,Juice WRLD,Rap/Hip Hop
Past Life,Trevor Daniel,Pop
Something Special,Pop Smoke,Rap/Hip Hop
Hard To Forget,Sam Hunt,Country
Supalonely,BENEE,Alternative
Letter From Houston,Rod Wave,Rap/Hip Hop
One Big Country Song,LOCASH,Country
Don't Rush,Young T,Rap/Hip Hop
Freestyle,Rod Wave,Rap/Hip Hop
Life's A Mess,Juice WRLD,Rap/Hip Hop
Move Ya Hips,A$AP Ferg,Rap/Hip Hop
Be Kind,Marshmello,Dance
Falling,Trevor Daniel,Pop
Walk Em Down,NLE Choppa,Rap/Hip Hop
The Last Great American Dynasty,Taylor Swift,
My Tears Ricochet,Taylor Swift,
August,Taylor Swift,
Invisible String,Taylor Swift,
Betty,Taylor Swift,
No Dribble,DaBaby,Rap/Hip Hop
Mirrorball,Taylor Swift,
Blood On My Jeans,Juice WRLD,Rap/Hip Hop
Lion King On Ice,J. Cole,Rap/Hip Hop
Seven,Taylor Swift,
This Is Me Trying,Taylor Swift,
Illicit Affairs,Taylor Swift,
Mad Woman,Taylor Swift,
The Climb Back,J. Cole,
Epiphany,Taylor Swift,
Peace,Taylor Swift,
Hoax,Taylor Swift,
Go!,Kid LAROI,Rap/Hip Hop
Perfect,Logic,Rap/Hip Hop
Sunday Best,Surfaces,Pop
Titanic,Juice WRLD,Rap/Hip Hop
Stay High,Juice WRLD,Rap/Hip Hop
Bad Energy,Juice WRLD,Rap/Hip Hop
The Scotts,THE SCOTTS,Rap/Hip Hop
Tell Me U Luv Me,Juice WRLD,Rap/Hip Hop
Up Up And Away,Juice WRLD,Rap/Hip Hop
Fighting Demons,Juice WRLD,Rap/Hip Hop
Does To Me,Luke Combs,Country
Man Of The Year,Juice WRLD,Rap/Hip Hop
Can't Die,Juice WRLD,Rap/Hip Hop
Chicago Freestyle,Drake,Rap/Hip Hop
Flex,Polo G,Rap/Hip Hop
Screw Juice,Juice WRLD,Rap/Hip Hop
Enjoy Yourself,Pop Smoke,Rap/Hip Hop
The Adventures Of Moon Man & Slim Shady,Kid Cudi,Rap/Hip Hop
I Want It,Juice WRLD,Rap/Hip Hop
Gangstas,Pop Smoke,Rap/Hip Hop
Let It Go,Summer Walker,R&B
My Affection,Summer Walker,R&B
Aim For The Moon,Pop Smoke,Rap/Hip Hop
Beer Can't Fix,Thomas Rhett,Country
Here And Now,Kenny Chesney,Country
44 Bulldog,Pop Smoke,Rap/Hip Hop
Gooba,6ix9ine,Rap/Hip Hop
Dior,Pop Smoke,Rap/Hip Hop
High Fashion,Roddy Ricch,Rap/Hip Hop
Yea Yea,Pop Smoke,Rap/Hip Hop
Make It Rain,Pop Smoke,Rap/Hip Hop
Snitchin,Pop Smoke,
Bad Bitch From Tokyo,Pop Smoke,Rap/Hip Hop
Creature,Pop Smoke,Rap/Hip Hop
West Coast Shit,Pop Smoke,Rap/Hip Hop
P*$$y Fairy,Jhene Aiko,R&B
Wash Us In The Blood,Kanye West,Rap/Hip Hop
Diana,Pop Smoke,Rap/Hip Hop
Tunnel Vision,Pop Smoke,Rap/Hip Hop
Trollz,6ix9ine,Rap/Hip Hop
After A Few,Travis Denning,
How You Like That,BLACKPINK,Asian Music
Yo Perreo Sola,Bad Bunny,Reggaeton
In Between,Scotty McCreery,Country
YaYa,6ix9ine,
Memories,Maroon 5,Pop
Nobody But You,Blake Shelton Duet,
Hot Girl Bummer,blackbear,Pop
Black Parade,Beyonce,Rap/Hip Hop
Know My Rights,6LACK,R&B
Daisies,Katy Perry,Pop
Grace,Lil Baby,Rap/Hip Hop
Believe It,PARTYNEXTDOOR,R&B
In Your Eyes,The Weeknd,R&B
Stick That In Your Country Song,Eric Church,Country
My Truck,Breland,Country
X,Jonas Brothers,Pop
Shotta Flow 5,NLE Choppa,Rap/Hip Hop
I Hope You're Happy Now,Carly Pearce,Country
Everything I Wanted,Billie Eilish,Alternative
Snow On Tha Bluff,J. Cole,Rap/Hip Hop
Bleed,A Boogie Wit da Hoodie,Rap/Hip Hop
Tommy Lee,Tyla Yaweh,Rap/Hip Hop
Level Of Concern,twenty one pilots,Alternative
One Shot,YoungBoy Never Broke Again,Rap/Hip Hop
Need Me,J.I The Prince Of N.Y,Rap/Hip Hop
All In,Lil Baby,Rap/Hip Hop
July,Noah Cyrus,Pop
Heartless,Diplo Presents Thomas Wesley,
Ride It.,Regard,Dance
Otherside Of America,Meek Mill,Rap/Hip Hop
Drinking Alone,Carrie Underwood,Country
Deep End Freestyle,Sleepy Hallow,Rap/Hip Hop
The Man Who Loves You The Most,Zac Brown Band,Country
My Oh My,Camila Cabello,Pop
Dance Monkey,Tones,Alternative
Out West,JACKBOYS,Rap/Hip Hop
Sour Candy,Lady Gaga,Pop
Turks,NAV,Rap/Hip Hop
Cooler Than A Bitch,Gunna,Rap/Hip Hop
That Way,Lil Uzi Vert,Rap/Hip Hop
Hard Days,Brantley Gilbert,Country
Catch,Brett Young,Country
Trillionaire,Future,Rap/Hip Hop
Worldwide Beautiful,Kane Brown,Country
Stupid Love,Lady Gaga,Pop
TKN,Rosalia,Pop
Godzilla,Eminem,Rap/Hip Hop
T.D,Lil Yachty,Rap/Hip Hop
Alice,Lady Gaga,Pop
Hasta Que Dios Diga,Anuel AA,Reggaeton
Lose Somebody,Kygo,Electro
Sigues Con El,Arcangel,Latin Music
Solitaires,Future,Rap/Hip Hop
RITMO,Black Eyed Peas,Dance
Sum 2 Prove,Lil Baby,Rap/Hip Hop
Top Floor,Gunna,Rap/Hip Hop
Wunna,Gunna,Rap/Hip Hop
Blindfold,Gunna,Rap/Hip Hop
SkyBox,Gunna,Rap/Hip Hop
Argentina,Gunna,Rap/Hip Hop
Met Gala,Gunna,Rap/Hip Hop
Daechwita,Agust D,Asian Music
Nasty Girl / On Camera,Gunna,Rap/Hip Hop
MOTW,Gunna,Rap/Hip Hop
Gimmick,Gunna,Rap/Hip Hop
Go Stupid,Polo G,Rap/Hip Hop
Be Something,Polo G,Rap/Hip Hop
Feigning,Gunna,Rap/Hip Hop
Someone You Loved,Lewis Capaldi,Alternative
Ballin',Mustard,Rap/Hip Hop
Trapped In The Sun,Future,Rap/Hip Hop
All Bad,Future,Rap/Hip Hop
Hard To Choose One,Future,Rap/Hip Hop
Ridin Strikers,Future,Rap/Hip Hop
Hitek Tek,Future,Rap/Hip Hop
Too Comfortable,Future,Rap/Hip Hop
Posted With Demons,Future,Rap/Hip Hop
Touch The Sky,Future,Rap/Hip Hop
One Of My,Future,Rap/Hip Hop
Harlem Shake,Future,Rap/Hip Hop
Pain 1993,Drake,Rap/Hip Hop
Don't Believe The Hype,Polo G,Rap/Hip Hop
Beautiful Pain,Polo G,Rap/Hip Hop
33,Polo G,Rap/Hip Hop
I Know,Polo G,Rap/Hip Hop
Me Vs Me,Moneybagg Yo,Rap/Hip Hop
Heart On Ice,Rod Wave,Rap/Hip Hop
Can I,Kehlani,R&B
Zoo York,Lil Tjay,Rap/Hip Hop
Toxic,Kehlani,R&B
I'm Ready,Sam Smith,Pop
More Hearts Than Mine,Ingrid Andress,Country
I Love Me,Demi Lovato,Pop
D4L,Future,Rap/Hip Hop
Change Your Life,Kehlani,R&B
Desires,Drake,Rap/Hip Hop
Jump,DaBaby,Rap/Hip Hop
Six Feet Apart,Luke Combs,Country
Viral Moment,Lil Durk,Rap/Hip Hop
Homemade,Jake Owen,Country
Time Flies,Drake,Rap/Hip Hop
Slow Dance In A Parking Lot,Jordan Davis,Country
You Should Be Sad,Halsey,Alternative
Demons,Drake,Rap/Hip Hop
Not You Too,Drake,Rap/Hip Hop
Deep Pockets,Drake,Rap/Hip Hop
When To Say When,Drake,Rap/Hip Hop
Landed,Drake,Rap/Hip Hop
From Florida With Love,Drake,Rap/Hip Hop
Losses,Drake,Rap/Hip Hop
War,Drake,Rap/Hip Hop
Social Distancing,Lil Baby,Rap/Hip Hop
Slide,H.E.R.,R&B
Low Down,Lil Baby,Rap/Hip Hop
Humble,Lil Baby,Rap/Hip Hop
Heatin Up,Lil Baby,Rap/Hip Hop
Come Thru,Summer Walker,R&B
Find My Way,DaBaby,Rap/Hip Hop
Roxanne,Arizona Zervas,Rap/Hip Hop
Heartless,The Weeknd,R&B
HIGHEST IN THE ROOM,Travis Scott,Rap/Hip Hop
"10,000 Hours",Dan + Shay,Country
Sasuke,Lil Uzi Vert,Rap/Hip Hop
Ain't Easy,YoungBoy Never Broke Again,Rap/Hip Hop
Diamonds,YoungBoy Never Broke Again,Rap/Hip Hop
Myron,Lil Uzi Vert,Rap/Hip Hop
Captain Hook,Megan Thee Stallion,Rap/Hip Hop
Bout My Business,YoungBoy Never Broke Again,Rap/Hip Hop
Rough Ryder,YoungBoy Never Broke Again,Rap/Hip Hop
Underdog,Alicia Keys,R&B
NASTY,DaBaby,Rap/Hip Hop
PTSD,G Herbo,Rap/Hip Hop
Thug Of Spades,YoungBoy Never Broke Again,Rap/Hip Hop
Safaera,Bad Bunny,Reggaeton
@ MEH,Playboi Carti,Rap/Hip Hop
BOP,DaBaby,Rap/Hip Hop
PICK UP,DaBaby,Rap/Hip Hop
No Guidance,Chris Brown,R&B
LIGHTSKIN SH*T,DaBaby,Rap/Hip Hop
BEST ON EARTH,Russ,Rap/Hip Hop
CAN'T STOP,DaBaby,Rap/Hip Hop
BLAME IT ON BABY,DaBaby,Rap/Hip Hop
SAD SHIT,DaBaby,
Tusa,Karol G,Rap/Hip Hop
DROP,DaBaby,Rap/Hip Hop
TALK ABOUT IT,DaBaby,Rap/Hip Hop
CHAMPION,DaBaby,Rap/Hip Hop
I Dare You,Kelly Clarkson,Pop
Broke In A Minute,Tory Lanez,Rap/Hip Hop
Suicidal,YNW Melly,Rap/Hip Hop
Stupid Again,Tory Lanez,Rap/Hip Hop
Boyfriend,Selena Gomez,Pop
The Other Side,SZA,Kids
What She Wants Tonight,Luke Bryan,Country
DND,Polo G,Rap/Hip Hop
Ridin' Roads,Dustin Lynch,Country
The Man,Taylor Swift,
Oprah's Bank Account,Lil Yachty,Rap/Hip Hop
P2,Lil Uzi Vert,Rap/Hip Hop
Yummy,Justin Bieber,Pop
B.I.T.C.H.,Megan Thee Stallion,Rap/Hip Hop
Boss Bitch,Doja Cat,Pop
Homesick,Kane Brown,Country
Fuck The World,Rod Wave,Rap/Hip Hop
Pray 4 Love,Rod Wave,Rap/Hip Hop
Thief In The Night,Rod Wave,Rap/Hip Hop
Tycoon,Future,Rap/Hip Hop
I Remember,Rod Wave,Rap/Hip Hop
The Greatest,Rod Wave,Rap/Hip Hop
Ribbon In The Sky,Rod Wave,Rap/Hip Hop
Last Time I Say Sorry,Kane Brown,Country
After Hours,The Weeknd,
Thug Life,Rod Wave,Rap/Hip Hop
What A Man Gotta Do,Jonas Brothers,Pop
No Weakness,Rod Wave,Rap/Hip Hop
Woah,Lil Baby,Rap/Hip Hop
Loyal,PARTYNEXTDOOR,R&B
Know Your Worth,Khalid,Pop
Physical,Dua Lipa,Pop
Make No Sense,YoungBoy Never Broke Again,Rap/Hip Hop
La Dificil,Bad Bunny,Reggaeton
Si Veo A Tu Mama,Bad Bunny,Reggaeton
Vete,Bad Bunny,Reggaeton
Baby Pluto,Lil Uzi Vert,Rap/Hip Hop
Into The Unknown,Idina Menzel,Films/Games
Alone Again,The Weeknd,R&B
Scared To Live,The Weeknd,R&B
Hardest To Love,The Weeknd,R&B
Too Late,The Weeknd,R&B
Snowchild,The Weeknd,R&B
Escape From LA,The Weeknd,R&B
Faith,The Weeknd,R&B
Lose You To Love Me,Selena Gomez,Pop
homecoming queen?,Kelsea Ballerini,Country
Repeat After Me,The Weeknd,
Until I Bleed Out,The Weeknd,R&B
To Die For,Sam Smith,Pop
Bean,Lil Uzi Vert,Rap/Hip Hop
Lo Mein,Lil Uzi Vert,Rap/Hip Hop
Yessirskiii,Lil Uzi Vert,Rap/Hip Hop
The Other Girl,Kelsea Ballerini,Country
Good As Hell,Lizzo,Pop
Lotus,Lil Uzi Vert,Rap/Hip Hop
Silly Watch,Lil Uzi Vert,Rap/Hip Hop
Wassup,Lil Uzi Vert,Rap/Hip Hop
Strawberry Peels,Lil Uzi Vert,Rap/Hip Hop
Moon Relate,Lil Uzi Vert,Rap/Hip Hop
I Can Show You,Lil Uzi Vert,Rap/Hip Hop
We Back,Jason Aldean,Country
Trap This Way,Lil Uzi Vert,Rap/Hip Hop
I Wish Grandpas Never Died,Riley Green,Country
Leaders,Lil Uzi Vert,Rap/Hip Hop
No Auto,Lil Uzi Vert,Rap/Hip Hop
Homecoming,Lil Uzi Vert,Rap/Hip Hop
Come This Way,Lil Uzi Vert,Rap/Hip Hop
Got The Guap,Lil Uzi Vert,Rap/Hip Hop
Money Spread,Lil Uzi Vert,Rap/Hip Hop
Cardigan,Don Toliver,Rap/Hip Hop
Futsal Shuffle 2020,Lil Uzi Vert,Rap/Hip Hop
Prices,Lil Uzi Vert,Rap/Hip Hop
POP,Lil Uzi Vert,Rap/Hip Hop
Bigger Than Life,Lil Uzi Vert,Rap/Hip Hop
Celebration Station,Lil Uzi Vert,Rap/Hip Hop
You Better Move,Lil Uzi Vert,Rap/Hip Hop
I'm Sorry,Lil Uzi Vert,Rap/Hip Hop
Venetia,Lil Uzi Vert,Rap/Hip Hop
Chrome Heart Tags,Lil Uzi Vert,Rap/Hip Hop
Bust Me,Lil Uzi Vert,Rap/Hip Hop
Happiness Over Everything,Jhene Aiko,R&B
Commercial,Lil Baby,Rap/Hip Hop
Juicy,Doja Cat,R&B
Secure The Bag,Lil Uzi Vert,Rap/Hip Hop
Urgency,Lil Uzi Vert,Rap/Hip Hop
Ignorantes,Bad Bunny,Reggaeton
Triggered,Jhene Aiko,R&B
La Santa,Bad Bunny,Reggaeton
None Of Your Concern,Jhene Aiko,R&B
SUGAR,BrockHampton,Rap/Hip Hop
Live Off My Closet,Lil Baby,Rap/Hip Hop
Senorita,Shawn Mendes,Pop
Bad Guy,Billie Eilish,Alternative
Kinfolks,Sam Hunt,Country
One Man Band,Old Dominion,Country
Get Ugly,Lil Baby,Rap/Hip Hop
No Sucker,Lil Baby,Rap/Hip Hop
How,Lil Baby,Rap/Hip Hop
Pero Ya No,Bad Bunny,Reggaeton
Forever,Lil Baby,Rap/Hip Hop
ON,BTS,Asian Music
Lil Top,YoungBoy Never Broke Again,Rap/Hip Hop
Numbers,A Boogie Wit da Hoodie,Rap/Hip Hop
Same Thing,Lil Baby,Rap/Hip Hop
Make Me Want To,Jimmie Allen,Country
Bichiyal,Bad Bunny,Reggaeton
We Should,Lil Baby,Rap/Hip Hop
Solia,Bad Bunny,Reggaeton
No Time To Die,Billie Eilish,Alternative
Esta Cabron Ser Yo,Bad Bunny,Reggaeton
Can't Explain,Lil Baby,Rap/Hip Hop
Trampoline,SHAED,Alternative
Sucker,Jonas Brothers,Pop
I Don't Care,Ed Sheeran,Pop
Red Eye,YoungBoy Never Broke Again,Rap/Hip Hop
Only Human,Jonas Brothers,Pop
Fine By Time,YoungBoy Never Broke Again,Rap/Hip Hop
Bad Bad,YoungBoy Never Broke Again,Rap/Hip Hop
Knocked Off,YoungBoy Never Broke Again,Rap/Hip Hop
Forever,Justin Bieber,Pop
Dive Bar,Garth Brooks,
RIP Lil Phat,YoungBoy Never Broke Again,Rap/Hip Hop
TOES,DaBaby,Rap/Hip Hop
My Time,BTS,Asian Music
Long RD,YoungBoy Never Broke Again,Rap/Hip Hop
South Of The Border,Ed Sheeran,Pop
Filter,BTS,Asian Music
Bat Man,YoungBoy Never Broke Again,Rap/Hip Hop
Shake The Room,Pop Smoke,Rap/Hip Hop
Rare,Selena Gomez,Pop
Me And My Guitar,A Boogie Wit da Hoodie,Rap/Hip Hop
Feel Me,Selena Gomez,Pop
Truth Hurts,Lizzo,Pop
g n f,Migos,
Bandit,Juice WRLD,Rap/Hip Hop
Might Not Give Up,A Boogie Wit da Hoodie,Rap/Hip Hop
Thug Love,A Boogie Wit da Hoodie,Rap/Hip Hop
Stain,A Boogie Wit da Hoodie,Rap/Hip Hop
Yikes,Nicki Minaj,Rap/Hip Hop
Come Around Me,Justin Bieber,Pop
King Of My City,A Boogie Wit da Hoodie,Rap/Hip Hop
Cinderella Story,A Boogie Wit da Hoodie,Rap/Hip Hop
Habitual,Justin Bieber,Pop
All Around Me,Justin Bieber,Pop
Hot,Young Thug,Rap/Hip Hop
Even Though I'm Leaving,Luke Combs,Country
Heartache Medication,Jon Pardi,Country
I Do It,Lil Wayne,Rap/Hip Hop
VIBEZ,DaBaby,Rap/Hip Hop
Run,Joji,Alternative
Rodeo,Lil Nas,Alternative
KEII,Anuel AA,Reggaeton
No Idea,Don Toliver,Rap/Hip Hop
Believe,Meek Mill,Rap/Hip Hop
Start Wit Me,Roddy Ricch,Rap/Hip Hop
Easy,DaniLeigh,Rap/Hip Hop
No Judgement,Niall Horan,Pop
Jerry Sprunger,Tory Lanez,R&B
ORANGE SODA,Baby Keem,Rap/Hip Hop
Only The Young,Taylor Swift,
Anyone,Demi Lovato,Pop
Mahogany,Lil Wayne,Rap/Hip Hop
Letter To Nipsey,Meek Mill,Rap/Hip Hop
Good News,Mac Miller,Rap/Hip Hop
Mama Mia,Lil Wayne,Rap/Hip Hop
Funeral,Lil Wayne,Rap/Hip Hop
Nice To Meet Ya,Meghan Trainor,Pop
Get Me,Justin Bieber,Pop
U Played,MoneyBagg Yo,Rap/Hip Hop
Camelot,NLE Choppa,Rap/Hip Hop
Panini,Lil Nas X,Alternative
Graveyard,Halsey,Alternative
Blue World,Mac Miller,Rap/Hip Hop
Those Kinda Nights,Eminem,Rap/Hip Hop
Darkness,Eminem,Rap/Hip Hop
First Man,Camila Cabello,Pop
What If I Told You That I Love You,Ali Gatie,Pop
Unaccommodating,Eminem,Rap/Hip Hop
You Gon' Learn,Eminem,Rap/Hip Hop
Circles,Mac Miller,Rap/Hip Hop
Black Swan,BTS,Asian Music
Leaving Heaven,Eminem,Rap/Hip Hop
Complicated,Mac Miller,Rap/Hip Hop
Hand Me Downs,Mac Miller,Rap/Hip Hop
Premonition,Eminem,Rap/Hip Hop
I Can See,Mac Miller,Rap/Hip Hop
In Too Deep,Eminem,Rap/Hip Hop
Woods,Mac Miller,Rap/Hip Hop
Everybody,Mac Miller,Rap/Hip Hop
Marsh,Eminem,Rap/Hip Hop
No Regrets,Eminem,Rap/Hip Hop
Lock It Up,Eminem,Rap/Hip Hop
Surf,Mac Miller,Rap/Hip Hop
Stepdad,Eminem,Rap/Hip Hop
Take What You Want,Post Malone,Rap/Hip Hop
That's On Me,Mac Miller,Rap/Hip Hop
On Chill,Wale,Rap/Hip Hop
Talk,Khalid,Rap/Hip Hop
What If I Never Get Over You,Lady Antebellum,
Lover,Taylor Swift,
Playing Games,Summer Walker,R&B
Heat,Chris Brown,R&B
Remember You Young,Thomas Rhett,Country
Tip Toe,Roddy Ricch,Rap/Hip Hop
Eleven,Khalid,R&B
All Dat,Moneybagg Yo,Rap/Hip Hop
Leave Em Alone,Layton Greene,Rap/Hip Hop
Conversations In The Dark,John Legend,Pop
Protect da Brand,Moneybagg Yo,Rap/Hip Hop
Look At Her Now.,Selena Gomez,Pop
Nice To Meet Ya,Niall Horan,Pop
Peta,Roddy Ricch,Rap/Hip Hop
223's,YNW Melly,Rap/Hip Hop
All I Want,Olivia Rodrigo,Films/Games
Beautiful People,Ed Sheeran,Pop
Old Town Road,Lil Nas,Alternative
Suge,DaBaby,Rap/Hip Hop
GANG GANG,JACKBOYS,Rap/Hip Hop
HAD ENOUGH,Don Toliver,Rap/Hip Hop
Enemies,Post Malone,Rap/Hip Hop
20/20,Lil Tjay,Rap/Hip Hop
WHAT TO DO?,JACKBOYS,Rap/Hip Hop
Ran$om,Lil Tecca,Rap/Hip Hop
Baby,Lil Baby,Rap/Hip Hop
GATTI,JACKBOYS,Rap/Hip Hop
Slow Dancing In The Dark,Joji,R&B
Death,Trippie Redd,Rap/Hip Hop
Yellow Hearts,Ant Saunders,Pop
Let Me Know,Juice WRLD,Rap/Hip Hop
Loco Contigo,DJ Snake,Dance
Candy,Doja Cat,R&B
China,Anuel AA,Reggaeton
Jingle Bells,Frank Sinatra,
Like It's Christmas,Jonas Brothers,
Baby It's Cold Outside,Dean Martin,Pop
Happy Xmas,John Legend,Pop
Hate Me,Ellie Goulding,Pop
Baby Sitter,DaBaby,Rap/Hip Hop
Lucid Dreams,Juice WRLD,Rap/Hip Hop
Falling,Harry Styles,Pop
Lights Up,Harry Styles,Pop
Dirty Iyanna,YoungBoy Never Broke Again,Rap/Hip Hop
Famous Hoes,NLE Choppa,Rap/Hip Hop
Cherry,Harry Styles,Pop
Prayed For You,Matt Stell,Country
She,Harry Styles,Pop
6 Kiss,Trippie Redd,Rap/Hip Hop
Legends,Juice WRLD,Rap/Hip Hop
Robbery,Juice WRLD,Rap/Hip Hop
Christmas Tree Farm,Taylor Swift,
Bad Vibes Forever,XXXTENTACION,Pop
Empty,Juice WRLD,Rap/Hip Hop
Show Yourself,Idina Menzel,Films/Games
We Were,Keith Urban,Country
Lord Above,Fat Joe,Rap/Hip Hop
Big Stepper,Roddy Ricch,Rap/Hip Hop
Cuban Links,Rod Wave,Rap/Hip Hop
How Do You Sleep?,Sam Smith,Pop
Time,NF,Rap/Hip Hop
All The Good Girls Go To Hell,Billie Eilish,Alternative
Who Needs Love,Trippie Redd,Rap/Hip Hop
Follow God,Kanye West,Rap/Hip Hop
F.N,Lil Tjay,Rap/Hip Hop
Into The Unknown,Panic! At The Disco,Films/Games
La Cancion,J Balvin,Rap/Hip Hop
Goodbyes,Post Malone,Rap/Hip Hop
One Thing Right,Marshmello,Pop
Love Me More,Trippie Redd,Rap/Hip Hop
Lalala,Y2K,Dance
Hate Me,Trippie Redd,Rap/Hip Hop
Reply,A Boogie Wit da Hoodie,Rap/Hip Hop
Tip Of My Tongue,Kenny Chesney,Country
Good Vibes,Chris Janson,Country
Hot Girl Summer,Megan Thee Stallion,Rap/Hip Hop
Lonely Child,YoungBoy Never Broke Again,Rap/Hip Hop
Money In The Grave,Drake,Rap/Hip Hop
Dancing With A Stranger,Sam Smith,Pop
The Take,Tory Lanez,R&B
Liar,Camila Cabello,Dance
Every Little Thing,Russell Dickerson,Country
I Don't Know About You,Chris Lane,Country
Stuck In A Dream,Lil Mosey,Rap/Hip Hop
Beauty In The Benz,Tory Lanez,R&B
Up All Night,Khalid,R&B
Self Control,YoungBoy Never Broke Again,Rap/Hip Hop
Hot Shower,Chance The Rapper,Rap/Hip Hop
Hell Right,Blake Shelton,Country
My Type,Saweetie,Rap/Hip Hop
It All Comes Out In The Wash,Miranda Lambert,Country
Hot Now,YoungBoy Never Broke Again,Rap/Hip Hop
Show Me Love,Alicia Keys,R&B
Valentino,24kGoldn,Rap/Hip Hop
What Happens In A Small Town,Brantley Gilbert + Lindsay Ell,Country
Living,Dierks Bentley,Country
Somebody,Internet Money,Rap/Hip Hop
Immortal,21 Savage,Alternative
You Need To Calm Down,Taylor Swift,
Cash Shit,Megan Thee Stallion,Rap/Hip Hop
Closed On Sunday,Kanye West,Rap/Hip Hop
In My Room,Frank Ocean,Pop
Love You Too Late,Cole Swindell,Country
For My Daughter,Kane Brown,Country
Selah,Kanye West,Rap/Hip Hop
On God,Kanye West,Rap/Hip Hop
Higher Love,Kygo,Electro
Big Boy Diamonds,Gucci Mane,Rap/Hip Hop
Everything We Need,Kanye West,Rap/Hip Hop
God Is,Kanye West,Rap/Hip Hop
Use This Gospel,Kanye West,Rap/Hip Hop
Every Hour,Kanye West,Rap/Hip Hop
Water,Kanye West,Rap/Hip Hop
Hands On,Kanye West,Rap/Hip Hop
Jesus Is Lord,Kanye West,Rap/Hip Hop
INTRO,DaBaby,Rap/Hip Hop
Don't Call Me Angel,Ariana Grande,Films/Games
Sunflower,Post Malone,Films/Games
Wow.,Post Malone,Rap/Hip Hop
The Git Up,Blanco Brown,Country
Motivation,Normani,Pop
Make It Right,BTS,Asian Music
Rich As Hell,YoungBoy Never Broke Again,Rap/Hip Hop
Otro Trago,Sech,Rap/Hip Hop
In Control,YoungBoy Never Broke Again,Rap/Hip Hop
Callaita,Bad Bunny,Reggaeton
Carter Son,YoungBoy Never Broke Again,Rap/Hip Hop
I'll Kill You,Summer Walker,R&B
DHL,Frank Ocean,Pop
Boyfriend,Ariana Grande,Pop
Wish Wish,DJ Khaled,Rap/Hip Hop
Time I'm On,YoungBoy Never Broke Again,Rap/Hip Hop
Saint-Tropez,Post Malone,Rap/Hip Hop
Writing On The Wall,French Montana,Rap/Hip Hop
Hollywood's Bleeding,Post Malone,Rap/Hip Hop
Bad Bad Bad,Young Thug,Rap/Hip Hop
If I Can't Have You,Shawn Mendes,Pop
The London,Young Thug,Rap/Hip Hop
Stretch You Out,Summer Walker,R&B
Body,Summer Walker,R&B
Drunk Dialing...LODT,Summer Walker,R&B
Over It,Summer Walker,R&B
Southbound,Carrie Underwood,Country
RAW SHIT,DaBaby,Rap/Hip Hop
Potential,Summer Walker,R&B
Right Back,Khalid,R&B
Die For Me,Post Malone,Rap/Hip Hop
POP STAR,DaBaby,Rap/Hip Hop
No Me Conoce,Jhay Cortez,
Without Me,Halsey,Alternative
iPHONE,DaBaby,Rap/Hip Hop
OFF THE RIP,DaBaby,Rap/Hip Hop
GOSPEL,DaBaby,Rap/Hip Hop
REALLY,DaBaby,Rap/Hip Hop
XXL,DaBaby,Rap/Hip Hop
PROLLY HEARD,DaBaby,Rap/Hip Hop
Chicken Noodle Soup,j-hope,Asian Music
By My Lonely,Kevin Gates,Rap/Hip Hop
On The Road,Post Malone,Rap/Hip Hop
There He Go,DaBaby,Rap/Hip Hop
The Ones That Didn't Make It Back Home,Justin Moore,Country
Adicto,Tainy,Latin Music
Did It Again,Lil Tecca,Rap/Hip Hop
Pop Out,Polo G,Rap/Hip Hop
Beer Never Broke My Heart,Luke Combs,Country
Speechless,Dan + Shay,Country
Knockin' Boots,Luke Bryan,Country
Behind Barz,Drake,Films/Games
A Thousand Bad Times,Post Malone,Rap/Hip Hop
It's You,Ali Gatie,R&B
Slide Away,Miley Cyrus,Alternative
Shameless,Camila Cabello,Pop
Queen Of Mean,Sarah Jeffery,Films/Games
Rearview Town,Jason Aldean,Country
Staring At The Sun,Post Malone,Rap/Hip Hop
I'm Gonna Be,Post Malone,Rap/Hip Hop
Mood Swings,A Boogie Wit da Hoodie,Rap/Hip Hop
All To Myself,Dan + Shay,Country
Allergic,Post Malone,Rap/Hip Hop
Press,Cardi B,Rap/Hip Hop
"1, 2 Many",Luke Combs,Country
"Hey Look Ma, I Made It",Panic! At The Disco,Alternative
Myself,Post Malone,Rap/Hip Hop
I Know,Post Malone,Country
Internet,Post Malone,Rap/Hip Hop
Buy My Own Drinks,Runaway June,Country
Easier,5 Seconds Of Summer,Pop
Baguettes In The Face,Mustard,Rap/Hip Hop
Go Loko,YG,Rap/Hip Hop
Doin' Time,Lana Del Rey,Alternative
7 Rings,Ariana Grande,Pop
Whiskey Glasses,Morgan Wallen,Country
God's Country,Blake Shelton,Country
Shotta Flow,NLE Choppa,Rap/Hip Hop
ME!,Taylor Swift,
Babushka Boi,A$AP Rocky,Rap/Hip Hop
Cruel Summer,Taylor Swift,
I Forgot That You Existed,Taylor Swift,
Call You Mine,The Chainsmokers,Dance
Out Of Luck,Lil Tecca,Rap/Hip Hop
Shots,Lil Tecca,Rap/Hip Hop
Juice,Lizzo,Pop
Bezerk,Big Sean,Rap/Hip Hop
God Only Knows,for KING,Christian
Love Me,Lil Tecca,Rap/Hip Hop
Soltera,Lunay,
The Archer,Taylor Swift,
Paper Rings,Taylor Swift,
Miss Americana & The Heartbreak Prince,Taylor Swift,Pop
I Think He Knows,Taylor Swift,
Cornelia Street,Taylor Swift,
London Boy,Taylor Swift,
Soon You'll Get Better,Taylor Swift,
Death By A Thousand Cuts,Taylor Swift,
Afterglow,Taylor Swift,
False God,Taylor Swift,
Daylight,Taylor Swift,
Raised On Country,Chris Young,Country
It's Nice To Have A Friend,Taylor Swift,
Never Really Over,Katy Perry,Pop
EARFQUAKE,Tyler,Rap/Hip Hop
Clout,Offset,Rap/Hip Hop
What's The Move,Young Thug,Rap/Hip Hop
Just How It Is,Young Thug,Rap/Hip Hop
Surf,Young Thug,Rap/Hip Hop
Sup Mate,Young Thug,Rap/Hip Hop
Won't Be Late,Swae Lee,Rap/Hip Hop
Light It Up,Young Thug,Rap/Hip Hop
Lil Baby,Young Thug,Rap/Hip Hop
Mac 10,Trippie Redd,Rap/Hip Hop
Some Of It,Eric Church,Country
Ecstasy,Young Thug,Rap/Hip Hop
Uno,Ambjaay,Rap/Hip Hop
Daddy,Blueface,Rap/Hip Hop
Takeaway,The Chainsmokers,Dance
Happier,Marshmello,Electro
Sweet But Psycho,Ava Max,Pop
Better,Khalid,R&B
Going Bad,Meek Mill,Rap/Hip Hop
Talk You Out Of It,Florida Georgia Line,Country
Gold Roses,Rick Ross,Rap/Hip Hop
Just Us,DJ Khaled,Rap/Hip Hop
Small Talk,Katy Perry,Pop
Night Falls,Dove Cameron,Films/Games
Snake Skin,Trippie Redd,Rap/Hip Hop
24/7,Meek Mill,Rap/Hip Hop
Love Ain't,Eli Young Band,Country
Sanguine Paradise,Lil Uzi Vert,Rap/Hip Hop
Tap,NAV,Rap/Hip Hop
La La Land,Bryce Vine,Rap/Hip Hop
Que Pretendes,J Balvin,Rap/Hip Hop
Single Again,Big Sean,Rap/Hip Hop
Worth It,YK Osiris,R&B
Shallow,Lady Gaga,Films/Games
Trust Issues,Drake,Rap/Hip Hop
How About Now,Drake,
The Motion,Drake,Rap/Hip Hop
Dreams Money Can Buy,Drake,Rap/Hip Hop
Club Paradise,Drake,Rap/Hip Hop
Antisocial,Ed Sheeran,Pop
Fear Inoculum,Tool,Rock
Days In The East,Drake,Rap/Hip Hop
Before I Let Go,Beyonce,Pop
High Hopes,Panic! At The Disco,Alternative
Sicko Mode,Travis Scott,Rap/Hip Hop
Cross Me,Ed Sheeran,Pop
Leave Me Alone,NF,Rap/Hip Hop
The Search,NF,Rap/Hip Hop
MEGATRON,Nicki Minaj,Rap/Hip Hop
All Day Long,Chance The Rapper,Rap/Hip Hop
Do You Remember,Chance The Rapper,Rap/Hip Hop
Calma,Pedro Capo,Rap/Hip Hop
Cool,Jonas Brothers,Pop
Nightmare,Halsey,Alternative
Rumor,Lee Brice,Country
Act Up,City Girls,Rap/Hip Hop
GIRL,Maren Morris,Country
Con Calma,Daddy Yankee,Rap/Hip Hop
Middle Child,J. Cole,Rap/Hip Hop
Brown Skin Girl,Beyonce,Rap/Hip Hop
Under The Sun,Dreamville,Rap/Hip Hop
Mood 4 Eva,Beyonce,Rap/Hip Hop
Pure Water,Mustard,Rap/Hip Hop
Remember The Name,Ed Sheeran,Pop
Walk Me Home,P!nk,Dance
Look What God Gave Her,Thomas Rhett,Country
BLOW,Ed Sheeran,Pop
Like A Rodeo,Kane Brown,Country
Spirit,Beyonce,Rap/Hip Hop
Best Part Of Me,Ed Sheeran,Pop
Wake Up,Travis Scott,Rap/Hip Hop
Eastside,benny blanco,Pop
Look Back At It,A Boogie Wit da Hoodie,Rap/Hip Hop
Down Bad,Dreamville,Rap/Hip Hop
Good As You,Kane Brown,Country
Costa Rica,Dreamville,Rap/Hip Hop
Out The Mud,Lil Baby,Rap/Hip Hop
Girls Need Love,Summer Walker,R&B
Mother's Daughter,Miley Cyrus,Alternative
Ocean Eyes,Billie Eilish,Alternative
Don't Check On Me,Chris Brown,R&B
Homicide,Logic,Rap/Hip Hop
Please Me,Cardi B,Rap/Hip Hop
When I Grow Up,NF,Rap/Hip Hop
Eyes On You,Chase Rice,Country
Bacc At It Again,Yella Beezy,Rap/Hip Hop
"Break Up With Your Girlfriend, I'm Bored",Ariana Grande,Pop
Here With Me,Marshmello,Electro
Love Someone,Brett Eldredge,Country
Big Ole Freak,Megan Thee Stallion,Rap/Hip Hop
You Stay,DJ Khaled,Rap/Hip Hop
Baila Baila Baila,Ozuna,Reggaeton
Omerta,Drake,Rap/Hip Hop
Summer Days,Martin Garrix,Electro
When The Party's Over,Billie Eilish,Alternative
Envy Me,Calboy,Rap/Hip Hop
Miss Me More,Kelsea Ballerini,Country
Sanctuary,Joji,Alternative
Rescue Me,Marshmello,Electro
Te Robare,Nicky Jam,Rap/Hip Hop
Racks In The Middle,Nipsey Hussle,Rap/Hip Hop
Beautiful Crazy,Luke Combs,Country
Close Friends,Lil Baby,Rap/Hip Hop
Bury A Friend,Billie Eilish,Alternative
Put A Date On It,Yo Gotti,Rap/Hip Hop
Heaven,Avicii,Dance
Please Tell Me,Future,R&B
On My Way To You,Cody Johnson,Country
Amor Genuino,Ozuna,Reggaeton
XanaX Damage,Future,R&B
Government Official,Future,R&B
Murder On My Mind,YNW Melly,Rap/Hip Hop
Isis,Joyner Lucas,Rap/Hip Hop
Boy With Luv,BTS,Asian Music
Shut Up About Politics,John Rich,Country
Under Enemy Arms,Trippie Redd,Rap/Hip Hop
Night Shift,Jon Pardi,
A Lot,21 Savage,Rap/Hip Hop
Thotiana,Blueface,Rap/Hip Hop
Higher,DJ Khaled,Films/Games
Who Do You Love,The Chainsmokers,Dance
Don't Call Me Up,Mabel,Pop
Earth,Lil Dicky,Rap/Hip Hop
HP,Maluma,Rap/Hip Hop
Mixed Personalities,YNW Melly,Rap/Hip Hop
Paradise,Bazzi,Pop
Girls Like You,Maroon 5,Pop
I Think,Tyler,Rap/Hip Hop
Celebrate,DJ Khaled,Rap/Hip Hop
Jealous,DJ Khaled,Rap/Hip Hop
Running Out Of Time,Tyler,Rap/Hip Hop
Igor's Theme,Tyler,Rap/Hip Hop
New Magic Wand,Tyler,Rap/Hip Hop
A Boy Is A Gun,Tyler,Rap/Hip Hop
What's Good,Tyler,Rap/Hip Hop
Puppet,Tyler,Rap/Hip Hop
Weather The Storm,DJ Khaled,Rap/Hip Hop
Here Tonight,Brett Young,Country
Be Alright,Dean Lewis,Singer & Songwriter
Drip Too Hard,Lil Baby,Rap/Hip Hop
"Thank U, Next",Ariana Grande,Pop
Baby Shark,Pinkfong,Kids
Make It Sweet,Old Dominion,Country
Shot Clock,Ella Mai,R&B
I'm So Tired...,Lauv,Pop
You Should See Me In A Crown,Billie Eilish,Alternative
SOS,Avicii,Dance
Wish You Were Gay,Billie Eilish,Alternative
That's A Rack,Lil Uzi Vert,Rap/Hip Hop
Rule The World,2 Chainz,Rap/Hip Hop
Die Young,Roddy Ricch,Rap/Hip Hop
Close To Me,Ellie Goulding,Pop
You Say,Lauren Daigle,Christian
Swervin,A Boogie Wit da Hoodie,Rap/Hip Hop
Power Is Power,SZA,Pop
Middle Child,PnB Rock,Rap/Hip Hop
I've Been Waiting,Lil Peep,Alternative
Secreto,Anuel AA,Rap/Hip Hop
Faucet Failure,Ski Mask The Slump God,Rap/Hip Hop
Youngblood,5 Seconds Of Summer,Pop
Floating,ScHoolboy Q,Rap/Hip Hop
CHopstix,ScHoolboy Q + Travis Scott,Rap/Hip Hop
Light It Up,Marshmello,Rap/Hip Hop
Numb Numb Juice,ScHoolboy Q,Rap/Hip Hop
Love Me Anyway,P!nk,Pop
Stop Snitching,YG,
Kill This Love,BLACKPINK,Asian Music
Better Now,Post Malone,Rap/Hip Hop
Bad Liar,Imagine Dragons,Alternative
Slide,French Montana,Rap/Hip Hop
Saturday Nights,Khalid,R&B
Pure Cocaine,Lil Baby,Rap/Hip Hop
This Is It,Scotty McCreery,Country
My Strange Addiction,Billie Eilish,Alternative
Let Me Down Slowly,Alec Benjamin + Alessia Cara,Pop
Xanny,Billie Eilish,Alternative
One That Got Away,Michael Ray,Country
MIA,Bad Bunny,Reggaeton
Tequila,Dan + Shay,Country
Money,Cardi B,Rap/Hip Hop
Blue On Black,Five Finger Death Punch,Rock
Double Up,Nipsey Hussle,Rap/Hip Hop
Undrunk,FLETCHER,Pop
Last Time That I Checc'd,Nipsey Hussle,Rap/Hip Hop
There Was This Girl,Riley Green,Country
My Bad,Khalid,R&B
Outta My Head,Khalid,R&B
Monopoly,Ariana Grande,Pop
Don't Pretend,Khalid,R&B
Bad Luck,Khalid,R&B
Inmortal,Aventura,Pop
Dedication,Nipsey Hussle,Rap/Hip Hop
Victory Lap,Nipsey Hussle,Rap/Hip Hop
ZEZE,Kodak Black,Rap/Hip Hop
I Love You,Billie Eilish,Alternative
Ilomilo,Billie Eilish,Alternative
Listen Before I Go,Billie Eilish,Alternative
8,Billie Eilish,Alternative
Twerk,City Girls,Rap/Hip Hop
Lovely,Billie Eilish,Alternative
I Can't Get Enough,benny blanco,Pop
Millionaire,Chris Stapleton,Country
Girl Like You,Jason Aldean,Country
I Like It,Cardi B,Rap/Hip Hop
Taki Taki,DJ Snake,Dance
Down To The Honkytonk,Jake Owen,Country
Price On My Head,NAV,Rap/Hip Hop
Confessions Of A Dangerous Mind,Logic,Rap/Hip Hop
Take It From Me,Jordan Davis,Country
Splashin,Rich The Kid,Rap/Hip Hop
I,Lil Skies,Rap/Hip Hop
Hear Me Calling,Juice WRLD,Rap/Hip Hop
Undecided,Chris Brown,R&B
Calling My Spirit,Kodak Black,Rap/Hip Hop
Last Hurrah,Bebe Rexha,Pop
Love Wins,Carrie Underwood,Country
Sally Walker,Iggy Azalea,Rap/Hip Hop
Ella Quiere Beber,Anuel AA,Reggaeton
Fast,Juice WRLD,Rap/Hip Hop
Wake Up In The Sky,Gucci Mane,Rap/Hip Hop
Maze,Juice WRLD,Rap/Hip Hop
What Makes You Country,Luke Bryan,Country
Flaws And Sins,Juice WRLD,Rap/Hip Hop
Nights Like This,Kehlani,R&B
Always Remember Us This Way,Lady Gaga,Films/Games
Leave Me Alone,Flipp Dinero,Rap/Hip Hop
Mo Bamba,Sheck Wes,Rap/Hip Hop
Burn Out,Midland,Country
Red Room,Offset,Rap/Hip Hop
Whip,2 Chainz,Rap/Hip Hop
Armed And Dangerous,Juice WRLD,Rap/Hip Hop
Needy,Ariana Grande,Pop
Love Someone,Lukas Graham,Pop
Momma I Hit A Lick,2 Chainz,Rap/Hip Hop
Backin' It Up,Pardison Fontaine,Rap/Hip Hop
Legacy,Offset,Rap/Hip Hop
I'll Never Love Again,Lady Gaga,Films/Games
How Did I Get Here,Offset,Rap/Hip Hop
NASA,Ariana Grande,Pop
Outstanding,Gunna,Rap/Hip Hop
Be Like Me,Lil Pump,Rap/Hip Hop
3 Headed Snake,Gunna,Rap/Hip Hop
Wit It,Gunna,Rap/Hip Hop
This Feeling,The Chainsmokers,Dance
One Call,Gunna,Rap/Hip Hop
Nothing Breaks Like A Heart,Mark Ronson,Dance
Imagine,Ariana Grande,Pop
Lick,Offset,Rap/Hip Hop
Bad Idea,Ariana Grande,Pop
Speed It Up,Gunna,Rap/Hip Hop
Bloodline,Ariana Grande,Pop
I Guess I Just Feel Like,John Mayer,Pop
Same Yung N***a,Gunna,
Fake Smile,Ariana Grande,Pop
Lost In The Fire,Gesaffelstein,Electro
Ghostin,Ariana Grande,Pop
Sixteen,Thomas Rhett,Country
In My Head,Ariana Grande,Pop
Body,Loud Luxury,Dance
365,Zedd,Dance
Yosemite,Travis Scott,Rap/Hip Hop
Make Up,Ariana Grande,Pop
Good Girl,Dustin Lynch,Country
Arms Around You,XXXTENTACION,Rap/Hip Hop
Startender,A Boogie Wit da Hoodie,Rap/Hip Hop
Uproar,Lil Wayne,Rap/Hip Hop
Burning Man,Dierks Bentley,Country
You,Jacquees,R&B
Ruin My Life,Zara Larsson,Pop
Talk To Me,Tory Lanez,Rap/Hip Hop
Rainbow,Kacey Musgraves,Country
Alone,Marshmello,Dance
Breathin,Ariana Grande,Pop
Trip,Ella Mai,R&B
Love Lies,Khalid,Rap/Hip Hop
Beautiful,Bazzi,Pop
First Off,Future,Rap/Hip Hop
Roses,benny blanco,Pop
Keanu Reeves,Logic,Rap/Hip Hop
No Stylist,French Montana,Rap/Hip Hop
Crushed Up,Future,Rap/Hip Hop
Best Shot,Jimmie Allen,Country
Sauce!,XXXTENTACION,Rap/Hip Hop
BAD!,XXXTENTACION,Pop
Blue Tacoma,Russell Dickerson,Country
Natural,Imagine Dragons,Alternative
Jumpin On A Jet,Future,Rap/Hip Hop
Never Stop,Future,Rap/Hip Hop
Consequences,Camila Cabello,Pop
Temptation,Future,Rap/Hip Hop
Rocket Ship,Future,Rap/Hip Hop
F&N,Future,Rap/Hip Hop
Electricity,Silk City,Dance
Face My Fears,Hikaru Utada,Dance
Call The Coroner,Future,Rap/Hip Hop
She Got The Best Of Me,Luke Combs,Country
Fine China,Future,Rap/Hip Hop
Nuketown,Ski Mask The Slump God,Rap/Hip Hop
Space Cadet,Metro Boomin,Rap/Hip Hop
Butterfly Doors,Lil Pump,Rap/Hip Hop
Valuable Pain,YoungBoy Never Broke Again,Rap/Hip Hop
Can't Leave Without It,21 Savage,Rap/Hip Hop
Good Form,Nicki Minaj,Rap/Hip Hop
idontwannabeyouanymore,Billie Eilish,Alternative
Last Shot,Kip Moore,Country
Smile,Lil' Duval,Rap/Hip Hop
Lost In Japan,Shawn Mendes,Pop
Monster,21 Savage,Rap/Hip Hop
Demons And Angels,A Boogie Wit da Hoodie,Rap/Hip Hop
KIKA,6ix9ine,Rap/Hip Hop
Dip,Tyga,Rap/Hip Hop
Lucky You,Eminem,Rap/Hip Hop
Drunk Me,Mitchell Tenpenny,Country
Dangerous,Meek Mill,Rap/Hip Hop
Solo de Mi,Bad Bunny,Reggaeton
whoa,XXXTENTACION,Pop
All My Friends,21 Savage,Rap/Hip Hop
Happy Xmas,John,Rock
Cozy Little Christmas,Katy Perry,
The Christmas Song,Lauren Daigle,
Break Da Law,21 Savage,Rap/Hip Hop
1.5,21 Savage,Rap/Hip Hop
Out For The Night,21 Savage,Rap/Hip Hop
Gun Smoke,21 Savage,Rap/Hip Hop
ASMR,21 Savage,Rap/Hip Hop
MoshPit,Kodak Black,Rap/Hip Hop
Testimony,Kodak Black,Rap/Hip Hop
Gnarly,Kodak Black,Rap/Hip Hop
Uptown Vibes,Meek Mill,Rap/Hip Hop
MAMA,6ix9ine,Rap/Hip Hop
Broken,lovelytheband,Alternative
Taste,Tyga,Rap/Hip Hop
Guardian Angel,XXXTENTACION,Pop
God Is A Woman,Ariana Grande,Pop
I Don't Let Go,XXXTENTACION,Pop
What's Free,Meek Mill,Rap/Hip Hop
One Minute,XXXTENTACION,Pop
Train Food,XXXTENTACION,Pop
What Are You So Afraid Of,XXXTENTACION,Pop
Staring At The Sky,XXXTENTACION,Pop
Lie,NF,Rap/Hip Hop
WAKA,6ix9ine,Rap/Hip Hop
On Me,Meek Mill,Rap/Hip Hop
Difference,XXXTENTACION,Pop
TIC TOC,6ix9ine,Rap/Hip Hop
That's On Me,Yella Beezy,Rap/Hip Hop
FEFE,6ix9ine,Rap/Hip Hop
Respect The Game,Meek Mill,Rap/Hip Hop
Ring,Cardi B,Rap/Hip Hop
Trauma,Meek Mill,Rap/Hip Hop
Time,Lil Baby,Rap/Hip Hop
Ready,Lil Baby,Rap/Hip Hop
Championships,Meek Mill,Rap/Hip Hop
Tic Tac Toe,Meek Mill,Rap/Hip Hop
Almost Slipped,Meek Mill,Rap/Hip Hop
Splash Warning,Meek Mill,Rap/Hip Hop
Pay You Back,Meek Mill,Rap/Hip Hop
Foot Fungus,Ski Mask The Slump God,Rap/Hip Hop
Crush A Lot,Lil Baby,Rap/Hip Hop
Oodles O' Noodles Babies,Meek Mill,Rap/Hip Hop
STOOPID,6ix9ine,Rap/Hip Hop
Global,Lil Baby,Rap/Hip Hop
Word On The Street,Lil Baby,Rap/Hip Hop
In My Feelings,Drake,Rap/Hip Hop
Lose It,Kane Brown,Country
Yes Indeed,Lil Baby,Rap/Hip Hop
Nonstop,Drake,Rap/Hip Hop
Boo'd Up,Ella Mai,R&B
Topanga,Trippie Redd,Rap/Hip Hop
Come Out And Play,Billie Eilish,Alternative
10 Freaky Girls,Metro Boomin,Rap/Hip Hop
1400 / 999 Freestyle,Trippie Redd,Rap/Hip Hop
I'm A Mess,Bebe Rexha,Pop
Hangin' On,Chris Young,Country
Never Recover,Lil Baby,Rap/Hip Hop
BEBE,6ix9ine,Rap/Hip Hop
Rich,Maren Morris,Country
Best Part,Daniel Caesar,R&B
Don't Come Out The House,Metro Boomin,Rap/Hip Hop
I Love It,Kanye West,Rap/Hip Hop
Falling Down,Lil Peep,Rap/Hip Hop
Noticed,Lil Mosey,Rap/Hip Hop
I Like Me Better,Lauv,Pop
Psycho,Post Malone,Rap/Hip Hop
Sad!,XXXTENTACION,Pop
Bohemian Rhapsody,Queen,Films/Games
Take One,Kodak Black,Rap/Hip Hop
W O R K I N  M E,Quavo,
Mona Lisa,Lil Wayne,Rap/Hip Hop
Desperate Man,Eric Church,Country
Burn The House Down,AJR,Alternative
Big Bank,YG,Rap/Hip Hop
Love Scars 3,Trippie Redd,Rap/Hip Hop
Negative Energy,Trippie Redd,Rap/Hip Hop
Toxic Waste,Trippie Redd,Rap/Hip Hop
Drew Barrymore,Bryce Vine,Rap/Hip Hop
Jackie Chan,Tiesto,Dance
Back To You,Selena Gomez,Films/Games
Delicate,Taylor Swift,
Overdue,Metro Boomin,Rap/Hip Hop
Last Memory,TakeOff,Rap/Hip Hop
Dreamcatcher,Metro Boomin,Rap/Hip Hop
No More,Metro Boomin,Rap/Hip Hop
Promises,Calvin Harris,Electro
No Brainer,DJ Khaled,Alternative
Hotel Key,Old Dominion,Country
Killshot,Eminem,Rap/Hip Hop
Casper,TakeOff,Rap/Hip Hop
Up To Something,Metro Boomin,Rap/Hip Hop
The Middle,Zedd,Dance
Drunk Girl,Chris Janson,Country
Waste It On Me,Steve Aoki,Dance
A Million Dreams,P!nk,Pop
Venom,Eminem,Rap/Hip Hop
New Patek,Lil Uzi Vert,Rap/Hip Hop
Break Up In The End,Cole Swindell,Country
Kamikaze,Lil Mosey,Rap/Hip Hop
Drowns The Whiskey,Jason Aldean,Country
No Tears Left To Cry,Ariana Grande,
Jet Lag,Future,Rap/Hip Hop
Astronauts,Future,Rap/Hip Hop
Suncity,Khalid,R&B
Vertigo,Khalid,R&B
Yacht Club,Lil Yachty,Rap/Hip Hop
Make It Back,Juice WRLD,Rap/Hip Hop
Kiss And Make Up,Dua Lipa,Pop
Africa,Weezer,Alternative
Get Dripped,Lil Yachty,Rap/Hip Hop
Meant To Be,Bebe Rexha,Pop
Flip The Switch,Quavo,Rap/Hip Hop
Simple,Florida Georgia Line,Country
Pass Out,Quavo,Rap/Hip Hop
Medicine,Queen Naija,R&B
Biggest Alley Oop,Quavo,Rap/Hip Hop
Rerun,Quavo,Rap/Hip Hop
Don't Cry,Lil Wayne,Rap/Hip Hop
Huncho Dreams,Quavo,Rap/Hip Hop
Chanel,Young Thug,Rap/Hip Hop
Thunderclouds,Labrinth,Pop
"Sunrise, Sunburn, Sunset",Luke Bryan,Country
"If I'm Lyin, I'm Flyin",Kodak Black,Rap/Hip Hop
Lose It,Quavo,Rap/Hip Hop
Off White VLONE,Lil Baby,Rap/Hip Hop
Business Is Business,Lil Baby,Rap/Hip Hop
Is That Alright?,Lady Gaga,Films/Games
Let It Fly,Lil Wayne,Rap/Hip Hop
Dedicate,Lil Wayne,Rap/Hip Hop
Jumpsuit,twenty one pilots,Alternative
Belly,Lil Baby,Rap/Hip Hop
My Blood,twenty one pilots,Alternative
The Way I Am,Charlie Puth,Pop
Can't Be Broken,Lil Wayne,Rap/Hip Hop
Maybe It's Time,Bradley Cooper,Films/Games
Nico And The Niners,twenty one pilots,Alternative
Deep End,Lil Baby,Rap/Hip Hop
I Am,Lil Baby,Rap/Hip Hop
What About Me,Lil Wayne,Rap/Hip Hop
Dark Side Of The Moon,Lil Wayne,Rap/Hip Hop
Famous,Lil Wayne,Rap/Hip Hop
Dope N****z,Lil Wayne,
Open Letter,Lil Wayne,Rap/Hip Hop
Problems,Lil Wayne,Rap/Hip Hop
Hittas,Lil Wayne,Rap/Hip Hop
Open Safe,Lil Wayne,Rap/Hip Hop
Took His Time,Lil Wayne,Rap/Hip Hop
Mess,Lil Wayne,Rap/Hip Hop
Let It All Work Out,Lil Wayne,Rap/Hip Hop
Start This S**t Off Right,Lil Wayne,
Used 2,Lil Wayne,Rap/Hip Hop
Rap Devil,Machine Gun Kelly,
Demon,Lil Wayne,Rap/Hip Hop
Perfect Strangers,Lil Wayne,Rap/Hip Hop
Dope New Gospel,Lil Wayne,Rap/Hip Hop
Head Above Water,Avril Lavigne,Pop
Perfect,Ed Sheeran,Pop
Nice For What,Drake,Rap/Hip Hop
God's Plan,Drake,Rap/Hip Hop
Barbie Dreams,Nicki Minaj,Rap/Hip Hop
All Girls Are The Same,Juice WRLD,Rap/Hip Hop
Fall,Eminem,Rap/Hip Hop
Life Changes,Thomas Rhett,Country
Hooked,Dylan Scott,Country
Stargazing,Travis Scott,Rap/Hip Hop
Lean Wit Me,Juice WRLD,Rap/Hip Hop
Self Care,Mac Miller,Rap/Hip Hop
OTW,Khalid,R&B
Remind Me To Forget,Kygo,Electro
The Ringer,Eminem,Rap/Hip Hop
Apes**t,The Carters,Rap/Hip Hop
Hopeless Romantic,Wiz Khalifa,Rap/Hip Hop
Solo,Clean Bandit,Electro
Vaina Loca,Ozuna,Reggaeton
Pretty Little Fears,6LACK,R&B
Mercy,Brett Young,Country
Side Effects,The Chainsmokers,Dance
Cry Pretty,Carrie Underwood,Country
Not Alike,Eminem,Rap/Hip Hop
Kamikaze,Eminem,Rap/Hip Hop
Mine,Bazzi,Pop
Te Bote,Casper Magico,Reggaeton
Hurt Feelings,Mac Miller,Rap/Hip Hop
Greatest,Eminem,Rap/Hip Hop
Come Back To Earth,Mac Miller,Rap/Hip Hop
IDOL,BTS,Asian Music
Feels Like Summer,Childish Gambino,R&B
I'm Upset,Drake,Rap/Hip Hop
Narcos,Migos,Rap/Hip Hop
Normal,Eminem,Rap/Hip Hop
Stepping Stone,Eminem,Rap/Hip Hop
Nice Guy,Eminem,Rap/Hip Hop
Good Guy,Eminem,Rap/Hip Hop
I Am Who They Say I Am,YoungBoy Never Broke Again,Rap/Hip Hop
1942,G-Eazy,Alternative
Summertime Magic,Childish Gambino,R&B
Friends,Marshmello,Pop
Never Be The Same,Camila Cabello,Pop
One Kiss,Calvin Harris,Dance
Moonlight,XXXTENTACION,Pop
Get Along,Kenny Chesney,Country
Unica,Ozuna,Reggaeton
Changes,XXXTENTACION,Pop
Happy Now,Zedd,Dance
Level Up,Ciara,Pop
Taking A Walk,Trippie Redd,Rap/Hip Hop
Don't Go Breaking My Heart,Backstreet Boys,Dance
Mob Ties,Drake,Rap/Hip Hop
Wasted,Juice WRLD,Rap/Hip Hop
Sin Pijama,Becky G + Natti Natasha,Rap/Hip Hop
This Is America,Childish Gambino,Alternative
In My Blood,Shawn Mendes,Pop
Sweetener,Ariana Grande,Pop
Everytime,Ariana Grande,Pop
R.E.M,Ariana Grande,Pop
Kiss Somebody,Morgan Evans,Country
Goodnight N Go,Ariana Grande,Pop
Made For Now,Janet,Pop
The Light Is Coming,Ariana Grande,Pop
Bed,Nicki Minaj,Rap/Hip Hop
Growing Pains,Alessia Cara,Pop
Take Back Home Girl,Chris Lane,Country
Pete Davidson,Ariana Grande,Pop
Chun-Li,Nicki Minaj,Rap/Hip Hop
Rich Sex,Nicki Minaj,Rap/Hip Hop
Majesty,Nicki Minaj,Rap/Hip Hop
Ganja Burns,Nicki Minaj,
Be Careful,Cardi B,Rap/Hip Hop
Stop Trying To Be God,Travis Scott,Rap/Hip Hop
Can't Say,Travis Scott,Rap/Hip Hop
R.I.P Screw,Travis Scott,Rap/Hip Hop
No Bystanders,Travis Scott,Rap/Hip Hop
Carousel,Travis Scott,Rap/Hip Hop
Album Of The Year,J. Cole,Rap/Hip Hop
5% Tint,Travis Scott,Rap/Hip Hop
Have It All,Jason Mraz,Pop
Nevermind,Dennis Lloyd,Pop
Thought I Knew You,Nicki Minaj,Rap/Hip Hop
NC-17,Travis Scott,Rap/Hip Hop
Who? What!,Travis Scott,Rap/Hip Hop
Skeletons,Travis Scott,Rap/Hip Hop
Astrothunder,Travis Scott,Rap/Hip Hop
Butterfly Effect,Travis Scott,Rap/Hip Hop
Houstonfornication,Travis Scott,Rap/Hip Hop
Coffee Bean,Travis Scott,Rap/Hip Hop
Could've Been,H.E.R.,R&B
Up Down,Morgan Wallen,Country
I Was Jack,Jake Owen,Country
Coming Home,Keith Urban,Country
Handgun,YG,Rap/Hip Hop
Whatever It Takes,Imagine Dragons,Alternative
Look Alive,BlocBoy JB,Rap/Hip Hop
Sober,Demi Lovato,Pop
Sit Next To Me,Foster The People,Alternative
One Number Away,Luke Combs,Country
Don't Matter To Me,Drake,Rap/Hip Hop
Ocean,TK Kravitz,R&B
One Day,Logic,Rap/Hip Hop
Freaky Friday,Lil Dicky,Rap/Hip Hop
Praise The Lord,A$AP Rocky,Rap/Hip Hop
Ball For Me,Post Malone,Rap/Hip Hop
Call Out My Name,The Weeknd,R&B
All Mine,Kanye West,Rap/Hip Hop
Ocean,Martin Garrix,Electro
Karma,Queen Naija,R&B
X,Nicky Jam,Rap/Hip Hop
I Might Need Security,Chance The Rapper,Rap/Hip Hop
Emotionless,Drake,Rap/Hip Hop
Can't Take A Joke,Drake,Rap/Hip Hop
Elevate,Drake,Rap/Hip Hop
Fr Fr,Wiz Khalifa,Rap/Hip Hop
Blue Tint,Drake,Rap/Hip Hop
After Dark,Drake,
Alone,Halsey,Alternative
Everything's Gonna Be Alright,David Lee Murphy,Country
Zombie,Bad Wolves,Rock
8 Out Of 10,Drake,Rap/Hip Hop
31 Days,Future,Rap/Hip Hop
Talk Up,Drake,Rap/Hip Hop
Wifi Lit,Future,Rap/Hip Hop
Jocelyn Flores,XXXTENTACION,Rap/Hip Hop
Sandra's Rose,Drake,Rap/Hip Hop
Summer Games,Drake,Rap/Hip Hop
Jaded,Drake,Rap/Hip Hop
That's How You Feel,Drake,Rap/Hip Hop
Survival,Drake,Rap/Hip Hop
Cuddle My Wrist,Future,Rap/Hip Hop
Millidelphia,Meek Mill,Rap/Hip Hop
Racks Blue,Future,Rap/Hip Hop
Finesse,Drake,Rap/Hip Hop
Drug Addicts,Lil Pump,Rap/Hip Hop
KOD,J. Cole,Rap/Hip Hop
Peak,Drake,Rap/Hip Hop
Kream,Iggy Azalea Feauring Tyga,
Is There More,Drake,Rap/Hip Hop
Ratchet Happy Birthday,Drake,Rap/Hip Hop
Final Fantasy,Drake,Rap/Hip Hop
14-Mar,Drake,
Done For Me,Charlie Puth,Pop
Esskeetit,Lil Pump,Rap/Hip Hop
Everybody Dies In Their Nightmares,XXXTENTACION,Rap/Hip Hop
Yikes,Kanye West,Rap/Hip Hop
Downtown's Dead,Sam Hunt,Country
Japan,Famous Dex,Rap/Hip Hop
Me Niego,Reik,Pop
The Remedy For A Broken Heart,XXXTENTACION,Pop
I Lived It,Blake Shelton,Country
Plug Walk,Rich The Kid,Rap/Hip Hop
Walk It Talk It,Migos,Rap/Hip Hop
Rockstar,Post Malone,Rap/Hip Hop
F**k Love,XXXTENTACION,
Heaven,Kane Brown,Country
Havana,Camila Cabello,Pop
New Rules,Dua Lipa,Pop
Wait,Maroon 5,Pop
Dura,Daddy Yankee,Rap/Hip Hop
Bigger > You,2 Chainz,Rap/Hip Hop
Say Amen,Panic! At The Disco,Alternative
Hope,XXXTENTACION,Pop
TATI,6ix9ine,Rap/Hip Hop
Fake Love,BTS,Asian Music
I Know You,Lil Skies,Rap/Hip Hop
Numb,XXXTENTACION,Pop
Powerglide,Rae Sremmurd,Rap/Hip Hop
Life Goes On,Lil Baby,Rap/Hip Hop
Overdose,YoungBoy Never Broke Again,Rap/Hip Hop
"Woman, Amen",Dierks Bentley,Country
Born To Be Yours,Kygo,Dance
Boss,The Carters,Rap/Hip Hop
Sativa,Jhene Aiko,R&B
DDU-DU DDU-DU,BLACKPINK,Asian Music
IDGAF,Dua Lipa,Pop
Pray For Me,The Weeknd,Rap/Hip Hop
Summer,The Carters,Rap/Hip Hop
Welcome To The Party,Diplo,Alternative
Dame Tu Cosita,Pitbull,Dance
Reborn,KIDS SEE GHOSTS,Rap/Hip Hop
Nice,The Carters,Rap/Hip Hop
Cop Shot The Kid,Nas,
Friends,The Carters,Rap/Hip Hop
4th Dimension,KIDS SEE GHOSTS,Rap/Hip Hop
Feel The Love,KIDS SEE GHOSTS,Rap/Hip Hop
Ghost Town,Kanye West,Rap/Hip Hop
You Make It Easy,Jason Aldean,Country
Freeee,KIDS SEE GHOSTS,Rap/Hip Hop
Fire,KIDS SEE GHOSTS,Rap/Hip Hop
Cudi Montage,KIDS SEE GHOSTS,Rap/Hip Hop
KIDS SEE GHOSTS,KIDS SEE GHOSTS,Rap/Hip Hop
Violent Crimes,Kanye West,Rap/Hip Hop
El Farsante,Ozuna,Reggaeton
Wouldn't Leave,Kanye West,Rap/Hip Hop
Babe,Sugarland,Country
Drip,Cardi B,Rap/Hip Hop
Singles You Up,Jordan Davis,Country
I Thought About Killing You,Kanye West,Rap/Hip Hop
No Mistakes,Kanye West,Rap/Hip Hop
Finesse,Bruno Mars,R&B
Must've Never Met You,Luke Combs,Country
Humility,Gorillaz,Alternative
Watch,Travis Scott,Alternative
Rich & Sad,Post Malone,Country
Shoota,Playboi Carti,Rap/Hip Hop
Lust,Lil Skies,Rap/Hip Hop
Paranoid,Post Malone,Rap/Hip Hop
New Freezer,Rich The Kid,Rap/Hip Hop
All The Stars,Kendrick Lamar,Rap/Hip Hop
Ric Flair Drip,Offset,Rap/Hip Hop
A$AP Forever,A$AP Rocky,Rap/Hip Hop
Infrared,Pusha T,Rap/Hip Hop
King's Dead,Jay Rock,Rap/Hip Hop
If You Know You Know,Pusha T,Rap/Hip Hop
What Would Meek Do?,Pusha T,Rap/Hip Hop
Youth,Shawn Mendes,Pop
Dinero,Jennifer Lopez,Alternative
For The First Time,Darius Rucker,Country
Most People Are Good,Luke Bryan,Country
Everyday,Logic,Rap/Hip Hop
Spoil My Night,Post Malone,Rap/Hip Hop
The Games We Play,Pusha T,Rap/Hip Hop
Change Lanes,Kevin Gates,Rap/Hip Hop
Like That,Kris Wu,
Southside,Lil Baby,Rap/Hip Hop
Let It Sing,Kevin Gates,Rap/Hip Hop
Sangria Wine,Pharrell Williams,Dance
Champion,NAV,Rap/Hip Hop
Red Roses,Lil Skies,Rap/Hip Hop
Stay,Post Malone,Rap/Hip Hop
ATM,J. Cole,Rap/Hip Hop
Kevin's Heart,J. Cole,Rap/Hip Hop
No Excuses,Meghan Trainor,Dance
Gucci Flip Flops,Bhad Bhabie,Rap/Hip Hop
Outside Today,YoungBoy Never Broke Again,Rap/Hip Hop
Stir Fry,Migos,Rap/Hip Hop
Over Now,Post Malone,Rap/Hip Hop
Zack And Codeine,Post Malone,Rap/Hip Hop
Same Bitches,Post Malone,Rap/Hip Hop
When We,Tank,R&B
Takin' Shots,Post Malone,Rap/Hip Hop
92 Explorer,Post Malone,Rap/Hip Hop
Say Something,Justin Timberlake,Pop
Bartier Cardi,Cardi B,Rap/Hip Hop
Barbie Tingz,Nicki Minaj,Rap/Hip Hop
Otherside,Post Malone,Rap/Hip Hop
Blame It On Me,Post Malone,Rap/Hip Hop
Diamond Teeth Samurai,YoungBoy Never Broke Again,Rap/Hip Hop
Famous,Mason Ramsey,Country
I Do,Cardi B,Rap/Hip Hop
Preach,YoungBoy Never Broke Again,Rap/Hip Hop
Candy Paint,Post Malone,Rap/Hip Hop
Sugar Wraith,Post Malone,Rap/Hip Hop
Motiv8,J. Cole,Rap/Hip Hop
Jonestown,Post Malone,Rap/Hip Hop
1985,J. Cole,Rap/Hip Hop
Photograph,J. Cole,Rap/Hip Hop
Ye vs The People,Kanye West,Rap/Hip Hop
The Cut Off,J. Cole,Rap/Hip Hop
Brackets,J. Cole,Rap/Hip Hop
Wake Me Up!,Avicii,Dance
Window Pain,J. Cole,Rap/Hip Hop
Thunder,Imagine Dragons,Alternative
Friends,J. Cole,Rap/Hip Hop
Once An Addict,J. Cole,Rap/Hip Hop
Let You Down,NF,Rap/Hip Hop
Feel It Still,Portugal. The Man,Alternative
Intro,J. Cole,Rap/Hip Hop
The Long Way,Brett Eldredge,Country
This Is Me,Keala Settle,Films/Games
Close,Rae Sremmurd,Rap/Hip Hop
Thru Your Phone,Cardi B,Rap/Hip Hop
Best Life,Cardi B,Rap/Hip Hop
Lights Down Low,MAX,Pop
I Fall Apart,Post Malone,Rap/Hip Hop
Him & I,G-Eazy,Rap/Hip Hop
Bad At Love,Halsey,Alternative
Marry Me,Thomas Rhett,Country
Bickenhead,Cardi B,Rap/Hip Hop
Let Me,Zayn,Pop
Wasted Times,The Weeknd,R&B
Get Up 10,Cardi B,Rap/Hip Hop
Guatemala,Swae Lee,Rap/Hip Hop
Money Bag,Cardi B,Rap/Hip Hop
Anybody,Young Thug,Rap/Hip Hop
She Bad,Cardi B,Rap/Hip Hop
Billy,6ix9ine,Rap/Hip Hop
Top Off,DJ Khaled,Rap/Hip Hop
She's With Me,High Valley,Country
Get You,Daniel Caesar,Alternative
Broken Clocks,SZA,R&B
Five More Minutes,Scotty McCreery,Country
Gotti,6ix9ine,Rap/Hip Hop
Hardaway,Derez De'Shon,Rap/Hip Hop
Tell Me You Love Me,Demi Lovato,Pop
Try Me,The Weeknd,R&B
Broken Halos,Chris Stapleton,Country
All On Me,Devin Dawson,Country
No Roots,Alice Merton,Alternative
Proud,2 Chainz,Rap/Hip Hop
I Was Never There,The Weeknd,R&B
Hurt You,The Weeknd,R&B
Lemon,N*E*R*D,
Privilege,The Weeknd,R&B
Nowadays,Lil Skies,Rap/Hip Hop
No Smoke,YoungBoy Never Broke Again,Rap/Hip Hop
Tempo,Chris Brown,R&B
OKRA,Tyler,Alternative
Echame La Culpa,Luis Fonsi,Pop
Written In The Sand,Old Dominion,Country
La Modelo,Ozuna,Reggaeton
Beautiful Trauma,P!nk,Pop
NBAYoungboat,Lil Yachty,Rap/Hip Hop
Focus,H.E.R.,R&B
No Limit,G-Eazy,Rap/Hip Hop
Love.,Kendrick Lamar,Rap/Hip Hop
Wolves,Selena Gomez,Pop
MotorSport,Migos,Rap/Hip Hop
Gummo,6ix9ine,Rap/Hip Hop
Pick It Up,Famous Dex,Rap/Hip Hop
Betrayed,Lil Xan,Rap/Hip Hop
44 More,Logic,Rap/Hip Hop
Booty,Blac Youngsta,Rap/Hip Hop
Rubbin Off The Paint,YBN Nahmir,Rap/Hip Hop
Dark Knight Dummo,Trippie Redd,Rap/Hip Hop
Young Dumb & Broke,Khalid,Alternative
How Long,Charlie Puth,Pop
Found / Tonight,Lin-Manuel Miranda,Films/Games
Sky Walker,Miguel,R&B
Infinity,XXXTENTACION,Pop
Going Down!,XXXTENTACION,Pop
At The Club,Jacquees,R&B
Everybody Hates Me,The Chainsmokers,Dance
Plain Jane,A$AP Ferg,Rap/Hip Hop
Sorry Not Sorry,Demi Lovato,Pop
Indica Badu,Logic,Rap/Hip Hop
Contra,Logic,Rap/Hip Hop
Overnight,Logic,Rap/Hip Hop
66,Lil Yachty,Rap/Hip Hop
Midnight,Logic,Rap/Hip Hop
Wassup,Logic,Rap/Hip Hop
River,Eminem,Rap/Hip Hop
Yuck,Logic,Rap/Hip Hop
Boom!,Lil Yachty,Rap/Hip Hop
X,ScHoolboy Q,Rap/Hip Hop
BoomTrap Protocol,Logic,Rap/Hip Hop
Warm It Up,Logic,Rap/Hip Hop
Good Old Days,Macklemore,Rap/Hip Hop
The Champion,Carrie Underwood,Pop
KEKE,6ix9ine,Rap/Hip Hop
Stranger Things,Joyner Lucas,Rap/Hip Hop
Paramedic!,SOB,Rap/Hip Hop
Corazon,Maluma,Rap/Hip Hop
Bodak Yellow,Cardi B,Rap/Hip Hop
Want You Back,5 Seconds Of Summer,Pop
Yours,Russell Dickerson,Country
RONDO,6ix9ine,Rap/Hip Hop
You Broke Up With Me,Walker Hayes,Country
Kooda,6ix9ine,Rap/Hip Hop
The Ways,Khalid,Rap/Hip Hop
Notice Me,Migos,Rap/Hip Hop
Codeine Dreaming,Kodak Black,Rap/Hip Hop
Mayores,Becky G,Rap/Hip Hop
Make Me Feel,Janelle Monae,R&B
Rock,Plies,Rap/Hip Hop
Shape Of You,Ed Sheeran,Pop
Too Good At Goodbyes,Sam Smith,Pop
Gucci Gang,Lil Pump,Rap/Hip Hop
I Get The Bag,Gucci Mane,Rap/Hip Hop
Let Me Go,Hailee Steinfeld,Pop
Big Shot,Kendrick Lamar,Rap/Hip Hop
Legends,Kelsea Ballerini,Country
End Game,Taylor Swift,
For You,Liam Payne,Pop
One Foot,WALK THE MOON,Alternative
Female,Keith Urban,Country
1-800-273-8255,Logic,Rap/Hip Hop
Roll In Peace,Kodak Black,Rap/Hip Hop
Filthy,Justin Timberlake,Pop
Black Panther,Kendrick Lamar,Rap/Hip Hop
Criminal,Natti Natasha,Reggaeton
Rewrite The Stars,Zac Efron,Films/Games
Like I Loved You,Brett Young,Country
Losing Sleep,Chris Young,Country
Man Of The Woods,Justin Timberlake,Pop
Diplomatic Immunity,Drake,Rap/Hip Hop
BBO,Migos,Rap/Hip Hop
Sick Boy,The Chainsmokers,Dance
A Girl Like You,Easton Corbin,Country
Supplies,Justin Timberlake,Pop
Believer,Imagine Dragons,Alternative
The Way Life Goes,Lil Uzi Vert,Rap/Hip Hop
Supastars,Migos,Rap/Hip Hop
White Sand,Migos,Rap/Hip Hop
Gang Gang,Migos,Rap/Hip Hop
Higher We Go,Migos,Rap/Hip Hop
Auto Pilot,Migos,Rap/Hip Hop
Emoji A Chain,Migos,Rap/Hip Hop
Round Here Buzz,Eric Church,Country
CC,Migos,Rap/Hip Hop
Best Friend,Sofi Tukker,Dance
MIC Drop,BTS,Asian Music
What Lovers Do,Maroon 5,Pop
Mi Gente,J Balvin,Rap/Hip Hop
Bank Account,21 Savage,Rap/Hip Hop
Attention,Charlie Puth,Pop
Unforgettable,French Montana,Rap/Hip Hop
Pills And Automobiles,Chris Brown,R&B
Greatest Love Story,LANCO,Country
No Name,NF,Rap/Hip Hop
Ice Tray,Quavo,Rap/Hip Hop
The Greatest Show,Hugh Jackman,Films/Games
Never Enough,Loren Allred,Films/Games
My Dawg,Lil Baby,Rap/Hip Hop
I'll Name The Dogs,Blake Shelton,Country
The Weekend,SZA,R&B
Silence,Marshmello,Electro
My My My!,Troye Sivan,Pop
Krippy Kush,Farruko,Rap/Hip Hop
...Ready For It?,Taylor Swift,
El Bano,Enrique Iglesias,Rap/Hip Hop
Despacito,Luis Fonsi,Pop
That's What I Like,Bruno Mars,Pop
I Could Use A Love Song,Maren Morris,Country
I Miss You,Clean Bandit,Electro
Too Much To Ask,Niall Horan,Pop
Home,Machine Gun Kelly,
Juice,Yo Gotti,Rap/Hip Hop
What About Us,P!nk,Pop
Look What You Made Me Do,Taylor Swift,
Light It Up,Luke Bryan,Country
Dusk Till Dawn,Zayn,Alternative
Wanted You,NAV,Rap/Hip Hop
The Race,Tay-K,Rap/Hip Hop
Eye 2 Eye,Huncho Jack,Rap/Hip Hop
Modern Slavery,Huncho Jack,Rap/Hip Hop
Thunder/Young Dumb & Broke,Imagine Dragons + Khalid,Alternative
Black & Chinese,Huncho Jack,Rap/Hip Hop
Dubai Shit,Huncho Jack,Rap/Hip Hop
Huncho Jack,Huncho Jack,Rap/Hip Hop
Motorcycle Patches,Huncho Jack,Rap/Hip Hop
Saint,Huncho Jack,Rap/Hip Hop
Walk On Water,Eminem,Rap/Hip Hop
Humble.,Kendrick Lamar,Rap/Hip Hop
There's Nothing Holdin' Me Back,Shawn Mendes,Pop
Go Legend,Big Sean,Rap/Hip Hop
When It Rains It Pours,Luke Combs,Country
Unforgettable,Thomas Rhett,Country
Pull Up N Wreck,Big Sean,Rap/Hip Hop
Danger,Migos,Rap/Hip Hop
Untouchable,Eminem,Rap/Hip Hop
Ghostface Killers,21 Savage,Rap/Hip Hop
Faking It,Calvin Harris,Dance
Congratulations,Post Malone,Rap/Hip Hop
Love So Soft,Kelly Clarkson,Pop
Transportin',Kodak Black,Rap/Hip Hop
Ask Me How I Know,Garth Brooks,
Bella y Sensual,Romeo Santos,Latin Music
Sauce It Up,Lil Uzi Vert,Rap/Hip Hop
Rake It Up,Yo Gotti,Rap/Hip Hop
Praying,Kesha,Pop
Strip That Down,Liam Payne,Pop
Do Re Mi,blackbear,R&B
Slow Hands,Niall Horan,Pop
Fix A Drink,Chris Janson,Country
It's Everyday Bro,Jake Paul,Pop
Go Flex,Post Malone,Rap/Hip Hop
Total Eclipse Of The Heart,Chloe Kohanski,Rock
Perro Fiel,Shakira,Pop
Awful Things,Lil Peep,Rock
Relationship,Young Thug,Rap/Hip Hop
Every Little Thing,Carly Pearce,Country
Glorious,Macklemore,Rap/Hip Hop
Questions,Chris Brown,R&B
The Rest Of Our Life,Tim McGraw,Country
What Ifs,Kane Brown,Country
XO TOUR Llif3,Lil Uzi Vert,Rap/Hip Hop
Something Just Like This,The Chainsmokers,Alternative
Crew,GoldLink,Rap/Hip Hop
Call It What You Want,Taylor Swift,
Rap Saved Me,21 Savage,Rap/Hip Hop
Gorgeous,Taylor Swift,
Smooth,Florida Georgia Line,Country
The Plan,G-Eazy,Rap/Hip Hop
Patek Water,Future,Rap/Hip Hop
Wild Thoughts,DJ Khaled,Rap/Hip Hop
Body Like A Back Road,Sam Hunt,Country
My Choppa Hate N****s,21 Savage,Rap/Hip Hop
Pray,Sam Smith,Pop
Mad Stalkers,21 Savage,Rap/Hip Hop
Nightmare,Offset,Rap/Hip Hop
Location,Khalid,R&B
Heartache On The Dance Floor,Jon Pardi,Country
B.E.D.,Jacquees,R&B
Too Hotty,Quavo,
All The Pretty Girls,Kenny Chesney,Country
More Girls Like You,Kip Moore,Country
High End,Chris Brown,R&B
Love Galore,SZA,R&B
No Cap,Future,Rap/Hip Hop
Feed Me Dope,Future,Rap/Hip Hop
Escapate Conmigo,Wisin,Rap/Hip Hop
All Da Smoke,Future,Rap/Hip Hop
It's A Vibe,2 Chainz,Rap/Hip Hop
4 Da Gang,Future,Rap/Hip Hop
Friends,Justin Bieber + BloodPop,
Bedroom Floor,Liam Payne,Pop
Three,Future,Rap/Hip Hop
Say You Won't Let Go,James Arthur,Pop
No Promises,Cheat Codes,Pop
Small Town Boy,Dustin Lynch,Country
Curve,Gucci Mane,Rap/Hip Hop
Feels,Calvin Harris,Dance
Stunting Ain't Nuthin,Gucci Mane,Rap/Hip Hop
They Don't Know,Jason Aldean,Country
Do I Make You Wanna,Billy Currington,Country
Almost Like Praying,Lin-Manuel Miranda,Alternative
Loyalty.,Kendrick Lamar,Rap/Hip Hop
Dear Hate,Maren Morris,Country
No Promises,A Boogie Wit da Hoodie,Rap/Hip Hop
Say A',A Boogie Wit da Hoodie,Rap/Hip Hop
DNA,BTS,Asian Music
Redbone,Childish Gambino,Pop
Hi Bich,Bhad Bhabie,Rap/Hip Hop
Undefeated,A Boogie Wit da Hoodie,
Beast Mode,A Boogie Wit da Hoodie,Rap/Hip Hop
It Ain't My Fault,Brothers Osborne,Country
No Such Thing As A Broken Heart,Old Dominion,Country
Whatever You Need,Meek Mill,Rap/Hip Hop
I'm The One,DJ Khaled,Rap/Hip Hop
Stay,Zedd,Dance
Felices Los 4,Maluma,Rap/Hip Hop
Back To You,Louis Tomlinson,Pop
Fetish,Selena Gomez,Pop
Wish I Knew You,The Revivalists,Alternative
Mask Off,Future,Rap/Hip Hop
Homemade Dynamite,Lorde,Alternative
Drinkin' Problem,Midland,Country
These Heaux,Bhad Bhabie,Rap/Hip Hop
No Complaints,Metro Boomin,Rap/Hip Hop
Magnolia,Playboi Carti,Rap/Hip Hop
Found You,Kane Brown,Country
Versace On The Floor,Bruno Mars,Pop
Swish Swish,Katy Perry,Pop
444+222,Lil Uzi Vert,Rap/Hip Hop
My Girl,Dylan Scott,Country
Most Girls,Hailee Steinfeld,Pop
Dark Queen,Lil Uzi Vert,Rap/Hip Hop
X,Lil Uzi Vert,Rap/Hip Hop
Neon Guts,Lil Uzi Vert,Rap/Hip Hop
Revenge,XXXTENTACION,Rap/Hip Hop
Somebody Else Will,Justin Moore,Country
Reminder,The Weeknd,R&B
No Fear,DeJ Loaf,Rap/Hip Hop
It Ain't Me,Kygo,Pop
DNA.,Kendrick Lamar,Rap/Hip Hop
Two,Lil Uzi Vert,Rap/Hip Hop
For Real,Lil Uzi Vert,Rap/Hip Hop
UnFazed,Lil Uzi Vert,Rap/Hip Hop
No Sleep Leak,Lil Uzi Vert,Rap/Hip Hop
Depression & Obsession,XXXTENTACION,Rap/Hip Hop
Save Me,XXXTENTACION,Rap/Hip Hop
Carry On,XXXTENTACION,Rap/Hip Hop
Down,Fifth Harmony,
Now Or Never,Halsey,Alternative
Everyday We Lit,YFN Lucci,Rap/Hip Hop
Drowning,A Boogie Wit da Hoodie,Rap/Hip Hop
Castle On The Hill,Ed Sheeran,Pop
You Look Good,Lady Antebellum,
2U,David Guetta,Dance
Younger Now,Miley Cyrus,Pop
Its Every Night Sis,RiceGum,Rap/Hip Hop
Honest,The Chainsmokers,Dance
Flatliner,Cole Swindell,Country
Perplexing Pegasus,Rae Sremmurd,Rap/Hip Hop
For Her,Chris Lane,Country
Patty Cake,Kodak Black,Rap/Hip Hop
4:00 AM,2 Chainz,
Untouchable,YoungBoy Never Broke Again,Rap/Hip Hop
Privacy,Chris Brown,R&B
Know No Better,Major Lazer,Electro
In Case You Didn't Know,Brett Young,Country
Slippery,Migos,Rap/Hip Hop
Craving You,Thomas Rhett,Country
Malibu,Miley Cyrus,Pop
Bad Liar,Selena Gomez,Pop
First Day Out,Tee Grizzley,Rap/Hip Hop
Something New,Wiz Khalifa,Rap/Hip Hop
It's Goin' Down,Descendants 2 Cast,
El Amante,Nicky Jam,Rap/Hip Hop
Wokeuplikethis*,Playboi Carti,Rap/Hip Hop
Issues,Julia Michaels,Pop
OMG,Camila Cabello,Dance
What's My Name,China Anne McClain,Films/Games
You Da Baddest,Future,Rap/Hip Hop
Chillin' Like A Villain,Sofia Carson,Films/Games
Rolex,Ayo,Rap/Hip Hop
Passionfruit,Drake,Rap/Hip Hop
Swalla,Jason Derulo,Pop
Subeme La Radio,Enrique Iglesias,Electro
"God, Your Mama, And Me",Florida Georgia Line,Country
Heavy,Linkin Park,Alternative
Learn To Let Go,Kesha,Pop
Signs,Drake,Rap/Hip Hop
Numb,Linkin Park,Alternative
In The End,Linkin Park,Alternative
Closer,The Chainsmokers,Alternative
The Fighter,Keith Urban,Country
Issues,Meek Mill,Rap/Hip Hop
Wins & Losses,Meek Mill,Rap/Hip Hop
1942 Flows,Meek Mill,Rap/Hip Hop
Yours If You Want It,Rascal Flatts,Country
Imitadora,Romeo Santos,Latin Music
The Story Of O.J.,JAY-Z,Rap/Hip Hop
We Ball,Meek Mill,Rap/Hip Hop
F**k That Check Up,Meek Mill,
Heavy Heart,Meek Mill,Rap/Hip Hop
Bad And Boujee,Migos,Rap/Hip Hop
iSpy,KYLE,Rap/Hip Hop
24K Magic,Bruno Mars,Pop
4:44,JAY-Z,Rap/Hip Hop
Crying In The Club,Camila Cabello,Dance
A Lie,French Montana,Rap/Hip Hop
Every Time I Hear That Song,Blake Shelton,Country
Jerika,Jake Paul,Pop
The Cure,Lady Gaga,Pop
Weak,AJR,Alternative
Woman,Kesha,Pop
Rollin,Calvin Harris,Alternative
Element.,Kendrick Lamar,Rap/Hip Hop
Slide,Calvin Harris,Electro
Bam,JAY-Z,Rap/Hip Hop
Hurricane,Luke Combs,Country
Family Feud,JAY-Z,Rap/Hip Hop
Kill Jay Z,JAY-Z,Rap/Hip Hop
Smile,JAY-Z,Rap/Hip Hop
Caught Their Eyes,JAY-Z,Rap/Hip Hop
Moonlight,JAY-Z,Rap/Hip Hop
Marcy Me,JAY-Z,Rap/Hip Hop
Get Low,Zedd,Dance
Famous,21 Savage,Rap/Hip Hop
T-Shirt,Migos,Rap/Hip Hop
Tunnel Vision,Kodak Black,Rap/Hip Hop
Sign Of The Times,Harry Styles,Pop
Who Dat Boy,Tyler,Rap/Hip Hop
Portland,Drake,Rap/Hip Hop
Losin Control,Russ,Rap/Hip Hop
Extra Luv,Future,Rap/Hip Hop
How Not To,Dan + Shay,Country
Don't Quit,DJ Khaled,Rap/Hip Hop
To The Max,DJ Khaled,Rap/Hip Hop
If I Told You,Darius Rucker,Country
On Everything,DJ Khaled,Rap/Hip Hop
Cold,Maroon 5,Pop
Good Drank,2 Chainz,Rap/Hip Hop
Shining,DJ Khaled,Rap/Hip Hop
Scars To Your Beautiful,Alessia Cara,Pop
Look At Me!,XXXTENTACION,Rap/Hip Hop
First Day Out,Kodak Black,Rap/Hip Hop
My Old Man,Zac Brown Band,Country
Nobody Else But You,Trey Songz,R&B
Real Hitta,Plies,Rap/Hip Hop
Swang,Rae Sremmurd,Rap/Hip Hop
Bon Appetit,Katy Perry,Pop
Black,Dierks Bentley,Country
Hometown Girl,Josh Turner,Country
Gyalchester,Drake,Rap/Hip Hop
Rockabye,Clean Bandit,Electro
Peek A Boo,Lil Yachty,Rap/Hip Hop
Met Gala,Gucci Mane,Rap/Hip Hop
Scared To Be Lonely,Martin Garrix,Electro
Human,Rag'n'Bone Man,Alternative
Paris,The Chainsmokers,Electro
Somethin Tells Me,Bryson Tiller,R&B
Me Enamore,Shakira,Pop
Self-Made,Bryson Tiller,R&B
Don't Get Too High,Bryson Tiller,R&B
Run Me Dry,Bryson Tiller,R&B
There For You,Martin Garrix,Electro
No Longer Friends,Bryson Tiller,R&B
Strangers,Halsey,Alternative
Deja Vu,Lauren Duski,Country
Money On You,Chris Blue,R&B
Chained To The Rhythm,Katy Perry,Pop
At My Best,Machine Gun Kelly,
The Dance,Lauren Duski,Country
Boy,Lee Brice,Country
Either Way,Chris Stapleton,Country
Any Ol' Barstool,Jason Aldean,Country
Love On The Brain,Rihanna,Pop
Both,Gucci Mane,Rap/Hip Hop
I Feel It Coming,The Weeknd,R&B
I Don't Wanna Live Forever,Zayn / Taylor Swift,
Bounce Back,Big Sean,Rap/Hip Hop
The Weekend,Brantley Gilbert,Country
Prblms,6LACK,R&B
Yeah Boy,Kelsea Ballerini,Country
Good Life,G-Eazy,Rap/Hip Hop
Cake,Flo Rida,Rap/Hip Hop
Ghost In This House,Lauren Duski,Country
Everybody,Logic,Rap/Hip Hop
The Night We Met,Lord Huron,Films/Games
Galway Girl,Ed Sheeran,Pop
Moves,Big Sean,Rap/Hip Hop
Down,Marian Hill,Electro
Can't Stop The Feeling!,Justin Timberlake,Kids
First Time,Kygo,Electro
XXX.,Kendrick Lamar,Rap/Hip Hop
Party,Chris Brown,R&B
Yah.,Kendrick Lamar,Rap/Hip Hop
Sweet Creature,Harry Styles,Pop
Selfish,Future,Rap/Hip Hop
Call On Me,Starley,Pop
You're Welcome,Dwayne Johnson,Films/Games
Mercy,Shawn Mendes,Pop
Lust For Life,Lana Del Rey,Alternative
Feel.,Kendrick Lamar,Rap/Hip Hop
Pride.,Kendrick Lamar,Rap/Hip Hop
Lust.,Kendrick Lamar,Rap/Hip Hop
Still Got Time,Zayn,Dance
Green Light,Lorde,Alternative
How Far I'll Go,Auli'i Cravalho,Films/Games
Hard Times,Paramore,Alternative
Fear.,Kendrick Lamar,Rap/Hip Hop
No Frauds,Nicki Minaj,Rap/Hip Hop
God.,Kendrick Lamar,Rap/Hip Hop
Deja Vu,J. Cole,Rap/Hip Hop
Blood.,Kendrick Lamar,Pop
Dirt On My Boots,Jon Pardi,Country
Duckworth.,Kendrick Lamar,Rap/Hip Hop
Fast,Luke Bryan,Country
Black SpiderMan,Logic,Rap/Hip Hop
Fake Love,Drake,Rap/Hip Hop
Starboy,The Weeknd,R&B
Don't Wanna Know,Maroon 5,Pop
Play That Song,Train,Alternative
Free Smoke,Drake,Rap/Hip Hop
Road Less Traveled,Lauren Alaina,Country
The One,The Chainsmokers,Dance
Draco,Future,Rap/Hip Hop
Blem,Drake,Rap/Hip Hop
Think A Little Less,Michael Ray,Country
Teenage Fever,Drake,Rap/Hip Hop
Bar At The End Of The World,Kenny Chesney,Country
How Far I'll Go,Alessia Cara,Films/Games
Million Reasons,Lady Gaga,Pop
Water Under The Bridge,Adele,Pop
Bad Things,Machine Gun Kelly,
Speak To A Girl,Tim McGraw,Country
Tin Man,Miranda Lambert,Country
The Heart Part 4,Kendrick Lamar,
Sacrifices,Drake,Rap/Hip Hop
Conscience,Kodak Black,Rap/Hip Hop
Heatstroke,Calvin Harris,Dance
Get It Together,Drake,Rap/Hip Hop
No Long Talk,Drake,Rap/Hip Hop
KMT,Drake,Rap/Hip Hop
4422,Drake,Rap/Hip Hop
Jorja Interlude,Drake,Rap/Hip Hop
Madiba Riddim,Drake,Rap/Hip Hop
Ice Melts,Drake,Rap/Hip Hop
Do Not Disturb,Drake,Rap/Hip Hop
Glow,Drake,Rap/Hip Hop
Everyday,Ariana Grande,Pop
Can't Have Everything,Drake,Rap/Hip Hop
Party Monster,The Weeknd,R&B
Nothings Into Somethings,Drake,Rap/Hip Hop
Let Me Love You,DJ Snake,Dance
Lose You,Drake,Rap/Hip Hop
Since Way Back,Drake,Rap/Hip Hop
Make Me,Noah Cyrus,Alternative
Skepta Interlude,Drake,Rap/Hip Hop
Kill A Word,Eric Church,Country
Trap Trap Trap,Rick Ross,Rap/Hip Hop
Black Beatles,Rae Sremmurd,Rap/Hip Hop
Heathens,twenty one pilots,Alternative
Caroline,Amine,Rap/Hip Hop
Regret In Your Tears,Nicki Minaj,Rap/Hip Hop
Better Man,Little Big Town,Country
Changed It,Nicki Minaj,Rap/Hip Hop
Chanel,Frank Ocean,Pop
Liability,Lorde,Alternative
I Got You,Bebe Rexha,Pop
Dive,Ed Sheeran,Pop
Sober Saturday Night,Chris Young,Country
Today,Brad Paisley,Country
Selfish,PnB Rock,Rap/Hip Hop
Happier,Ed Sheeran,Pop
Comin Out Strong,Future,Rap/Hip Hop
Chantaje,Shakira,Pop
All Time Low,Jon Bellion,Pop
Side To Side,Ariana Grande,Pop
New Man,Ed Sheeran,Pop
Supermarket Flowers,Ed Sheeran,Pop
What Do I Know?,Ed Sheeran,Pop
How Would You Feel,Ed Sheeran,Pop
Eraser,Ed Sheeran,Pop
Used To This,Future,Alternative
Hearts Don't Break Around Here,Ed Sheeran,Pop
Barcelona,Ed Sheeran,Pop
Star Of The Show,Thomas Rhett,Country
A Guy With A Girl,Blake Shelton,Country
Treat You Better,Shawn Mendes,Pop
Cash Me Outside,DJ Suede The Remix God,Rap/Hip Hop
Love,Lana Del Rey,Alternative
No Heart,21 Savage,Rap/Hip Hop
Make Love,Gucci Mane,Rap/Hip Hop
Love Me Now,John Legend,Pop
Not Nice,PARTYNEXTDOOR,R&B
Broccoli,D.R.A.M.,Rap/Hip Hop
This Town,Niall Horan,Pop
Rent Money,Future,Rap/Hip Hop
Guys My Age,Hey Violet,Pop
Seein' Red,Dustin Lynch,Country
Super Trapper,Future,Rap/Hip Hop
Dancing On My Own,Calum Scott,Pop
No Favors,Big Sean,Rap/Hip Hop
Zoom,Future,Rap/Hip Hop
Starving,Hailee Steinfeld,Pop
Juju On That Beat,Zay Hilfigerrr,Rap/Hip Hop
Bom Bidi Bom,Nick Jonas,Films/Games
Helium,Sia,Films/Games
Heroe Favorito,Romeo Santos,Latin Music
Way Down We Go,KALEO,Alternative
Everything 1K,Kodak Black,Rap/Hip Hop
Wanna Be That Song,Brett Eldredge,Country
Sex With Me,Rihanna,Pop
Some Kind Of Drug,G-Eazy,Rap/Hip Hop
Cheap Thrills,Sia,Electro
Don't Let Me Down,The Chainsmokers,Electro
The Greatest,Sia,Pop
Bad Romance,Lady Gaga,Pop
HandClap,Fitz,Alternative
Sacrifices,Big Sean,Rap/Hip Hop
Halfway Off The Balcony,Big Sean,Rap/Hip Hop
Jump Out The Window,Big Sean,Rap/Hip Hop
Owe Me,Big Sean,Rap/Hip Hop
Beauty And The Beast,Ariana Grande,Films/Games
I Don't,Mariah Carey,Rock
80s Mercedes,Maren Morris,Country
Now & Later,Sage The Gemini,Rap/Hip Hop
OTW,DJ Luke Nasty,Rap/Hip Hop
Light,Big Sean,Rap/Hip Hop
Kelly Price,Migos,Rap/Hip Hop
Blue Ain't Your Color,Keith Urban,Country
X,21 Savage,Rap/Hip Hop
Call Casting,Migos,Rap/Hip Hop
Run Up,Major Lazer,Electro
I'm Better,Missy Elliott,Rap/Hip Hop
Get Right Witcha,Migos,Rap/Hip Hop
If The Boot Fits,Granger Smith,Country
Dirty Laundry,Carrie Underwood,Country
Fresh Eyes,Andy Grammer,Pop
Culture,Migos,Rap/Hip Hop
Chill Bill,Rob $tone,Rap/Hip Hop
Cold Water,Major Lazer,Pop
Love On The Weekend,John Mayer,Rock
Sneakin',Drake,Rap/Hip Hop
Song For Another Time,Old Dominion,Country
Say It,Flume,Electro
Water,Ugly God,Rap/Hip Hop
Running Back,Wale,Rap/Hip Hop
You Was Right,Lil Uzi Vert,Rap/Hip Hop
In The Name Of Love,Martin Garrix,Electro
Not Afraid Anymore,Halsey,Films/Games
Red Opps,21 Savage,Rap/Hip Hop
Neighbors,J. Cole,Rap/Hip Hop
Timeless,A Boogie Wit da Hoodie,Rap/Hip Hop
Parachute,Chris Stapleton,Country
All We Know,The Chainsmokers,Electro
Just Hold On,Steve Aoki,Electro
Beibs In The Trap,Travis Scott,Rap/Hip Hop
My Sh*t,A Boogie Wit da Hoodie,
OOOUUU,Young M.A,Rap/Hip Hop
I Hate U I Love U,gnash,Alternative
May We All,Florida Georgia Line,Country
Sleep Without You,Brett Young,Country
Drinkin' Too Much,Sam Hunt,Country
Immortal,J. Cole,Rap/Hip Hop
What They Want,Russ,Rap/Hip Hop
Unsteady,X Ambassadors,Alternative
Too Much Sauce,DJ ESCO,Alternative
How I'll Always Be,Tim McGraw,Country
Hallelujah,Pentatonix,Pop
Shaky Shaky,Daddy Yankee,Rap/Hip Hop
Key To The Streets,YFN Lucci,Rap/Hip Hop
We Know The Way,Opetaia Foa'i,Films/Games
Careless Whisper,Wham!,Pop
Faith,George Michael,Pop
Pick Up The Phone,Young Thug,Rap/Hip Hop
No Flockin,Kodak Black,Rap/Hip Hop
Black Barbies,Nicki Minaj,Pop
Hate U Love U,Olivia O'Brien,Alternative
"Mary, Did You Know?",Pentatonix,Pop
Do You Mind,DJ Khaled,Rap/Hip Hop
1 Night,Lil Yachty,
Change,J. Cole,Rap/Hip Hop
She's Mine Pt. 1,J. Cole,Rap/Hip Hop
Ville Mentality,J. Cole,Rap/Hip Hop
For Whom The Bell Tolls,J. Cole,Rap/Hip Hop
Six Feet Under,The Weeknd,R&B
Sidewalks,The Weeknd,R&B
Foldin Clothes,J. Cole,Rap/Hip Hop
4 Your Eyez Only,J. Cole,Rap/Hip Hop
She's Mine Pt. 2,J. Cole,Rap/Hip Hop
False Prophets,J. Cole,Rap/Hip Hop
Everybody Dies,J. Cole,Rap/Hip Hop
Come And See Me,PARTYNEXTDOOR,R&B
Darlin' Don't Go,Sundance Head,Country
Deja Vu,Post Malone,Rap/Hip Hop
At Last,Sundance Head,Country
Setting The World On Fire,Kenny Chesney,Country
Die For You,The Weeknd,R&B
This Is What You Came For,Calvin Harris,Electro
Ride,twenty one pilots,Alternative
Needed Me,Rihanna,Pop
One Dance,Drake,Rap/Hip Hop
Tiimmy Turner,Desiigner,Rap/Hip Hop
Secrets,The Weeknd,R&B
Me And Your Mama,Childish Gambino,Rap/Hip Hop
Home,gnash,Alternative
True Colors,The Weeknd,R&B
Middle Of A Memory,Cole Swindell,Country
Rockin',The Weeknd,R&B
All I Know,The Weeknd,R&B
That's My Girl,Fifth Harmony,
False Alarm,The Weeknd,R&B
Attention,The Weeknd,R&B
Ordinary Life,The Weeknd,R&B
Stargirl Interlude,The Weeknd,R&B
Nothing Without You,The Weeknd,R&B
A Lonely Night,The Weeknd,R&B
Love To Lay,The Weeknd,R&B
Distraction,Kehlani,Pop
A Little More Summertime,Jason Aldean,Country
Look Alive,Rae Sremmurd,Rap/Hip Hop
Fade,Kanye West,Rap/Hip Hop
Capsize,Frenship,Pop
Gold,Kiiara,Pop
Sucker For Pain,Lil Wayne,Rap/Hip Hop
Panda,Desiigner,Rap/Hip Hop
Luv,Tory Lanez,Rap/Hip Hop
My Way,Calvin Harris,Dance
Ain't My Fault,Zara Larsson,Pop
Move,Luke Bryan,Country
Slumber Party,Britney Spears,Pop
Vice,Miranda Lambert,Country
Litty,Meek Mill,Rap/Hip Hop
PPAP,PIKOTARO,Dance
Greenlight,Pitbull,Classical
Infinite,Eminem,Rap/Hip Hop
Send My Love,Adele,Pop
No Problem,Chance The Rapper,Rap/Hip Hop
Too Good,Drake,Rap/Hip Hop
We Don't Talk Anymore,Charlie Puth,Pop
Hallelujah,Leonard Cohen,Pop
We The People....,A Tribe Called Quest,Rap/Hip Hop
Setting Fires,The Chainsmokers,Dance
It Don't Hurt Like It Used To,Billy Currington,Country
Shout Out To My Ex,Little Mix,Pop
Wishing,DJ Drama,Rap/Hip Hop
"Sit Still, Look Pretty",Daya,Pop
Money Longer,Lil Uzi Vert,Rap/Hip Hop
No Limit,Usher,R&B
I Know Somebody,LOCASH,Country
All Eyez,The Game,Rap/Hip Hop
Wat U Mean,Dae Dae,Rap/Hip Hop
Hold Up,Beyonce,Pop
Gangsta,Kehlani,Films/Games
Hymn For The Weekend,Coldplay,Alternative
Froze,Meek Mill,Rap/Hip Hop
Offended,Meek Mill,Rap/Hip Hop
"Two Birds, One Stone",Drake,Rap/Hip Hop
On The Regular,Meek Mill,Rap/Hip Hop
The Difference,Meek Mill,Rap/Hip Hop
Blue Notes,Meek Mill,Rap/Hip Hop
Blessed Up,Meek Mill,Rap/Hip Hop
Cool Girl,Tove Lo,Alternative
Into You,Ariana Grande,Pop
Controlla,Drake,Rap/Hip Hop
A-YO,Lady Gaga,Pop
Perfect Illusion,Lady Gaga,Pop
This Girl,Kungs,Dance
Why You Always Hatin?,YG,Rap/Hip Hop
CRZY,Kehlani,Pop
Lockjaw,French Montana,Rap/Hip Hop
You & Me,Marc E. Bassy,Rap/Hip Hop
For Free,DJ Khaled,Rap/Hip Hop
Work From Home,Fifth Harmony,
Blow Your Mind,Dua Lipa,Pop
Different For Girls,Dierks Bentley,Country
THat Part,ScHoolboy Q,Rap/Hip Hop
All In My Head,Fifth Harmony,
Rock On,Tucker Beathard,
I Met A Girl,William Michael Morgan,Country
I Got The Keys,DJ Khaled,Rap/Hip Hop
Just Like Fire,P!nk,Kids
Father Stretch My Hands Pt. 1,Kanye West,Rap/Hip Hop
You Don't Own Me,Grace,Pop
Peter Pan,Kelsea Ballerini,Country
Kids,OneRepublic,Pop
Forever Country,Artists Of Then,Country
Cranes In The Sky,Solange,
Low Life,Future,Rap/Hip Hop
Make You Miss Me,Sam Hunt,Country
Don't Touch My Hair,Solange,
LIFTED,CL,
Work,Rihanna,Pop
I Took A Pill In Ibiza,Mike Posner,Singer & Songwriter
Never Be Like You,Flume,Electro
H.O.L.Y.,Florida Georgia Line,Country
Mama Said,Lukas Graham,Pop
Me Too,Meghan Trainor,Pop
Purple Lamborghini,Skrillex,Dance
With You Tonight / Hasta El Amanecer,Nicky Jam,Rap/Hip Hop
You Look Like I Need A Drink,Justin Moore,Country
No Shopping,French Montana,Rap/Hip Hop
7 Years,Lukas Graham,Pop
Cancer,twenty one pilots,Alternative
My PYT,Wale,Rap/Hip Hop
Grass Ain't Greener,Chris Brown,R&B
Stressed Out,twenty one pilots,Alternative
Don't Mind,Kent Jones,Rap/Hip Hop
Rise,Katy Perry,Pop
Make Me...,Britney Spears,Pop
She's Got A Way With Words,Blake Shelton,Country
Childs Play,Drake,Rap/Hip Hop
American Country Love Song,Jake Owen,Country
Sorry,Beyonce,Pop
From The Ground Up,Dan + Shay,Country
Kill Em With Kindness,Selena Gomez,Pop
Famous,Kanye West,Rap/Hip Hop
Cake By The Ocean,DNCE,Pop
Wicked,Future,Rap/Hip Hop
Wyclef Jean,Young Thug,Rap/Hip Hop
Record Year,Eric Church,Country
Duele El Corazon,Enrique Iglesias,Pop
Church Bells,Carrie Underwood,Country
Love Yourself,Justin Bieber,Pop
Nikes,Frank Ocean,Pop
Ivy,Frank Ocean,Pop
Pink + White,Frank Ocean,Pop
Solo,Frank Ocean,Pop
Nights,Frank Ocean,Pop
Uber Everywhere,MadeinTYO,Rap/Hip Hop
Hit Or Miss,Jacob Sartorius,Pop
Fix,Chris Lane,Country
Toothbrush,DNCE,Pop
Pop Style,Drake,Rap/Hip Hop
Lights Come On,Jason Aldean,Country
Castaway,Zac Brown Band,Country
No Money,Galantis,Dance
Wasted Time,Keith Urban,Country
Let It Go,James Bay,Singer & Songwriter
Sorry,Justin Bieber,Pop
Head Over Boots,Jon Pardi,Country
Bohemian Rhapsody,Panic! At The Disco,Films/Games
All The Way Up,Fat Joe,Rap/Hip Hop
Close,Nick Jonas,Pop
Wake Up,Fetty Wap,Rap/Hip Hop
"Huntin', Fishin' & Lovin' Every Day",Luke Bryan,Country
My House,Flo Rida,Rap/Hip Hop
Dangerous Woman,Ariana Grande,Pop
Lush Life,Zara Larsson,Pop
Holy Key,DJ Khaled,Rap/Hip Hop
Brand New,Ben Rector,Singer & Songwriter
Wherever I Go,OneRepublic,Pop
Back On Road,Gucci Mane,Rap/Hip Hop
P**** Print,Gucci Mane,
Light It Up,Major Lazer,Dance
Lost Boy,Ruth B,Alternative
Never Forget You,Zara Larsson,Pop
Girls Talk Boys,5 Seconds Of Summer,Films/Games
Body Say,Demi Lovato,Pop
No,Meghan Trainor,Pop
M.I.L.F. $,Fergie,Pop
Night's On Fire,David Nail,Country
Ophelia,The Lumineers,Alternative
Body,Dreezy,Rap/Hip Hop
Pillowtalk,Zayn,Dance
"Me, Myself & I",G-Eazy,Rap/Hip Hop
T-Shirt,Thomas Rhett,Country
Love Make The World Go Round,Jennifer Lopez,
Noise,Kenny Chesney,Country
Came Here To Forget,Blake Shelton,Country
Bored To Death,Blink-182,Rock
La Bicicleta,Carlos Vives,Latin Music
Cut It,O.T. Genasis,Rap/Hip Hop
Oui,Jeremih,R&B
Wild Things,Alessia Cara,Pop
The Sound Of Silence,Disturbed,Rock
Messin' Around,Pitbull,Dance
Still Here,Drake,Rap/Hip Hop
Hype,Drake,Rap/Hip Hop
Flexicution,Logic,Rap/Hip Hop
Really Really,Kevin Gates,Rap/Hip Hop
Think Of You,Chris Young Duet,
Grammys,Drake,Rap/Hip Hop
Try Everything,Shakira,Films/Games
Champions,Kanye West,Rap/Hip Hop
Dark Necessities,Red Hot Chili Peppers,Alternative
2 Phones,Kevin Gates,Rap/Hip Hop
Humble And Kind,Tim McGraw,Country
What The World Needs Now Is Love,Broadway For Orlando,Pop
Ain't No Stopping Us Now,Kane Brown,Country
Kiss It Better,Rihanna,Pop
Exchange,Bryson Tiller,R&B
Somewhere On A Beach,Dierks Bentley,Country
Sweatshirt,Jacob Sartorius,Pop
With You,Drake,Rap/Hip Hop
Might Not,Belly,Rap/Hip Hop
Faded,Alan Walker,Electro
Middle,DJ Snake,Dance
My Church,Maren Morris,Country
Snapback,Old Dominion,Country
Nothing Is Promised,Mike WiLL Made-It,Rap/Hip Hop
Mind Reader,Dustin Lynch,Country
Formation,Beyonce,Pop
Feel No Ways,Drake,Rap/Hip Hop
Law,Yo Gotti,Rap/Hip Hop
Piece By Piece,Kelly Clarkson,Pop
Moolah,Young Greatness,Rap/Hip Hop
Youth,Troye Sivan,Pop
My Boo,Ghost Town DJ's,
If It Ain't Love,Jason Derulo,Pop
9,Drake,Rap/Hip Hop
One Call Away,Charlie Puth,Pop
Lonesome Broken And Blue,Adam Wakefield,Country
U With Me?,Drake,Rap/Hip Hop
Fire & Desire,Drake,R&B
Every Breath You Take,Hannah Huston,Pop
Redemption,Drake,Rap/Hip Hop
Down That Road,Alisan Porter,Pop
Stitches,Shawn Mendes,Pop
Roses,The Chainsmokers,Electro
Don't,Bryson Tiller,R&B
Weston Road Flows,Drake,Rap/Hip Hop
Keep The Family Close,Drake,Rap/Hip Hop
Faithful,Drake,Rap/Hip Hop
Blessings,Chance The Rapper,Rap/Hip Hop
I'm Sorry,Adam Wakefield,Country
Promise,Kid Ink,Rap/Hip Hop
Go Ahead And Break My Heart,Blake Shelton,Country
Ain't Your Mama,Jennifer Lopez,Electro
6 Inch,Beyonce,Pop
I Like The Sound Of That,Rascal Flatts,Country
Confession,Florida Georgia Line,Country
Team,Iggy Azalea,Rap/Hip Hop
Don't Hurt Yourself,Beyonce,Pop
All Night,Beyonce,Pop
Freedom,Beyonce,Pop
Daddy Lessons,Beyonce,Pop
Pray You Catch Me,Beyonce,Pop
Sandcastles,Beyonce,Pop
Love Drought,Beyonce,Pop
True Colors,Zedd,Dance
Views,Drake,Rap/Hip Hop
Summer Sixteen,Drake,Rap/Hip Hop
Purple Rain,Prince,Pop
When Doves Cry,Prince,Pop
Little Red Corvette,Prince,Pop
Kiss,Prince,R&B
Let's Go Crazy,Prince,Pop
1999,Prince,Pop
Raspberry Beret,Prince,Pop
I Would Die 4 U,Prince,Pop
Jumpman,Drake,Rap/Hip Hop
Forward,Beyonce,Pop
Back To Sleep,Chris Brown,R&B
You Should Be Here,Cole Swindell,Country
New Level,A$AP Ferg,Rap/Hip Hop
Company,Justin Bieber,Pop
Acquainted,The Weeknd,R&B
That Don't Sound Like You,Lee Brice,Country
Hands To Myself,Selena Gomez,Pop
Hello,Adele,Pop
Down In The DM,Yo Gotti,Rap/Hip Hop
The Hills,The Weeknd,R&B
New Romantics,Taylor Swift,
Drunk On Your Love,Brett Eldredge,Country
Saved,Ty Dolla $ign,Rap/Hip Hop
Little Bit Of You,Chase Bryant,Country
Might Be,DJ Luke Nasty,Rap/Hip Hop
Pt. 2,Kanye West,Rap/Hip Hop
Jimmy Choo,Fetty Wap,Rap/Hip Hop
Let Me Love You,Ariana Grande,Pop
Fast Car,Jonas Blue,Dance
Die A Happy Man,Thomas Rhett,Country
Nobody To Blame,Chris Stapleton,Country
Waves,Kanye West,Rap/Hip Hop
Sugar,Robin Schulz,Dance
Ultralight Beam,Kanye West,Rap/Hip Hop
Victorious,Panic! At The Disco,Alternative
Hotline Bling,Drake,Rap/Hip Hop
When We Were Young,Adele,Pop
Best Friend,Young Thug,Rap/Hip Hop
FML,Kanye West,Rap/Hip Hop
Tennessee Whiskey,Chris Stapleton,Country
Real Friends,Kanye West,Rap/Hip Hop
Beautiful Drug,Zac Brown Band,Country
Heartbeat,Carrie Underwood,Country
Feedback,Kanye West,Rap/Hip Hop
679,Fetty Wap,Rap/Hip Hop
What Do You Mean?,Justin Bieber,Pop
Say It,Tory Lanez,Rap/Hip Hop
Like I'm Gonna Lose You,Meghan Trainor,Pop
White Iverson,Post Malone,Rap/Hip Hop
Like I Would,Zayn,Dance
Stand By You,Rachel Platten,Pop
I Know What You Did Last Summer,Shawn Mendes,Pop
With Them,Young Thug,Rap/Hip Hop
Home Alone Tonight,Luke Bryan,Country
Digits,Young Thug,Rap/Hip Hop
Something In The Way You Move,Ellie Goulding,Pop
Make Me Like You,Gwen Stefani,Pop
Be Alright,Ariana Grande,Pop
Hide Away,Daya,Pop
Here,Alessia Cara,Pop
Same Old Love,Selena Gomez,Pop
Ex's & Oh's,Elle King,Alternative
In The Night,The Weeknd,R&B
Adventure Of A Lifetime,Coldplay,Alternative
Backroad Song,Granger Smith,Country
Something New,Zendaya,R&B
Sorry Not Sorry,Bryson Tiller,R&B
Can't Feel My Face,The Weeknd,R&B
We Went,Randy Houser,Country
Break On Me.,Keith Urban,Country
Untitled 02 l 06.23.2014.,Kendrick Lamar,
Untitled 07 l Levitate,Kendrick Lamar,
Watch Out,2 Chainz,Rap/Hip Hop
Get Ugly,Jason Derulo,Pop
Gotta Lotta,2 Chainz,Rap/Hip Hop
Antidote,Travis Scott,Rap/Hip Hop
Lean On,Major Lazer,Pop
See You Again,Wiz Khalifa,Rap/Hip Hop
It's You,Zayn,Dance
Hello Friday,Flo Rida,Dance
Perfect,One Direction,Pop
$ave Dat Money,Lil Dicky,Rap/Hip Hop
Til It Happens To You,Lady Gaga,Pop
Walking On A Dream,Empire Of The Sun,Alternative
History,One Direction,Pop
Dibs,Kelsea Ballerini,Country
Out Of The Woods,Taylor Swift,
Hollow,Tori Kelly,Pop
Look At My Dab,Migos,Rap/Hip Hop
I Love This Life,LOCASH,Country
Uptown Funk!,Mark Ronson,Pop
Break Up In A Small Town,Sam Hunt,Country
On My Mind,Ellie Goulding,Pop
Confident,Demi Lovato,Pop
Stay A Little Longer,Brothers Osborne,Country
All I Ask,Adele,Pop
Good To Be Alive,Andy Grammer,Pop
Bang My Head,David Guetta,Dance
Irresistible,Fall Out Boy,Alternative
Do It Like Me,DLOW,
Dessert,Dawin,Pop
Watch Me,Silento,Rap/Hip Hop
Fly S**t Only,Future,
Bake Sale,Wiz Khalifa,Rap/Hip Hop
Die A Happy Man,Nelly,Pop
WTF,Missy Elliott,Rap/Hip Hop
Whisper,Chase Rice,Country
The Fix,Nelly,Rap/Hip Hop
No Role Modelz,J. Cole,Rap/Hip Hop
Again,Fetty Wap,Rap/Hip Hop
Big Rings,Drake,Rap/Hip Hop
Country Nation,Brad Paisley,Country
Back Up,DeJ Loaf,Rap/Hip Hop
Jam,Kevin Gates,Rap/Hip Hop
Alive,Sia,Pop
Play No Games,Big Sean,Rap/Hip Hop
I Got The Boy,Jana Kramer,Country
Mr. Misunderstood,Eric Church,Country
Focus,Ariana Grande,Pop
Gonna Know We Were Here,Jason Aldean,Country
Emperor's New Clothes,Panic! At The Disco,Alternative
Bottom Of The Bottle,Curren$Y,Rap/Hip Hop
Locked Away,R. City,Dance
I'll Show You,Justin Bieber,Pop
New Americana,Halsey,Alternative
Death Of A Bachelor,Panic! At The Disco,Alternative
Lay It All On Me,Rudimental,Dance
Right Hand,Drake,Rap/Hip Hop
Come Get Her,Rae Sremmurd,Rap/Hip Hop
Lean & Dabb,iLoveMemphis,Rap/Hip Hop
Ginza,J Balvin,Rap/Hip Hop
Trap Queen,Fetty Wap,Rap/Hip Hop
Lazarus,David Bowie,Rock
Space Oddity,David Bowie,Pop
Under Pressure,Queen,Films/Games
Blackstar,David Bowie,
Used To Love You,Gwen Stefani,Pop
Gonna,Blake Shelton,Country
RGF Island,Fetty Wap,Rap/Hip Hop
Blase,Ty Dolla $ign,Rap/Hip Hop
Where Ya At,Future,Rap/Hip Hop
Where Are U Now,Skrillex,Electro
Downtown,Macklemore,Rap/Hip Hop
Top Of The World,Tim McGraw,Country
Smoke Break,Carrie Underwood,Country
Hit The Quan,iLoveMemphis,Rap/Hip Hop
Burning House,Cam,Country
Purpose,Justin Bieber,Pop
Liquor,Chris Brown,R&B
Stick Talk,Future,Rap/Hip Hop
The Feeling,Justin Bieber,Pop
Zero,Chris Brown,R&B
Jugg,Fetty Wap,Rap/Hip Hop
Hallelujah,Lindsey Stirling,
Little More,Chris Brown,R&B
Mary Did You Know,Jordan Smith,
Good For You,Selena Gomez,Pop
Cheerleader,OMI,Pop
Drag Me Down,One Direction,Pop
Burning House,Emily Ann Roberts,Country
Climb Every Mountain,Jordan Smith,Pop
Back To Back,Drake,Rap/Hip Hop
Nothin' Like You,Dan + Shay,Country
Strip It Down,Luke Bryan,Country
God Only Knows,Jordan Smith,Pop
Somebody To Love,Jordan Smith,Pop
Renegades,X Ambassadors,Alternative
Mark My Words,Justin Bieber,Pop
Already Callin' You Mine,Parmalee,Country
Random,G-Eazy,Rap/Hip Hop
No Pressure,Justin Bieber,Pop
Sorry,Rick Ross,Rap/Hip Hop
Drifting,G-Eazy,
My Way,Fetty Wap,Rap/Hip Hop
I'm Comin' Over,Chris Young,Country
Photograph,Ed Sheeran,Pop
How Deep Is Your Love,Calvin Harris,Electro
Hallelujah,Jordan Smith,Pop
No Sense,Justin Bieber,Pop
I'd Just Love To Lay You Down,Barrett Baber,Country
Daddy,PSY,Asian Music
Girls Just Want To Have Fun,Madi Davis,Pop
Let Me See Ya Girl,Cole Swindell,Country
Remedy,Adele,Pop
Life Is Worth Living,Justin Bieber,Pop
Love Myself,Hailee Steinfeld,Pop
Rich $ex,Future,Rap/Hip Hop
Great Is Thy Faithfulness,Jordan Smith,Pop
Break Up With Him,Old Dominion,Country
Children,Justin Bieber,Pop
Been You,Justin Bieber,Pop
If I Could Fly,One Direction,Pop
Olivia,One Direction,Pop
We Are,Justin Bieber,Pop
Get Used To It,Justin Bieber,Pop
A.M.,One Direction,Pop
Temporary Fix,One Direction,Pop
Trust,Justin Bieber,Pop
Never Enough,One Direction,Pop
Shut Up And Dance,WALK THE MOON,Alternative
Thinking Out Loud,Ed Sheeran,Pop
Fight Song,Rachel Platten,Alternative
Writing's On The Wall,Sam Smith,Pop
Anything Goes,Florida Georgia Line,Country
Cool For The Summer,Demi Lovato,Pop
Comfortable,K Camp,Rap/Hip Hop
Save It For A Rainy Day,Kenny Chesney,Country
Diamonds Dancing,Drake,Rap/Hip Hop
Traveller,Chris Stapleton,Country
Halo,Jordan Smith,Pop
Hold My Hand,Jess Glynne,Pop
Levels,Nick Jonas,Pop
Want To Want Me,Jason Derulo,Pop
All Eyes On You,Meek Mill,Rap/Hip Hop
Scholarships,Drake,Rap/Hip Hop
Digital Dash,Drake,Rap/Hip Hop
Sugar,Maroon 5,Pop
Marvin Gaye,Charlie Puth,Pop
Home,One Direction,Pop
Used To Love You Sober,Kane Brown,Country
Gonna Wanna Tonight,Chase Rice,Country
Nothing But Trouble,Lil Wayne,Rap/Hip Hop
Powerful,Major Lazer,Electro
100,The Game,Rap/Hip Hop
Flex,Rich Homie Quan,Rap/Hip Hop
Worth It,Fifth Harmony,
Lose My Mind,Brett Eldredge,Country
This Could Be Us,Rae Sremmurd,Rap/Hip Hop
"John Cougar, John Deere, John 3:16",Keith Urban,Country
Live From The Gutter,Drake,Rap/Hip Hop
I'm The Plug,Drake,Rap/Hip Hop
Can't Sleep Love,Pentatonix,Pop
Earned It,The Weeknd,Films/Games
Bad Blood,Taylor Swift,
El Perdon,Nicky Jam,Rap/Hip Hop
House Party,Sam Hunt,Country
Fly,Maddie,Country
Change Locations,Drake,Rap/Hip Hop
Love Me,The 1975,Alternative
Uma Thurman,Fall Out Boy,Alternative
Planez,Jeremih,R&B
Buy Me A Boat,Chris Janson,Country
Plastic Bag,Drake,Rap/Hip Hop
Jersey,Future,Rap/Hip Hop
Cecilia And The Satellite,Andrew McMahon In The Wilderness,Pop
Ghost Town,Adam Lambert,Pop
Hold Each Other,A Great Big World,Pop
Infinity,One Direction,Pop
Black Magic,Little Mix,Pop
30 For 30 Freestyle,Drake,Rap/Hip Hop
Kick The Dust Up,Luke Bryan,Country
Classic Man,Jidenna,African Music
"Honey, I'm Good.",Andy Grammer,Pop
Crash And Burn,Thomas Rhett,Country
Runnin',Naughty Boy,Pop
"I Don't Like It, I Love It",Flo Rida,Rap/Hip Hop
Alright,Kendrick Lamar,Rap/Hip Hop
R.I.C.O.,Meek Mill,Rap/Hip Hop
Post To Be,Omarion,Rap/Hip Hop
Tell Your Friends,The Weeknd,R&B
Hell Of A Night,Dustin Lynch,Country
She's Kinda Hot,5 Seconds Of Summer,Pop
About You,Trey Songz,R&B
Real Life,Jake Owen,Country
Should've Been Us,Tori Kelly,Pop
Firestone,Kygo,Electro
Loving You Easy,Zac Brown Band,Country
Prisoner,The Weeknd,R&B
Dark Times,The Weeknd,R&B
Beautiful Now,Zedd,Dance
Real Life,The Weeknd,R&B
Rotten To The Core,Dove Cameron,Films/Games
Burn Slow,Wiz Khalifa,Rap/Hip Hop
Do It Again,Pia Mia,Pop
One Man Can Change The World,Big Sean,Rap/Hip Hop
Cheyenne,Jason Derulo,Pop
Omen,Disclosure,Electro
Shameless,The Weeknd,R&B
The Night Is Still Young,Nicki Minaj,Rap/Hip Hop
Hey Mama,David Guetta,Dance
Roots,Imagine Dragons,Alternative
Losers,The Weeknd,R&B
Young & Crazy,Frankie Ballard,Country
Jet Black Heart,5 Seconds Of Summer,Pop
B**** Better Have My Money,Rihanna,
Love Me Like You Do,Ellie Goulding,Pop
Nasty Freestyle,T-Wayne,Rap/Hip Hop
Straight Outta Compton,N.W.A,Rap/Hip Hop
Boyz-N-The Hood,Eazy-E,Rap/Hip Hop
Be Real,Kid Ink,Rap/Hip Hop
Sangria,Blake Shelton,Country
Kiss You In The Morning,Michael Ray,Country
One Hell Of An Amen,Brantley Gilbert,Country
High By The Beach,Lana Del Rey,Alternative
I'm To Blame,Kip Moore,Country
Talking Body,Tove Lo,Alternative
Like A Wrecking Ball,Eric Church,Country
Wet Dreamz,J. Cole,Rap/Hip Hop
Tonight Looks Good On You,Jason Aldean,Country
Fun,Pitbull,Pop
How Many Times,DJ Khaled,
Fly Away,5 Seconds Of Summer,Pop
You Know You Like It,DJ Snake,Dance
If Only,Dove Cameron,Films/Games
Commas,Future,Rap/Hip Hop
100 Grandkids,Mac Miller,Rap/Hip Hop
Take Your Time,Sam Hunt,Country
Slow Motion,Trey Songz,R&B
Charged Up,Drake,Rap/Hip Hop
Love You Like That,Canaan Smith,Country
This Summer's Gonna Hurt...,Maroon 5,
Crushin' It,Brad Paisley,Country
The Matrimony,Wale,Rap/Hip Hop
Good Thing,Sage The Gemini,Rap/Hip Hop
Girl Crush,Little Big Town,Country
Elastic Heart,Sia,Pop
Shake It Off,Taylor Swift,
No Sleeep,Janet,Pop
Fire N Gold,Bea Miller,Pop
Love Me Like You Mean It,Kelsea Ballerini,Country
Bright,Echosmith,Alternative
Kings Never Die,Eminem,Rap/Hip Hop
Yoga,Janelle Monae,Alternative
Back It Up,Prince Royce,Pop
Like I Can,Sam Smith,Pop
Baby Be My Love Song,Easton Corbin,Country
Sippin' On Fire,Florida Georgia Line,Country
Blow A Bag,Future,Rap/Hip Hop
Tear In My Heart,twenty one pilots,Alternative
Dance Like We're Making Love,Ciara,Pop
Somebody,Natalie La Rose,Pop
Style,Taylor Swift,
Don't It,Billy Currington,Country
Little Toy Guns,Carrie Underwood,Country
I Really Like You,Carly Rae Jepsen,Pop
Lord Knows,Meek Mill,Rap/Hip Hop
Jump Out The Face,Meek Mill,Rap/Hip Hop
Hood Go Crazy,Tech N9Ne,Rap/Hip Hop
G.D.F.R.,Flo Rida,Rap/Hip Hop
Love Is Your Name,Steven Tyler,Country
Bad For You,Meek Mill,Rap/Hip Hop
Diamond Rings And Old Barstools,Tim McGraw,Country
Smoke,A Thousand Horses,Country
Brother,NEEDTOBREATHE,Rock
Budapest,George Ezra,Pop
Blank Space,Taylor Swift,
Coffee,Miguel,R&B
Know Yourself,Drake,Rap/Hip Hop
Flashlight,Jessie J,Films/Games
Dear Future Husband,Meghan Trainor,Pop
One Last Time,Ariana Grande,Pop
Energy,Drake,Rap/Hip Hop
Wild Child,Kenny Chesney,Country
I Need Your Love,Shaggy,Pop
B**** I'm Madonna,Madonna,Pop
Pretty Girls,Britney Spears,Dance
Check,Young Thug,Rap/Hip Hop
Blessings,Big Sean,Rap/Hip Hop
Lay Me Down,Sam Smith,Pop
Sparks,Hilary Duff,Dance
Believe,Mumford,Alternative
I Don't Get Tired,Kevin Gates,Rap/Hip Hop
Flicka Da Wrist,Chedda Da Connect,Rap/Hip Hop
Nasty,Bandit Gang Marco,R&B
Time Of Our Lives,Pitbull,Pop
Chains,Nick Jonas,Pop
3500,Travi$ Scott,Rap/Hip Hop
All Day,Kanye West,Rap/Hip Hop
I Want You To Know,Zedd,Dance
L$D,A$AP Rocky,Rap/Hip Hop
Everyday,A$AP Rocky,Rap/Hip Hop
Phenomenal,Eminem,Rap/Hip Hop
"Ulay, Oh",How I Became The Bomb,Pop
Truffle Butter,Nicki Minaj,Rap/Hip Hop
FourFiveSeconds,Rihanna,Pop
Electric Body,A$AP Rocky,Rap/Hip Hop
You Changed Me,Jamie Foxx,Rap/Hip Hop
Get Low,Dillon Francis,Electro
All About That Bass,Meghan Trainor,Pop
Homegrown,Zac Brown Band,Country
Heartbeat Song,Kelly Clarkson,Alternative
I Bet,Ciara,Dance
King Kunta,Kendrick Lamar,Rap/Hip Hop
Raise 'Em Up,Keith Urban,Country
Please,Sawyer Fredericks,Rock
Feeling Myself,Nicki Minaj,Rap/Hip Hop
Take Me To Church,Hozier,Alternative
Ayo,Chris Brown,Rap/Hip Hop
Old Man,Sawyer Fredericks,Rock
Change My Mind,Meghan Linsey,Pop
She Don't Love You,Eric Paslay,Country
Games,Luke Bryan,Country
Throw Sum Mo,Rae Sremmurd,Rap/Hip Hop
I'm Not The Only One,Sam Smith,Pop
A Guy Walks Into A Bar,Tyler Farr,Country
Geronimo,Sheppard,Pop
Say You Do,Dierks Bentley,Country
Nothing Without Love,Nate Ruess,Alternative
Beautiful Life,Nick Fradiani,Pop
A Thousand Years,Sawyer Fredericks,Rock
Lips Are Movin,Meghan Trainor,Dance
Ain't Worth The Whiskey,Cole Swindell,Country
Nobody Love,Tori Kelly,Pop
American Oxygen,Rihanna,Pop
Shine On,Sawyer Fredericks,Rock
10 Bands,Drake,Rap/Hip Hop
Centuries,Fall Out Boy,Alternative
Simple Man,Sawyer Fredericks,Rock
Infinity,Mariah Carey,Pop
Legend,Drake,Rap/Hip Hop
Hallelujah,Panic! At The Disco,Alternative
I Don't Mind,Usher,Alternative
Riptide,Vance Joy,Alternative
Drinking Class,Lee Brice,Country
Outside,Calvin Harris,Dance
Little Red Wagon,Miranda Lambert,Country
Make It Rain,Koryn Hawthorne,Pop
Ride Out,Kid Ink,Rap/Hip Hop
Trouble,Iggy Azalea,Rap/Hip Hop
Iris,Sawyer Fredericks,Rock
Only,Nicki Minaj,Rap/Hip Hop
Jealous,Nick Jonas,Pop
Stay With Me,Sam Smith,Pop
Lonely Eyes,Chris Young,Country
Bills,LunchMoney Lewis,Pop
Prayer In C,Lillywood,
Imagine,Sawyer Fredericks,Rock
House Of The Rising Sun,Kimberly Nichole,Rock
I Don't F**k With You,Big Sean,Rap/Hip Hop
11-Jul,Beyonce,
Homegrown Honey,Darius Rucker,Country
Go Hard Or Go Home,Wiz Khalifa,Rap/Hip Hop
Immortals,Fall Out Boy,Alternative
Good Lovin,Ludacris,Rap/Hip Hop
Goodbye,Who Is Fancy,Pop
Animals,Maroon 5,Pop
Night Changes,One Direction,Pop
She Knows,Ne-Yo,R&B
I Bet My Life,Imagine Dragons,Alternative
CoCo,O.T. Genasis,Rap/Hip Hop
Apparently,J. Cole,Rap/Hip Hop
I See You,Luke Bryan,Country
Failure,Breaking Benjamin,Rock
Lonely Tonight,Blake Shelton,Country
Baby Blue,Action Bronson,Rap/Hip Hop
Just Gettin' Started,Jason Aldean,Country
Make Me Wanna,Thomas Rhett,Country
Chandelier,Sia,Alternative
No Type,Rae Sremmurd,Rap/Hip Hop
The Blacker The Berry,Kendrick Lamar,Rap/Hip Hop
Mean To Me,Brett Eldredge,Country
Fairly Local,twenty one pilots,Alternative
The Heart Wants What It Wants,Selena Gomez,Pop
You're So Beautiful,Empire Cast,Pop
Wesley's Theory,Kendrick Lamar,Rap/Hip Hop
I Lived,OneRepublic,Pop
These Walls,Kendrick Lamar,Rap/Hip Hop
Institutionalized,Kendrick Lamar,Rap/Hip Hop
The Hanging Tree,James Newton Howard,Films/Games
Ghost,Ella Henderson,Pop
Masterpiece,Jessie J,Pop
Conqueror,Empire Cast,Pop
What We Ain't Got,Jake Owen,Country
Love Me Harder,Ariana Grande,Pop
Sun Daze,Florida Georgia Line,Country
Like A Cowboy,Randy Houser,Country
Talladega,Eric Church,Country
Adore,Cashmere Cat,Electro
Monster,Meek Mill,Rap/Hip Hop
Sledgehammer,Fifth Harmony,
Try Me,DeJ Loaf,Rap/Hip Hop
Not For Long,B.o.B,Rap/Hip Hop
Glory,Common,Films/Games
Bang Bang,Jessie J,Pop
First Kiss,Kid Rock,Rock
Often,The Weeknd,
All Your Fault,Big Sean,Rap/Hip Hop
You Are In Love,Taylor Swift,
Stuck On A Feeling,Prince Royce,Pop
Only One,Kanye West,Rap/Hip Hop
Paradise,Big Sean,Rap/Hip Hop
No Tellin',Drake,Rap/Hip Hop
Tuesday,I LOVE MAKONNEN,
Habits,Tove Lo,Alternative
Wonderland,Taylor Swift,
Preach,Drake,Rap/Hip Hop
6 God,Drake,Rap/Hip Hop
Used To,Drake,Alternative
Take It On Back,Chase Bryant,Country
What Kind Of Man,Florence + The Machine,Alternative
Shots,Imagine Dragons,Alternative
The Body,Wale,Rap/Hip Hop
Now & Forever,Drake,R&B
6 Man,Drake,Rap/Hip Hop
Don't,Ed Sheeran,Pop
Heroes,Alesso,Dance
Something In The Water,Carrie Underwood,Country
Shotgun Rider,Tim McGraw,Country
Where You Belong,The Weeknd,Films/Games
I Put A Spell On You,Annie Lennox,Jazz
Keep Your Money,Empire Cast,Pop
Work It,"Missy ""Misdemeanor"" Elliott",Rap/Hip Hop
Get Ur Freak On,"Missy ""Misdemeanor"" Elliott",R&B
Waves,Mr. Probz,Pop
Body Language,Kid Ink,Rap/Hip Hop
Beg For It,Iggy Azalea,Rap/Hip Hop
L.A.LOVE,Fergie,Pop
A Little Too Much,Shawn Mendes,Pop
God Made Girls,RaeLynn,Country
Hotel,Kid Ink,Rap/Hip Hop
***Flawless,Beyonce,Pop
Out The Speakers,A-Trak + Milo,Electro
I Mean It,G-Eazy,Rap/Hip Hop
Rude,MAGIC!,Alternative
All About It,Hoodie Allen,Rap/Hip Hop
Til It's Gone,Kenny Chesney,Country
Dangerous,David Guetta,Dance
Can't Stop Dancin',Becky G,Pop
Perfect Storm,Brad Paisley,Country
Steal My Girl,One Direction,Pop
Don't Tell 'Em,Jeremih,R&B
Black Widow,Iggy Azalea,Rap/Hip Hop
Blame,Calvin Harris,Electro
Hot Boy,Bobby Shmurda,Rap/Hip Hop
"Touchin, Lovin",Trey Songz,R&B
Hold You Down,DJ Khaled,Rap/Hip Hop
No Love,August Alsina,R&B
Stolen Dance,Milky Chance,Alternative
Rather Be,Clean Bandit,Dance
Somewhere In My Car,Keith Urban,Country
Close Your Eyes,Parmalee,Country
Best Friends,Sophia Grace,Pop
Blank Space,I Prevail,Rock
Neon Light,Blake Shelton,Country
Trumpets,Jason Derulo,Pop
Anaconda,Nicki Minaj,Rap/Hip Hop
Lifestyle,Rich Gang,Rap/Hip Hop
Try,Colbie Caillat,Pop
Something Big,Shawn Mendes,Pop
In Your Arms,Nico,Pop
Bed Of Lies,Nicki Minaj,Rap/Hip Hop
Yellow Flicker Beat,Lorde,Films/Games
Burnin' Up,Jessie J,Pop
Break The Rules,Charli XCX,Pop
Bad B*tch,French Montana,Rap/Hip Hop
Shell Shocked,Juicy J,Pop
Title,Meghan Trainor,Pop
Wasted Love,Matt McAndrew,Alternative
My Baby's Got A Smile On Her Face,Craig Wayne Boyd,Country
Velvet,Chris Jamison,Pop
About The Money,T.I.,Rap/Hip Hop
Lost Without U,Chris Jamison,Pop
Soldier,Damien,R&B
Lost Stars,Matt McAndrew,Alternative
Girl In A Country Song,Maddie,Country
Get On Your Knees,Nicki Minaj,Rap/Hip Hop
Fireball,Pitbull,Dance
Cool Kids,Echosmith,Alternative
New Flame,Chris Brown,R&B
Make It Rain,Ed Sheeran,Pop
The Old Rugged Cross,Craig Wayne Boyd,Country
No Flex Zone,Rae Sremmurd,Rap/Hip Hop
Make It Rain,Matt McAndrew,Alternative
Have Yourself A Merry Little Christmas,Sam Smith,
Come Join The Murder,The White Buffalo,Country
When I Was Your Man,Chris Jamison,Pop
The Blower's Daughter,Matt McAndrew,Alternative
0 To 100 / The Catch Up,Drake,Rap/Hip Hop
Burnin' It Down,Jason Aldean,Country
Look At You,Big,Country
Day Drinking,Little Big Town,Country
Feelin' It,Scotty McCreery,Country
i,Kendrick Lamar,Rap/Hip Hop
Royals,Taylor John Williams,Alternative
Break Free,Ariana Grande,Pop
Fancy,Iggy Azalea,Rap/Hip Hop
Guts Over Fear,Eminem,Rap/Hip Hop
Booty,Jennifer Lopez,Pop
I Walk The Line,Craig Wayne Boyd,Country
This Is How We Do,Katy Perry,Pop
Baby Don't Lie,Gwen Stefani,Pop
Roller Coaster,Luke Bryan,Country
All Of Me,John Legend,Pop
Bailando,Enrique Iglesias,Pop
Boom Clap,Charli XCX,Pop
Happy,Pharrell Williams,Pop
Do They Know It's Christmas?,Band Aid 30,
Sunshine & Whiskey,Frankie Ballard,Country
Baby It's Cold Outside,Idina Menzel Duet,
Dirt,Florida Georgia Line,Country
Good Girls,5 Seconds Of Summer,Pop
Take Me To Church,Matt McAndrew,Alternative
Stockholm Syndrome,One Direction,Pop
You And Your Friends,Wiz Khalifa,Rap/Hip Hop
Am I Wrong,Nico,Pop
Maps,Maroon 5,Pop
Leave The Night On,Sam Hunt,Country
Amnesia,5 Seconds Of Summer,Pop
18,One Direction,Pop
Where Do Broken Hearts Go,One Direction,Pop
Handsome And Wealthy,Migos,Rap/Hip Hop
Bobby Bitch,Bobby Shmurda,Rap/Hip Hop
Superheroes,The Script,Pop
Made Me,Snootie Wild,Rap/Hip Hop
Ready To Run,One Direction,Pop
Secrets,Mary Lambert,Pop
Latch,Disclosure,Electro
No Mediocre,T.I.,Rap/Hip Hop
Welcome To New York,Taylor Swift,
I Won't Let You Down,OK Go,Alternative
American Kids,Kenny Chesney,Country
Hope You Get Lonely Tonight,Cole Swindell,Country
A Sky Full Of Stars,Coldplay,Alternative
Small Town Throwdown,Brantley Gilbert,Country
Hideaway,Kiesza,Electro
Hookah,Tyga,Rap/Hip Hop
Fight Night,Migos,Rap/Hip Hop
U Guessed It,OG Maco,Rap/Hip Hop
2 On,Tinashe,R&B
Problem,Ariana Grande,Pop
Dark Horse,Katy Perry,Pop
Ready Set Roll,Chase Rice,Country
Shower,Becky G,Reggaeton
V. 3005,Childish Gambino,Rap/Hip Hop
Studio,ScHoolboy Q,Rap/Hip Hop
EW!,Jimmy Fallon,Pop
I'm Not Gonna Miss You,Glen Campbell,Country
Bo$$,Fifth Harmony,
The Days,Avicii,Dance
Believe Me,Lil Wayne,Rap/Hip Hop
24 Hours,TeeFLii,Rap/Hip Hop
Errrbody,Yo Gotti,Rap/Hip Hop
Later On,The Swon Brothers,Country
Counting Stars,OneRepublic,Pop
Somethin' Bad,Miranda Lambert Duet,
Bartender,Lady Antebellum,
Bumpin' The Night,Florida Georgia Line,Country
Really Don't Care,Demi Lovato,Pop
Walk Thru,Rich Homie Quan,Rap/Hip Hop
Meanwhile Back At Mama's,Tim McGraw,Country
Drunk On A Plane,Dierks Bentley,Country
Angel In Blue Jeans,Train,Pop
Bend Ova,Lil Jon,Electro
Left Hand Free,alt-J,
Main Chick,Kid Ink,Rap/Hip Hop
Loyal,Chris Brown,R&B
Where It's At,Dustin Lynch,Country
Wiggle,Jason Derulo,Pop
Love Runs Out,OneRepublic,Pop
Pills N Potions,Nicki Minaj,Rap/Hip Hop
Dust,Eli Young Band,Country
X,Chris Brown,R&B
Foreign,Trey Songz,R&B
Summer,Calvin Harris,Dance
Two Night Town,Jason Aldean,Country
Work,Iggy Azalea,Rap/Hip Hop
Love Never Felt So Good,Michael Jackson,Pop
Seen It All,Jeezy,Rap/Hip Hop
Cold One,Eric Church,Country
Sweet Little Somethin',Jason Aldean,Country
Good Kisser,Usher,Rap/Hip Hop
Turn Down For What,DJ Snake,Electro
Yeah,Joe Nichols,Country
It Was Always You,Maroon 5,Pop
Delirious,Steve Aoki,Dance
I Will Never Let You Down,Rita Ora,Pop
River Bank,Brad Paisley,Country
She Came To Give It To You,Usher,
We Dem Boyz,Wiz Khalifa,Rap/Hip Hop
I Don't Dance,Lee Brice,Country
We Are Tonight,Billy Currington,Country
Best Mistake,Ariana Grande,Pop
Who I Am With You,Chris Young,Country
Come Get It Bae,Pharrell Williams,Pop
Come With Me Now,KONGOS,Alternative
Girls Chase Boys,Ingrid Michaelson,Pop
Sing,Ed Sheeran,Pop
Cut Her Off,KCamp,
Wasted,Tiesto,Dance
Dare,Shakira,Pop
Classic,MKTO,Pop
Pompeii,Bastille,Alternative
This Is How We Roll,Florida Georgia Line,Country
She Looks So Perfect,5 Seconds Of Summer,Pop
I'm Ready,AJR,Pop
My Eyes,Blake Shelton,Country
Ain't It Fun,Paramore,Alternative
Me And My Broken Heart,Rixton,Pop
Beachin',Jake Owen,Country
Wild Life,Jack,Rap/Hip Hop
Birthday,Katy Perry,Pop
Song About A Girl,Eric Paslay,Country
Talk Dirty,Jason Derulo,Pop
Na Na,Trey Songz,R&B
Or Nah,Ty Dolla $ign,Rap/Hip Hop
Chasing The Sun,Hilary Duff,Electro
Not A Bad Thing,Justin Timberlake,Pop
Play It Again,Luke Bryan,Country
Who Do You Love?,YG,Rap/Hip Hop
Tennis Court,Lorde,Alternative
Word Crimes,"""Weird Al"" Yankovic",Films/Games
Happy Little Pill,Troye Sivan,Pop
Whiskey In My Water,Tyler Farr,Country
Everything I Didn't Say,5 Seconds Of Summer,Pop
Best Day Of My Life,American Authors,Alternative
Trophies,Young Money,Rap/Hip Hop
You & I,John Legend,Pop
She Twerkin,Ca$h Out,Rap/Hip Hop
Let It Go,Idina Menzel,Films/Games
Move That Doh,Future,Rap/Hip Hop
I Got A Car,George Strait,Country
Chainsaw,The Band Perry,Country
Timber,Pitbull,Electro
La La La,Naughty Boy,Pop
Lettin' The Night Roll,Justin Moore,Country
Life Of The Party,Shawn Mendes,Pop
Calm Down,Busta Rhymes,Rap/Hip Hop
Keep Them Kisses Comin',Craig Campbell,Country
We Are One [The 2014 FIFA World Cup Official Song],Pitbull,Pop
First Love,Jennifer Lopez,Pop
Ten Feet Tall,Afrojack,Dance
Get Her Back,Robin Thicke,R&B
Jungle,Jamie N Commons,Alternative
You & I,One Direction,Pop
Automatic,Miranda Lambert,Country
Wild Wild Love,Pitbull,Alternative
Kiss Me Kiss Me,5 Seconds Of Summer,Pop
Afire Love,Ed Sheeran,Pop
Demons,Imagine Dragons,Alternative
Beat Of The Music,Brett Eldredge,Country
The Worst,Jhene Aiko,R&B
Human,Christina Perri,Pop
On Top Of The World,Imagine Dragons,Alternative
West Coast,Lana Del Rey,Alternative
Hangover,PSY,Pop
Team,Lorde,Alternative
Empire,Shakira,Alternative
Sleeping With A Friend,Neon Trees,Alternative
I Choose You,Sara Bareilles,Pop
Bottoms Up,Brantley Gilbert,Country
Show Me,Kid Ink,Rap/Hip Hop
Story Of My Life,One Direction,Pop
Ultraviolence,Lana Del Rey,Alternative
Red Lights,Tiesto,Dance
Magic,Coldplay,Alternative
Raging Fire,Phillip Phillips,Pop
Partition,Beyonce,Pop
Rewind,Rascal Flatts,Country
Mmm Yeah,Austin Mahone,Pop
Shades Of Cool,Lana Del Rey,Alternative
Cop Car,Keith Urban,Country
XO,John Mayer,Alternative
Don't Stop,5 Seconds Of Summer,Pop
Part II,Jay Z,Rap/Hip Hop
I Won,Future,Rap/Hip Hop
Billie Jean,Michael Jackson,Pop
Slave To The Rhythm,Michael Jackson,Pop
Let Her Go,Passenger,Folk
Get Me Some Of That,Thomas Rhett,Country
Somebody That I Used To Know,Christina Grimmie,Pop
Can't Help Falling In Love,Christina Grimmie,Pop
Give Me Back My Hometown,Eric Church,Country
Leave Your Lover,Sam Smith,Pop
Stoner,Young Thug,Rap/Hip Hop
Can't Remember To Forget You,Shakira,Alternative
Midnight,Coldplay,Alternative
Headlights,Eminem,Rap/Hip Hop
The Monster,Eminem,Rap/Hip Hop
Drink To That All Night,Jerrod Niemann,Country
The Walker,Fitz,Alternative
Fever,The Black Keys,Alternative
One,Ed Sheeran,Pop
Heaven,Jake Worthington,Country
Wake Up Lovin' You,Craig Morgan,Country
The Man,Aloe Blacc,Pop
Burn,Ellie Goulding,Pop
Hey Brother,Avicii,Dance
Animals,Martin Garrix,Electro
Neon Lights,Demi Lovato,Pop
I Can't Make You Love Me,Josh Kaufman,Pop
Invisible,Hunter Hayes,Pop
How To Love,Christina Grimmie,Pop
17 Again,Brantley Gilbert,Country
#SELFIE,The Chainsmokers,Alternative
Man Of The Year,ScHoolboy Q,Rap/Hip Hop
Doin' What She Likes,Blake Shelton,Country
Say Something,A Great Big World,Alternative
Royals,Lorde,Alternative
Drunk In Love,Beyonce,Pop
Paranoid,Ty Dolla $ign,Rap/Hip Hop
"Hold On, We're Going Home",Christina Grimmie,Pop
My Baby's Guns N' Roses,Brantley Gilbert,Country
19 You + Me,Dan + Shay,Country
For The First Time In Forever,Kristen Bell,Films/Games
The Big Bang,Katy Tiz,Pop
Radioactive,Imagine Dragons,Pop
Hello Kitty,Avril Lavigne,Pop
John Doe,B.o.B,Rap/Hip Hop
Do You Want To Build A Snowman?,Kristen Bell,Films/Games
Goodnight Kiss,Randy Houser,Country
I Hold On,Dierks Bentley,Country
Stay With Me,Josh Kaufman,Pop
Do I Wanna Know?,Arctic Monkeys,Alternative
Helluva Life,Frankie Ballard,Country
Oceans,Hillsong UNITED,Christian
Ride,SoMo,R&B
Feelin' Myself,will.i.am,Pop
Slow Me Down,Sara Evans,Country
My Hitta,YG,Rap/Hip Hop
Let It Go,Demi Lovato,Films/Games
When She Says Baby,Jason Aldean,Country
Lookin' For That Girl,Tim McGraw,Country
Adore You,Miley Cyrus,Pop
Bad Blood,Bastille,Alternative
Take Me Home,Cash Cash,Dance
Odio,Romeo Santos,Pop
Roar,Katy Perry,Pop
Up Down,T-Pain,Rap/Hip Hop
Love Is An Open Door,Kristen Bell,Films/Games
Beating Heart,Ellie Goulding,Pop
Young Girls,Bruno Mars,Pop
Everything I Shouldn't Be Thinking About,Thompson Square,Country
Brave,Sara Bareilles,Pop
Wrecking Ball,Miley Cyrus,Pop
G.U.Y.,Lady Gaga,Pop
See You Tonight,Scotty McCreery,Country
"Hold On, We're Going Home",Drake,Rap/Hip Hop
Drink A Beer,Luke Bryan,Country
I Luh Ya Papi,Jennifer Lopez,Pop
Compass,Lady Antebellum,
Love Me Again,John Newman,Pop
Can't Raise A Man,K. Michelle,R&B
We Might Be Dead By Tomorrow,Soko,Alternative
Blurred Lines,Robin Thicke,Pop
Sail,AWOLNATION,Alternative
Sanctified,Rick Ross,Rap/Hip Hop
The Language,Drake,Rap/Hip Hop
Ordinary Love,U2,Rock
The Devil Is A Lie,Rick Ross,Rap/Hip Hop
Glory And Gore,Lorde,Alternative
Adrenalina,Wisin,Rap/Hip Hop
They Don't Know,Rico Love,R&B
Unconditionally,Katy Perry,Pop
Waiting For Superman,Daughtry,Pop
Chocolate,The 1975,Alternative
Chillin' It,Cole Swindell,Country
Rap God,Eminem,Rap/Hip Hop
Love Don't Die,The Fray,Pop
Stay,Florida Georgia Line,Country
Everything Is AWESOME!!!,Tegan,Films/Games
The Heart Of Dixie,Danielle Bradbery,Country
Friday Night,Eric Paslay,Country
Collard Greens,ScHoolboy Q,Rap/Hip Hop
Do What U Want,Lady Gaga,Pop
Safe And Sound,Capital Cities,Dance
Sweater Weather,The Neighbourhood,Alternative
Whatever She's Got,David Nail,Country
23,Mike WiLL Made-It,Rap/Hip Hop
XO,Beyonce,Pop
Worst Behavior,Drake,Rap/Hip Hop
Thinking About You,Calvin Harris,Electro
Stay The Night,Zedd,Dance
White Walls,Macklemore,Rap/Hip Hop
It Won't Stop,Sevyn Streeter,R&B
Achy Breaky 2,Buck 22,Country
You're Mine,Mariah Carey,Pop
Explosions,Ellie Goulding,Pop
All Me,Drake,Rap/Hip Hop
Confident,Justin Bieber,Pop
Midnight Memories,One Direction,Pop
Sweet Annie,Zac Brown Band,Country
She Knows,J. Cole,Rap/Hip Hop
Up All Night,Jon Pardi,Country
Follow Your Arrow,Kacey Musgraves,Country
m.A.A.d City,Kendrick Lamar,Rap/Hip Hop
A Man Who Was Gonna Die Young,Eric Church,Country
Don't Let Me Be Lonely,The Band Perry,Country
El Perdedor,Enrique Iglesias,Pop
We Were Us,Keith Urban,Country
Carolina,Parmalee,Country
Radio,Darius Rucker,Country
Marry Me,Jason Derulo,Pop
Love More,Chris Brown,R&B
Applause,Lady Gaga,Pop
Wasting All These Tears,Cassadee Pope,Country
Drunk Last Night,Eli Young Band,Country
I Luv This Sh*t,August Alsina,R&B
How I Feel,Flo Rida,Rap/Hip Hop
Alone Together,Fall Out Boy,Alternative
All That Matters,Justin Bieber,Pop
Holy Grail,Jay Z,Rap/Hip Hop
Replay,Zendaya,Pop
Gas Pedal,Sage The Gemini,Rap/Hip Hop
Survival,Eminem,Rap/Hip Hop
Berzerk,Eminem,Rap/Hip Hop
You Sound Good To Me,Lucy Hale,Country
TKO,Justin Timberlake,Pop
Sunny And 75,Joe Nichols,Country
That's My Kind Of Night,Luke Bryan,Country
The Fox,Ylvis,Pop
Work B**ch!,Britney Spears,
Perfume,Britney Spears,Pop
Bounce It,Juicy J,Rap/Hip Hop
Everybody's Got Somebody But Me,Hunter Hayes,Country
Old School Love,Lupe Fiasco,Rap/Hip Hop
Honest,Future,Rap/Hip Hop
HeadBand,B.o.B,Rap/Hip Hop
Best Song Ever,One Direction,Pop
Mine,Beyonce,Pop
Heart Attack,Enrique Iglesias,Pop
Gorilla,Bruno Mars,Pop
Lolly,Maejor Ali,Rap/Hip Hop
Bound 2,Kanye West,Rap/Hip Hop
Who You Love,John Mayer,Rock
I Have Nothing,Tessanne Chin,Pop
Little Drummer Boy,Pentatonix,Pop
Slow Down,Selena Gomez,Pop
Let It Be,Tessanne Chin,Pop
Summertime Sadness,Lana Del Rey,Alternative
Saturday,Rebecca Black,Pop
Bridge Over Troubled Water,Tessanne Chin,Pop
Mine Would Be You,Blake Shelton,Country
Cannonball,Lea Michele,Pop
Angel,Jacquie Lee,Pop
My Story,R. Kelly,R&B
What Now,Rihanna,Pop
Pound Cake / Paris Morton Music 2,Drake,Rap/Hip Hop
Right There,Ariana Grande,Pop
Change Me,Justin Bieber,Pop
Beware,Big Sean,Rap/Hip Hop
Southern Girl,Tim McGraw,Country
I. Crawl,Childish Gambino,Rap/Hip Hop
The Outsiders,Eric Church,Country
All The Way Home,Tamar Braxton,R&B
Days Of Gold,Jake Owen,Country
We Can't Stop,Miley Cyrus,Pop
Roller Coaster,Justin Bieber,Pop
Mirrors,Justin Timberlake,Pop
Red,Taylor Swift,
Red Nose,Sage The Gemini,Rap/Hip Hop
Type Of Way,Rich Homie Quan,Rap/Hip Hop
At Last,Will Champlin,Pop
Aw Naw,Chris Young,Country
Diana,One Direction,Pop
Still Into You,Paramore,Alternative
Only Time,Enya,Pop
PYD,Justin Bieber,Pop
Tom Ford,JAY-Z,Rap/Hip Hop
Strong,One Direction,Pop
Hallelujah,Matthew Schuler,Pop
Last Christmas,Ariana Grande,
Rough Water,Travie McCoy,Pop
Livin' On A Prayer,Bon Jovi,Rock
All Bad,Justin Bieber,Pop
Everything Has Changed,Taylor Swift,
Dope,Lady Gaga,Pop
Night Train,Jason Aldean,Country
Darte Un Beso,Prince Royce,Latin Music
Propuesta Indecente,Romeo Santos,Pop
It Goes Like This,Thomas Rhett,Country
Get Me Bodied,Beyonce,Pop
Bad Day,Justin Bieber,Pop
A Case Of You,James Wolpert,Pop
All Kinds Of Kinds,Miranda Lambert,Country
Give It 2 U,Robin Thicke,Pop
Parking Lot Party,Lee Brice,Country
Beautiful Pain,Eminem,Rap/Hip Hop
Let Me Go,Avril Lavigne,Pop
Venus,Lady Gaga,Pop
Recovery,Justin Bieber,Pop
Clarity,Zedd,Dance
Crooked Smile,J. Cole,Rap/Hip Hop
Get Lucky,Daft Punk,
Can't Hold Us,Macklemore,Rap/Hip Hop
True Love,P!nk,Pop
V.S.O.P.,K. Michelle,R&B
Closer,Tegan,Alternative
Hold Tight,Justin Bieber,Pop
Sweeter Than Fiction,Taylor Swift,
Cups,Anna Kendrick,Pop
Wait For A Minute,Tyga,Rap/Hip Hop
Best I Ever Had,Gavin DeGraw,Pop
Round Here,Florida Georgia Line,Country
Miss Movin' On,Fifth Harmony,
Chinese Food,Alison Gold,
Treasure,Bruno Mars,Pop
Just Give Me A Reason,P!nk,Pop
Heartbreaker,Justin Bieber,Pop
Hey Girl,Billy Currington,Country
Love Somebody,Maroon 5,Pop
Cruise,Florida Georgia Line,Country
Redneck Crazy,Tyler Farr,Country
Sirens,Pearl Jam,Rock
Make You Feel My Love,Glee Cast,Pop
Drive,Miley Cyrus,Pop
Someone Else,Miley Cyrus,Pop
Outta My Head,Craig Campbell,Country
Loco,Enrique Iglesias,Pop
Gone,Kanye West,Rap/Hip Hop
Walking On Air,Katy Perry,Pop
Same Love,Macklemore,Rap/Hip Hop
I Need Your Love,Calvin Harris,Pop
Take Back The Night,Justin Timberlake,Pop
Point At You,Justin Moore,Country
Furthest Thing,Drake,Rap/Hip Hop
From Time,Drake,Rap/Hip Hop
Little Bit Of Everything,Keith Urban,Country
Don't Ya,Brett Eldredge,Country
Bruises,Train,Pop
"Gone, Gone, Gone",Phillip Phillips,Pop
Wu-Tang Forever,Drake,Rap/Hip Hop
Too Much,Drake,Rap/Hip Hop
Own It,Drake,Rap/Hip Hop
Tuscan Leather,Drake,Rap/Hip Hop
Young And Beautiful,Lana Del Rey,Alternative
Come Thru,Drake,Rap/Hip Hop
Feds Watching,2 Chainz,Rap/Hip Hop
American Girl,Bonnie McKee,Pop
The Way,Ariana Grande,Pop
A Light That Never Comes,Linkin Park,Dance
Runnin' Outta Moonlight,Randy Houser,Country
All Over The Road,Easton Corbin,Country
Monster,Imagine Dragons,Alternative
You Make Me,Avicii,Dance
Could It Be,Charlie Worsham,Country
This Is What It Feels Like,Armin van Buuren,Dance
Tapout,Rich Gang,Rap/Hip Hop
Stay,Rihanna,Pop
Baby I,Ariana Grande,Pop
Atlas,Coldplay,Films/Games
Easy,Sheryl Crow,Pop
See You Again,Carrie Underwood,Country
Don't Drop That Thun Thun!,The FiNATTiCZ,
Wop,J. Dash,Rap/Hip Hop
Beneath Your Beautiful,Labrinth,Pop
I Do It,2 Chainz,Rap/Hip Hop
Popular Song,MIKA,Pop
Ain't Worried About Nothin,French Montana,Rap/Hip Hop
Reflektor,Arcade Fire,Alternative
Vivir Mi Vida,Marc Anthony,Latin Music
Come & Get It,Selena Gomez,
Thrift Shop,Macklemore,
The Other Side,Jason Derulo,Pop
Body Party,Ciara,R&B
Turn The Night Up,Enrique Iglesias,Pop
Almost Is Never Enough,Ariana Grande,Pop
Goodbye Town,Lady Antebellum,
When I See This Bar,Kenny Chesney,Country
F*ckwithmeyouknowigotit,Jay Z,Rap/Hip Hop
Versace,Migos,Rap/Hip Hop
Act Right,Yo Gotti,Rap/Hip Hop
Oh Sweet Lorraine,Green Shoe Studio,
Power Trip,J. Cole,Rap/Hip Hop
Crash My Party,Luke Bryan,Country
How Many Drinks?,Miguel,Alternative
Hail To The King,Avenged Sevenfold,Rock
Blood On The Leaves,Kanye West,Rap/Hip Hop
Rock N Roll,Avril Lavigne,Pop
Acapella,Karmin,Pop
No New Friends,DJ Khaled,Rap/Hip Hop
I Want Crazy,Hunter Hayes,Country
U.O.E.N.O.,Rocko,Rap/Hip Hop
Wildfire,John Mayer,Rock
#Beautiful,Mariah Carey,Pop
Helluva Night,Ludacris,Rap/Hip Hop
Crazy Kids,Ke$ha,Pop
LoveHate Thing,Wale,Rap/Hip Hop
Beat It,Sean Kingston,Pop
Boys 'round Here,Blake Shelton,Country
When I Was Your Man,Bruno Mars,Pop
I Love It,Icona Pop,Electro
This Is Gospel,Panic! At The Disco,Alternative
Right Now,Rihanna,Pop
We Own The Night,The Wanted,Pop
Your Side Of The Bed,Little Big Town,Country
Without Me,Fantasia,R&B
Bad,Wale,Rap/Hip Hop
Ho Hey,The Lumineers,Alternative
Bubble Butt,Major Lazer,Dance
Hopeless Wanderer,Mumford,Alternative
Made In The USA,Demi Lovato,Pop
What About Love,Austin Mahone,Pop
Chloe,Emblem3,Pop
Cruisin' For A Bruisin',Ross Lynch,
My Songs Know What You Did In The Dark,Fall Out Boy,Alternative
Wagon Wheel,Darius Rucker,Country
Hey Pretty Girl,Kip Moore,Country
Rich As F**k,Lil Wayne,
Anywhere With You,Jake Owen,Country
Jump Right In,Zac Brown Band,Country
I'm Out,Ciara,R&B
DONE.,The Band Perry,Country
Play Hard,David Guetta,Dance
Beat This Summer,Brad Paisley,Country
Miss Jackson,Panic! At The Disco,Alternative
Ooh La La,Britney Spears,Dance
People Like Us,Kelly Clarkson,Pop
Here's To Never Growing Up,Avril Lavigne,Pop
Gentleman,PSY,Pop
Fine China,Chris Brown,R&B
"Bitch, Don't Kill My Vibe",Kendrick Lamar,Rap/Hip Hop
Highway Don't Care,Tim McGraw,Country
Heart Attack,Demi Lovato,Pop
22,Taylor Swift,
Oceans,Jay Z,Rap/Hip Hop
Lego House,Ed Sheeran,Pop
Picasso Baby,JAY-Z,Rap/Hip Hop
Black Skinhead,Kanye West,Rap/Hip Hop
Crown,JAY-Z,Rap/Hip Hop
Started From The Bottom,Drake,Rap/Hip Hop
Feel This Moment,Pitbull,Pop
Suit & Tie,Justin Timberlake,Rap/Hip Hop
Next To Me,Emeli Sande,Pop
More Than Miles,Brantley Gilbert,Country
Don't Think They Know,Chris Brown,R&B
High School,Nicki Minaj,Rap/Hip Hop
#thatPOWER,will.i.am,Pop
We Own It,2 Chainz,Films/Games
Live For The Night,Krewella,Dance
We Still In This B****,B.o.B,
Harlem Shake,Baauer,Electro
Bugatti,Ace Hood,Rap/Hip Hop
Alive,Krewella,Dance
New Slaves,Kanye West,Rap/Hip Hop
Wild For The Night,A$AP Rocky,Rap/Hip Hop
I Knew You Were Trouble.,Taylor Swift,
Born To Fly,Danielle Bradbery,Country
Paper Doll,John Mayer,Rock
Danny's Song,The Swon Brothers,Country
Downtown,Lady Antebellum,
Why,Michelle Chamuel,Pop
Maybe It Was Memphis,Danielle Bradbery,Country
One,Usher,Pop
I Can't Tell You Why,The Swon Brothers,Country
Love Me,Lil Wayne,Rap/Hip Hop
Who I Am,Danielle Bradbery,Country
Live It Up,Jennifer Lopez,Pop
Like Jesus Does,Eric Church,Country
I Got You,Jack Johnson,Rock
Turn The Page,The Swon Brothers,Country
Please Remember Me,Danielle Bradbery,Country
Sad,Amber Carrington,Pop
Loveeeeeee Song,Rihanna,Pop
Ready,Fabolous,Rap/Hip Hop
Locked Out Of Heaven,Bruno Mars,Pop
Get Your Shine On,Florida Georgia Line,Country
Mama's Broken Heart,Miranda Lambert,Country
I Knew You Were Trouble,Michelle Chamuel,Pop
Levitate,Hadouken!,Dance
Love And War,Tamar Braxton,R&B
Pirate Flag,Kenny Chesney,Country
Molly,Tyga,Rap/Hip Hop
Can't Shake You,Gloriana,Country
Work,A$AP Ferg,Rap/Hip Hop
Troublemaker,Olly Murs,Pop
Wit Me,T.I.,Rap/Hip Hop
Grandpa,Danielle Bradbery,Country
Clouds,Zach Sobiech,Rock
Wings,Little Mix,Pop
Kisses Down Low,Kelly Rowland,R&B
Daylight,Maroon 5,Pop
Sure Be Cool If You Did,Blake Shelton,Country
"Heads Carolina, Tails California",Danielle Bradbery,Country
A Little Party Never Killed Nobody,Fergie,Pop
1994,Jason Aldean,Country
Karate Chop,Future,Rap/Hip Hop
Give It All We Got Tonight,George Strait,Country
Carry On,fun.,Alternative
Pour It Up,Rihanna,Pop
If I Didn't Have You,Thompson Square,Country
I Am Beautiful,Candice Glover,
I Drive Your Truck,Lee Brice,Country
Scream & Shout,will.i.am,Pop
Sweet Nothing,Calvin Harris,Electro
Battle Scars,Lupe Fiasco,Rap/Hip Hop
Tonight I'm Getting Over You,Carly Rae Jepsen,Pop
R.I.P.,Young Jeezy,Rap/Hip Hop
F**kin Problems,A$AP Rocky,Rap/Hip Hop
Don't You Worry Child,Swedish House Mafia,Dance
I Will Wait,Mumford,Alternative
I Hit It First,Ray J,Rap/Hip Hop
Sexy People,Arianna,Electro
Memories Back Then,Hustle Gang,
Freaks,French Montana,Rap/Hip Hop
It's Time,Imagine Dragons,Alternative
I Can Take It From There,Chris Young,Country
All Gold Everything,Trinidad James,Rap/Hip Hop
Two Black Cadillacs,Carrie Underwood,Country
All Around The World,Justin Bieber,Pop
Show Out,Juicy J,Rap/Hip Hop
Little Talks,Of Monsters,Alternative
Fall Down,will.i.am,Pop
If I Lose Myself,OneRepublic,Dance
Neva End,Future,Rap/Hip Hop
Accidental Racist,Brad Paisley,Country
Don't Rush,Kelly Clarkson,Pop
One Of Those Nights,Tim McGraw,Country
Just Keep Breathing,WE the Kings,Alternative
Changed,Rascal Flatts,Country
Kiss You,One Direction,Pop
Catch My Breath,Kelly Clarkson,Dance
Madness,Muse,Alternative
Poetic Justice,Kendrick Lamar,Rap/Hip Hop
Try,P!nk,Pop
Gangnam Style,PSY,Pop
One More Night,Maroon 5,Pop
Pom Poms,Jonas Brothers,Pop
Somebody's Heartbreak,Hunter Hayes,Country
C'mon,Ke$ha,Pop
Whiskey,Jana Kramer,Country
One Way Or Another,One Direction,Pop
Girl On Fire,Alicia Keys,Pop
Home,Phillip Phillips,Pop
I'm Different,2 Chainz,Rap/Hip Hop
The Phoenix,Fall Out Boy,Alternative
Pusher Love Girl,Justin Timberlake,Pop
Dope,Tyga,Rap/Hip Hop
Beauty And A Beat,Justin Bieber,Pop
Diamonds,Rihanna,Pop
Merry Go 'round,Kacey Musgraves,Country
Tornado,Little Big Town,Country
Who Booty,Jonn Hart,R&B
Stubborn Love,The Lumineers,Alternative
The Only Way I Know,Jason Aldean,Country
Adorn,Miguel,Pop
Some Nights,fun.,Alternative
Hall Of Fame,The Script,Pop
Better Dig Two,The Band Perry,Country
Wicked Games,The Weeknd,R&B
Hey Porsche,Nelly,Rap/Hip Hop
Don't Judge Me,Chris Brown,Rap/Hip Hop
So Many Girls,DJ Drama,Rap/Hip Hop
Gold,Britt Nicole,Pop
Love Sosa,Chief Keef,Rap/Hip Hop
Buzzkill,Luke Bryan,Country
Little Things,One Direction,Pop
Wanted,Hunter Hayes,Country
Tip It On Back,Dierks Bentley,Country
Remember You,Wiz Khalifa,Rap/Hip Hop
As Your Friend,Afrojack,Dance
Skyfall,Adele,Alternative
Swimming Pools,Kendrick Lamar,Rap/Hip Hop
Don't Stop The Party,Pitbull,Electro
Ball,T.I.,Rap/Hip Hop
It's A Beautiful Day,Michael Buble,Pop
Va Va Voom,Nicki Minaj,Rap/Hip Hop
Guap,Big Sean,Rap/Hip Hop
The A Team,Ed Sheeran,Pop
Die Young,Ke$ha,Pop
Hold On,Alabama Shakes,Alternative
Anything Could Happen,Ellie Goulding,Pop
Goodbye In Her Eyes,Zac Brown Band,Country
Somebody That I Used To Know,Gotye,Alternative
I Cry,Flo Rida,Rap/Hip Hop
Every Storm,Gary Allan,Country
Begin Again,Taylor Swift,
How Country Feels,Randy Houser,Country
Southern Comfort Zone,Brad Paisley,Country
She Don't Put It Down,Joe Budden,Rap/Hip Hop
Crying On A Suitcase,Casey James,Country
Let Me Love You,Ne-Yo,R&B
Nothing Like Us,Justin Bieber,Pop
Let There Be Cowgirls,Chris Cagle,Country
Clique,Kanye West,Rap/Hip Hop
Call Me Maybe,Carly Rae Jepsen,Pop
No Worries,Lil Wayne,Rap/Hip Hop
Yolo,The Lonely Island,Films/Games
Take A Walk,Passion Pit,Alternative
Let Me Love You,Glee Cast,Pop
Beer Money,Kip Moore,Country
Riff Off: Mickey / Like A Virgin / Hit Me With Your Best Shot...,The Barden Bellas,Films/Games
Bellas Finals: Price Tag / Don't You...,The Barden Bellas,Films/Games
As Long As You Love Me,Justin Bieber,Pop
Too Close,Alex Clare,Alternative
Bandz A Make Her Dance,Juicy J,Rap/Hip Hop
Rest Of My Life,Ludacris,Pop
Bad Ass,Kid Ink,Rap/Hip Hop
Til My Last Day,Justin Moore,Country
Celebration,Game,Rap/Hip Hop
We Are Never Ever Getting Back Together,Taylor Swift,
Thinkin Bout You,Frank Ocean,Pop
Lights,Ellie Goulding,Pop
Long Live A$AP,A$AP Rocky,Rap/Hip Hop
Live While We're Young,One Direction,Pop
Diced Pineapples,Rick Ross,Rap/Hip Hop
Between The Raindrops,Lifehouse,Pop
Feel Again,OneRepublic,Pop
The Moment I Knew,Taylor Swift,
I Dreamed A Dream,Anne Hathaway,Films/Games
Ready Or Not,Bridgit Mendler,Pop
Blow Me,P!nk,Pop
Don't Wake Me Up,Chris Brown,Rap/Hip Hop
Kiss Tomorrow Goodbye,Luke Bryan,Country
Creepin',Eric Church,Country
El Cerrito Place,Kenny Chesney,Country
Young & Gettin' It,Meek Mill,Rap/Hip Hop
Did It For The Girl,Greg Bates,Country
On My Own,Samantha Barks,Films/Games
Ice,Kelly Rowland,R&B
Oath,Cher Lloyd,Pop
King Wizard,Kid Cudi,Rap/Hip Hop
Rock Me,One Direction,Pop
My Moment,DJ Drama,Rap/Hip Hop
Birthday Song,2 Chainz,Rap/Hip Hop
Cry,Cassadee Pope,Pop
Over You,Cassadee Pope,Pop
Turn On The Lights,Future,Rap/Hip Hop
The One That Got Away,Jake Owen,Country
Representin',Ludacris,Rap/Hip Hop
Stupid Boy,Cassadee Pope,Pop
Let It Be,Terry McDermott,Pop
Dance For You,Beyonce,Pop
My Life,50 Cent,Rap/Hip Hop
Finally Found You,Enrique Iglesias,Pop
Everybody Talks,Neon Trees,Alternative
Good Time,Owl City,Pop
Pop That,French Montana,Rap/Hip Hop
I Want To Know What Love Is,Terry McDermott,Pop
Let It Go,Wiz Khalifa,Rap/Hip Hop
Come Wake Me Up,Rascal Flatts,Country
Somewhere Over The Rainbow,Nicholas David,Pop
Whistle,Flo Rida,Rap/Hip Hop
Blown Away,Carrie Underwood,Country
Fastest Girl In Town,Miranda Lambert,Country
Take A Little Ride,Jason Aldean,Country
Too Close,Melanie Martinez,Alternative
Are You Happy Now?,Cassadee Pope,Pop
A Thousand Years,Christina Perri,Films/Games
50 Ways To Say Goodbye,Train,Pop
Titanium,David Guetta,Dance
Just A Fool,Christina Aguilera,Pop
Seven Nation Army,Melanie Martinez,Alternative
Pound The Alarm,Nicki Minaj,Rap/Hip Hop
I Found You,The Wanted,Pop
Stars,Grace Potter,Alternative
Stars,Amanda Brown,Pop
Hard To Love,Lee Brice,Country
Payphone,Maroon 5,Pop
Wide Awake,Katy Perry,Pop
2 Reasons,Trey Songz,R&B
Your Body,Christina Aguilera,Pop
Put It Down,Brandy,Dance
Lovin' You Is Fun,Easton Corbin,Country
Dive In,Trey Songz,R&B
Mercy,Kanye West,Rap/Hip Hop
Give Your Heart A Break,Demi Lovato,Pop
I Can Only Imagine,David Guetta,Dance
I Won't Give Up,Jason Mraz,Pop
No Lie,2 Chainz,Rap/Hip Hop
Numb,Usher,R&B
I Almost Do,Taylor Swift,
Want U Back,Cher Lloyd,Pop
All Too Well,Taylor Swift,
Stay Stay Stay,Taylor Swift,
Fade Into You,Sam Palladio,Country
Babel,Mumford,Alternative
State Of Grace,Taylor Swift,
Pontoon,Little Big Town,Country
Truck Yeah,Tim McGraw,Country
She's So Mean,matchbox twenty,Pop
Hello,Karmin,Pop
Amen,Meek Mill,Rap/Hip Hop
Whispers In The Dark,Mumford,Alternative
Cowboys And Angels,Dustin Lynch,Country
Where Have You Been,Rihanna,Pop
Shinin' On Me,Jerrod Niemann,Country
Holland Road,Mumford,Alternative
Just What I Am,Kid Cudi,Rap/Hip Hop
Over,Blake Shelton,Country
Ghosts That We Knew,Mumford,Alternative
What Makes You Beautiful,One Direction,Pop
We Are Young,fun.,Alternative
Lemme See,Usher,R&B
The Scientist,Glee Cast,Pop
Lover's Eyes,Mumford,
Lover Of The Light,Mumford,Alternative
Heart Attack,Trey Songz,R&B
Why Ya Wanna,Jana Kramer,Country
Come Over,Kenny Chesney,Country
Angel Eyes,Love,Country
Dark Side,Kelly Clarkson,Pop
Enough Of No Love,Keyshia Cole,R&B
I Don't Like,Chief Keef,Rap/Hip Hop
Tonight,John Legend,Films/Games
For You,Keith Urban,Country
To The World,Kanye West,Rap/Hip Hop
Glad You Came,The Wanted,Pop
Let's Go,Calvin Harris,Dance
Burn It Down,Linkin Park,Alternative
Beautiful,Carly Rae Jepsen,Pop
5-1-5-0,Dierks Bentley,Country
Bag Of Money,Wale,Rap/Hip Hop
Heart Skips A Beat,Olly Murs,Pop
Nobody's Perfect,J. Cole,Rap/Hip Hop
Ronan,Taylor Swift,
Drive By,Train,Pop
Time Is Love,Josh Turner,Country
Starships,Nicki Minaj,Rap/Hip Hop
Scream,Usher,R&B
This Kiss,Carly Rae Jepsen,Pop
That's Why I Pray,Big,Country
It's Time,Glee Cast,Pop
Oh Love,Green Day,Alternative
"Work Hard, Play Hard",Wiz Khalifa,Rap/Hip Hop
Wild Ones,Flo Rida,Rap/Hip Hop
Tongue Tied,Grouplove,Alternative
Settle Down,No Doubt,Pop
Both Of Us,B.o.B,Rap/Hip Hop
The Wind,Zac Brown Band,Country
Chasing The Sun,The Wanted,Pop
Promises,NERO,Electro
Snap Backs & Tattoos,Driicky Graham,Rap/Hip Hop
Stronger,Kelly Clarkson,Pop
Postcard From Paris,The Band Perry,Country
My Homies Still,Lil Wayne,Rap/Hip Hop
Wanted You More,Lady Antebellum,
We Run The Night,Havana Brown,Pop
Cashin' Out,Ca$h Out,Rap/Hip Hop
The Fighter,Gym Class Heroes,Alternative
Throw That,Slaughterhouse,Rap/Hip Hop
I Wish You Would,DJ Khaled,Rap/Hip Hop
 Good Night,Gloriana,Country
Take It To The Head,DJ Khaled,Rap/Hip Hop
Back In Time,Pitbull,Electro
Yuck!,2 Chainz,Rap/Hip Hop
Beez In The Trap,Nicki Minaj,Rap/Hip Hop
Lamborghini Angels,Lupe Fiasco,Rap/Hip Hop
Neon,Chris Young,Country
Glass,Thompson Square,Country
Drunk On You,Luke Bryan,Country
Boyfriend,Justin Bieber,Pop
One Thing,One Direction,Pop
Gold On The Ceiling,The Black Keys,Alternative
Feel So Close,Calvin Harris,Dance
Brokenhearted,Karmin,Pop
New Day,50 Cent,Rap/Hip Hop
Dance Again,Jennifer Lopez,Pop
Crew Love,Drake,Rap/Hip Hop
Something To Do With My Hands,Thomas Rhett,Country
Even If It Breaks Your Heart,Eli Young Band,Country
Springsteen,Eric Church,Country
Leave You Alone,Young Jeezy,Rap/Hip Hop
Beers Ago,Toby Keith,Country
Runaways,The Killers,Alternative
New God Flow,Pusha T Kanye West,Rap/Hip Hop
Go Get It,T.I.,Rap/Hip Hop
HYFR,Drake,Rap/Hip Hop
Bangarang,Skrillex,Dance
How We Do,Rita Ora,Pop
Midnight City,M83.,Electro
Mercy,Dave Matthews Band,Rock
Part Of Me,Katy Perry,Pop
The Motto,Drake,Rap/Hip Hop
Get It Started,Pitbull,Alternative
Right By My Side,Nicki Minaj,Rap/Hip Hop
UP!,LoveRance,Rap/Hip Hop
Drank In My Cup,Kirko Bangz,R&B
Take Care,Drake,Rap/Hip Hop
Party Rock Anthem,LMFAO,Pop
Climax,Usher,R&B
You Don't Know Her Like I Do,Brantley Gilbert,Country
Good Girl,Carrie Underwood,Country
Fly Over States,Jason Aldean,Country
Birthday Cake,Rihanna,Pop
Ayy Ladies,Travis Porter,Rap/Hip Hop
We Found Love,Rihanna,Pop
Wipe Your Eyes,Maroon 5,Pop
Lost In The Echo,Linkin Park,Alternative
Windows Down,Big Time Rush,Pop
Turn Up The Music,Chris Brown,Rap/Hip Hop
Somethin' 'Bout A Truck,Kip Moore,Country
Set Fire To The Rain,Adele,Pop
No Hurry,Zac Brown Band,Country
Right Here,Justin Bieber,Pop
Ai Se Eu Te Pego,Michel Telo,Brazilian Music
So Good,B.o.B,Rap/Hip Hop
Rumour Has It,Adele,Pop
Faded,Tyga,Rap/Hip Hop
Sexy And I Know It,LMFAO,Pop
Eyes Open,Taylor Swift,
Good Feeling,Flo Rida,Rap/Hip Hop
Get Low,Waka Flocka Flame,Rap/Hip Hop
Die In Your Arms,Justin Bieber,Pop
Shadow Days,John Mayer,Pop
Fine By Me,Andy Grammer,Pop
Same Damn Time,Future,Rap/Hip Hop
Banjo,Rascal Flatts,Country
Turn Me On,David Guetta,Dance
Better Than I Used To Be,Tim McGraw,Country
Over You,Miranda Lambert,Country
I'm All Yours,Jay Sean,Pop
Drink On It,Blake Shelton,Country
Moves Like Jagger,Maroon 5,Pop
Around My Way,Lupe Fiasco,Rap/Hip Hop
Undefeated,Jason Derulo,
We've Got Tonight,Phillip Phillips,
Got My Country On,Chris Cagle,Country
"Young, Wild & Free",Snoop Dogg,Rap/Hip Hop
Paradise,Coldplay,Rock
Ass Back Home,Gym Class Heroes,Alternative
Feel Like A Rock Star,Kenny Chesney,Country
Dancin' Away With My Heart,Lady Antebellum,
This Ole Boy,Craig Morgan,Country
Rack City,Tyga,Rap/Hip Hop
99 Problems,Tony Lucca,Rock
Turn To You,Justin Bieber,Pop
Yesterday,Adam Levine,Pop
Talk That Talk,Rihanna,Pop
I Believe I Can Fly,Jermaine Paul,R&B
The Prayer,Christina Aguilera,Pop
Another Round,Fat Joe,Rap/Hip Hop
A Woman Like You,Lee Brice,Country
"It's A Man's, Man's, Man's World",Juliet Simms,Rock
Shake It Out,Glee Cast,Pop
Safe & Sound,Taylor Swift,Pop
Scary Monsters And Nice Sprites,Skrillex,Electro
Domino,Jessie J,Pop
International Love,Pitbull,Pop
How Will I Know,Glee Cast,Pop
Strip,Chris Brown,Rap/Hip Hop
Stay Schemin,Rick Ross,Rap/Hip Hop
Loud,Mac Miller,
It's Not Right But It's Okay,Glee Cast,Pop
Magic,Future,Rap/Hip Hop
Alone With You,Jake Owen,Country
Somebody That I Used To Know,Glee Cast,Pop
Way Too Cold,Kanye West,
Sweet Love,Chris Brown,Rap/Hip Hop
Eyes Wide Open,Gotye,Alternative
Think Like A Man,Jennifer Hudson,Films/Games
Ni**as in Paris,Jay Z Kanye West,Rap/Hip Hop
It Will Rain,Bruno Mars,Films/Games
Can't Get Enough,J. Cole,Rap/Hip Hop
Roxanne,Juliet Simms,Rock
Sex Ain't Better Than Love,Trey Songz,R&B
Is Anybody Out There?,K'Naan,Pop
Where I Come From,Montgomery Gentry,Country
Mirror,Lil Wayne,Rap/Hip Hop
Hungry Like The Wolf / Rio,Glee Cast,Pop
You Gonna Fly,Keith Urban,Country
Not Over You,Gavin DeGraw,Pop
Tonight Is The Night,Outasight,Pop
Love This Life,T.I.,
Sorry For Party Rocking,LMFAO,Pop
Princess Of China,Coldplay,Rock
Bully,Shinedown,Rock
4:00 AM,Melanie Fiona,
Someone Like You,Adele,Pop
Rolling In The Deep,Adele,Pop
Love On Top,Beyonce,Pop
I Dont Really Care,Waka Flocka Flame,Rap/Hip Hop
Levels,Avicii,Dance
She Doesn't Mind,Sean Paul,Pop
Do It Like You,Diggy,Rap/Hip Hop
Love's Gonna Make It Alright,George Strait,Country
Give Me All Your Luvin',Madonna,Pop
I Do,Young Jeezy,Rap/Hip Hop
Mr. Wrong,Mary J. Blige,R&B
Naked,Dev,Pop
Ours,Taylor Swift,
The One That Got Away,Katy Perry,Pop
Without You,David Guetta,Dance
Home,Dierks Bentley,Country
Come Away To The Water,Maroon 5,Films/Games
You Da One,Rihanna,Pop
Lonely Boy,The Black Keys,Alternative
Reality,Kenny Chesney,Country
TTYLXOX,Bella Thorne,Pop
Dance,Big Sean,Rap/Hip Hop
Shake It Out,Florence + The Machine,Alternative
Gotta Have It,Jay Z Kanye West,Rap/Hip Hop
Blackout,Breathe Carolina,Alternative
Don't Stop,Foster The People,Alternative
Love You Like A Love Song,Selena Gomez,Pop
Work Out,J. Cole,Rap/Hip Hop
Lotus Flower Bomb,Wale,Rap/Hip Hop
Red Solo Cup,Toby Keith,Country
The Trouble With Girls,Scotty McCreery,Country
Cough Syrup,Young The Giant,Alternative
Live My Life,Far*East Movement,Dance
I Don't Want This Night To End,Luke Bryan,Country
You,Chris Young,Country
Roman Reloaded,Nicki Minaj,Rap/Hip Hop
When I'm Gone,Wiz Khalifa,Rap/Hip Hop
Make It Nasty,Tyga,Rap/Hip Hop
Thank You,Estelle,R&B
I Will Always Love You,Whitney Houston,Films/Games
Stereo Hearts,Gym Class Heroes,Alternative
Make Me Proud,Drake,Rap/Hip Hop
Fly / I Believe I Can Fly,Glee Cast,Pop
Cough Syrup,Glee Cast,Pop
What Doesn't Kill You,Glee Cast,Pop
Here's To Us,Glee Cast,Pop
Mutha***** Up,Tyga,
Glad You Came,Glee Cast,Pop
I Wanna Dance With Somebody,Whitney Houston,Pop
Greatest Love Of All,Whitney Houston,Pop
I Like It Like That,Hot Chelle Rae,Pop
Just A Kiss,Lady Antebellum,
How Will I Know,Whitney Houston,Pop
Runaway Baby,Bruno Mars,Pop
Heartbeat,The Fray,Pop
I'm Gonna Love You Through It,Martina McBride,Country
Ima Boss,Meek Mill,Rap/Hip Hop
Stupid Hoe,Nicki Minaj,Rap/Hip Hop
I Will Always Love You,Glee Cast,Pop
Stereo Hearts,Glee Cast,Pop
No Church In The Wild,Jay Z Kanye West,Rap/Hip Hop
Raise Your Weapon,deadmau5,Electro
All Your Life,The Band Perry,Country
Mr. Know It All,Kelly Clarkson,Pop
Keep Me In Mind,Zac Brown Band,Country
Say Aah,Lindsey Pavao,Alternative
Sexy And I Know It,Glee Cast,Pop
5 O'Clock,T-Pain,Rap/Hip Hop
Strange Clouds,B.o.B,Rap/Hip Hop
You The Boss,Rick Ross,Rap/Hip Hop
Smooth Criminal,Glee Cast,Pop
Round Of Applause,Waka Flocka Flame,Rap/Hip Hop
La Isla Bonita,Glee Cast,Pop
Snitches Ain't...,YG,Rap/Hip Hop
Brighter Than The Sun,Colbie Caillat,Pop
Give Me Everything,Pitbull,Pop
Drink In My Hand,Eric Church,Country
Human Nature,Glee Cast,Pop
Black Or White,Glee Cast,Pop
Wanna Be Startin' Somethin',Glee Cast,Pop
Bad,Glee Cast,Pop
T.H.E,will.i.am,Films/Games
Tattoos On This Town,Jason Aldean,Country
Bait A Hook,Justin Moore,Country
Storm Warning,Hunter Hayes,Country
Party,Beyonce,Pop
Headlines,Drake,Rap/Hip Hop
You Make Me Feel...,Cobra Starship,Pop
Pumped Up Kicks,Foster The People,Alternative
Let It Rain,David Nail,Country
Countdown,Beyonce,Pop
Marry The Night,Lady Gaga,Pop
Kyoto,Skrillex,Dance
Camouflage,Brad Paisley,Country
Without You,Glee Cast,Pop
Super Bass,Nicki Minaj,Rap/Hip Hop
We Found Love,Glee Cast,
Moves Like Jagger / Jumpin' Jack Flash,Glee Cast,Pop
The First Time Ever I Saw Your Face,Glee Cast,Pop
Amen,Edens Edge,Country
Summer Nights,Glee Cast,Pop
Tattoo,Van Halen,Rock
Called Out In The Dark,Snow Patrol,Alternative
Video Games,Lana Del Rey,Alternative
The Champ,Nelly,Rap/Hip Hop
Party On Fifth Ave.,Mac Miller,
Wish You Were Here,Avril Lavigne,Pop
When We Stand Together,Nickelback,Rock
Wild Boy,MGK,Rap/Hip Hop
Crawling Back To You,Daughtry,Pop
It Girl,Jason Derulo,Pop
She Will,Lil Wayne,Rap/Hip Hop
Fly,Nicki Minaj,Rap/Hip Hop
Set You Free,3OH!3,Alternative
That Way,Wale,Rap/Hip Hop
Play The Guitar,B.o.B,Rap/Hip Hop
God Gave Me You,Blake Shelton,Country
Easy,Rascal Flatts,Country
Mistletoe,Justin Bieber,
We Owned The Night,Lady Antebellum,
Blunt Blowin,Lil Wayne,Rap/Hip Hop
Donald Trump,Mac Miller,
Wobble,V.I.C.,Rap/Hip Hop
First Of The Year,Skrillex,Dance
Good Good Night,Roscoe Dash,Rap/Hip Hop
Better Than I Know Myself,Adam Lambert,Dance
Drummer Boy,Justin Bieber,
Nothing,The Script,Pop
Knock Knock,Mac Miller,
Baggage Claim,Miranda Lambert,Country
We Are Young,Glee Cast,Pop
Sleazy Remix 2.0 Get Sleazier,Ke$ha,
In The Dark,Dev,Pop
You And I,Lady Gaga,Pop
Bang Bang Pow Pow,T-Pain,Rap/Hip Hop
Do They Know It's Christmas?,Glee Cast,Pop
I Got You,Thompson Square,Country
Promise,Romeo Santos,Latin Music
All I Want For Christmas Is You,Michael Buble,
Survivor / I Will Survive,Glee Cast,Pop
Man In The Mirror,Glee Cast,Pop
Roman In Moscow,Nicki Minaj,Rap/Hip Hop
Sparks Fly,Taylor Swift,
ABC,Glee Cast,Pop
Red Solo Cup,Glee Cast,Pop
I'll Be Home For Christmas,Kelly Clarkson,Pop
Body 2 Body,Ace Hood,Rap/Hip Hop
Perfect,Glee Cast,Pop
Girls Just Want To Have Fun,Glee Cast,Pop
I Kissed A Girl,Glee Cast,Pop
Marvin & Chardonnay,Big Sean,Rap/Hip Hop
Rumour Has It / Someone Like You,Glee Cast,Pop
I'm The Only One,Glee Cast,Pop
Constant Craving,Glee Cast,Pop
I Like How It Feels,Enrique Iglesias,Pop
Otis,Jay Z Kanye West,Rap/Hip Hop
Marvins Room,Drake,Rap/Hip Hop
Good Life,OneRepublic,Rock
If I Die Young,The Band Perry,Country
Mr. Saxobeat,Alexandra Stan,Pop
One More Drinkin' Song,Jerrod Niemann,Country
Cheers,Rihanna,Pop
Lullaby,Nickelback,Rock
Rain Over Me,Pitbull,Pop
I Got Nothin',Darius Rucker,Country
El Verdadero Amor Perdona,Mana,Pop
Crazy Girl,Eli Young Band,Country
Country Must Be Country Wide,Brantley Gilbert,Country
If This Was A Movie,Taylor Swift,
Hate Sleeping Alone,Drake,
You And  I / You And I,Glee Cast,Pop
I Can't Go For That / You Make My Dreams,Glee Cast,Pop
Criminal,Britney Spears,Pop
Hit Me With Your Best Shot / One Way Or Another,Glee Cast,Pop
We'll Be Fine,Drake,Rap/Hip Hop
Footloose,Blake Shelton,Films/Games
Shot For Me,Drake,Rap/Hip Hop
Superman,Taylor Swift,
Lighters,Bad Meets Evil,Rap/Hip Hop
Run,Matt Nathanson,Pop
Smile Back,Mac Miller,
Uptown Girl,Glee Cast,Pop
Come Home,Faith Hill,Country
Cost Of Livin',Ronnie Dunn,Country
Wet The Bed,Chris Brown,R&B
Here For A Good Time,George Strait,Country
The Adventures Of Rain Dance Maggie,Red Hot Chili Peppers,Alternative
Haunted,Taylor Swift,
Long Hot Summer,Keith Urban,Country
How To Love,Lil Wayne,Rap/Hip Hop
Last Friday Night,Katy Perry,Pop
Tonight Tonight,Hot Chelle Rae,Pop
Take A Back Road,Rodney Atkins,Country
Last Friday Night,Glee Cast,Pop
Better With The Lights Off,New Boyz,Rap/Hip Hop
Ambition,Wale,Rap/Hip Hop
Mrs. Right,Mindless Behavior,Pop
All I Want For Christmas Is You,Justin Bieber Duet,
Sweat,Bow Wow,Rap/Hip Hop
Christmas Song,Justin Bieber,
Take Over Control,Afrojack,Electro
Lessons In Love,Kaskade,Alternative
Dedication To My Ex,Lloyd,R&B
I Wanna Go,Britney Spears,Dance
I'm On One,DJ Khaled,Rap/Hip Hop
The Edge Of Glory,Lady Gaga,Pop
Made In America,Toby Keith,Country
Remind Me,Brad Paisley Duet,
Got 2 Luv U,Sean Paul,Pop
Skyscraper,Demi Lovato,Pop
Focused,Wale,Rap/Hip Hop
Quickie,Miguel,R&B
Keep Your Head Up,Andy Grammer,Pop
Best Thing I Never Had,Beyonce,Pop
Just Fishin',Trace Adkins,Country
Calling All The Monsters,China Anne McClain,Films/Games
Still Got It,Tyga,
Papi,Jennifer Lopez,Pop
Lost In Paradise,Evanescence,Rock
Faster,Matt Nathanson,Singer & Songwriter
Barefoot Blue Jean Night,Jake Owen,Country
Dirt Road Anthem,Jason Aldean,Country
Fix You,Glee Cast,Pop
Hangover,Taio Cruz,Pop
I'm Flexin',T.I.,Rap/Hip Hop
You And Tequila,Kenny Chesney,Country
Run The World,Glee Cast,Pop
Pretty Girls,Iyaz,Pop
Love Don't Run,Steve Holy,Country
No Sleep,Wiz Khalifa,Rap/Hip Hop
Motivation,Kelly Rowland,R&B
Somewhere,Glee Cast,Pop
Fight For You,Jason Derulo,Pop
After Midnight,Blink-182,
Every Teardrop Is A Waterfall,Coldplay,Rock
Fish,Craig Campbell,Country
Gucci Gucci,Kreayshawn,Rap/Hip Hop
Walk,Foo Fighters,Rock
Far Away,Tyga,
Knee Deep,Zac Brown Band,Country
It's Not Unusual,Glee Cast,Pop
You Can't Stop The Beat,Glee Cast,Pop
Y.U. Mad,Birdman,Rap/Hip Hop
Fix A Heart,Demi Lovato,Pop
We Got The Beat,Glee Cast,Pop
Love Done Gone,Billy Currington,Country
Unbroken,Demi Lovato,Pop
Beautiful People,Chris Brown,Dance
Just Can't Get Enough,The Black Eyed Peas,
Police Dog Blues,Hugh Laurie,Rock
Where Them Girls At,David Guetta,Dance
Out Of My Head,Lupe Fiasco,Rap/Hip Hop
Am I The Only One,Dierks Bentley,Country
Body And Soul,Tony Bennett,Pop
On The Floor,Jennifer Lopez,Pop
Disaster,JoJo,R&B
I Love You This Big,Scotty McCreery,Country
Hell On Heels,Pistol Annies,Country
E.T.,Katy Perry,Pop
MegaMan,Lil Wayne,Rap/Hip Hop
Country Girl,Luke Bryan,Country
My Body,Young The Giant,Alternative
It's Good,Lil Wayne,Rap/Hip Hop
How To Hate,Lil Wayne,Rap/Hip Hop
Nightmares Of The Bottom,Lil Wayne,Rap/Hip Hop
President Carter,Lil Wayne,Rap/Hip Hop
So Special,Lil Wayne,Rap/Hip Hop
"Save Me, San Francisco",Train,Pop
She Ain't You,Chris Brown,R&B
The Lazy Song,Bruno Mars,Pop
Frick Park Market,Mac Miller,
I'm Into You,Jennifer Lopez,Pop
Night Of Your Life,David Guetta,Dance
Don't Wanna Go Home,Jason Derulo,Pop
Never Gonna Leave This Bed,Maroon 5,Pop
What The Water Gave Me,Florence + The Machine,Alternative
Booty Wurk,T-Pain,Rap/Hip Hop
Man Down,Rihanna,Pop
Arms,Christina Perri,Pop
Till I'm Gone,Tinie Tempah,
Martians Vs Goblins,Game,Rap/Hip Hop
Honey Bee,Blake Shelton,Country
Don't You Wanna Stay,Jason Aldean,Country
Hello,Martin Solveig,Dance
Who Gon Stop Me,Jay Z Kanye West,Rap/Hip Hop
California King Bed,Rihanna,Pop
Don't Hold Your Breath,Nicole Scherzinger,Pop
Don't Stop The Party,The Black Eyed Peas,
On My Level,Wiz Khalifa,Rap/Hip Hop
Smile,Avril Lavigne,Pop
Old Alabama,Brad Paisley,Country
The Show Goes On,Lupe Fiasco,Rap/Hip Hop
Till The World Ends,Britney Spears,Pop
Sure Thing,Miguel,R&B
My Last,Big Sean,Rap/Hip Hop
What You Want,Evanescence,Rock
We Don't Get Down Like Y'all,T.I.,
Unusual,Trey Songz,R&B
Look At Me Now,Chris Brown,R&B
Homeboy,Eric Church,Country
Best Love Song,T-Pain,Rap/Hip Hop
Right There,Nicole Scherzinger,Pop
If Heaven Wasn't So Far Away,Justin Moore,Country
Under And Over It,Five Finger Death Punch,Rock
Ships In The Night,Mat Kearney,Rock
John,Lil Wayne,Rap/Hip Hop
Oh My,DJ Drama,Rap/Hip Hop
Tomorrow,Chris Young,Country
Mean,Taylor Swift,
Who Says,Selena Gomez,Pop
Dirty Dancer,Enrique Iglesias,Pop
Novacane,Frank Ocean,Alternative
I Smile,Kirk Franklin,Pop
F**kin' Perfect,P!nk,Pop
F**k You!,CeeLo Green,Pop
Up All Night,Blink-182,Rock
Outlaw,50 Cent,Rap/Hip Hop
Racks,YC,Rap/Hip Hop
Ballin',Young Jeezy,Rap/Hip Hop
The Story Of Us,Taylor Swift,
Hustle Hard,Ace Hood,Rap/Hip Hop
Far Away,Marsha Ambrosius,Pop
Blow,Ke$ha,Pop
Firework,Katy Perry,Pop
For The First Time,The Script,Pop
You Lie,The Band Perry,Country
What If,Colbie Caillat,Pop
Watch Me,Bella Thorne,Films/Games
Country Song,Seether,Rock
Run The World,Beyonce,Pop
Roll Up,Wiz Khalifa,Rap/Hip Hop
S&M,Rihanna,Pop
Iridescent,Linkin Park,Alternative
Without You,Keith Urban,Country
I Wouldn't Be A Man,Josh Turner,Country
Stitch By Stitch,Javier Colon,Pop
Taboo,Don Omar,Rap/Hip Hop
Inventing Shadows,Dia Frampton,Pop
Man In The Mirror,Adam Levine,Pop
I Won't Back Down,Blake Shelton,Pop
Written In The Stars,Tinie Tempah,
Little Bad Girl,David Guetta,Dance
Beautiful,Christina Aguilera,Pop
Afraid To Sleep,Vicci Martinez,Pop
Heartless,Dia Frampton,Pop
Shake Senora,Pitbull,Pop
Losing My Religion,Dia Frampton,Pop
Moving To Mars,Coldplay,
Backseat,New Boyz,Rap/Hip Hop
Major Minus,Coldplay,Rock
High,Big Sean,Rap/Hip Hop
Fix You,Javier Colon,Pop
Down On Me,Jeremih,R&B
Born This Way,Lady Gaga,Pop
Dog Days Are Over,Vicci Martinez,Pop
Best Friend's Brother,Victorious Cast,Pop
Heart Like Mine,Miranda Lambert,Country
The Man Who Can't Be Moved,Xenia,Pop
Next To You,Chris Brown,R&B
So In Love,Jill Scott,R&B
Price Tag,Jessie J,Pop
All Of The Lights,Kanye West,Rap/Hip Hop
Just The Way You Are,Bruno Mars,Pop
Angel,Javier Colon,Pop
Today Is Your Day,Shania Twain,Country
Jolene,Vicci Martinez,Pop
I Need A Doctor,Dr. Dre,Rap/Hip Hop
Black Horse And The Cherry Tree,Casey Weston,Country
The Cave,Mumford,Alternative
See No More,Joe Jonas,Pop
Price Tag,Xenia,Pop
Monster,Paramore,Alternative
I Won't Let Go,Rascal Flatts,Country
Pause,Pitbull,Pop
Bleed Red,Ronnie Dunn,Country
Somewhere Else,Toby Keith,Country
Judas,Lady Gaga,Pop
Bow Chicka Wow Wow,Mike Posner,Dance
Bang Bang Bang,Selena Gomez,Pop
You,Romeo Santos,Latin Music
Did It On'em,Nicki Minaj,Rap/Hip Hop
Teenage Daughters,Martina McBride,Country
Grenade,Bruno Mars,Pop
Like My Mother Does,Lauren Alaina,Country
Colder Weather,Zac Brown Band,Country
1+1,Beyonce,Pop
Danza Kuduro,Don Omar,Rap/Hip Hop
Cat Daddy,Rej3ctz,Rap/Hip Hop
Sing,My Chemical Romance,Alternative
 Feels So Good,Steven Tyler,Country
Light Up The World,Glee Cast,Pop
Pretending,Glee Cast,Pop
For Good,Glee Cast,Pop
Rise Above 1,Reeve Carney,Rock
What The Hell,Avril Lavigne,Pop
"I Love New York / New York, New York",Glee Cast,Pop
Live A Little,Kenny Chesney,Country
As Long As You're There,Glee Cast,Pop
I Do,Colbie Caillat,Pop
Rope,Foo Fighters,Rock
Hair,Lady Gaga,Pop
Moment 4 Life,Nicki Minaj,Rap/Hip Hop
A Little Bit Stronger,Sara Evans,Country
Pure Imagination,Glee Cast,Pop
I Can't Love You Back,Easton Corbin,Country
Back To Black,Glee Cast,Pop
9 Piece,Rick Ross,Rap/Hip Hop
Rolling In The Deep,Glee Cast,Pop
Boyfriend,Big Time Rush,Pop
My Man,Glee Cast,Pop
Look It Up,Ashton Shepherd,Country
Bring It Back,Travis Porter,Rap/Hip Hop
Jack Sparrow,The Lonely Island,Films/Games
Love Faces,Trey Songz,R&B
Friday,Glee Cast,Pop
Jar Of Hearts,Glee Cast,Pop
Tonight,Enrique Iglesias,Pop
Isn't She Lovely,Glee Cast,Pop
I'm Not Gonna Teach Your Boyfriend To Dance With You,Glee Cast,Pop
Dancing Queen,Glee Cast,Pop
I Am Woman,Jordin Sparks,Dance
Fast Lane,Bad Meets Evil,Rap/Hip Hop
This,Darius Rucker,Country
Turning Tables,Adele,Pop
Grove St. Party,Waka Flocka Flame,Rap/Hip Hop
Coming Home,Diddy - Dirty Money,Rap/Hip Hop
6 Foot 7 Foot,Lil Wayne,Rap/Hip Hop
Go Your Own Way,Glee Cast,Pop
More,Usher,Pop
What Do You Want,Jerrod Niemann,Country
Songbird,Glee Cast,Pop
Not Ready To Die,Avenged Sevenfold,Rock
Don't Stop,Glee Cast,Pop
Never Going Back Again,Glee Cast,Pop
I Feel Pretty / Unpretty,Glee Cast,Pop
Dreams,Glee Cast,Pop
Closer To The Edge,Thirty Seconds To Mars,Alternative
Hold It Against Me,Britney Spears,Pop
Jar Of Hearts,Christina Perri,Pop
Hey Baby,Pitbull,Pop
Somewhere Only We Know,Glee Cast,Pop
Born This Way,Glee Cast,Pop
Raise Your Glass,P!nk,Pop
Are You Gonna Kiss Me Or Not,Thompson Square,Country
Time After Time,Javier Colon,
Determinate,Bridgit Mendler,Films/Games
As If We Never Said Goodbye,Glee Cast,Pop
Angel,Akon,Pop
Barbra Streisand,Duck Sauce,Electro
You Be Killin Em,Fabolous,Rap/Hip Hop
Family Man,Craig Campbell,Country
Pretty Girl Rock,Keri Hilson,R&B
Dynamite,Taio Cruz,Pop
Turning Tables,Glee Cast,Pop
Beggin' On Your Knees,Victorious Cast,Pop
All By Myself,Glee Cast,Pop
Breakthrough,Bridgit Mendler,Films/Games
Somebody,Bridgit Mendler,Films/Games
Never Say Never,Justin Bieber,Pop
Friday,Rebecca Black,Pop
Stereo Love,Edward Maya,Electro
No Hands,Waka Flocka Flame,Rap/Hip Hop
Rocketeer,Far*East Movement,Pop
Red Nation,Game,Rap/Hip Hop
Where You At,Jennifer Hudson,R&B
Little Miss,Sugarland,Country
Yeah 3X,Chris Brown,R&B
Let Me Down Easy,Billy Currington,Country
Georgia Clay,Josh Kelley,Country
Boom,Snoop Dogg,Rap/Hip Hop
Fall For Your Type,Jamie Foxx,Rap/Hip Hop
Walking,Mary Mary,R&B
No BS,Chris Brown,R&B
Welcome To My Hood,DJ Khaled,Rap/Hip Hop
Marry Me,Train,Pop
The Story,Sara Ramirez,Rock
Loser Like Me,Glee Cast,Pop
This Is Country Music,Brad Paisley,Country
Black And Yellow,Wiz Khalifa,Rap/Hip Hop
The Time,The Black Eyed Peas,
Hello World,Lady Antebellum,
Get It Right,Glee Cast,Pop
Higher,Taio Cruz,Pop
Buzzin',Mann,Pop
From A Table Away,Sunny Sweeney,Country
F**k Him He's A DJ,Ke$ha,
Shake Me Down,Cage The Elephant,Alternative
Raise Your Glass,Glee Cast,Pop
Blackbird,Glee Cast,Pop
What's My Name?,Rihanna,Pop
Misery,Glee Cast,Pop
Hell To The No,Glee Cast,Pop
Who Are You When I'm Not Looking,Blake Shelton,Country
Landslide,Glee Cast,Pop
Candles,Glee Cast,Pop
Somewhere With You,Kenny Chesney,Country
Felt Good On My Lips,Tim McGraw,Country
Voices,Chris Young,Country
Dancing Crazy,Miranda Cosgrove,Pop
Back To December,Taylor Swift,
Only Girl,Rihanna,Pop
We R Who We R,Ke$ha,Pop
Waiting For The End,Linkin Park,Alternative
Do You Wanna Touch Me,Glee Cast,Pop
Animal,Glee Cast,
The Race,Wiz Khalifa,Rap/Hip Hop
Beautiful Lasers,Lupe Fiasco,Rap/Hip Hop
Kiss,Glee Cast,Pop
Who Dat Girl,Flo Rida,Rap/Hip Hop
Someone Else Calling You Baby,Luke Bryan,Country
Kush,Dr. Dre,Rap/Hip Hop
DJ Got Us Fallin' In Love,Usher,R&B
Teenage Dream,Katy Perry,Pop
Twisted,Gorilla Zoe,Rap/Hip Hop
What Are Words,Chris Medina,Pop
Maybe,Sick Puppies,Alternative
Whip My Hair,WILLOW,Pop
Country Boy,Aaron Lewis,Country
Wildflower,The JaneDear Girls,Country
Pray,Justin Bieber,
The Shape I'm In,Joe Nichols,Country
I Just Had Sex,The Lonely Island,Films/Games
21st Century Girl,WILLOW,Dance
Bass Down Low,Dev,Electro
Don't You Want Me,Glee Cast,Pop
Just A Dream,Nelly,Rap/Hip Hop
Blame It,Glee Cast,Pop
Tik Tok,Glee Cast,Pop
Lay It Down,Lloyd,R&B
Who's That Chick?,David Guetta,Dance
H*A*M,Kanye West Jay Z,
U Smile,Justin Bieber,Pop
Little Lion Man,Mumford,Alternative
Baby,Glee Cast,
Sing,Glee Cast,Pop
Take Me Or Leave Me,Glee Cast,Pop
Somebody To Love,Glee Cast,Pop
Born To Be Somebody,Justin Bieber,Pop
Hit The Lights,Jay Sean,Pop
Forget You,Glee Cast,Pop
Firework,Glee Cast,Pop
Do The John Wall,Troop 41,Rap/Hip Hop
Thriller / Heads Will Roll,Glee Cast,Pop
"Bills, Bills, Bills",Glee Cast,Pop
Silly Love Songs,Glee Cast,Pop
When I Get You Alone,Glee Cast,Pop
Fat Bottomed Girls,Glee Cast,Pop
P.Y.T.,Glee Cast,Pop
Need You Now,Glee Cast,Pop
Aston Martin Music,Rick Ross,Rap/Hip Hop
I Won't Give Up,Jana Kramer,Country
Put You In A Song,Keith Urban,Country
She's Not There,Glee Cast,Pop
Words I Never Said,Lupe Fiasco,Rap/Hip Hop
Make A Movie,Twista,Rap/Hip Hop
Boyfriend,New Hollow,Pop
Make It Rain,Travis Porter,Rap/Hip Hop
Rhythm of Love,Plain White T's,Pop
Bottoms Up,Trey Songz,R&B
Like A G6,Far*East Movement,Pop
Secrets,OneRepublic,Rock
Animal,Neon Trees,Alternative
Please Don't Go,Mike Posner,Pop
When You're Young,3 Doors Down,Rock
The Creep,The Lonely Island,Films/Games
Bullets In The Gun,Toby Keith,Country
The Ballad Of Mona Lisa,Panic! At The Disco,Alternative
Right Thru Me,Nicki Minaj,Rap/Hip Hop
Memories,David Guetta,Dance
Fire Flame,Birdman,Rap/Hip Hop
Lo Mejor De Mi Vida Eres Tu,Ricky Martin,Pop
Right Above It,Lil Wayne,Rap/Hip Hop
I Like It,Enrique Iglesias,Pop
Dog Days Are Over,Florence + The Machine,Alternative
Can't Be Friends,Trey Songz,R&B
Smoke A Little Smoke,Eric Church,Country
We No Speak Americano,Yolanda Be Cool,Pop
Help Is On The Way,Rise Against,Rock
Mama's Song,Carrie Underwood,Country
Marry You,Bruno Mars,Pop
Roman's Revenge,Nicki Minaj,Rap/Hip Hop
Freak The Freak Out,Victorious Cast,Pop
Stay The Night,James Blunt,Pop
Tighten Up,The Black Keys,Alternative
Give In To Me,Garrett Hedlund,Films/Games
"For You, And Your Denial",Yellowcard,Alternative
Club Can't Handle Me,Flo Rida,Rap/Hip Hop
No Love,Eminem,Rap/Hip Hop
Country Strong,Gwyneth Paltrow,Country
Hold My Hand,Michael Jackson Duet,
The Breath You Take,George Strait,Country
Turn On The Radio,Reba,Country
Stuck Like Glue,Sugarland,Country
Love The Way You Lie,Eminem,Rap/Hip Hop
My Kinda Party,Jason Aldean,Country
Mine,Taylor Swift,
Only Prettier,Miranda Lambert,Country
Anything Like Me,Brad Paisley,Country
Monster,Kanye West,Rap/Hip Hop
Porn Star Dancing,My Darkest Days,Rock
That's All She Wrote,T.I.,Rap/Hip Hop
Love Like Woe,The Ready Set,Pop
Deuces,Chris Brown,R&B
Runaway,Kanye West,Rap/Hip Hop
A Year Without Rain,Selena Gomez,Pop
Big Night,Big Time Rush,Pop
Why Wait,Rascal Flatts,Country
Shake,Jesse McCartney,Pop
Check It Out,will.i.am,Pop
Opposite Of Adults,Chiddy Bang,Rap/Hip Hop
As She's Walking Away,Zac Brown Band,Country
Hit It Again,3OH!3,Alternative
I Am The Champion,B.o.B,Pop
Pursuit Of Happiness,Kid Cudi,Rap/Hip Hop
Shake Up Christmas,Train,
Christmas Lights,Coldplay,
All I Want Is You,Miguel,R&B
Loving You No More,Diddy - Dirty Money,Rap/Hip Hop
When A Woman Loves,R. Kelly,R&B
September,Daughtry,Pop
Loca,Shakira,Pop
Letting Go,Sean Kingston,Pop
"Baby, It's Cold Outside",Glee Cast,
