song,artist,song_clean,artist_clean
Easy On Me,Adele,Easy On Me,Adele
Stay,The Kid LAROI & Justin Bieber,Stay,The Kid LAROI
Industry Baby,Lil Nas X & Jack Harlow,Industry Baby,Lil Nas
Fancy Like,Walker Hayes,Fancy Like,Walker Hayes
Bad Habits,Ed Sheeran,Bad Habits,Ed Sheeran
Way 2 Sexy,Drake Featuring Future & Young Thug,Way 2 Sexy,Drake
Shivers,Ed Sheeran,Shivers,Ed Sheeran
Good 4 U,Olivia Rodrigo,Good 4 U,Olivia Rodrigo
Need To Know,Doja Cat,Need To Know,Doja Cat
Levitating,Dua Lipa,Levitating,Dua Lipa
Essence,Wizkid Featuring Justin Bieber & Tems,Essence,Wizkid
Kiss Me More,Doja Cat Featuring SZA,Kiss Me More,Doja Cat
Heat Waves,Glass Animals,Heat Waves,Glass Animals
Beggin',Maneskin,Beggin',Maneskin
Cold Heart (PNAU Remix),Elton John & Dua Lipa,Cold Heart,Elton John
You Right,Doja Cat & The Weeknd,You Right,Doja Cat
Save Your Tears,The Weeknd & Ariana Grande,Save Your Tears,The Weeknd
If I Didn't Love You,Jason Aldean & Carrie Underwood,If I Didn't Love You,Jason Aldean
Traitor,Olivia Rodrigo,Traitor,Olivia Rodrigo
My Universe,Coldplay x BTS,My Universe,Coldplay
Who Want Smoke??,"Nardo Wick Featuring G Herbo, Lil Durk & 21 Savage",Who Want Smoke??,Nardo Wick
Knife Talk,Drake Featuring 21 Savage & Project Pat,Knife Talk,Drake
Meet Me At Our Spot,THE ANXIETY: WILLOW & Tyler Cole,Meet Me At Our Spot,THE ANXIETY: WILLOW
Montero (Call Me By Your Name),Lil Nas X,Montero,Lil Nas X
Chasing After You,Ryan Hurd With Maren Morris,Chasing After You,Ryan Hurd
Girls Want Girls,Drake Featuring Lil Baby,Girls Want Girls,Drake
Moth To A Flame,Swedish House Mafia & The Weeknd,Moth To A Flame,Swedish House Mafia
Let's Go Brandon,Bryson Gray Featuring Tyson James & Chandler Crump,Let's Go Brandon,Bryson Gray
Thats What I Want,Lil Nas X,Thats What I Want,Lil Nas X
Pepas,Farruko,Pepas,Farruko
Love Nwantiti (Ah Ah Ah),CKay,Love Nwantiti,CKay
Take My Breath,The Weeknd,Take My Breath,The Weeknd
Happier Than Ever,Billie Eilish,Happier Than Ever,Billie Eilish
Wockesha,Moneybagg Yo,Wockesha,Moneybagg Yo
Better Days,NEIKED X Mae Muller X Polo G,Better Days,NEIKED
Buy Dirt,Jordan Davis Featuring Luke Bryan,Buy Dirt,Jordan Davis
Ghost,Justin Bieber,Ghost,Justin Bieber
Lets Go Brandon,Loza Alexander,Lets Go Brandon,Loza Alexander
Cold As You,Luke Combs,Cold As You,Luke Combs
A-O-K,Tai Verdes,A-O-K,Tai Verdes
You Should Probably Leave,Chris Stapleton,You Should Probably Leave,Chris Stapleton
Leave The Door Open,Silk Sonic (Bruno Mars & Anderson .Paak),Leave The Door Open,Silk Sonic (Bruno Mars
Thinking 'Bout You,Dustin Lynch Featuring Lauren Alaina Or MacKenzie Porter,Thinking 'Bout You,Dustin Lynch
Memory I Don't Mess With,Lee Brice,Memory I Don't Mess With,Lee Brice
Bubbly,Young Thug With Drake & Travis Scott,Bubbly,Young Thug
Wild Side,Normani Featuring Cardi B,Wild Side,Normani
Sharing Locations,Meek Mill Featuring Lil Baby & Lil Durk,Sharing Locations,Meek Mill
Gyalis,Capella Grey,Gyalis,Capella Grey
I Was On A Boat That Day,Old Dominion,I Was On A Boat That Day,Old Dominion
Family Ties,Baby Keem & Kendrick Lamar,Family Ties,Baby Keem
Have Mercy,Chloe,Have Mercy,Chloe
Fair Trade,Drake Featuring Travis Scott,Fair Trade,Drake
Same Boat,Zac Brown Band,Same Boat,Zac Brown Band
My Boy,Elvie Shane,My Boy,Elvie Shane
Hurricane,Kanye West,Hurricane,Kanye West
Chosen,Blxst & Tyga Featuring Ty Dolla $ign,Chosen,Blxst
Baddest,"Yung Bleu, Chris Brown & 2 Chainz",Baddest,Yung Bleu
Knowing You,Kenny Chesney,Knowing You,Kenny Chesney
Memory,Kane Brown X blackbear,Memory,Kane Brown
Cold Beer Calling My Name,Jameson Rodgers Featuring Luke Combs,Cold Beer Calling My Name,Jameson Rodgers
Not In The Mood,"Lil Tjay, Fivio Foreign & Kay Flock",Not In The Mood,Lil Tjay
Pissed Me Off,Lil Durk,Pissed Me Off,Lil Durk
Woman,Doja Cat,Woman,Doja Cat
Sand In My Boots,Morgan Wallen,Sand In My Boots,Morgan Wallen
'Til You Can't,Cody Johnson,'Til You Can't,Cody Johnson
Love Again,Dua Lipa,Love Again,Dua Lipa
Whiskey And Rain,Michael Ray,Whiskey And Rain,Michael Ray
One Mississippi,Kane Brown,One Mississippi,Kane Brown
Switches & Dracs,Moneybagg Yo Featuring Lil Durk & EST Gee,Switches & Dracs,Moneybagg Yo
Jugaste y Sufri,Eslabon Armado Featuring DannyLux,Jugaste y Sufri,Eslabon Armado
Too Easy,Gunna & Future,Too Easy,Gunna
Esta Danada,Ivan Cornejo,Esta Danada,Ivan Cornejo
Volvi,Aventura x Bad Bunny,Volvi,Aventura
Tequila Little Time,Jon Pardi,Tequila Little Time,Jon Pardi
Whole Lotta Money,BIA Featuring Nicki Minaj,Whole Lotta Money,BIA
2055,Sleepy Hallow,2055,Sleepy Hallow
Maybach,42 Dugg Featuring Future,Maybach,42 Dugg
WFM,Realestk,WFM,Realestk
Poke It Out,Wale Featuring J. Cole,Poke It Out,Wale
Praise God,Kanye West,Praise God,Kanye West
Lo Siento BB:/,"Tainy, Bad Bunny & Julieta Venegas",Lo Siento BB:/,Tainy
Freedom Was A Highway,Jimmie Allen & Brad Paisley,Freedom Was A Highway,Jimmie Allen
For Tonight,Giveon,For Tonight,Giveon
Thot Shit,Megan Thee Stallion,Thot Shit,Megan Thee Stallion
Like A Lady,Lady A,Like A Lady,Lady A
Get Into It (Yuh),Doja Cat,Get Into It,Doja Cat
Scorpio,Moneybagg Yo,Scorpio,Moneybagg Yo
Big Energy,Latto,Big Energy,Latto
Half Of My Hometown,Kelsea Ballerini Featuring Kenny Chesney,Half Of My Hometown,Kelsea Ballerini
Money,Lisa,Money,Lisa
No Friends In The Industry,Drake,No Friends In The Industry,Drake
"Ya Superame (En Vivo Desde Culiacan, Sinaloa)",Grupo Firme,Ya Superame,Grupo Firme
Who's In Your Head,Jonas Brothers,Who's In Your Head,Jonas Brothers
In The Bible,Drake Featuring Lil Durk & Giveon,In The Bible,Drake
Just About Over You,Priscilla Block,Just About Over You,Priscilla Block
To Be Loved By You,Parker McCollum,To Be Loved By You,Parker McCollum
Ain't Shit,Doja Cat,Ain't Shit,Doja Cat
Life Goes On,Oliver Tree,Life Goes On,Oliver Tree
Come Through,H.E.R. Featuring Chris Brown,Come Through,H.E.R.
Nevada,YoungBoy Never Broke Again,Nevada,YoungBoy Never Broke Again
Leave Before You Love Me,Marshmello X Jonas Brothers,Leave Before You Love Me,Marshmello
Deja Vu,Olivia Rodrigo,Deja Vu,Olivia Rodrigo
Ex For A Reason,Summer Walker & JT,Ex For A Reason,Summer Walker
Late At Night,Roddy Ricch,Late At Night,Roddy Ricch
Livin It Up,Young Thug With Post Malone & A$AP Rocky,Livin It Up,Young Thug
Stressed,Young Thug With J. Cole & T-Shyne,Stressed,Young Thug
Rich N***a Shit,Young Thug With Juice WRLD,Rich N***a Shit,Young Thug
Yonaguni,Bad Bunny,Yonaguni,Bad Bunny
Champagne Poetry,Drake,Champagne Poetry,Drake
Let Somebody Go,Coldplay X Selena Gomez,Let Somebody Go,Coldplay
You Time,Scotty McCreery,You Time,Scotty McCreery
Peepin Out The Window,Young Thug With Future & BSlime,Peepin Out The Window,Young Thug
Woo Baby,Pop Smoke Featuring Chris Brown,Woo Baby,Pop Smoke
Flocky Flocky,Don Toliver Featuring Travis Scott,Flocky Flocky,Don Toliver
Peaches,Justin Bieber Featuring Daniel Caesar & Giveon,Peaches,Justin Bieber
Todo de Ti,Rauw Alejandro,Todo de Ti,Rauw Alejandro
Drinkin' Beer. Talkin' God. Amen.,Chase Rice Featuring Florida Georgia Line,Drinkin' Beer. Talkin' God. Amen.,Chase Rice
Your Heart,Joyner Lucas & J. Cole,Your Heart,Joyner Lucas
Summer Of Love,Shawn Mendes & Tainy,Summer Of Love,Shawn Mendes
Waves,Luke Bryan,Waves,Luke Bryan
Life Support,YoungBoy Never Broke Again,Life Support,YoungBoy Never Broke Again
Bad Morning,YoungBoy Never Broke Again,Bad Morning,YoungBoy Never Broke Again
Intro (Hate On Me),Meek Mill,Intro,Meek Mill
Drunk (And I Don't Wanna Go Home),Elle King & Miranda Lambert,Drunk,Elle King
Butter,BTS,Butter,BTS
Hot,Meek Mill Featuring Moneybagg Yo,Hot,Meek Mill
Expensive Pain,Meek Mill,Expensive Pain,Meek Mill
On My Soul,Meek Mill,On My Soul,Meek Mill
Blue Note$ II,Meek Mill Featuring Lil Uzi Vert,Blue Note$ II,Meek Mill
Outside (100 MPH),Meek Mill,Outside,Meek Mill
Last One Standing,"Skylar Grey, Polo G, Mozzy & Eminem",Last One Standing,Skylar Grey
The Feels,TWICE,The Feels,TWICE
Me (FWM),Meek Mill Featuring A$AP Ferg,Me,Meek Mill
Love Train,Meek Mill,Love Train,Meek Mill
Feelin Like Tunechi,Lil Wayne Featuring Rich The Kid,Feelin Like Tunechi,Lil Wayne
Ride For You,Meek Mill Featuring Kehlani,Ride For You,Meek Mill
TSU,Drake,TSU,Drake
Love All,Drake Featuring JAY-Z,Love All,Drake
No Where,YoungBoy Never Broke Again,No Where,YoungBoy Never Broke Again
On My Side,YoungBoy Never Broke Again,On My Side,YoungBoy Never Broke Again
Things A Man Oughta Know,Lainey Wilson,Things A Man Oughta Know,Lainey Wilson
Hold Me Down,YoungBoy Never Broke Again,Hold Me Down,YoungBoy Never Broke Again
50 Shots,YoungBoy Never Broke Again,50 Shots,YoungBoy Never Broke Again
Smoke Strong,YoungBoy Never Broke Again,Smoke Strong,YoungBoy Never Broke Again
Break Or Make Me,YoungBoy Never Broke Again,Break Or Make Me,YoungBoy Never Broke Again
Sincerely,YoungBoy Never Broke Again,Sincerely,YoungBoy Never Broke Again
I Can't Take It Back,YoungBoy Never Broke Again,I Can't Take It Back,YoungBoy Never Broke Again
Rumors,Lizzo Featuring Cardi B,Rumors,Lizzo
Forgiato,YoungBoy Never Broke Again,Forgiato,YoungBoy Never Broke Again
Rich Shit,YoungBoy Never Broke Again,Rich Shit,YoungBoy Never Broke Again
N 2 Deep,Drake Featuring Future,N 2 Deep,Drake
Baddest Thing,YoungBoy Never Broke Again,Baddest Thing,YoungBoy Never Broke Again
Pipe Down,Drake,Pipe Down,Drake
Papi's Home,Drake,Papi's Home,Drake
Toxic Punk,YoungBoy Never Broke Again,Toxic Punk,YoungBoy Never Broke Again
Moon,Kanye West,Moon,Kanye West
Wildest Dreams (Taylor's Version),Taylor Swift,Wildest Dreams,Taylor Swift
Arcade,Duncan Laurence,Arcade,Duncan Laurence
Scoop,Lil Nas X Featuring Doja Cat,Scoop,Lil Nas
Dolla Sign Slime,Lil Nas X Featuring Megan Thee Stallion,Dolla Sign Slime,Lil Nas
Lonely,DaBaby X Lil Wayne,Lonely,DaBaby
Dead Right Now,Lil Nas X,Dead Right Now,Lil Nas X
Tales Of Dominica,Lil Nas X,Tales Of Dominica,Lil Nas X
One Of Me,Lil Nas X Featuring Elton John,One Of Me,Lil Nas
Race My Mind,Drake,Race My Mind,Drake
Lost In The Citadel,Lil Nas X,Lost In The Citadel,Lil Nas X
Sun Goes Down,Lil Nas X,Sun Goes Down,Lil Nas X
7am On Bridle Path,Drake,7am On Bridle Path,Drake
Off The Grid,Kanye West,Off The Grid,Kanye West
In Da Getto,J Balvin & Skrillex,In Da Getto,J Balvin
Skate,Silk Sonic (Bruno Mars & Anderson .Paak),Skate,Silk Sonic (Bruno Mars
Am I Dreaming,Lil Nas X Featuring Miley Cyrus,Am I Dreaming,Lil Nas
Don't Go Yet,Camila Cabello,Don't Go Yet,Camila Cabello
Country Again,Thomas Rhett,Country Again,Thomas Rhett
Range Brothers,Baby Keem & Kendrick Lamar,Range Brothers,Baby Keem
Every Chance I Get,DJ Khaled Featuring Lil Baby & Lil Durk,Every Chance I Get,DJ Khaled
IMY2,Drake Featuring Kid Cudi,IMY2,Drake
Yebba's Heartbreak,Drake & Yebba,Yebba's Heartbreak,Drake
Get Along Better,Drake Featuring Ty Dolla $ign,Get Along Better,Drake
You Only Live Twice,Drake Featuring Lil Wayne & Rick Ross,You Only Live Twice,Drake
Lalisa,Lisa,Lalisa,Lisa
Fountains,Drake Featuring Tems,Fountains,Drake
Single Saturday Night,Cole Swindell,Single Saturday Night,Cole Swindell
We Didn't Have Much,Justin Moore,We Didn't Have Much,Justin Moore
Jail,Kanye West,Jail,Kanye West
Fucking Fans,Drake,Fucking Fans,Drake
The Remorse,Drake,The Remorse,Drake
Ok Ok,Kanye West,Ok Ok,Kanye West
Junya,Kanye West,Junya,Kanye West
Believe What I Say,Kanye West,Believe What I Say,Kanye West
Jonah,Kanye West,Jonah,Kanye West
Jesus Lord,Kanye West,Jesus Lord,Kanye West
Motley Crew,Post Malone,Motley Crew,Post Malone
Remote Control,Kanye West,Remote Control,Kanye West
God Breathed,Kanye West,God Breathed,Kanye West
Heartbreak Anniversary,Giveon,Heartbreak Anniversary,Giveon
Forever After All,Luke Combs,Forever After All,Luke Combs
Heaven And Hell,Kanye West,Heaven And Hell,Kanye West
24,Kanye West,24,Kanye West
Pure Souls,Kanye West,Pure Souls,Kanye West
No Child Left Behind,Kanye West,No Child Left Behind,Kanye West
Donda,Kanye West,Donda,Kanye West
Keep My Spirit Alive,Kanye West,Keep My Spirit Alive,Kanye West
Jail Pt 2,Kanye West,Jail Pt 2,Kanye West
"I Am Not A Woman, I'm A God",Halsey,"I Am Not A Woman, I'm A God",Halsey
New Again,Kanye West,New Again,Kanye West
Lord I Need You,Kanye West,Lord I Need You,Kanye West
Come To Life,Kanye West,Come To Life,Kanye West
Tell The Vision,Kanye West,Tell The Vision,Kanye West
Brutal,Olivia Rodrigo,Brutal,Olivia Rodrigo
AM,Nio Garcia X J Balvin X Bad Bunny,AM,Nio Garcia
Repeat It,Lil Tecca & Gunna,Repeat It,Lil Tecca
Matt Hardy 999,Trippie Redd Featuring Juice WRLD,Matt Hardy 999,Trippie Redd
Blinding Lights,The Weeknd,Blinding Lights,The Weeknd
Glad You Exist,Dan + Shay,Glad You Exist,Dan + Shay
Without You,The Kid LAROI,Without You,The Kid LAROI
Astronaut In The Ocean,Masked Wolf,Astronaut In The Ocean,Masked Wolf
Rapstar,Polo G,Rapstar,Polo G
Famous Friends,Chris Young + Kane Brown,Famous Friends,Chris Young + Kane Brown
Lil Bit,Nelly & Florida Georgia Line,Lil Bit,Nelly
Beautiful Mistakes,Maroon 5 Featuring Megan Thee Stallion,Beautiful Mistakes,Maroon 5
Rich MF,Trippie Redd Featuring Lil Durk & Polo G,Rich MF,Trippie Redd
Already Won,Rod Wave Featuring Lil Durk,Already Won,Rod Wave
Betrayal,Trippie Redd Featuring Drake,Betrayal,Trippie Redd
Don't Go,"Skrillex, Justin Bieber & Don Toliver",Don't Go,Skrillex
Tombstone,Rod Wave,Tombstone,Rod Wave
Visiting Hours,Ed Sheeran,Visiting Hours,Ed Sheeran
Holy Smokes,Trippie Redd Featuring Lil Uzi Vert,Holy Smokes,Trippie Redd
Miss The Rage,Trippie Redd & Playboi Carti,Miss The Rage,Trippie Redd
You,Regard x Troye Sivan x Tate McRae,You,Regard
MP5,Trippie Redd Featuring SoFaygo,MP5,Trippie Redd
Paralyzed,Sueco,Paralyzed,Sueco
I Guess I'm In Love,Clinton Kane,I Guess I'm In Love,Clinton Kane
Get Ready,Rod Wave Featuring Kodak Black,Get Ready,Rod Wave
Danny Phantom,Trippie Redd Featuring XXXTENTACION,Danny Phantom,Trippie Redd
What's Wrong,Rod Wave,What's Wrong,Rod Wave
Demon Time,Trippie Redd Featuring Ski Mask The Slump God,Demon Time,Trippie Redd
Tick Tock,Young Thug,Tick Tock,Young Thug
Permission To Dance,BTS,Permission To Dance,BTS
Time Heals,Rod Wave,Time Heals,Rod Wave
Mind Of Melvin,YNW Melly Featuring Lil Uzi Vert,Mind Of Melvin,YNW Melly
Papercuts,Machine Gun Kelly,Papercuts,Machine Gun Kelly
SUVs (Black On Black),Jack Harlow & Pooh Shiesty,SUVs,Jack Harlow
Straightenin,Migos,Straightenin,Migos
Blame It On You,Jason Aldean,Blame It On You,Jason Aldean
Hats Off,"Lil Baby, Lil Durk & Travis Scott",Hats Off,Lil Baby
Over The Top,Smiley Featuring Drake,Over The Top,Smiley
Brainwashed,Tom MacDonald,Brainwashed,Tom MacDonald
my.life,"J. Cole, 21 Savage & Morray",my.life,J. Cole
WUSYANAME,"Tyler, The Creator Featuring YoungBoy Never Broke Again & Ty Dolla $ign",WUSYANAME,Tyler
Favorite Crime,Olivia Rodrigo,Favorite Crime,Olivia Rodrigo
Outside,MO3 X OG Bobby Billions,Outside,MO3
Ball If I Want To,DaBaby,Ball If I Want To,DaBaby
Next Girl,Carly Pearce,Next Girl,Carly Pearce
I Like Dat,T-Pain & Kehlani,I Like Dat,T-Pain
Steal My Love,Dan + Shay,Steal My Love,Dan + Shay
5500 Degrees,"EST Gee Featuring Lil Baby, 42 Dugg & Rylo Rodriguez",5500 Degrees,EST Gee
Telepatia,Kali Uchis,Telepatia,Kali Uchis
My Ex's Best Friend,Machine Gun Kelly X blackbear,My Ex's Best Friend,Machine Gun Kelly
NDA,Billie Eilish,NDA,Billie Eilish
EPMD 2,Nas Featuring Eminem & EPMD,EPMD 2,Nas
Lose,KSI x Lil Wayne,Lose,KSI
I Hope Ur Miserable Until Ur Dead,Nessa Barrett,I Hope Ur Miserable Until Ur Dead,Nessa Barrett
Not Sober,The Kid LAROI Featuring Polo G & Stunna Gambino,Not Sober,The Kid LAROI
Happier,Olivia Rodrigo,Happier,Olivia Rodrigo
Twerkulator,City Girls,Twerkulator,City Girls
Fiel,"Los Legendarios, Wisin & Jhay Cortez",Fiel,Los Legendarios
Rare,Nas,Rare,Nas
Best Friend,Saweetie Featuring Doja Cat,Best Friend,Saweetie
Mood,24kGoldn Featuring iann dior,Mood,24kGoldn
One Too Many,Keith Urban Duet With P!nk,One Too Many,Keith Urban Duet
Getting Older,Billie Eilish,Getting Older,Billie Eilish
Billie Bossa Nova,Billie Eilish,Billie Bossa Nova,Billie Eilish
Oxytocin,Billie Eilish,Oxytocin,Billie Eilish
I Didn't Change My Number,Billie Eilish,I Didn't Change My Number,Billie Eilish
Way Less Sad,AJR,Way Less Sad,AJR
Lost Cause,Billie Eilish,Lost Cause,Billie Eilish
Halley's Comet,Billie Eilish,Halley's Comet,Billie Eilish
My Future,Billie Eilish,My Future,Billie Eilish
Build A Bitch,Bella Poarch,Build A Bitch,Bella Poarch
From The Garden,Isaiah Rashad Featuring Lil Uzi Vert,From The Garden,Isaiah Rashad
Working,Tate McRae X Khalid,Working,Tate McRae
Wants And Needs,Drake Featuring Lil Baby,Wants And Needs,Drake
Settling Down,Miranda Lambert,Settling Down,Miranda Lambert
Gone,Dierks Bentley,Gone,Dierks Bentley
Red Light Green Light,DaBaby,Red Light Green Light,DaBaby
Better Believe,"Belly, The Weeknd & Young Thug",Better Believe,Belly
Lick Back,EST Gee,Lick Back,EST Gee
Ski,Young Thug & Gunna,Ski,Young Thug
Minimum Wage,Blake Shelton,Minimum Wage,Blake Shelton
Still Chose You,The Kid LAROI Featuring Mustard,Still Chose You,The Kid LAROI
Drivers License,Olivia Rodrigo,Drivers License,Olivia Rodrigo
Tell The Vision,Pop Smoke Featuring Kanye West & Pusha T,Tell The Vision,Pop Smoke
pov,Ariana Grande,pov,Ariana Grande
Bout A Million,Pop Smoke Featuring 21 Savage & 42 Dugg,Bout A Million,Pop Smoke
Mr. Jones,Pop Smoke Featuring Future,Mr. Jones,Pop Smoke
More Time,Pop Smoke,More Time,Pop Smoke
Manslaughter,Pop Smoke Featuring Rick Ross & The-Dream,Manslaughter,Pop Smoke
Demeanor,Pop Smoke Featuring Dua Lipa,Demeanor,Pop Smoke
transparentsoul,Willow Featuring Travis Barker,transparentsoul,Willow
Am I The Only One,Aaron Lewis,Am I The Only One,Aaron Lewis
30,Pop Smoke Featuring Bizzy Banks,30,Pop Smoke
"Jealousy, Jealousy",Olivia Rodrigo,"Jealousy, Jealousy",Olivia Rodrigo
Calling My Phone,Lil Tjay Featuring 6LACK,Calling My Phone,Lil Tjay
Breaking Up Was Easy In The 90's,Sam Hunt,Breaking Up Was Easy In The 90's,Sam Hunt
The Jackie,Bas With J. Cole & Lil TJay,The Jackie,Bas
Follow You,Imagine Dragons,Follow You,Imagine Dragons
Volando,"Mora, Bad Bunny & Sech",Volando,Mora
4 Da Gang,42 Dugg & Roddy Ricch,4 Da Gang,42 Dugg
De Museo,Bad Bunny,De Museo,Bad Bunny
Wasting Time,Brent Faiyaz Featuring Drake,Wasting Time,Brent Faiyaz
All I Know So Far,P!nk,All I Know So Far,P!nk
Track Star,Mooski,Track Star,Mooski
Renegade,Big Red Machine Featuring Taylor Swift,Renegade,Big Red Machine
Cry No More,G Herbo Featuring Polo G & Lil Tjay,Cry No More,G Herbo
Made For You,Jake Owen,Made For You,Jake Owen
Having Our Way,Migos Featuring Drake,Having Our Way,Migos
What's Next,Drake,What's Next,Drake
Enough For You,Olivia Rodrigo,Enough For You,Olivia Rodrigo
Juggernaut,"Tyler, The Creator Featuring Lil Uzi Vert & Pharrell Williams",Juggernaut,Tyler
Tell Em,Cochise & $NOT,Tell Em,Cochise
Lemonhead,"Tyler, The Creator Featuring 42 Dugg",Lemonhead,Tyler
Lumberjack,"Tyler, The Creator",Lumberjack,Tyler
Almost Maybes,Jordan Davis,Almost Maybes,Jordan Davis
Hot Wind Blows,"Tyler, The Creator Featuring Lil Wayne",Hot Wind Blows,Tyler
Corso,"Tyler, The Creator",Corso,Tyler
I Don't Do Drugs,Doja Cat Featuring Ariana Grande,I Don't Do Drugs,Doja Cat
Sir Baudelaire,"Tyler, The Creator Featuring DJ Drama",Sir Baudelaire,Tyler
Sweet / I Thought You Wanted To Dance,"Tyler, The Creator Featuring Brent Faiyaz & Fana Hues",Sweet / I Thought You Wanted To Dance,Tyler
Massa,"Tyler, The Creator",Massa,Tyler
RunItUp,"Tyler, The Creator Featuring Teezo Touchdown",RunItUp,Tyler
Manifesto,"Tyler, The Creator Featuring Domo Genesis",Manifesto,Tyler
Wilshire,"Tyler, The Creator",Wilshire,Tyler
Rise!,"Tyler, The Creator Featuring Daisy World",Rise!,Tyler
What You Know Bout Love,Pop Smoke,What You Know Bout Love,Pop Smoke
Time Today,Moneybagg Yo,Time Today,Moneybagg Yo
Up,Cardi B,Up,Cardi B
Beat Box,SpotemGottem Featuring Pooh Shiesty Or DaBaby,Beat Box,SpotemGottem
Nobody,Dylan Scott,Nobody,Dylan Scott
No Return,Polo G Featuring The Kid LAROI & Lil Durk,No Return,Polo G
No More Parties,Coi Leray Featuring Lil Durk,No More Parties,Coi Leray
Quicksand,Morray,Quicksand,Morray
Gang Gang,Polo G & Lil Wayne,Gang Gang,Polo G
Pick Up Your Feelings,Jazmine Sullivan,Pick Up Your Feelings,Jazmine Sullivan
Avalanche,Migos,Avalanche,Migos
We're Good,Dua Lipa,We're Good,Dua Lipa
pride.is.the.devil,J. Cole & Lil Baby,pride.is.the.devil,J. Cole
Still Runnin,"Lil Baby, Lil Durk & Meek Mill",Still Runnin,Lil Baby
How It Feels,Lil Baby & Lil Durk,How It Feels,Lil Baby
Black Hearted,Polo G,Black Hearted,Polo G
Painting Pictures,Polo G,Painting Pictures,Polo G
Modern Day,Migos,Modern Day,Migos
Toxic,Polo G,Toxic,Polo G
Solar Power,Lorde,Solar Power,Lorde
Malibu,Migos Featuring Polo G,Malibu,Migos
Type Shit,Migos & Cardi B,Type Shit,Migos
Clueless,Polo G Featuring Pop Smoke & Fivio Foreign,Clueless,Polo G
Voice Of The Heroes,Lil Baby & Lil Durk,Voice Of The Heroes,Lil Baby
Heart Of A Giant,Polo G Featuring Rod Wave,Heart Of A Giant,Polo G
Party Lyfe,Polo G Featuring DaBaby,Party Lyfe,Polo G
Go Part 1,Polo G Featuring G Herbo,Go Part 1,Polo G
Epidemic,Polo G,Epidemic,Polo G
Boom,Polo G,Boom,Polo G
2040,Lil Baby & Lil Durk,2040,Lil Baby
"1 Step Forward, 3 Steps Back",Olivia Rodrigo,"1 Step Forward, 3 Steps Back",Olivia Rodrigo
Bloody Canvas,Polo G,Bloody Canvas,Polo G
Who I Want,Lil Baby & Lil Durk,Who I Want,Lil Baby
Back In Blood,Pooh Shiesty Featuring Lil Durk,Back In Blood,Pooh Shiesty
Still Hood,Lil Baby & Lil Durk,Still Hood,Lil Baby
Okay,Lil Baby & Lil Durk,Okay,Lil Baby
Man Of My Word,Lil Baby & Lil Durk,Man Of My Word,Lil Baby
Medical,Lil Baby & Lil Durk,Medical,Lil Baby
Rich Off Pain,"Lil Baby, Lil Durk & Rod Wave",Rich Off Pain,Lil Baby
Lying,Lil Baby & Lil Durk,Lying,Lil Baby
Snowflakes,Tom MacDonald,Snowflakes,Tom MacDonald
That's Facts,Lil Baby & Lil Durk,That's Facts,Lil Baby
Your Power,Billie Eilish,Your Power,Billie Eilish
Please,Lil Baby & Lil Durk,Please,Lil Baby
Up The Side,"Lil Baby, Lil Durk & Young Thug",Up The Side,Lil Baby
Hope Ur OK,Olivia Rodrigo,Hope Ur OK,Olivia Rodrigo
If You Want To,Lil Baby & Lil Durk,If You Want To,Lil Baby
Seeing Green,"Nicki Minaj, Drake & Lil Wayne",Seeing Green,Nicki Minaj
The Good Ones,Gabby Barrett,The Good Ones,Gabby Barrett
Hell Of A View,Eric Church,Hell Of A View,Eric Church
On Me,Lil Baby,On Me,Lil Baby
Killer,Eminem Featuring Jack Harlow & Cordae,Killer,Eminem
amari,J. Cole,amari,J. Cole
Goosebumps,Travis Scott & HVME,Goosebumps,Travis Scott
Solid,Young Thug & Gunna Featuring Drake,Solid,Young Thug
Hello,Pop Smoke Featuring A Boogie Wit da Hoodie,Hello,Pop Smoke
The Business,Tiesto,The Business,Tiesto
95.south,J. Cole,95.south,J. Cole
Drankin N Smokin,Future & Lil Uzi Vert,Drankin N Smokin,Future
Hold On,Justin Bieber,Hold On,Justin Bieber
Wasted On You,Morgan Wallen,Wasted On You,Morgan Wallen
Botella Tras Botella,Gera MX + Christian Nodal,Botella Tras Botella,Gera MX + Christian Nodal
interlude,J. Cole,interlude,J. Cole
applying.pressure,J. Cole,applying.pressure,J. Cole
Streets,Doja Cat,Streets,Doja Cat
100.mil',J. Cole & Bas,100.mil',J. Cole
let.go.my.hand,"J. Cole, Bas & 6LACK",let.go.my.hand,J. Cole
24 Hours,A Boogie Wit da Hoodie Featuring Lil Durk,24 Hours,A Boogie Wit da Hoodie
punchin'.the.clock,J. Cole,punchin'.the.clock,J. Cole
the.climb.back,J. Cole,the.climb.back,J. Cole
hunger.on.hillside,J. Cole & Bas,hunger.on.hillside,J. Cole
close,J. Cole,close,J. Cole
Fractions,Nicki Minaj,Fractions,Nicki Minaj
His & Hers,"Internet Money, Don Toliver & Lil Uzi Vert Featuring Gunna",His & Hers,Internet Money
White Teeth,YoungBoy Never Broke Again,White Teeth,YoungBoy Never Broke Again
Itty Bitty Piggy,Nicki Minaj,Itty Bitty Piggy,Nicki Minaj
Street Runner,Rod Wave,Street Runner,Rod Wave
La Noche de Anoche,Bad Bunny & Rosalia,La Noche de Anoche,Bad Bunny
Shottas (Lala),Moneybagg Yo,Shottas,Moneybagg Yo
Never Left,Lil Tecca,Never Left,Lil Tecca
Higher Power,Coldplay,Higher Power,Coldplay
Lady,Brett Young,Lady,Brett Young
Crocodile Teeth,Nicki Minaj & Skillibeng,Crocodile Teeth,Nicki Minaj
34+35,Ariana Grande Feat. Doja Cat & Megan Thee Stallion,34+35,Ariana Grande
Positions,Ariana Grande,Positions,Ariana Grande
You Broke Me First.,Tate McRae,You Broke Me First.,Tate McRae
Dakiti,Bad Bunny & Jhay Cortez,Dakiti,Bad Bunny
You're Mines Still,Yung Bleu Featuring Drake,You're Mines Still,Yung Bleu
Therefore I Am,Billie Eilish,Therefore I Am,Billie Eilish
What's Your Country Song,Thomas Rhett,What's Your Country Song,Thomas Rhett
Good Days,SZA,Good Days,SZA
Just The Way,Parmalee x Blanco Brown,Just The Way,Parmalee
Ramen & OJ,Joyner Lucas & Lil Baby,Ramen & OJ,Joyner Lucas
Down To One,Luke Bryan,Down To One,Luke Bryan
Hard For The Next,Moneybagg Yo & Future,Hard For The Next,Moneybagg Yo
What You Need,Don Toliver,What You Need,Don Toliver
I Did It,"DJ Khaled Featuring Post Malone, Megan Thee Stallion, Lil Baby & DaBaby",I Did It,DJ Khaled
Tampa,Cico P,Tampa,Cico P
Big Gangsta,Kevin Gates,Big Gangsta,Kevin Gates
Hellcats & Trackhawks,Lil Durk,Hellcats & Trackhawks,Lil Durk
Let It Go,DJ Khaled Featuring Justin Bieber & 21 Savage,Let It Go,DJ Khaled
Richer,Rod Wave Featuring Polo G,Richer,Rod Wave
Headshot,"Lil Tjay, Polo G & Fivio Foreign",Headshot,Lil Tjay
Go!,Moneybagg Yo Featuring BIG30,Go!,Moneybagg Yo
Go Crazy,Chris Brown & Young Thug,Go Crazy,Chris Brown
Sorry Not Sorry,"DJ Khaled Featuring Nas, JAY-Z & James Fauntleroy",Sorry Not Sorry,DJ Khaled
Somebody Like That,Tenille Arts,Somebody Like That,Tenille Arts
Body In Motion,"DJ Khaled Featuring Bryson Tiller, Lil Baby & Roddy Ricch",Body In Motion,DJ Khaled
Big Paper,DJ Khaled Featuring Cardi B,Big Paper,DJ Khaled
Durag Activity,Baby Keem & Travis Scott,Durag Activity,Baby Keem
Final Warning,NLE Choppa,Final Warning,NLE Choppa
If Pain Was A Person,Moneybagg Yo,If Pain Was A Person,Moneybagg Yo
Thankful,DJ Khaled Featuring Lil Wayne & Jeremih,Thankful,DJ Khaled
For The Night,Pop Smoke Featuring Lil Baby & DaBaby,For The Night,Pop Smoke
Willow,Taylor Swift,Willow,Taylor Swift
Damage,H.E.R.,Damage,H.E.R.
Free Promo,Moneybagg Yo Featuring Polo G & Lil Durk,Free Promo,Moneybagg Yo
Just Say Det,Moneybagg Yo,Just Say Det,Moneybagg Yo
Anyone,Justin Bieber,Anyone,Justin Bieber
My Head And My Heart,Ava Max,My Head And My Heart,Ava Max
How They Remember You,Rascal Flatts,How They Remember You,Rascal Flatts
Masterpiece,DaBaby,Masterpiece,DaBaby
Long Live,Florida Georgia Line,Long Live,Florida Georgia Line
Clear Da Air,Moneybagg Yo,Clear Da Air,Moneybagg Yo
Starting Over,Chris Stapleton,Starting Over,Chris Stapleton
Diamonds Dancing,Young Thug & Gunna Featuring Travis Scott,Diamonds Dancing,Young Thug
Cry Baby,Megan Thee Stallion Featuring DaBaby,Cry Baby,Megan Thee Stallion
Proud Of You,Young Thug Featuring Lil Uzi Vert & Yung Kayo,Proud Of You,Young Thug
Came And Saw,Young Thug Featuring Rowdy Rebel,Came And Saw,Young Thug
Paid The Fine,Young Thug & Gunna Featuring Lil Baby & YTB Trench,Paid The Fine,Young Thug
Momma's House,Dustin Lynch,Momma's House,Dustin Lynch
Mr. Perfectly Fine (Taylor's Version) (From The Vault),Taylor Swift,Mr. Perfectly Fine,Taylor Swift
Run It Up,Lil Tjay Featuring Offset & Moneybagg Yo,Run It Up,Lil Tjay
You Got It,VEDO,You Got It,VEDO
Monsters,All Time Low Featuring Demi Lovato & blackbear ,Monsters,All Time Low
Slatty,Young Thug & Gunna Featuring Yak Gotti & Lil Duke,Slatty,Young Thug
Ruff Ryders' Anthem,DMX,Ruff Ryders' Anthem,DMX
Party Up (Up In Here),DMX,Party Up,DMX
X Gon' Give It To Ya,DMX,X Gon' Give It To Ya,DMX
Love Story (Taylor's Version),Taylor Swift,Love Story,Taylor Swift
Forever & Always (Taylor's Version),Taylor Swift,Forever & Always,Taylor Swift
Fearless (Taylor's Version),Taylor Swift,Fearless,Taylor Swift
You All Over Me (Taylor's Version) (From The Vault),Taylor Swift Featuring Maren Morris,You All Over Me,Taylor Swift
You Belong With Me (Taylor's Version),Taylor Swift,You Belong With Me,Taylor Swift
Shy Away,twenty one pilots,Shy Away,twenty one pilots
Fifteen (Taylor's Version),Taylor Swift,Fifteen,Taylor Swift
Big Purr (Prrdd),Coi Leray & Pooh Shiesty,Big Purr,Coi Leray
Met Him Last Night,Demi Lovato Featuring Ariana Grande,Met Him Last Night,Demi Lovato
The Way I Loved You (Taylor's Version),Taylor Swift,The Way I Loved You,Taylor Swift
Dancing With The Devil,Demi Lovato,Dancing With The Devil,Demi Lovato
Real As It Gets,Lil Baby Featuring EST Gee,Real As It Gets,Lil Baby
Put Your Records On,Ritt Momney,Put Your Records On,Ritt Momney
Whoopty,CJ,Whoopty,CJ
Lemon Pepper Freestyle,Drake Featuring Rick Ross,Lemon Pepper Freestyle,Drake
Film Out,BTS,Film Out,BTS
Body,Megan Thee Stallion,Body,Megan Thee Stallion
As I Am,Justin Bieber Featuring Khalid,As I Am,Justin Bieber
Girl Like Me,Black Eyed Peas X Shakira,Girl Like Me,Black Eyed Peas
Buss It,Erica Banks,Buss It,Erica Banks
Dynamite,BTS,Dynamite,BTS
SoulFly,Rod Wave,SoulFly,Rod Wave
Gone Till November,Rod Wave,Gone Till November,Rod Wave
Don't Forget,Rod Wave,Don't Forget,Rod Wave
Blame On You,Rod Wave,Blame On You,Rod Wave
All I Got,Rod Wave,All I Got,Rod Wave
Pills & Billz,Rod Wave,Pills & Billz,Rod Wave
How The Game Go,Rod Wave,How The Game Go,Rod Wave
OMDB,Rod Wave,OMDB,Rod Wave
Clouds,NF,Clouds,NF
What's Love??,Rod Wave,What's Love??,Rod Wave
Shock Da World,Rod Wave,Shock Da World,Rod Wave
Sneaky Links,Rod Wave,Sneaky Links,Rod Wave
Better Together,Luke Combs,Better Together,Luke Combs
Good Time,Niko Moon,Good Time,Niko Moon
Unstable,Justin Bieber Featuring The Kid LAROI,Unstable,Justin Bieber
Off My Face,Justin Bieber,Off My Face,Justin Bieber
2 Much,Justin Bieber,2 Much,Justin Bieber
Deserve You,Justin Bieber,Deserve You,Justin Bieber
Die For You,Justin Bieber Featuring Dominic Fike,Die For You,Justin Bieber
Love You Different,Justin Bieber Featuring BEAM,Love You Different,Justin Bieber
Loved By You,Justin Bieber Featuring Burna Boy,Loved By You,Justin Bieber
Somebody,Justin Bieber,Somebody,Justin Bieber
Neighbors,Pooh Shiesty Featuring BIG30,Neighbors,Pooh Shiesty
Bandido,Myke Towers & Juhn,Bandido,Myke Towers
Beers And Sunshine,Darius Rucker,Beers And Sunshine,Darius Rucker
Throat Baby (Go Baby),BRS Kash,Throat Baby,BRS Kash
On The Ground,ROSE,On The Ground,ROSE
Lost,NF Featuring Hopsin,Lost,NF
Baila Conmigo,Selena Gomez With Rauw Alejandro,Baila Conmigo,Selena Gomez
Like I Want You,Giveon,Like I Want You,Giveon
Daywalker!,Machine Gun Kelly & CORPSE,Daywalker!,Machine Gun Kelly
Opp Stoppa,YBN Nahmir Featuring 21 Savage,Opp Stoppa,YBN Nahmir
Still Trappin',Lil Durk & King Von,Still Trappin',Lil Durk
Finesse Out The Gang Way,Lil Durk Featuring Lil Baby,Finesse Out The Gang Way,Lil Durk
Undivided,Tim McGraw & Tyler Hubbard,Undivided,Tim McGraw
Holy,Justin Bieber Featuring Chance The Rapper,Holy,Justin Bieber
Golden,Harry Styles,Golden,Harry Styles
Lifestyle,Jason Derulo Featuring Adam Levine,Lifestyle,Jason Derulo
Moonwalking In Calabasas,DDG,Moonwalking In Calabasas,DDG
Tyler Herro,Jack Harlow,Tyler Herro,Jack Harlow
Somebody's Problem,Morgan Wallen,Somebody's Problem,Morgan Wallen
Cover Me Up,Morgan Wallen,Cover Me Up,Morgan Wallen
Life's A Mess II,"Juice WRLD, Clever & Post Malone",Life's A Mess II,Juice WRLD
AP,Pop Smoke,AP,Pop Smoke
I Hope,Gabby Barrett Featuring Charlie Puth,I Hope,Gabby Barrett
Bang!,AJR,Bang!,AJR
Lemonade,Internet Money & Gunna Featuring Don Toliver & NAV,Lemonade,Internet Money
Lonely,Justin Bieber & benny blanco,Lonely,Justin Bieber
Laugh Now Cry Later,Drake Featuring Lil Durk,Laugh Now Cry Later,Drake
Only Wanna Be With You,Post Malone,Only Wanna Be With You,Post Malone
Hole In The Bottle,Kelsea Ballerini,Hole In The Bottle,Kelsea Ballerini
Bichota,Karol G,Bichota,Karol G
Test Drive,Ariana Grande,Test Drive,Ariana Grande
Hit Bout It,Lil Yachty Featuring Kodak Black,Hit Bout It,Lil Yachty
Chicken Tendies,Clinton Kane,Chicken Tendies,Clinton Kane
ZaZa,6ix9ine,ZaZa,6ix9ine
Afterglow,Ed Sheeran,Afterglow,Ed Sheeran
Monster,Shawn Mendes & Justin Bieber,Monster,Shawn Mendes
Before You Go,Lewis Capaldi,Before You Go,Lewis Capaldi
What It Feels Like,Nipsey Hussle & JAY-Z,What It Feels Like,Nipsey Hussle
So Done,The Kid LAROI,So Done,The Kid LAROI
Happy Does,Kenny Chesney,Happy Does,Kenny Chesney
"Big, Big Plans",Chris Lane,"Big, Big Plans",Chris Lane
Back To The Streets,Saweetie Featuring Jhene Aiko,Back To The Streets,Saweetie
Bad Boy,Juice WRLD & Young Thug,Bad Boy,Juice WRLD
Kings & Queens,Ava Max,Kings & Queens,Ava Max
Rockstar,DaBaby Featuring Roddy Ricch,Rockstar,DaBaby
GNF (OKOKOK),Polo G,GNF,Polo G
Provide,G-Eazy Featuring Chris Brown & Mark Morrison,Provide,G-Eazy
865,Morgan Wallen,865,Morgan Wallen
Box Of Churches,Pooh Shiesty Featuring 21 Savage,Box Of Churches,Pooh Shiesty
Dangerous,Morgan Wallen,Dangerous,Morgan Wallen
Warning,Morgan Wallen,Warning,Morgan Wallen
Still Goin Down,Morgan Wallen,Still Goin Down,Morgan Wallen
Prisoner,Miley Cyrus Featuring Dua Lipa,Prisoner,Miley Cyrus
Skin,Sabrina Carpenter,Skin,Sabrina Carpenter
7 Summers,Morgan Wallen,7 Summers,Morgan Wallen
More Than My Hometown,Morgan Wallen,More Than My Hometown,Morgan Wallen
Whats Poppin,"Jack Harlow Featuring DaBaby, Tory Lanez & Lil Wayne",Whats Poppin,Jack Harlow
Should've Ducked,Lil Durk Featuring Pooh Shiesty,Should've Ducked,Lil Durk
Diamonds,Sam Smith,Diamonds,Sam Smith
Gravity,"Brent Faiyaz & DJ Dahi Featuring Tyler, The Creator",Gravity,Brent Faiyaz
Holiday,Lil Nas X,Holiday,Lil Nas X
Stay Down,"Lil Durk, 6LACK & Young Thug",Stay Down,Lil Durk
Kanye Krazy,Lil Durk,Kanye Krazy,Lil Durk
Backdoor,Lil Durk,Backdoor,Lil Durk
Fake Woke,Tom MacDonald,Fake Woke,Tom MacDonald
Mr. Right Now,21 Savage & Metro Boomin Featuring Drake,Mr. Right Now,21 Savage
Savage Love (Laxed - Siren Beat),Jawsh 685 x Jason Derulo,Savage Love,Jawsh 685
Lo Vas A Olvidar,Billie Eilish & ROSALIA,Lo Vas A Olvidar,Billie Eilish
Take You Dancing,Jason Derulo,Take You Dancing,Jason Derulo
Hit Different,SZA Featuring Ty Dolla $ign,Hit Different,SZA
Champagne Night,Lady A,Champagne Night,Lady A
Kacey Talk,YoungBoy Never Broke Again,Kacey Talk,YoungBoy Never Broke Again
Adderall (Corvette Corvette),Popp Hunna,Adderall,Popp Hunna
Antes,Anuel AA & Ozuna,Antes,Anuel AA
I Should Probably Go To Bed,Dan + Shay,I Should Probably Go To Bed,Dan + Shay
WAP,Cardi B Featuring Megan Thee Stallion,WAP,Cardi B
Love You Like I Used To,Russell Dickerson,Love You Like I Used To,Russell Dickerson
De Una Vez,Selena Gomez,De Una Vez,Selena Gomez
Better Days,Ant Clemons Featuring Justin Timberlake,Better Days,Ant Clemons
Hawai,Maluma & The Weeknd,Hawai,Maluma
B.S.,Jhene Aiko Featuring H.E.R.,B.S.,Jhene Aiko
Neon Eyes,Morgan Wallen,Neon Eyes,Morgan Wallen
More Surprised Than Me,Morgan Wallen,More Surprised Than Me,Morgan Wallen
Livin' The Dream,Morgan Wallen,Livin' The Dream,Morgan Wallen
Whiskey'd My Way,Morgan Wallen,Whiskey'd My Way,Morgan Wallen
Your Bartender,Morgan Wallen,Your Bartender,Morgan Wallen
Outlaw,Morgan Wallen Featuring Ben Burgess,Outlaw,Morgan Wallen
Only Thing That's Gone,Morgan Wallen Featuring Chris Stapleton,Only Thing That's Gone,Morgan Wallen
This Bar,Morgan Wallen,This Bar,Morgan Wallen
Wonderin' Bout The Wind,Morgan Wallen,Wonderin' Bout The Wind,Morgan Wallen
Girl Like Me,Jazmine Sullivan Featuring H.E.R.,Girl Like Me,Jazmine Sullivan
Midnight Sky,Miley Cyrus,Midnight Sky,Miley Cyrus
Happy Anywhere,Blake Shelton Featuring Gwen Stefani,Happy Anywhere,Blake Shelton
Pretty Heart,Parker McCollum,Pretty Heart,Parker McCollum
Watermelon Sugar,Harry Styles,Watermelon Sugar,Harry Styles
Ain't Always The Cowboy,Jon Pardi,Ain't Always The Cowboy,Jon Pardi
Way Out,Jack Harlow Featuring Big Sean,Way Out,Jack Harlow
Some Girls,Jameson Rodgers,Some Girls,Jameson Rodgers
Took Her To The O,King Von,Took Her To The O,King Von
Wonder,Shawn Mendes,Wonder,Shawn Mendes
Everywhere But On,Matt Stell,Everywhere But On,Matt Stell
Reminds Me Of You,The Kid LAROI & Juice WRLD,Reminds Me Of You,The Kid LAROI
All I Want For Christmas Is You,Mariah Carey,All I Want For Christmas Is You,Mariah Carey
Rockin' Around The Christmas Tree,Brenda Lee,Rockin' Around The Christmas Tree,Brenda Lee
Jingle Bell Rock,Bobby Helms,Jingle Bell Rock,Bobby Helms
A Holly Jolly Christmas,Burl Ives,A Holly Jolly Christmas,Burl Ives
It's The Most Wonderful Time Of The Year,Andy Williams,It's The Most Wonderful Time Of The Year,Andy Williams
Run Rudolph Run,Chuck Berry,Run Rudolph Run,Chuck Berry
Feliz Navidad,Jose Feliciano,Feliz Navidad,Jose Feliciano
"Let It Snow, Let It Snow, Let It Snow",Dean Martin,"Let It Snow, Let It Snow, Let It Snow",Dean Martin
The Christmas Song (Merry Christmas To You),Nat King Cole,The Christmas Song,Nat King Cole
Underneath The Tree,Kelly Clarkson,Underneath The Tree,Kelly Clarkson
Redman,Lil Durk,Redman,Lil Durk
Slay3r,Playboi Carti,Slay3r,Playboi Carti
Go2DaMoon,Playboi Carti Featuring Kanye West,Go2DaMoon,Playboi Carti
Refugee,Lil Durk,Refugee,Lil Durk
Take Me Home For Christmas,Dan + Shay,Take Me Home For Christmas,Dan + Shay
Vamp Anthem,Playboi Carti,Vamp Anthem,Playboi Carti
New N3on,Playboi Carti,New N3on,Playboi Carti
Death Ain't Easy,Lil Durk,Death Ain't Easy,Lil Durk
M3tamorphosis,Playboi Carti Featuring Kid Cudi,M3tamorphosis,Playboi Carti
Last Christmas,Wham!,Last Christmas,Wham!
Sleigh Ride,The Ronettes,Sleigh Ride,The Ronettes
It's Beginning To Look A Lot Like Christmas,Perry Como And The Fontane Sisters With Mitchell Ayres And His Orchestra,It's Beginning To Look A Lot Like Christmas,Perry Como
Rudolph The Red-Nosed Reindeer,Gene Autry,Rudolph The Red-Nosed Reindeer,Gene Autry
Santa Tell Me,Ariana Grande,Santa Tell Me,Ariana Grande
Happy Holiday / The Holiday Season,Andy Williams,Happy Holiday / The Holiday Season,Andy Williams
Christmas (Baby Please Come Home),Darlene Love,Christmas,Darlene Love
White Christmas,Bing Crosby,White Christmas,Bing Crosby
(There's No Place Like) Home For The Holidays,Perry Como, Home For The Holidays,Perry Como
It's Beginning To Look A Lot Like Christmas,Michael Buble,It's Beginning To Look A Lot Like Christmas,Michael Buble
Here Comes Santa Claus (Right Down Santa Claus Lane),Gene Autry,Here Comes Santa Claus,Gene Autry
Wonderful Christmastime,Paul McCartney,Wonderful Christmastime,Paul McCartney
"You're A Mean One, Mr. Grinch",Thurl Ravenscroft,"You're A Mean One, Mr. Grinch",Thurl Ravenscroft
Blue Christmas,Elvis Presley,Blue Christmas,Elvis Presley
Mele Kalikimaka (Merry Christmas),Bing Crosby & The Andrews Sisters,Mele Kalikimaka,Bing Crosby
This Christmas,Donny Hathaway,This Christmas,Donny Hathaway
Deck The Halls,Nat King Cole,Deck The Halls,Nat King Cole
Please Come Home For Christmas,Eagles,Please Come Home For Christmas,Eagles
Santa Claus Is Comin' To Town,Jackson 5,Santa Claus Is Comin' To Town,Jackson 5
Little Saint Nick,The Beach Boys,Little Saint Nick,The Beach Boys
Have Yourself A Merry Little Christmas,Michael Buble,Have Yourself A Merry Little Christmas,Michael Buble
I'll Be Home For Christmas,Bing Crosby,I'll Be Home For Christmas,Bing Crosby
Hallelujah,Carrie Underwood & John Legend,Hallelujah,Carrie Underwood
Gnat,Eminem,Gnat,Eminem
Rockin' Around The Christmas Tree,Justin Bieber,Rockin' Around The Christmas Tree,Justin Bieber
Favorite Time Of Year,Carrie Underwood,Favorite Time Of Year,Carrie Underwood
Under The Mistletoe,Kelly Clarkson & Brett Eldredge,Under The Mistletoe,Kelly Clarkson
Champagne Problems,Taylor Swift,Champagne Problems,Taylor Swift
The First Noel,Gabby Barrett,The First Noel,Gabby Barrett
Tequila Shots,Kid Cudi,Tequila Shots,Kid Cudi
'Tis The Damn Season,Taylor Swift,'Tis The Damn Season,Taylor Swift
Silent Night,Carrie Underwood,Silent Night,Carrie Underwood
"No Body, No Crime",Taylor Swift Featuring HAIM,"No Body, No Crime",Taylor Swift
Gold Rush,Taylor Swift,Gold Rush,Taylor Swift
Tolerate It,Taylor Swift,Tolerate It,Taylor Swift
She Knows This,Kid Cudi,She Knows This,Kid Cudi
Happiness,Taylor Swift,Happiness,Taylor Swift
Show Out,"Kid Cudi, Skepta & Pop Smoke",Show Out,Kid Cudi
Evermore,Taylor Swift Featuring Bon Iver,Evermore,Taylor Swift
Ivy,Taylor Swift,Ivy,Taylor Swift
Coney Island,Taylor Swift Featuring The National,Coney Island,Taylor Swift
Another Day,Kid Cudi,Another Day,Kid Cudi
Dorothea,Taylor Swift,Dorothea,Taylor Swift
Long Story Short,Taylor Swift,Long Story Short,Taylor Swift
Cowboy Like Me,Taylor Swift,Cowboy Like Me,Taylor Swift
Marjorie,Taylor Swift,Marjorie,Taylor Swift
Mr. Solo Dolo III,Kid Cudi,Mr. Solo Dolo III,Kid Cudi
Dive,Kid Cudi,Dive,Kid Cudi
Closure,Taylor Swift,Closure,Taylor Swift
Heaven On Earth,Kid Cudi,Heaven On Earth,Kid Cudi
Sad People,Kid Cudi,Sad People,Kid Cudi
Damaged,Kid Cudi,Damaged,Kid Cudi
Errbody,Lil Baby,Errbody,Lil Baby
Beautiful Trip,Kid Cudi,Beautiful Trip,Kid Cudi
Real Shit,Juice WRLD x benny blanco,Real Shit,Juice WRLD
Dicked Down In Dallas,Trey Lewis,Dicked Down In Dallas,Trey Lewis
Oh Santa!,Mariah Carey Featuring Ariana Grande & Jennifer Hudson,Oh Santa!,Mariah Carey
Don't Stop,Megan Thee Stallion Featuring Young Thug,Don't Stop,Megan Thee Stallion
Life Goes On,BTS,Life Goes On,BTS
Martin & Gina,Polo G,Martin & Gina,Polo G
Heather,Conan Gray,Heather,Conan Gray
Practice,DaBaby,Practice,DaBaby
Te Mudaste,Bad Bunny,Te Mudaste,Bad Bunny
Be Like That,Kane Brown With Swae Lee & Khalid,Be Like That,Kane Brown
ily,Surf Mesa Featuring Emilee,ily,Surf Mesa
Said Sum,Moneybagg Yo,Said Sum,Moneybagg Yo
Yo Visto Asi,Bad Bunny,Yo Visto Asi,Bad Bunny
Haciendo Que Me Amas,Bad Bunny,Haciendo Que Me Amas,Bad Bunny
Te Deseo Lo Mejor,Bad Bunny,Te Deseo Lo Mejor,Bad Bunny
Booker T,Bad Bunny,Booker T,Bad Bunny
El Mundo Es Mio,Bad Bunny,El Mundo Es Mio,Bad Bunny
Hoy Cobre,Bad Bunny,Hoy Cobre,Bad Bunny
Maldita Pobreza,Bad Bunny,Maldita Pobreza,Bad Bunny
La Droga,Bad Bunny,La Droga,Bad Bunny
Blue & Grey,BTS,Blue & Grey,BTS
Stay,BTS,Stay,BTS
One Beer,HARDY Featuring Lauren Alaina & Devin Dawson,One Beer,HARDY
One Of Them Girls,Lee Brice,One Of Them Girls,Lee Brice
Come & Go,Juice WRLD x Marshmello,Come & Go,Juice WRLD
Fly To My Room,BTS,Fly To My Room,BTS
Telepathy,BTS,Telepathy,BTS
Dis-ease,BTS,Dis-ease,BTS
Franchise,Travis Scott Featuring Young Thug & M.I.A.,Franchise,Travis Scott
Girls In The Hood,Megan Thee Stallion,Girls In The Hood,Megan Thee Stallion
Shots Fired,Megan Thee Stallion,Shots Fired,Megan Thee Stallion
Pain Away,Meek Mill Featuring Lil Durk,Pain Away,Meek Mill
U 2 Luv,Ne-Yo & Jeremih,U 2 Luv,Ne-Yo
Wishing Well,Juice WRLD,Wishing Well,Juice WRLD
Do It On The Tip,Megan Thee Stallion Featuring City Girls & Hot Girl Meg,Do It On The Tip,Megan Thee Stallion
Circles,Megan Thee Stallion,Circles,Megan Thee Stallion
Popstar,DJ Khaled Featuring Drake,Popstar,DJ Khaled
Got What I Got,Jason Aldean,Got What I Got,Jason Aldean
Stripes Like Burberry,Future & Lil Uzi Vert,Stripes Like Burberry,Future
Adore You,Harry Styles,Adore You,Harry Styles
That's It,Future & Lil Uzi Vert,That's It,Future
The Woo,Pop Smoke Featuring 50 Cent & Roddy Ricch,The Woo,Pop Smoke
Real Baby Pluto,Future & Lil Uzi Vert,Real Baby Pluto,Future
Iris,Phoebe & Maggie,Iris,Phoebe
Mood Swings,Pop Smoke Featuring Lil Tjay,Mood Swings,Pop Smoke
Marni On Me,Future & Lil Uzi Vert,Marni On Me,Future
Million Dollar Play,Future & Lil Uzi Vert,Million Dollar Play,Future
Sleeping On The Floor,Future & Lil Uzi Vert,Sleeping On The Floor,Future
Blind,DaBaby Featuring Young Thug,Blind,DaBaby
Plastic,Future & Lil Uzi Vert,Plastic,Future
24,Money Man Featuring Lil Baby,24,Money Man
Runnin,21 Savage & Metro Boomin,Runnin,21 Savage
Relacion,"Sech, Daddy Yankee & J Balvin Featuring Rosalia & Farruko",Relacion,Sech
La Toxica,Farruko,La Toxica,Farruko
Tap In,Saweetie,Tap In,Saweetie
Rockstar Chainz,Future,Rockstar Chainz,Future
Bought A Bad Bitch,Future & Lil Uzi Vert,Bought A Bad Bitch,Future
What That Speed Bout!?,"Mike WiLL Made-It, Nicki Minaj & YoungBoy Never Broke Again",What That Speed Bout!?,Mike WiLL Made-It
Rags2Riches,Rod Wave Featuring ATR Son Son,Rags2Riches,Rod Wave
Roses,SAINt JHN,Roses,SAINt JHN
Lovin' On You,Luke Combs,Lovin' On You,Luke Combs
Don't Need Friends,NAV Featuring Lil Baby,Don't Need Friends,NAV
The Code,King Von Featuring Polo G,The Code,King Von
Tragic,The Kid LAROI Featuring YoungBoy Never Brok Again & Internet Money,Tragic,The Kid LAROI
All These N**gas,King Von Featuring Lil Durk,All These N**gas,King Von
Motive,Ariana Grande Featuring Doja Cat,Motive,Ariana Grande
Crazy Story 2.0,King Von Featuring Lil Durk,Crazy Story 2.0,King Von
Always Do,The Kid LAROI,Always Do,The Kid LAROI
Young Wheezy,NAV With Gunna,Young Wheezy,NAV
Off The Table,Ariana Grande Featuring The Weeknd,Off The Table,Ariana Grande
Just Like Magic,Ariana Grande,Just Like Magic,Ariana Grande
"F*ck You, Goodbye",The Kid LAROI Featuring Machine Gun Kelly,"F*ck You, Goodbye",The Kid LAROI
Shut Up,Ariana Grande,Shut Up,Ariana Grande
Thriller,Michael Jackson,Thriller,Michael Jackson
Nasty,Ariana Grande,Nasty,Ariana Grande
Break My Heart,Dua Lipa,Break My Heart,Dua Lipa
Safety Net,Ariana Grande Featuring Ty Dolla $ign,Safety Net,Ariana Grande
Six Thirty,Ariana Grande,Six Thirty,Ariana Grande
My Hair,Ariana Grande,My Hair,Ariana Grande
Obvious,Ariana Grande,Obvious,Ariana Grande
West Side,Ariana Grande,West Side,Ariana Grande
Love Language,Ariana Grande,Love Language,Ariana Grande
Weeeeee,Trippie Redd,Weeeeee,Trippie Redd
Thick,DJ Chose Featuring BeatKing,Thick,DJ Chose
Circles,Post Malone,Circles,Post Malone
Dreams,Fleetwood Mac,Dreams,Fleetwood Mac
Don't Start Now,Dua Lipa,Don't Start Now,Dua Lipa
Spicy,Ty Dolla $ign Featuring Post Malone,Spicy,Ty Dolla $ign
The Other Guy,Luke Combs,The Other Guy,Luke Combs
Without You,Luke Combs Featuring Amanda Shires,Without You,Luke Combs
The Bigger Picture,Lil Baby,The Bigger Picture,Lil Baby
Whole Lotta Choppas,Sada Baby Featuring Nicki Minaj,Whole Lotta Choppas,Sada Baby
Greece,DJ Khaled Featuring Drake,Greece,DJ Khaled
Un Dia (One Day),"J Balvin, Dua Lipa, Bad Bunny & Tainy",Un Dia,J Balvin
Do It,Chloe X Halle,Do It,Chloe
Cardigan,Taylor Swift,Cardigan,Taylor Swift
Forget Me Too,Machine Gun Kelly & Halsey,Forget Me Too,Machine Gun Kelly
Head & Heart,Joel Corry X MNEK,Head & Heart,Joel Corry
"Wine, Beer, Whiskey",Little Big Town,"Wine, Beer, Whiskey",Little Big Town
Hate The Way,G-Eazy Featuring blackbear,Hate The Way,G-Eazy
OK Not To Be OK,Marshmello & Demi Lovato,OK Not To Be OK,Marshmello
Canceled,Larray,Canceled,Larray
Glock In My Lap,21 Savage & Metro Boomin,Glock In My Lap,21 Savage
Ice Cream,BLACKPINK X Selena Gomez,Ice Cream,BLACKPINK
Smile,Juice WRLD & The Weeknd,Smile,Juice WRLD
Breaking Me,Topic & A7S,Breaking Me,Topic
3 Headed Goat,Lil Durk Featuring Lil Baby & Polo G,3 Headed Goat,Lil Durk
I Called Mama,Tim McGraw,I Called Mama,Tim McGraw
Bloody Valentine,Machine Gun Kelly,Bloody Valentine,Machine Gun Kelly
La Jeepeta,Nio Garcia x Anuel AA x Myke Towers x Brray x Juanka,La Jeepeta,Nio Garcia
Caramelo,Ozuna x Karol G x Myke Towers,Caramelo,Ozuna
Pardon,T.I. Featuring Lil Baby,Pardon,T.I.
Dollaz On My Head,Gunna Featuring Young Thug,Dollaz On My Head,Gunna
If The World Was Ending,JP Saxe Featuring Julia Michaels,If The World Was Ending,JP Saxe
"Baby, I'm Jealous",Bebe Rexha Featuring Doja Cat,"Baby, I'm Jealous",Bebe Rexha
Cool Again,Kane Brown,Cool Again,Kane Brown
Rich N*gga Sh*t,21 Savage & Metro Boomin Featuring Young Thug,Rich N*gga Sh*t,21 Savage
Slidin,21 Savage & Metro Boomin,Slidin,21 Savage
Many Men,21 Savage & Metro Boomin,Many Men,21 Savage
Sofia,Clairo,Sofia,Clairo
Fallin',Why Don't We,Fallin',Why Don't We
Outta Time,Bryson Tiller Featuring Drake,Outta Time,Bryson Tiller
My Dawg,21 Savage & Metro Boomin,My Dawg,21 Savage
Brand New Draco,21 Savage & Metro Boomin,Brand New Draco,21 Savage
Lovesick Girls,BLACKPINK,Lovesick Girls,BLACKPINK
Snitches & Rats,21 Savage & Metro Boomin Featuring Young Nudy,Snitches & Rats,21 Savage
Rain On Me,Lady Gaga & Ariana Grande,Rain On Me,Lady Gaga
No Opp Left Behind,21 Savage & Metro Boomin,No Opp Left Behind,21 Savage
Steppin On N*ggas,21 Savage & Metro Boomin,Steppin On N*ggas,21 Savage
RIP Luv,21 Savage & Metro Boomin,RIP Luv,21 Savage
Always Forever,Bryson Tiller,Always Forever,Bryson Tiller
Years Go By,Bryson Tiller,Years Go By,Bryson Tiller
Said N Done,21 Savage & Metro Boomin,Said N Done,21 Savage
Life Is Good,Future Featuring Drake,Life Is Good,Future
Chasin' You,Morgan Wallen,Chasin' You,Morgan Wallen
Die From A Broken Heart,Maddie & Tae,Die From A Broken Heart,Maddie
We Paid,Lil Baby & 42 Dugg,We Paid,Lil Baby
Like That,Doja Cat Featuring Gucci Mane,Like That,Doja Cat
Over Now,Calvin Harris X The Weeknd,Over Now,Calvin Harris
Nobody's Love,Maroon 5,Nobody's Love,Maroon 5
Better,Zayn,Better,Zayn
Drunk Face,Machine Gun Kelly,Drunk Face,Machine Gun Kelly
"Ay, Dios Mio!",Karol G,"Ay, Dios Mio!",Karol G
Money Over Fallouts,Tory Lanez,Money Over Fallouts,Tory Lanez
Moral Of The Story,Ashe Featuring Niall Horan,Moral Of The Story,Ashe
Say So,Doja Cat Featuring Nicki Minaj,Say So,Doja Cat
Savage,Megan Thee Stallion,Savage,Megan Thee Stallion
Blueberry Faygo,Lil Mosey,Blueberry Faygo,Lil Mosey
Dolly,Lil Tecca & Lil Uzi Vert,Dolly,Lil Tecca
My Window,YoungBoy Never Broke Again Featuring Lil Wayne,My Window,YoungBoy Never Broke Again
When You Down,Lil Tecca & Polo G Featuring Lil Durk,When You Down,Lil Tecca
Me Gusta,Anitta Featuring Cardi B & Myke Towers,Me Gusta,Anitta
Wet. (She Got That...) ,YFN Lucci,Wet.,YFN Lucci
Lonely If You Are,Chase Rice,Lonely If You Are,Chase Rice
Drug Addiction,YoungBoy Never Broke Again,Drug Addiction,YoungBoy Never Broke Again
Wolves,Big Sean Featuring Post Malone,Wolves,Big Sean
The Bones,Maren Morris,The Bones,Maren Morris
One Margarita,Luke Bryan,One Margarita,Luke Bryan
Gone Too Soon,Andrew Jannakos,Gone Too Soon,Andrew Jannakos
All In,YoungBoy Never Broke Again,All In,YoungBoy Never Broke Again
Dead Trollz,YoungBoy Never Broke Again,Dead Trollz,YoungBoy Never Broke Again
Cross Roads,YoungBoy Never Broke Again,Cross Roads,YoungBoy Never Broke Again
The Last Backyard...,YoungBoy Never Broke Again,The Last Backyard...,YoungBoy Never Broke Again
Right Foot Creep,YoungBoy Never Broke Again,Right Foot Creep,YoungBoy Never Broke Again
One Night Standards,Ashley McBryde,One Night Standards,Ashley McBryde
Lets Link,WhoHeem,Lets Link,WhoHeem
Dirty Stick,YoungBoy Never Broke Again,Dirty Stick,YoungBoy Never Broke Again
Got It On Me,Pop Smoke,Got It On Me,Pop Smoke
Death Bed,Powfu Featuring beabadoobee,Death Bed,Powfu
Intentions,Justin Bieber Featuring Quavo,Intentions,Justin Bieber
Party Girl,StaySolidRocky,Party Girl,StaySolidRocky
The Voice,Lil Durk,The Voice,Lil Durk
Lithuania,Big Sean Featuring Travis Scott,Lithuania,Big Sean
Deep Reverence,Big Sean Featuring Nipsey Hussle,Deep Reverence,Big Sean
Why We Drink,Justin Moore,Why We Drink,Justin Moore
After Party,Don Toliver,After Party,Don Toliver
Body Language,Big Sean Featuring Ty Dolla $ign & Jhene Aiko,Body Language,Big Sean
Why Would I Stop?,Big Sean,Why Would I Stop?,Big Sean
Need It,Migos Featuring YoungBoy Never Broke Again,Need It,Migos
Stuck With U,Ariana Grande & Justin Bieber,Stuck With U,Ariana Grande
Be A Light,"Thomas Rhett Featuring Reba McEntire, Hillary Scott, Chris Tomlin & Keith Urban",Be A Light,Thomas Rhett
I Love My Country,Florida Georgia Line,I Love My Country,Florida Georgia Line
God Whispered Your Name,Keith Urban,God Whispered Your Name,Keith Urban
Blastoff,Internet Money Featuring Juice WRLD & Trippie Redd,Blastoff,Internet Money
Expensive,Ty Dolla $ign Featuring Nicki Minaj,Expensive,Ty Dolla $ign
The 1,Taylor Swift,The 1,Taylor Swift
Done,Chris Janson,Done,Chris Janson
Girl Of My Dreams,Rod Wave,Girl Of My Dreams,Rod Wave
The Box,Roddy Ricch,The Box,Roddy Ricch
The Plan,Travis Scott,The Plan,Travis Scott
Spicy,Nas Featuring Fivio Foreign & A$AP Ferg,Spicy,Nas
Hate The Other Side,Juice WRLD & Marshmello Featuring Polo G & The Kid LAROI,Hate The Other Side,Juice WRLD
Exile,Taylor Swift Featuring Bon Iver,Exile,Taylor Swift
B*tch From da Souf,Mulatto,B*tch From da Souf,Mulatto
21,Polo G,21,Polo G
Emotionally Scarred,Lil Baby,Emotionally Scarred,Lil Baby
Bluebird,Miranda Lambert,Bluebird,Miranda Lambert
Toosie Slide,Drake,Toosie Slide,Drake
Mamacita,"Black Eyed Peas, Ozuna + J.Rey Soul",Mamacita,Black Eyed Peas
Conversations,Juice WRLD,Conversations,Juice WRLD
Righteous,Juice WRLD,Righteous,Juice WRLD
Past Life,Trevor Daniel x Selena Gomez,Past Life,Trevor Daniel
Something Special,Pop Smoke,Something Special,Pop Smoke
Hard To Forget,Sam Hunt,Hard To Forget,Sam Hunt
Supalonely,BENEE Featuring Gus Dapperton,Supalonely,BENEE
Letter From Houston,Rod Wave,Letter From Houston,Rod Wave
One Big Country Song,LOCASH,One Big Country Song,LOCASH
Don't Rush,Young T & Bugsey Featuring Headie One,Don't Rush,Young T
Freestyle,Rod Wave,Freestyle,Rod Wave
Life's A Mess,Juice WRLD X Halsey,Life's A Mess,Juice WRLD
Move Ya Hips,A$AP Ferg Featuring  Nicki Minaj & MadeinTYO,Move Ya Hips,A$AP Ferg
Be Kind,Marshmello & Halsey,Be Kind,Marshmello
Falling,Trevor Daniel,Falling,Trevor Daniel
Walk Em Down,NLE Choppa Featuring Roddy Ricch,Walk Em Down,NLE Choppa
The Last Great American Dynasty,Taylor Swift,The Last Great American Dynasty,Taylor Swift
My Tears Ricochet,Taylor Swift,My Tears Ricochet,Taylor Swift
August,Taylor Swift,August,Taylor Swift
Invisible String,Taylor Swift,Invisible String,Taylor Swift
Betty,Taylor Swift,Betty,Taylor Swift
No Dribble,DaBaby x Stunna 4 Vegas,No Dribble,DaBaby
Mirrorball,Taylor Swift,Mirrorball,Taylor Swift
Blood On My Jeans,Juice WRLD,Blood On My Jeans,Juice WRLD
Lion King On Ice,J. Cole,Lion King On Ice,J. Cole
Seven,Taylor Swift,Seven,Taylor Swift
This Is Me Trying,Taylor Swift,This Is Me Trying,Taylor Swift
Illicit Affairs,Taylor Swift,Illicit Affairs,Taylor Swift
Mad Woman,Taylor Swift,Mad Woman,Taylor Swift
The Climb Back,J. Cole,The Climb Back,J. Cole
Epiphany,Taylor Swift,Epiphany,Taylor Swift
Peace,Taylor Swift,Peace,Taylor Swift
Hoax,Taylor Swift,Hoax,Taylor Swift
Go!,Kid LAROI & Juice WRLD,Go!,Kid LAROI
Perfect,Logic,Perfect,Logic
Sunday Best,Surfaces,Sunday Best,Surfaces
Titanic,Juice WRLD,Titanic,Juice WRLD
Stay High,Juice WRLD,Stay High,Juice WRLD
Bad Energy,Juice WRLD,Bad Energy,Juice WRLD
The Scotts,"THE SCOTTS, Travis Scott & Kid Cudi",The Scotts,THE SCOTTS
Tell Me U Luv Me,Juice WRLD & Trippie Redd,Tell Me U Luv Me,Juice WRLD
Up Up And Away,Juice WRLD,Up Up And Away,Juice WRLD
Fighting Demons,Juice WRLD,Fighting Demons,Juice WRLD
Does To Me,Luke Combs Featuring Eric Church,Does To Me,Luke Combs
Man Of The Year,Juice WRLD,Man Of The Year,Juice WRLD
Can't Die,Juice WRLD,Can't Die,Juice WRLD
Chicago Freestyle,Drake Featuring Giveon,Chicago Freestyle,Drake
Flex,Polo G Featuring Juice WRLD,Flex,Polo G
Screw Juice,Juice WRLD,Screw Juice,Juice WRLD
Enjoy Yourself,Pop Smoke Featuring Karol G,Enjoy Yourself,Pop Smoke
The Adventures Of Moon Man & Slim Shady,Kid Cudi & Eminem,The Adventures Of Moon Man & Slim Shady,Kid Cudi
I Want It,Juice WRLD,I Want It,Juice WRLD
Gangstas,Pop Smoke,Gangstas,Pop Smoke
Let It Go,Summer Walker,Let It Go,Summer Walker
My Affection,Summer Walker & PARTYNEXTDOOR,My Affection,Summer Walker
Aim For The Moon,Pop Smoke Featuring Quavo,Aim For The Moon,Pop Smoke
Beer Can't Fix,Thomas Rhett Featuring Jon Pardi,Beer Can't Fix,Thomas Rhett
Here And Now,Kenny Chesney,Here And Now,Kenny Chesney
44 Bulldog,Pop Smoke,44 Bulldog,Pop Smoke
Gooba,6ix9ine,Gooba,6ix9ine
Dior,Pop Smoke,Dior,Pop Smoke
High Fashion,Roddy Ricch Featuring Mustard,High Fashion,Roddy Ricch
Yea Yea,Pop Smoke,Yea Yea,Pop Smoke
Make It Rain,Pop Smoke Featuring Rowdy Rebel,Make It Rain,Pop Smoke
Snitchin,Pop Smoke Featuring Quavo & Future,Snitchin,Pop Smoke
Bad Bitch From Tokyo (Intro),Pop Smoke,Bad Bitch From Tokyo,Pop Smoke
Creature,Pop Smoke Featuring Swae Lee,Creature,Pop Smoke
West Coast Shit,Pop Smoke Featuring Tyga & Quavo,West Coast Shit,Pop Smoke
P*$$y Fairy (OTW),Jhene Aiko,P*$$y Fairy,Jhene Aiko
Wash Us In The Blood,Kanye West Featuring Travis Scott,Wash Us In The Blood,Kanye West
Diana,Pop Smoke Featuring King Combs,Diana,Pop Smoke
Tunnel Vision (Outro),Pop Smoke,Tunnel Vision,Pop Smoke
Trollz,6ix9ine & Nicki Minaj,Trollz,6ix9ine
After A Few,Travis Denning,After A Few,Travis Denning
How You Like That,BLACKPINK,How You Like That,BLACKPINK
Yo Perreo Sola,Bad Bunny,Yo Perreo Sola,Bad Bunny
In Between,Scotty McCreery,In Between,Scotty McCreery
YaYa,6ix9ine,YaYa,6ix9ine
Memories,Maroon 5,Memories,Maroon 5
Nobody But You,Blake Shelton Duet With Gwen Stefani,Nobody But You,Blake Shelton Duet
Hot Girl Bummer,blackbear,Hot Girl Bummer,blackbear
Black Parade,Beyonce,Black Parade,Beyonce
Know My Rights,6LACK Featuring Lil Baby,Know My Rights,6LACK
Daisies,Katy Perry,Daisies,Katy Perry
Grace,Lil Baby & 42 Dugg,Grace,Lil Baby
Believe It,PARTYNEXTDOOR & Rihanna,Believe It,PARTYNEXTDOOR
In Your Eyes,The Weeknd,In Your Eyes,The Weeknd
Stick That In Your Country Song,Eric Church,Stick That In Your Country Song,Eric Church
My Truck,Breland,My Truck,Breland
X,Jonas Brothers Featuring Karol G,X,Jonas Brothers
Shotta Flow 5,NLE Choppa,Shotta Flow 5,NLE Choppa
I Hope You're Happy Now,Carly Pearce & Lee Brice,I Hope You're Happy Now,Carly Pearce
Everything I Wanted,Billie Eilish,Everything I Wanted,Billie Eilish
Snow On Tha Bluff,J. Cole,Snow On Tha Bluff,J. Cole
Bleed,A Boogie Wit da Hoodie,Bleed,A Boogie Wit da Hoodie
Tommy Lee,Tyla Yaweh & Post Malone,Tommy Lee,Tyla Yaweh
Level Of Concern,twenty one pilots,Level Of Concern,twenty one pilots
One Shot,YoungBoy Never Broke Again Featuring Lil Baby,One Shot,YoungBoy Never Broke Again
Need Me,J.I The Prince Of N.Y,Need Me,J.I The Prince Of N.Y
All In,Lil Baby,All In,Lil Baby
July,Noah Cyrus & Leon Bridges,July,Noah Cyrus
Heartless,Diplo Presents Thomas Wesley Featuring Morgan Wallen,Heartless,Diplo Presents Thomas Wesley
Ride It.,Regard,Ride It.,Regard
Otherside Of America,Meek Mill,Otherside Of America,Meek Mill
Drinking Alone,Carrie Underwood,Drinking Alone,Carrie Underwood
Deep End Freestyle,Sleepy Hallow,Deep End Freestyle,Sleepy Hallow
The Man Who Loves You The Most,Zac Brown Band,The Man Who Loves You The Most,Zac Brown Band
My Oh My,Camila Cabello Featuring DaBaby,My Oh My,Camila Cabello
Dance Monkey,Tones And I,Dance Monkey,Tones
Out West,JACKBOYS Featuring Young Thug,Out West,JACKBOYS
Sour Candy,Lady Gaga & BLACKPINK,Sour Candy,Lady Gaga
Turks,"NAV, Gunna & Travis Scott",Turks,NAV
Cooler Than A Bitch,Gunna Featuring Roddy Ricch,Cooler Than A Bitch,Gunna
That Way,Lil Uzi Vert,That Way,Lil Uzi Vert
Hard Days,Brantley Gilbert,Hard Days,Brantley Gilbert
Catch,Brett Young,Catch,Brett Young
Trillionaire,Future Featuring YoungBoy Never Broke Again,Trillionaire,Future
Worldwide Beautiful,Kane Brown,Worldwide Beautiful,Kane Brown
Stupid Love,Lady Gaga,Stupid Love,Lady Gaga
TKN,Rosalia & Travis Scott,TKN,Rosalia
Godzilla,Eminem Featuring Juice WRLD,Godzilla,Eminem
T.D,"Lil Yachty & Tierra Whack Featuring A$AP Rocky & Tyler, The Creator",T.D,Lil Yachty
Alice,Lady Gaga,Alice,Lady Gaga
Hasta Que Dios Diga,Anuel AA & Bad Bunny,Hasta Que Dios Diga,Anuel AA
Lose Somebody,Kygo & OneRepublic,Lose Somebody,Kygo
Sigues Con El,Arcangel x Sech,Sigues Con El,Arcangel
Solitaires,Future Featuring Travis Scott,Solitaires,Future
RITMO (Bad Boys For Life),Black Eyed Peas X J Balvin,RITMO,Black Eyed Peas
Sum 2 Prove,Lil Baby,Sum 2 Prove,Lil Baby
Top Floor,Gunna Featuring Travis Scott,Top Floor,Gunna
Wunna,Gunna,Wunna,Gunna
Blindfold,Gunna Featuring Lil Baby,Blindfold,Gunna
SkyBox,Gunna,SkyBox,Gunna
Argentina,Gunna,Argentina,Gunna
Met Gala,Gunna,Met Gala,Gunna
Daechwita,Agust D,Daechwita,Agust D
Nasty Girl / On Camera,Gunna,Nasty Girl / On Camera,Gunna
MOTW,Gunna,MOTW,Gunna
Gimmick,Gunna,Gimmick,Gunna
Go Stupid,Polo G Featuring NLE Choppa & Stunna 4 Vegas,Go Stupid,Polo G
Be Something,Polo G Featuring Lil Baby,Be Something,Polo G
Feigning,Gunna,Feigning,Gunna
Someone You Loved,Lewis Capaldi,Someone You Loved,Lewis Capaldi
Ballin',Mustard & Roddy Ricch,Ballin',Mustard
Trapped In The Sun,Future,Trapped In The Sun,Future
All Bad,Future Featuring Lil Uzi Vert,All Bad,Future
Hard To Choose One,Future,Hard To Choose One,Future
Ridin Strikers,Future,Ridin Strikers,Future
Hitek Tek,Future,Hitek Tek,Future
Too Comfortable,Future,Too Comfortable,Future
Posted With Demons,Future,Posted With Demons,Future
Touch The Sky,Future,Touch The Sky,Future
One Of My,Future,One Of My,Future
Harlem Shake,Future Featuring Young Thug,Harlem Shake,Future
Pain 1993,Drake Featuring Playboi Carti,Pain 1993,Drake
Don't Believe The Hype,Polo G,Don't Believe The Hype,Polo G
Beautiful Pain (Losin My Mind),Polo G,Beautiful Pain,Polo G
33,Polo G,33,Polo G
I Know,Polo G,I Know,Polo G
Me Vs Me,Moneybagg Yo,Me Vs Me,Moneybagg Yo
Heart On Ice,Rod Wave,Heart On Ice,Rod Wave
Can I,Kehlani Featuring Tory Lanez,Can I,Kehlani
Zoo York,Lil Tjay Featuring Fivio Foreign & Pop Smoke,Zoo York,Lil Tjay
Toxic,Kehlani,Toxic,Kehlani
I'm Ready,Sam Smith & Demi Lovato,I'm Ready,Sam Smith
More Hearts Than Mine,Ingrid Andress,More Hearts Than Mine,Ingrid Andress
I Love Me,Demi Lovato,I Love Me,Demi Lovato
D4L,"Future, Drake & Young Thug",D4L,Future
Change Your Life,Kehlani Featuring Jhene Aiko,Change Your Life,Kehlani
Desires,Drake Featuring Future,Desires,Drake
Jump,DaBaby Featuring YoungBoy Never Broke Again,Jump,DaBaby
Six Feet Apart,Luke Combs,Six Feet Apart,Luke Combs
Viral Moment,Lil Durk,Viral Moment,Lil Durk
Homemade,Jake Owen,Homemade,Jake Owen
Time Flies,Drake,Time Flies,Drake
Slow Dance In A Parking Lot,Jordan Davis,Slow Dance In A Parking Lot,Jordan Davis
You Should Be Sad,Halsey,You Should Be Sad,Halsey
Demons,Drake Featuring Fivio Foreign & Sosa Geek,Demons,Drake
Not You Too,Drake Featuring Chris Brown,Not You Too,Drake
Deep Pockets,Drake,Deep Pockets,Drake
When To Say When,Drake,When To Say When,Drake
Landed,Drake,Landed,Drake
From Florida With Love,Drake,From Florida With Love,Drake
Losses,Drake,Losses,Drake
War,Drake,War,Drake
Social Distancing,Lil Baby,Social Distancing,Lil Baby
Slide,H.E.R. Featuring YG,Slide,H.E.R.
Low Down,Lil Baby,Low Down,Lil Baby
Humble,Lil Baby,Humble,Lil Baby
Heatin Up,Lil Baby & Gunna,Heatin Up,Lil Baby
Come Thru,Summer Walker & Usher,Come Thru,Summer Walker
Find My Way,DaBaby,Find My Way,DaBaby
Roxanne,Arizona Zervas,Roxanne,Arizona Zervas
Heartless,The Weeknd,Heartless,The Weeknd
HIGHEST IN THE ROOM,Travis Scott,HIGHEST IN THE ROOM,Travis Scott
"10,000 Hours",Dan + Shay & Justin Bieber,"10,000 Hours",Dan + Shay
Sasuke,Lil Uzi Vert,Sasuke,Lil Uzi Vert
Ain't Easy,YoungBoy Never Broke Again,Ain't Easy,YoungBoy Never Broke Again
Diamonds,YoungBoy Never Broke Again,Diamonds,YoungBoy Never Broke Again
Myron,Lil Uzi Vert,Myron,Lil Uzi Vert
Captain Hook,Megan Thee Stallion,Captain Hook,Megan Thee Stallion
Bout My Business,YoungBoy Never Broke Again Featuring Sherhonda Gaulden,Bout My Business,YoungBoy Never Broke Again
Rough Ryder,YoungBoy Never Broke Again,Rough Ryder,YoungBoy Never Broke Again
Underdog,Alicia Keys,Underdog,Alicia Keys
NASTY,DaBaby Featuring Ashanti & Megan Thee Stallion,NASTY,DaBaby
PTSD,"G Herbo Featuring Chance The Rapper, Juice WRLD & Lil Uzi Vert",PTSD,G Herbo
Thug Of Spades,YoungBoy Never Broke Again Featuring DaBaby,Thug Of Spades,YoungBoy Never Broke Again
Safaera,"Bad Bunny, Jowell & Randy & Nengo Flow",Safaera,Bad Bunny
@ MEH,Playboi Carti,@ MEH,Playboi Carti
BOP,DaBaby,BOP,DaBaby
PICK UP,DaBaby Featuring Quavo,PICK UP,DaBaby
No Guidance,Chris Brown Featuring Drake,No Guidance,Chris Brown
LIGHTSKIN SH*T,DaBaby Featuring Future & jetsonmade,LIGHTSKIN SH*T,DaBaby
BEST ON EARTH,Russ & BIA,BEST ON EARTH,Russ
CAN'T STOP,DaBaby,CAN'T STOP,DaBaby
BLAME IT ON BABY,DaBaby,BLAME IT ON BABY,DaBaby
SAD SHIT,DaBaby,SAD SHIT,DaBaby
Tusa,Karol G & Nicki Minaj,Tusa,Karol G
DROP,DaBaby Featuring A Boogie Wit da Hoodie & London On Da Track,DROP,DaBaby
TALK ABOUT IT,DaBaby,TALK ABOUT IT,DaBaby
CHAMPION,DaBaby,CHAMPION,DaBaby
I Dare You,Kelly Clarkson,I Dare You,Kelly Clarkson
Broke In A Minute,Tory Lanez,Broke In A Minute,Tory Lanez
Suicidal,YNW Melly & Juice WRLD,Suicidal,YNW Melly
Stupid Again,Tory Lanez,Stupid Again,Tory Lanez
Boyfriend,Selena Gomez,Boyfriend,Selena Gomez
The Other Side,SZA X Justin Timberlake,The Other Side,SZA
What She Wants Tonight,Luke Bryan,What She Wants Tonight,Luke Bryan
DND,Polo G,DND,Polo G
Ridin' Roads,Dustin Lynch,Ridin' Roads,Dustin Lynch
The Man,Taylor Swift,The Man,Taylor Swift
Oprah's Bank Account,"Lil Yachty, Drake & DaBaby",Oprah's Bank Account,Lil Yachty
P2,Lil Uzi Vert,P2,Lil Uzi Vert
Yummy,Justin Bieber,Yummy,Justin Bieber
B.I.T.C.H.,Megan Thee Stallion,B.I.T.C.H.,Megan Thee Stallion
Boss Bitch,Doja Cat,Boss Bitch,Doja Cat
Homesick,Kane Brown,Homesick,Kane Brown
Fuck The World,Rod Wave,Fuck The World,Rod Wave
Pray 4 Love,Rod Wave,Pray 4 Love,Rod Wave
Thief In The Night,Rod Wave,Thief In The Night,Rod Wave
Tycoon,Future,Tycoon,Future
I Remember,Rod Wave,I Remember,Rod Wave
The Greatest,Rod Wave,The Greatest,Rod Wave
Ribbon In The Sky,Rod Wave,Ribbon In The Sky,Rod Wave
Last Time I Say Sorry,Kane Brown & John Legend,Last Time I Say Sorry,Kane Brown
After Hours,The Weeknd,After Hours,The Weeknd
Thug Life,Rod Wave,Thug Life,Rod Wave
What A Man Gotta Do,Jonas Brothers,What A Man Gotta Do,Jonas Brothers
No Weakness,Rod Wave,No Weakness,Rod Wave
Woah,Lil Baby,Woah,Lil Baby
Loyal,PARTYNEXTDOOR Featuring Drake,Loyal,PARTYNEXTDOOR
Know Your Worth,Khalid x Disclosure,Know Your Worth,Khalid
Physical,Dua Lipa,Physical,Dua Lipa
Make No Sense,YoungBoy Never Broke Again,Make No Sense,YoungBoy Never Broke Again
La Dificil,Bad Bunny,La Dificil,Bad Bunny
Si Veo A Tu Mama,Bad Bunny,Si Veo A Tu Mama,Bad Bunny
Vete,Bad Bunny,Vete,Bad Bunny
Baby Pluto,Lil Uzi Vert,Baby Pluto,Lil Uzi Vert
Into The Unknown,Idina Menzel & AURORA,Into The Unknown,Idina Menzel
Alone Again,The Weeknd,Alone Again,The Weeknd
Scared To Live,The Weeknd,Scared To Live,The Weeknd
Hardest To Love,The Weeknd,Hardest To Love,The Weeknd
Too Late,The Weeknd,Too Late,The Weeknd
Snowchild,The Weeknd,Snowchild,The Weeknd
Escape From LA,The Weeknd,Escape From LA,The Weeknd
Faith,The Weeknd,Faith,The Weeknd
Lose You To Love Me,Selena Gomez,Lose You To Love Me,Selena Gomez
homecoming queen?,Kelsea Ballerini,homecoming queen?,Kelsea Ballerini
Repeat After Me (Interlude),The Weeknd,Repeat After Me,The Weeknd
Until I Bleed Out,The Weeknd,Until I Bleed Out,The Weeknd
To Die For,Sam Smith,To Die For,Sam Smith
Bean (Kobe),Lil Uzi Vert Featuring Chief Keef,Bean,Lil Uzi Vert
Lo Mein,Lil Uzi Vert,Lo Mein,Lil Uzi Vert
Yessirskiii,Lil Uzi Vert & 21 Savage,Yessirskiii,Lil Uzi Vert
The Other Girl,Kelsea Ballerini x Halsey,The Other Girl,Kelsea Ballerini
Good As Hell,Lizzo,Good As Hell,Lizzo
Lotus,Lil Uzi Vert,Lotus,Lil Uzi Vert
Silly Watch,Lil Uzi Vert,Silly Watch,Lil Uzi Vert
Wassup,Lil Uzi Vert Featuring Future,Wassup,Lil Uzi Vert
Strawberry Peels,Lil Uzi Vert Featuring Young Thug & Gunna,Strawberry Peels,Lil Uzi Vert
Moon Relate,Lil Uzi Vert,Moon Relate,Lil Uzi Vert
I Can Show You,Lil Uzi Vert,I Can Show You,Lil Uzi Vert
We Back,Jason Aldean,We Back,Jason Aldean
Trap This Way (This Way),Lil Uzi Vert,Trap This Way,Lil Uzi Vert
I Wish Grandpas Never Died,Riley Green,I Wish Grandpas Never Died,Riley Green
Leaders,Lil Uzi Vert Featuring NAV,Leaders,Lil Uzi Vert
No Auto,Lil Uzi Vert Featuring Lil Durk,No Auto,Lil Uzi Vert
Homecoming,Lil Uzi Vert,Homecoming,Lil Uzi Vert
Come This Way,Lil Uzi Vert,Come This Way,Lil Uzi Vert
Got The Guap,Lil Uzi Vert Featuring Young Thug,Got The Guap,Lil Uzi Vert
Money Spread,Lil Uzi Vert Featuring Young Nudy,Money Spread,Lil Uzi Vert
Cardigan,Don Toliver,Cardigan,Don Toliver
Futsal Shuffle 2020,Lil Uzi Vert,Futsal Shuffle 2020,Lil Uzi Vert
Prices,Lil Uzi Vert,Prices,Lil Uzi Vert
POP,Lil Uzi Vert,POP,Lil Uzi Vert
Bigger Than Life,Lil Uzi Vert,Bigger Than Life,Lil Uzi Vert
Celebration Station,Lil Uzi Vert,Celebration Station,Lil Uzi Vert
You Better Move,Lil Uzi Vert,You Better Move,Lil Uzi Vert
I'm Sorry,Lil Uzi Vert,I'm Sorry,Lil Uzi Vert
Venetia,Lil Uzi Vert,Venetia,Lil Uzi Vert
Chrome Heart Tags,Lil Uzi Vert,Chrome Heart Tags,Lil Uzi Vert
Bust Me,Lil Uzi Vert,Bust Me,Lil Uzi Vert
Happiness Over Everything (H.O.E.),Jhene Aiko Featuring Future & Miguel,Happiness Over Everything,Jhene Aiko
Commercial,Lil Baby Featuring Lil Uzi Vert,Commercial,Lil Baby
Juicy,Doja Cat & Tyga,Juicy,Doja Cat
Secure The Bag,Lil Uzi Vert,Secure The Bag,Lil Uzi Vert
Urgency,Lil Uzi Vert Featuring Syd,Urgency,Lil Uzi Vert
Ignorantes,Bad Bunny & Sech,Ignorantes,Bad Bunny
Triggered,Jhene Aiko,Triggered,Jhene Aiko
La Santa,Bad Bunny X Daddy Yankee,La Santa,Bad Bunny
None Of Your Concern,Jhene Aiko Featuring Big Sean,None Of Your Concern,Jhene Aiko
SUGAR,BrockHampton,SUGAR,BrockHampton
Live Off My Closet,Lil Baby Featuring Future,Live Off My Closet,Lil Baby
Senorita,Shawn Mendes & Camila Cabello,Senorita,Shawn Mendes
Bad Guy,Billie Eilish,Bad Guy,Billie Eilish
Kinfolks,Sam Hunt,Kinfolks,Sam Hunt
One Man Band,Old Dominion,One Man Band,Old Dominion
Get Ugly,Lil Baby,Get Ugly,Lil Baby
No Sucker,Lil Baby & Moneybagg Yo,No Sucker,Lil Baby
How,Lil Baby,How,Lil Baby
Pero Ya No,Bad Bunny,Pero Ya No,Bad Bunny
Forever,Lil Baby Featuring Lil Wayne,Forever,Lil Baby
ON,BTS,ON,BTS
Lil Top,YoungBoy Never Broke Again,Lil Top,YoungBoy Never Broke Again
Numbers,"A Boogie Wit da Hoodie Featuring Roddy Ricch, Gunna & London On Da Track",Numbers,A Boogie Wit da Hoodie
Same Thing,Lil Baby,Same Thing,Lil Baby
Make Me Want To,Jimmie Allen,Make Me Want To,Jimmie Allen
Bichiyal,Bad Bunny & Yaviah,Bichiyal,Bad Bunny
We Should,Lil Baby & Young Thug,We Should,Lil Baby
Solia,Bad Bunny,Solia,Bad Bunny
No Time To Die,Billie Eilish,No Time To Die,Billie Eilish
Esta Cabron Ser Yo,Bad Bunny X Anuel AA,Esta Cabron Ser Yo,Bad Bunny
Can't Explain,Lil Baby,Can't Explain,Lil Baby
Trampoline,SHAED,Trampoline,SHAED
Sucker,Jonas Brothers,Sucker,Jonas Brothers
I Don't Care,Ed Sheeran & Justin Bieber,I Don't Care,Ed Sheeran
Red Eye,YoungBoy Never Broke Again,Red Eye,YoungBoy Never Broke Again
Only Human,Jonas Brothers,Only Human,Jonas Brothers
Fine By Time,YoungBoy Never Broke Again,Fine By Time,YoungBoy Never Broke Again
Bad Bad,YoungBoy Never Broke Again,Bad Bad,YoungBoy Never Broke Again
Knocked Off,YoungBoy Never Broke Again,Knocked Off,YoungBoy Never Broke Again
Forever,Justin Bieber Featuring Post Malone & Clever,Forever,Justin Bieber
Dive Bar,Garth Brooks & Blake Shelton,Dive Bar,Garth Brooks
RIP Lil Phat,YoungBoy Never Broke Again,RIP Lil Phat,YoungBoy Never Broke Again
TOES,DaBaby Featuring Lil Baby & Moneybagg Yo,TOES,DaBaby
My Time,BTS,My Time,BTS
Long RD,YoungBoy Never Broke Again,Long RD,YoungBoy Never Broke Again
South Of The Border,Ed Sheeran Featuring Camila Cabello & Cardi B,South Of The Border,Ed Sheeran
Filter,BTS,Filter,BTS
Bat Man,YoungBoy Never Broke Again,Bat Man,YoungBoy Never Broke Again
Shake The Room,Pop Smoke Featuring Quavo,Shake The Room,Pop Smoke
Rare,Selena Gomez,Rare,Selena Gomez
Me And My Guitar,A Boogie Wit da Hoodie,Me And My Guitar,A Boogie Wit da Hoodie
Feel Me,Selena Gomez,Feel Me,Selena Gomez
Truth Hurts,Lizzo,Truth Hurts,Lizzo
g n f (Give No Fxk),"Migos, Young Thug & Travis Scott",g n f,Migos
Bandit,Juice WRLD & YoungBoy Never Broke Again,Bandit,Juice WRLD
Might Not Give Up,A Boogie Wit da Hoodie Featuring Young Thug,Might Not Give Up,A Boogie Wit da Hoodie
Thug Love,A Boogie Wit da Hoodie,Thug Love,A Boogie Wit da Hoodie
Stain,A Boogie Wit da Hoodie Featuring DaBaby,Stain,A Boogie Wit da Hoodie
Yikes,Nicki Minaj,Yikes,Nicki Minaj
Come Around Me,Justin Bieber,Come Around Me,Justin Bieber
King Of My City,A Boogie Wit da Hoodie,King Of My City,A Boogie Wit da Hoodie
Cinderella Story,A Boogie Wit da Hoodie,Cinderella Story,A Boogie Wit da Hoodie
Habitual,Justin Bieber,Habitual,Justin Bieber
All Around Me,Justin Bieber,All Around Me,Justin Bieber
Hot,Young Thug Featuring Gunna,Hot,Young Thug
Even Though I'm Leaving,Luke Combs,Even Though I'm Leaving,Luke Combs
Heartache Medication,Jon Pardi,Heartache Medication,Jon Pardi
I Do It,Lil Wayne Featuring Big Sean & Lil Baby,I Do It,Lil Wayne
VIBEZ,DaBaby,VIBEZ,DaBaby
Run,Joji,Run,Joji
Rodeo,Lil Nas X & Cardi B Or Nas,Rodeo,Lil Nas
KEII,Anuel AA,KEII,Anuel AA
No Idea,Don Toliver,No Idea,Don Toliver
Believe,Meek Mill Featuring Justin Timberlake,Believe,Meek Mill
Start Wit Me,Roddy Ricch & Gunna,Start Wit Me,Roddy Ricch
Easy,DaniLeigh Featuring Chris Brown,Easy,DaniLeigh
No Judgement,Niall Horan,No Judgement,Niall Horan
Jerry Sprunger,Tory Lanez & T-Pain,Jerry Sprunger,Tory Lanez
ORANGE SODA,Baby Keem,ORANGE SODA,Baby Keem
Only The Young,Taylor Swift,Only The Young,Taylor Swift
Anyone,Demi Lovato,Anyone,Demi Lovato
Mahogany,Lil Wayne,Mahogany,Lil Wayne
Letter To Nipsey,Meek Mill Featuring Roddy Ricch,Letter To Nipsey,Meek Mill
Good News,Mac Miller,Good News,Mac Miller
Mama Mia,Lil Wayne,Mama Mia,Lil Wayne
Funeral,Lil Wayne,Funeral,Lil Wayne
Nice To Meet Ya,Meghan Trainor Featuring Nicki Minaj,Nice To Meet Ya,Meghan Trainor
Get Me,Justin Bieber Featuring Kehlani,Get Me,Justin Bieber
U Played,MoneyBagg Yo Featuring Lil Baby,U Played,MoneyBagg Yo
Camelot,NLE Choppa,Camelot,NLE Choppa
Panini,Lil Nas X,Panini,Lil Nas X
Graveyard,Halsey,Graveyard,Halsey
Blue World,Mac Miller,Blue World,Mac Miller
Those Kinda Nights,Eminem Featuring Ed Sheeran,Those Kinda Nights,Eminem
Darkness,Eminem,Darkness,Eminem
First Man,Camila Cabello,First Man,Camila Cabello
What If I Told You That I Love You,Ali Gatie,What If I Told You That I Love You,Ali Gatie
Unaccommodating,Eminem Featuring Young M.A,Unaccommodating,Eminem
You Gon' Learn,"Eminem Featuring Royce da 5'9"" & White Gold",You Gon' Learn,Eminem
Circles,Mac Miller,Circles,Mac Miller
Black Swan,BTS,Black Swan,BTS
Leaving Heaven,Eminem Featuring Skylar Grey,Leaving Heaven,Eminem
Complicated,Mac Miller,Complicated,Mac Miller
Hand Me Downs,Mac Miller,Hand Me Downs,Mac Miller
Premonition (Intro),Eminem,Premonition,Eminem
I Can See,Mac Miller,I Can See,Mac Miller
In Too Deep,Eminem,In Too Deep,Eminem
Woods,Mac Miller,Woods,Mac Miller
Everybody,Mac Miller,Everybody,Mac Miller
Marsh,Eminem,Marsh,Eminem
No Regrets,Eminem Featuring Don Toliver,No Regrets,Eminem
Lock It Up,Eminem Featuring Anderson .Paak,Lock It Up,Eminem
Surf,Mac Miller,Surf,Mac Miller
Stepdad,Eminem,Stepdad,Eminem
Take What You Want,Post Malone Featuring Ozzy Osbourne & Travis Scott,Take What You Want,Post Malone
That's On Me,Mac Miller,That's On Me,Mac Miller
On Chill,Wale Featuring Jeremih,On Chill,Wale
Talk,Khalid,Talk,Khalid
What If I Never Get Over You,Lady Antebellum,What If I Never Get Over You,Lady Antebellum
Lover,Taylor Swift,Lover,Taylor Swift
Playing Games,Summer Walker,Playing Games,Summer Walker
Heat,Chris Brown Featuring Gunna,Heat,Chris Brown
Remember You Young,Thomas Rhett,Remember You Young,Thomas Rhett
Tip Toe,Roddy Ricch Featuring A Boogie Wit da Hoodie,Tip Toe,Roddy Ricch
Eleven,Khalid,Eleven,Khalid
All Dat,Moneybagg Yo X Megan Thee Stallion,All Dat,Moneybagg Yo
Leave Em Alone,"Layton Greene, Lil Baby, City Girls & PnB Rock",Leave Em Alone,Layton Greene
Conversations In The Dark,John Legend,Conversations In The Dark,John Legend
Protect da Brand,Moneybagg Yo Featuring DaBaby,Protect da Brand,Moneybagg Yo
Look At Her Now.,Selena Gomez,Look At Her Now.,Selena Gomez
Nice To Meet Ya,Niall Horan,Nice To Meet Ya,Niall Horan
Peta,Roddy Ricch Featuring Meek Mill,Peta,Roddy Ricch
223's,YNW Melly & 9lokknine,223's,YNW Melly
All I Want,Olivia Rodrigo,All I Want,Olivia Rodrigo
Beautiful People,Ed Sheeran Featuring Khalid,Beautiful People,Ed Sheeran
Old Town Road,Lil Nas X Featuring Billy Ray Cyrus,Old Town Road,Lil Nas
Suge,DaBaby,Suge,DaBaby
GANG GANG,JACKBOYS & Sheck Wes,GANG GANG,JACKBOYS
HAD ENOUGH,Don Toliver Featuring Quavo & Offset,HAD ENOUGH,Don Toliver
Enemies,Post Malone Featuring DaBaby,Enemies,Post Malone
20/20,Lil Tjay,20/20,Lil Tjay
WHAT TO DO?,JACKBOYS Featuring Don Toliver,WHAT TO DO?,JACKBOYS
Ran$om,Lil Tecca,Ran$om,Lil Tecca
Baby,Lil Baby & DaBaby,Baby,Lil Baby
GATTI,"JACKBOYS, Pop Smoke & Travis Scott",GATTI,JACKBOYS
Slow Dancing In The Dark,Joji,Slow Dancing In The Dark,Joji
Death,Trippie Redd Featuring DaBaby,Death,Trippie Redd
Yellow Hearts,Ant Saunders,Yellow Hearts,Ant Saunders
Let Me Know (I Wonder Why Freestyle),Juice WRLD,Let Me Know,Juice WRLD
Loco Contigo,"DJ Snake, J. Balvin & Tyga",Loco Contigo,DJ Snake
Candy,Doja Cat,Candy,Doja Cat
China,"Anuel AA, Daddy Yankee, Karol G, Ozuna & J Balvin",China,Anuel AA
Jingle Bells,Frank Sinatra,Jingle Bells,Frank Sinatra
Like It's Christmas,Jonas Brothers,Like It's Christmas,Jonas Brothers
Baby It's Cold Outside,Dean Martin,Baby It's Cold Outside,Dean Martin
Happy Xmas (War Is Over),John Legend,Happy Xmas,John Legend
Hate Me,Ellie Goulding & Juice WRLD,Hate Me,Ellie Goulding
Baby Sitter,DaBaby Featuring Offset,Baby Sitter,DaBaby
Lucid Dreams,Juice WRLD,Lucid Dreams,Juice WRLD
Falling,Harry Styles,Falling,Harry Styles
Lights Up,Harry Styles,Lights Up,Harry Styles
Dirty Iyanna,YoungBoy Never Broke Again,Dirty Iyanna,YoungBoy Never Broke Again
Famous Hoes,NLE Choppa,Famous Hoes,NLE Choppa
Cherry,Harry Styles,Cherry,Harry Styles
Prayed For You,Matt Stell,Prayed For You,Matt Stell
She,Harry Styles,She,Harry Styles
6 Kiss,Trippie Redd Featuring Juice WRLD & YNW Melly,6 Kiss,Trippie Redd
Legends,Juice WRLD,Legends,Juice WRLD
Robbery,Juice WRLD,Robbery,Juice WRLD
Christmas Tree Farm,Taylor Swift,Christmas Tree Farm,Taylor Swift
Bad Vibes Forever,XXXTENTACION Featuring PnB Rock & Trippie Redd,Bad Vibes Forever,XXXTENTACION
Empty,Juice WRLD,Empty,Juice WRLD
Show Yourself,Idina Menzel & Evan Rachel Wood,Show Yourself,Idina Menzel
We Were,Keith Urban,We Were,Keith Urban
Lord Above,Fat Joe & Dre Featuring Eminem & Mary J. Blige,Lord Above,Fat Joe
Big Stepper,Roddy Ricch,Big Stepper,Roddy Ricch
Cuban Links,Rod Wave & Kevin Gates,Cuban Links,Rod Wave
How Do You Sleep?,Sam Smith,How Do You Sleep?,Sam Smith
Time,NF,Time,NF
All The Good Girls Go To Hell,Billie Eilish,All The Good Girls Go To Hell,Billie Eilish
Who Needs Love,Trippie Redd,Who Needs Love,Trippie Redd
Follow God,Kanye West,Follow God,Kanye West
F.N,Lil Tjay,F.N,Lil Tjay
Into The Unknown,Panic! At The Disco,Into The Unknown,Panic! At The Disco
La Cancion,J Balvin & Bad Bunny,La Cancion,J Balvin
Goodbyes,Post Malone Featuring Young Thug,Goodbyes,Post Malone
One Thing Right,Marshmello & Kane Brown,One Thing Right,Marshmello
Love Me More,Trippie Redd,Love Me More,Trippie Redd
Lalala,Y2K & bbno$,Lalala,Y2K
Hate Me,Trippie Redd Featuring YoungBoy Never Broke Again,Hate Me,Trippie Redd
Reply,A Boogie Wit da Hoodie Featuring Lil Uzi Vert,Reply,A Boogie Wit da Hoodie
Tip Of My Tongue,Kenny Chesney,Tip Of My Tongue,Kenny Chesney
Good Vibes,Chris Janson,Good Vibes,Chris Janson
Hot Girl Summer,"Megan Thee Stallion, Nicki Minaj & Ty Dolla $ign",Hot Girl Summer,Megan Thee Stallion
Lonely Child,YoungBoy Never Broke Again,Lonely Child,YoungBoy Never Broke Again
Money In The Grave,Drake Featuring Rick Ross,Money In The Grave,Drake
Dancing With A Stranger,Sam Smith & Normani,Dancing With A Stranger,Sam Smith
The Take,Tory Lanez Featuring Chris Brown,The Take,Tory Lanez
Liar,Camila Cabello,Liar,Camila Cabello
Every Little Thing,Russell Dickerson,Every Little Thing,Russell Dickerson
I Don't Know About You,Chris Lane,I Don't Know About You,Chris Lane
Stuck In A Dream,Lil Mosey x Gunna,Stuck In A Dream,Lil Mosey
Beauty In The Benz,Tory Lanez Featuring Snoop Dogg,Beauty In The Benz,Tory Lanez
Up All Night,Khalid,Up All Night,Khalid
Self Control,YoungBoy Never Broke Again,Self Control,YoungBoy Never Broke Again
Hot Shower,Chance The Rapper Featuring MadeinTYO & DaBaby,Hot Shower,Chance The Rapper
Hell Right,Blake Shelton Featuring Trace Adkins,Hell Right,Blake Shelton
My Type,Saweetie,My Type,Saweetie
It All Comes Out In The Wash,Miranda Lambert,It All Comes Out In The Wash,Miranda Lambert
Hot Now,YoungBoy Never Broke Again,Hot Now,YoungBoy Never Broke Again
Show Me Love,Alicia Keys Featuring Miguel,Show Me Love,Alicia Keys
Valentino,24kGoldn,Valentino,24kGoldn
What Happens In A Small Town,Brantley Gilbert + Lindsay Ell,What Happens In A Small Town,Brantley Gilbert + Lindsay Ell
Living,Dierks Bentley,Living,Dierks Bentley
Somebody,"Internet Money, Lil Tecca & A Boogie Wit da Hoodie",Somebody,Internet Money
Immortal,21 Savage,Immortal,21 Savage
You Need To Calm Down,Taylor Swift,You Need To Calm Down,Taylor Swift
Cash Shit,Megan Thee Stallion Featuring DaBaby,Cash Shit,Megan Thee Stallion
Closed On Sunday,Kanye West,Closed On Sunday,Kanye West
In My Room,Frank Ocean,In My Room,Frank Ocean
Love You Too Late,Cole Swindell,Love You Too Late,Cole Swindell
For My Daughter,Kane Brown,For My Daughter,Kane Brown
Selah,Kanye West,Selah,Kanye West
On God,Kanye West,On God,Kanye West
Higher Love,Kygo X Whitney Houston,Higher Love,Kygo
Big Boy Diamonds,Gucci Mane Featuring Kodak Black & London On Da Track,Big Boy Diamonds,Gucci Mane
Everything We Need,Kanye West Featuring Ty Dolla $ign & Ant Clemons,Everything We Need,Kanye West
God Is,Kanye West,God Is,Kanye West
Use This Gospel,Kanye West Featuring Clipse & Kenny G,Use This Gospel,Kanye West
Every Hour,Kanye West Featuring Sunday Service Choir,Every Hour,Kanye West
Water,Kanye West Featuring Ant Clemons,Water,Kanye West
Hands On,Kanye West Featuring Fred Hammond,Hands On,Kanye West
Jesus Is Lord,Kanye West,Jesus Is Lord,Kanye West
INTRO,DaBaby,INTRO,DaBaby
Don't Call Me Angel (Charlie's Angels),"Ariana Grande, Miley Cyrus & Lana Del Rey",Don't Call Me Angel,Ariana Grande
Sunflower (Spider-Man: Into The Spider-Verse),Post Malone & Swae Lee,Sunflower,Post Malone
Wow.,Post Malone,Wow.,Post Malone
The Git Up,Blanco Brown,The Git Up,Blanco Brown
Motivation,Normani,Motivation,Normani
Make It Right,BTS Featuring Lauv,Make It Right,BTS
Rich As Hell,YoungBoy Never Broke Again,Rich As Hell,YoungBoy Never Broke Again
Otro Trago,"Sech, Darell, Nicky Jam, Ozuna & Anuel AA",Otro Trago,Sech
In Control,YoungBoy Never Broke Again,In Control,YoungBoy Never Broke Again
Callaita,Bad Bunny & Tainy,Callaita,Bad Bunny
Carter Son,YoungBoy Never Broke Again,Carter Son,YoungBoy Never Broke Again
I'll Kill You,Summer Walker Featuring Jhene Aiko,I'll Kill You,Summer Walker
DHL,Frank Ocean,DHL,Frank Ocean
Boyfriend,Ariana Grande & Social House,Boyfriend,Ariana Grande
Wish Wish,DJ Khaled Featuring Cardi B & 21 Savage,Wish Wish,DJ Khaled
Time I'm On,YoungBoy Never Broke Again,Time I'm On,YoungBoy Never Broke Again
Saint-Tropez,Post Malone,Saint-Tropez,Post Malone
Writing On The Wall,"French Montana Featuring Post Malone, Cardi B & Rvssian",Writing On The Wall,French Montana
Hollywood's Bleeding,Post Malone,Hollywood's Bleeding,Post Malone
Bad Bad Bad,Young Thug Featuring Lil Baby,Bad Bad Bad,Young Thug
If I Can't Have You,Shawn Mendes,If I Can't Have You,Shawn Mendes
The London,"Young Thug, J. Cole & Travis Scott",The London,Young Thug
Stretch You Out,Summer Walker Featuring A Boogie Wit da Hoodie,Stretch You Out,Summer Walker
Body,Summer Walker,Body,Summer Walker
Drunk Dialing...LODT,Summer Walker,Drunk Dialing...LODT,Summer Walker
Over It,Summer Walker,Over It,Summer Walker
Southbound,Carrie Underwood,Southbound,Carrie Underwood
RAW SHIT,DaBaby Featuring Migos,RAW SHIT,DaBaby
Potential,Summer Walker,Potential,Summer Walker
Right Back,Khalid Featuring A Boogie Wit da Hoodie,Right Back,Khalid
Die For Me,Post Malone Featuring Future & Halsey,Die For Me,Post Malone
POP STAR,DaBaby Featuring Kevin Gates,POP STAR,DaBaby
No Me Conoce,"Jhay Cortez, J Balvin & Bad Bunny",No Me Conoce,Jhay Cortez
Without Me,Halsey,Without Me,Halsey
iPHONE,DaBaby & Nicki Minaj,iPHONE,DaBaby
OFF THE RIP,DaBaby,OFF THE RIP,DaBaby
GOSPEL,"DaBaby Featuring Chance The Rapper, Gucci Mane & YK Osiris",GOSPEL,DaBaby
REALLY,DaBaby Featuring Stunna 4 Vegas,REALLY,DaBaby
XXL,DaBaby,XXL,DaBaby
PROLLY HEARD,DaBaby,PROLLY HEARD,DaBaby
Chicken Noodle Soup,j-hope Featuring Becky G.,Chicken Noodle Soup,j-hope
By My Lonely,Kevin Gates,By My Lonely,Kevin Gates
On The Road,Post Malone Featuring Meek Mill & Lil Baby,On The Road,Post Malone
There He Go,DaBaby,There He Go,DaBaby
The Ones That Didn't Make It Back Home,Justin Moore,The Ones That Didn't Make It Back Home,Justin Moore
Adicto,"Tainy, Anuel AA & Ozuna",Adicto,Tainy
Did It Again,Lil Tecca,Did It Again,Lil Tecca
Pop Out,Polo G Featuring Lil Tjay,Pop Out,Polo G
Beer Never Broke My Heart,Luke Combs,Beer Never Broke My Heart,Luke Combs
Speechless,Dan + Shay,Speechless,Dan + Shay
Knockin' Boots,Luke Bryan,Knockin' Boots,Luke Bryan
Behind Barz,Drake,Behind Barz,Drake
A Thousand Bad Times,Post Malone,A Thousand Bad Times,Post Malone
It's You,Ali Gatie,It's You,Ali Gatie
Slide Away,Miley Cyrus,Slide Away,Miley Cyrus
Shameless,Camila Cabello,Shameless,Camila Cabello
Queen Of Mean,Sarah Jeffery,Queen Of Mean,Sarah Jeffery
Rearview Town,Jason Aldean,Rearview Town,Jason Aldean
Staring At The Sun,Post Malone Featuring SZA,Staring At The Sun,Post Malone
I'm Gonna Be,Post Malone,I'm Gonna Be,Post Malone
Mood Swings,A Boogie Wit da Hoodie,Mood Swings,A Boogie Wit da Hoodie
All To Myself,Dan + Shay,All To Myself,Dan + Shay
Allergic,Post Malone,Allergic,Post Malone
Press,Cardi B,Press,Cardi B
"1, 2 Many",Luke Combs & Brooks & Dunn,"1, 2 Many",Luke Combs
"Hey Look Ma, I Made It",Panic! At The Disco,"Hey Look Ma, I Made It",Panic! At The Disco
Myself,Post Malone,Myself,Post Malone
I Know,Post Malone,I Know,Post Malone
Internet,Post Malone,Internet,Post Malone
Buy My Own Drinks,Runaway June,Buy My Own Drinks,Runaway June
Easier,5 Seconds Of Summer,Easier,5 Seconds Of Summer
Baguettes In The Face,"Mustard featuring NAV, Playboi Carti & A Boogie Wit da Hoodie",Baguettes In The Face,Mustard
Go Loko,"YG, Tyga & Jon Z",Go Loko,YG
Doin' Time,Lana Del Rey,Doin' Time,Lana Del Rey
7 Rings,Ariana Grande,7 Rings,Ariana Grande
Whiskey Glasses,Morgan Wallen,Whiskey Glasses,Morgan Wallen
God's Country,Blake Shelton,God's Country,Blake Shelton
Shotta Flow,NLE Choppa,Shotta Flow,NLE Choppa
ME!,Taylor Swift Featuring Brendon Urie,ME!,Taylor Swift
Babushka Boi,A$AP Rocky,Babushka Boi,A$AP Rocky
Cruel Summer,Taylor Swift,Cruel Summer,Taylor Swift
I Forgot That You Existed,Taylor Swift,I Forgot That You Existed,Taylor Swift
Call You Mine,The Chainsmokers & Bebe Rexha,Call You Mine,The Chainsmokers
Out Of Luck,Lil Tecca,Out Of Luck,Lil Tecca
Shots,Lil Tecca,Shots,Lil Tecca
Juice,Lizzo,Juice,Lizzo
Bezerk,Big Sean Featuring A$AP Ferg & Hit-Boy,Bezerk,Big Sean
God Only Knows,for KING & COUNTRY,God Only Knows,for KING
Love Me,Lil Tecca,Love Me,Lil Tecca
Soltera,"Lunay, Daddy Yankee & Bad Bunny",Soltera,Lunay
The Archer,Taylor Swift,The Archer,Taylor Swift
Paper Rings,Taylor Swift,Paper Rings,Taylor Swift
Miss Americana & The Heartbreak Prince,Taylor Swift,Miss Americana & The Heartbreak Prince,Taylor Swift
I Think He Knows,Taylor Swift,I Think He Knows,Taylor Swift
Cornelia Street,Taylor Swift,Cornelia Street,Taylor Swift
London Boy,Taylor Swift,London Boy,Taylor Swift
Soon You'll Get Better,Taylor Swift Featuring Dixie Chicks,Soon You'll Get Better,Taylor Swift
Death By A Thousand Cuts,Taylor Swift,Death By A Thousand Cuts,Taylor Swift
Afterglow,Taylor Swift,Afterglow,Taylor Swift
False God,Taylor Swift,False God,Taylor Swift
Daylight,Taylor Swift,Daylight,Taylor Swift
Raised On Country,Chris Young,Raised On Country,Chris Young
It's Nice To Have A Friend,Taylor Swift,It's Nice To Have A Friend,Taylor Swift
Never Really Over,Katy Perry,Never Really Over,Katy Perry
EARFQUAKE,"Tyler, The Creator",EARFQUAKE,Tyler
Clout,Offset Featuring Cardi B,Clout,Offset
What's The Move,Young Thug Featuring Lil Uzi Vert,What's The Move,Young Thug
Just How It Is,Young Thug,Just How It Is,Young Thug
Surf,Young Thug Featuring Gunna,Surf,Young Thug
Sup Mate,Young Thug Featuring Future,Sup Mate,Young Thug
Won't Be Late,Swae Lee Featuring Drake,Won't Be Late,Swae Lee
Light It Up,Young Thug,Light It Up,Young Thug
Lil Baby,Young Thug,Lil Baby,Young Thug
Mac 10,Trippie Redd Featuring Lil Baby & Lil Duke,Mac 10,Trippie Redd
Some Of It,Eric Church,Some Of It,Eric Church
Ecstasy,Young Thug Featuring Machine Gun Kelly,Ecstasy,Young Thug
Uno,Ambjaay,Uno,Ambjaay
Daddy,Blueface & Rich The Kid,Daddy,Blueface
Takeaway,The Chainsmokers & ILLENIUM Featuring Lennon Stella,Takeaway,The Chainsmokers
Happier,Marshmello & Bastille,Happier,Marshmello
Sweet But Psycho,Ava Max,Sweet But Psycho,Ava Max
Better,Khalid,Better,Khalid
Going Bad,Meek Mill Featuring Drake,Going Bad,Meek Mill
Talk You Out Of It,Florida Georgia Line,Talk You Out Of It,Florida Georgia Line
Gold Roses,Rick Ross Featuring Drake,Gold Roses,Rick Ross
Just Us,DJ Khaled Featuring SZA,Just Us,DJ Khaled
Small Talk,Katy Perry,Small Talk,Katy Perry
Night Falls,"Dove Cameron, Sofia Carson, Booboo Stewart, Cameron Boyce, Thomas Doherty, China Anne McClain & Dylan Playfair",Night Falls,Dove Cameron
Snake Skin,Trippie Redd,Snake Skin,Trippie Redd
24/7,Meek Mill Featuring Ella Mai,24/7,Meek Mill
Love Ain't,Eli Young Band,Love Ain't,Eli Young Band
Sanguine Paradise,Lil Uzi Vert,Sanguine Paradise,Lil Uzi Vert
Tap,NAV Featuring Meek Mill,Tap,NAV
La La Land,Bryce Vine Featuring YG,La La Land,Bryce Vine
Que Pretendes,J Balvin & Bad Bunny,Que Pretendes,J Balvin
Single Again,Big Sean,Single Again,Big Sean
Worth It,YK Osiris,Worth It,YK Osiris
Shallow,Lady Gaga & Bradley Cooper,Shallow,Lady Gaga
Trust Issues,Drake,Trust Issues,Drake
How About Now,Drake,How About Now,Drake
The Motion,Drake,The Motion,Drake
Dreams Money Can Buy,Drake,Dreams Money Can Buy,Drake
Club Paradise,Drake,Club Paradise,Drake
Antisocial,Ed Sheeran & Travis Scott,Antisocial,Ed Sheeran
Fear Inoculum,Tool,Fear Inoculum,Tool
Days In The East,Drake,Days In The East,Drake
Before I Let Go,Beyonce,Before I Let Go,Beyonce
High Hopes,Panic! At The Disco,High Hopes,Panic! At The Disco
Sicko Mode,Travis Scott,Sicko Mode,Travis Scott
Cross Me,Ed Sheeran Featuring Chance The Rapper & PnB Rock,Cross Me,Ed Sheeran
Leave Me Alone,NF,Leave Me Alone,NF
The Search,NF,The Search,NF
MEGATRON,Nicki Minaj,MEGATRON,Nicki Minaj
All Day Long,Chance The Rapper Featuring John Legend,All Day Long,Chance The Rapper
Do You Remember,Chance The Rapper Featuring Death Cab For Cutie,Do You Remember,Chance The Rapper
Calma,Pedro Capo X Farruko,Calma,Pedro Capo
Cool,Jonas Brothers,Cool,Jonas Brothers
Nightmare,Halsey,Nightmare,Halsey
Rumor,Lee Brice,Rumor,Lee Brice
Act Up,City Girls,Act Up,City Girls
GIRL,Maren Morris,GIRL,Maren Morris
Con Calma,Daddy Yankee & Katy Perry Featuring Snow,Con Calma,Daddy Yankee
Middle Child,J. Cole,Middle Child,J. Cole
Brown Skin Girl,"Beyonce, SAINt JHN & Wizkid Featuring Blue Ivy Carter",Brown Skin Girl,Beyonce
Under The Sun,"Dreamville Featuring J. Cole, Lute & DaBaby",Under The Sun,Dreamville
Mood 4 Eva,"Beyonce, JAY-Z & Childish Gambino Featuring Oumou Sangare",Mood 4 Eva,Beyonce
Pure Water,Mustard & Migos,Pure Water,Mustard
Remember The Name,Ed Sheeran Featuring Eminem & 50 Cent,Remember The Name,Ed Sheeran
Walk Me Home,P!nk,Walk Me Home,P!nk
Look What God Gave Her,Thomas Rhett,Look What God Gave Her,Thomas Rhett
BLOW,Ed Sheeran With Chris Stapleton & Bruno Mars,BLOW,Ed Sheeran
Like A Rodeo,Kane Brown,Like A Rodeo,Kane Brown
Spirit,Beyonce,Spirit,Beyonce
Best Part Of Me,Ed Sheeran Featuring YEBBA,Best Part Of Me,Ed Sheeran
Wake Up,Travis Scott,Wake Up,Travis Scott
Eastside,"benny blanco, Halsey & Khalid",Eastside,benny blanco
Look Back At It,A Boogie Wit da Hoodie,Look Back At It,A Boogie Wit da Hoodie
Down Bad,"Dreamville Featuring JID, Bas, J. Cole, EARTHGANG & Young Nudy",Down Bad,Dreamville
Good As You,Kane Brown,Good As You,Kane Brown
Costa Rica,"Dreamville Featuring Bas, JID, Guapdad 4000, Reese LAFLARE, Jace, Mez, Smokepurpp, Buddy & Ski Mask The Slump God",Costa Rica,Dreamville
Out The Mud,Lil Baby Featuring Future,Out The Mud,Lil Baby
Girls Need Love,Summer Walker X Drake,Girls Need Love,Summer Walker
Mother's Daughter,Miley Cyrus,Mother's Daughter,Miley Cyrus
Ocean Eyes,Billie Eilish,Ocean Eyes,Billie Eilish
Don't Check On Me,Chris Brown Featuring Justin Bieber & Ink,Don't Check On Me,Chris Brown
Homicide,Logic Featuring Eminem,Homicide,Logic
Please Me,Cardi B & Bruno Mars,Please Me,Cardi B
When I Grow Up,NF,When I Grow Up,NF
Eyes On You,Chase Rice,Eyes On You,Chase Rice
Bacc At It Again,"Yella Beezy, Gucci Mane & Quavo",Bacc At It Again,Yella Beezy
"Break Up With Your Girlfriend, I'm Bored",Ariana Grande,"Break Up With Your Girlfriend, I'm Bored",Ariana Grande
Here With Me,Marshmello Featuring CHVRCHES,Here With Me,Marshmello
Love Someone,Brett Eldredge,Love Someone,Brett Eldredge
Big Ole Freak,Megan Thee Stallion,Big Ole Freak,Megan Thee Stallion
You Stay,"DJ Khaled Featuring Meek Mill, J Balvin, Lil Baby & Jeremih",You Stay,DJ Khaled
Baila Baila Baila,Ozuna x Daddy Yankee x J Balvin x Farruko x Anuel AA,Baila Baila Baila,Ozuna
Omerta,Drake,Omerta,Drake
Summer Days,Martin Garrix Featuring Macklemore & Patrick Stump,Summer Days,Martin Garrix
When The Party's Over,Billie Eilish,When The Party's Over,Billie Eilish
Envy Me,Calboy,Envy Me,Calboy
Miss Me More,Kelsea Ballerini,Miss Me More,Kelsea Ballerini
Sanctuary,Joji,Sanctuary,Joji
Rescue Me,Marshmello Featuring A Day To Remember,Rescue Me,Marshmello
Te Robare,Nicky Jam X Ozuna,Te Robare,Nicky Jam
Racks In The Middle,Nipsey Hussle Featuring Roddy Ricch & Hit-Boy,Racks In The Middle,Nipsey Hussle
Beautiful Crazy,Luke Combs,Beautiful Crazy,Luke Combs
Close Friends,Lil Baby,Close Friends,Lil Baby
Bury A Friend,Billie Eilish,Bury A Friend,Billie Eilish
Put A Date On It,Yo Gotti Featuring Lil Baby,Put A Date On It,Yo Gotti
Heaven,Avicii,Heaven,Avicii
Please Tell Me,Future,Please Tell Me,Future
On My Way To You,Cody Johnson,On My Way To You,Cody Johnson
Amor Genuino,Ozuna,Amor Genuino,Ozuna
XanaX Damage,Future,XanaX Damage,Future
Government Official,Future,Government Official,Future
Murder On My Mind,YNW Melly,Murder On My Mind,YNW Melly
Isis,Joyner Lucas Featuring Logic,Isis,Joyner Lucas
Boy With Luv,BTS Featuring Halsey,Boy With Luv,BTS
Shut Up About Politics,John Rich Featuring The Five,Shut Up About Politics,John Rich
Under Enemy Arms,Trippie Redd,Under Enemy Arms,Trippie Redd
Night Shift,Jon Pardi,Night Shift,Jon Pardi
A Lot,21 Savage,A Lot,21 Savage
Thotiana,Blueface,Thotiana,Blueface
Higher,DJ Khaled Featuring Nipsey Hussle & John Legend,Higher,DJ Khaled
Who Do You Love,The Chainsmokers Featuring 5 Seconds Of Summer,Who Do You Love,The Chainsmokers
Don't Call Me Up,Mabel,Don't Call Me Up,Mabel
Earth,Lil Dicky,Earth,Lil Dicky
HP,Maluma,HP,Maluma
Mixed Personalities,YNW Melly Featuring Kanye West,Mixed Personalities,YNW Melly
Paradise,Bazzi,Paradise,Bazzi
Girls Like You,Maroon 5 Featuring Cardi B,Girls Like You,Maroon 5
I Think,"Tyler, The Creator",I Think,Tyler
Celebrate,DJ Khaled Featuring Travis Scott & Post Malone,Celebrate,DJ Khaled
Jealous,"DJ Khaled Featuring Chris Brown, Lil Wayne & Big Sean",Jealous,DJ Khaled
Running Out Of Time,"Tyler, The Creator",Running Out Of Time,Tyler
Igor's Theme,"Tyler, The Creator",Igor's Theme,Tyler
New Magic Wand,"Tyler, The Creator",New Magic Wand,Tyler
A Boy Is A Gun,"Tyler, The Creator",A Boy Is A Gun,Tyler
What's Good,"Tyler, The Creator",What's Good,Tyler
Puppet,"Tyler, The Creator",Puppet,Tyler
Weather The Storm,DJ Khaled Featuring Meek Mill & Lil Baby,Weather The Storm,DJ Khaled
Here Tonight,Brett Young,Here Tonight,Brett Young
Be Alright,Dean Lewis,Be Alright,Dean Lewis
Drip Too Hard,Lil Baby & Gunna,Drip Too Hard,Lil Baby
"Thank U, Next",Ariana Grande,"Thank U, Next",Ariana Grande
Baby Shark,Pinkfong,Baby Shark,Pinkfong
Make It Sweet,Old Dominion,Make It Sweet,Old Dominion
Shot Clock,Ella Mai,Shot Clock,Ella Mai
I'm So Tired...,Lauv & Troye Sivan,I'm So Tired...,Lauv
You Should See Me In A Crown,Billie Eilish,You Should See Me In A Crown,Billie Eilish
SOS,Avicii Featuring Aloe Blacc,SOS,Avicii
Wish You Were Gay,Billie Eilish,Wish You Were Gay,Billie Eilish
That's A Rack,Lil Uzi Vert,That's A Rack,Lil Uzi Vert
Rule The World,2 Chainz Featuring Ariana Grande,Rule The World,2 Chainz
Die Young,Roddy Ricch,Die Young,Roddy Ricch
Close To Me,Ellie Goulding X Diplo Featuring Swae Lee,Close To Me,Ellie Goulding
You Say,Lauren Daigle,You Say,Lauren Daigle
Swervin,A Boogie Wit da Hoodie Featuring 6ix9ine,Swervin,A Boogie Wit da Hoodie
Power Is Power,"SZA, The Weeknd & Travis Scott",Power Is Power,SZA
Middle Child,PnB Rock & XXXTENTACION,Middle Child,PnB Rock
I've Been Waiting,Lil Peep & iLoveMakonnen Featuring Fall Out Boy,I've Been Waiting,Lil Peep
Secreto,Anuel AA & Karol G,Secreto,Anuel AA
Faucet Failure,Ski Mask The Slump God,Faucet Failure,Ski Mask The Slump God
Youngblood,5 Seconds Of Summer,Youngblood,5 Seconds Of Summer
Floating,ScHoolboy Q Featuring 21 Savage,Floating,ScHoolboy Q
CHopstix,ScHoolboy Q + Travis Scott,CHopstix,ScHoolboy Q + Travis Scott
Light It Up,"Marshmello, Tyga & Chris Brown",Light It Up,Marshmello
Numb Numb Juice,ScHoolboy Q,Numb Numb Juice,ScHoolboy Q
Love Me Anyway,P!nk Featuring Chris Stapleton,Love Me Anyway,P!nk
Stop Snitching,YG,Stop Snitching,YG
Kill This Love,BLACKPINK,Kill This Love,BLACKPINK
Better Now,Post Malone,Better Now,Post Malone
Bad Liar,Imagine Dragons,Bad Liar,Imagine Dragons
Slide,French Montana Featuring Blueface & Lil Tjay,Slide,French Montana
Saturday Nights,Khalid & Kane Brown,Saturday Nights,Khalid
Pure Cocaine,Lil Baby,Pure Cocaine,Lil Baby
This Is It,Scotty McCreery,This Is It,Scotty McCreery
My Strange Addiction,Billie Eilish,My Strange Addiction,Billie Eilish
Let Me Down Slowly,Alec Benjamin + Alessia Cara,Let Me Down Slowly,Alec Benjamin + Alessia Cara
Xanny,Billie Eilish,Xanny,Billie Eilish
One That Got Away,Michael Ray,One That Got Away,Michael Ray
MIA,Bad Bunny Featuring Drake,MIA,Bad Bunny
Tequila,Dan + Shay,Tequila,Dan + Shay
Money,Cardi B,Money,Cardi B
Blue On Black,"Five Finger Death Punch Featuring Kenny Wayne Shepherd, Brantley Gilbert & Brian May",Blue On Black,Five Finger Death Punch
Double Up,Nipsey Hussle Featuring Belly & DOM KENNEDY,Double Up,Nipsey Hussle
Undrunk,FLETCHER,Undrunk,FLETCHER
Last Time That I Checc'd,Nipsey Hussle Featuring YG,Last Time That I Checc'd,Nipsey Hussle
There Was This Girl,Riley Green,There Was This Girl,Riley Green
My Bad,Khalid,My Bad,Khalid
Outta My Head,Khalid With John Mayer,Outta My Head,Khalid
Monopoly,Ariana Grande & Victoria Monet,Monopoly,Ariana Grande
Don't Pretend,Khalid x SAFE,Don't Pretend,Khalid
Bad Luck,Khalid,Bad Luck,Khalid
Inmortal,Aventura,Inmortal,Aventura
Dedication,Nipsey Hussle Featuring Kendrick Lamar,Dedication,Nipsey Hussle
Victory Lap,Nipsey Hussle Featuring Stacy Barthe,Victory Lap,Nipsey Hussle
ZEZE,Kodak Black Featuring Travis Scott & Offset,ZEZE,Kodak Black
I Love You,Billie Eilish,I Love You,Billie Eilish
Ilomilo,Billie Eilish,Ilomilo,Billie Eilish
Listen Before I Go,Billie Eilish,Listen Before I Go,Billie Eilish
8,Billie Eilish,8,Billie Eilish
Twerk,City Girls Featuring Cardi B,Twerk,City Girls
Lovely,Billie Eilish & Khalid,Lovely,Billie Eilish
I Can't Get Enough,"benny blanco, Tainy, Selena Gomez & J Balvin",I Can't Get Enough,benny blanco
Millionaire,Chris Stapleton,Millionaire,Chris Stapleton
Girl Like You,Jason Aldean,Girl Like You,Jason Aldean
I Like It,"Cardi B, Bad Bunny & J Balvin",I Like It,Cardi B
Taki Taki,"DJ Snake Featuring Selena Gomez, Ozuna & Cardi B",Taki Taki,DJ Snake
Down To The Honkytonk,Jake Owen,Down To The Honkytonk,Jake Owen
Price On My Head,NAV Featuring The Weeknd,Price On My Head,NAV
Confessions Of A Dangerous Mind,Logic,Confessions Of A Dangerous Mind,Logic
Take It From Me,Jordan Davis,Take It From Me,Jordan Davis
Splashin,Rich The Kid,Splashin,Rich The Kid
I,Lil Skies,I,Lil Skies
Hear Me Calling,Juice WRLD,Hear Me Calling,Juice WRLD
Undecided,Chris Brown,Undecided,Chris Brown
Calling My Spirit,Kodak Black,Calling My Spirit,Kodak Black
Last Hurrah,Bebe Rexha,Last Hurrah,Bebe Rexha
Love Wins,Carrie Underwood,Love Wins,Carrie Underwood
Sally Walker,Iggy Azalea,Sally Walker,Iggy Azalea
Ella Quiere Beber,Anuel AA & Romeo Santos,Ella Quiere Beber,Anuel AA
Fast,Juice WRLD,Fast,Juice WRLD
Wake Up In The Sky,Gucci Mane X Bruno Mars X Kodak Black,Wake Up In The Sky,Gucci Mane
Maze,Juice WRLD,Maze,Juice WRLD
What Makes You Country,Luke Bryan,What Makes You Country,Luke Bryan
Flaws And Sins,Juice WRLD,Flaws And Sins,Juice WRLD
Nights Like This,Kehlani Featuring Ty Dolla $ign,Nights Like This,Kehlani
Always Remember Us This Way,Lady Gaga,Always Remember Us This Way,Lady Gaga
Leave Me Alone,Flipp Dinero,Leave Me Alone,Flipp Dinero
Mo Bamba,Sheck Wes,Mo Bamba,Sheck Wes
Burn Out,Midland,Burn Out,Midland
Red Room,Offset,Red Room,Offset
Whip,2 Chainz Featuring Travis Scott,Whip,2 Chainz
Armed And Dangerous,Juice WRLD,Armed And Dangerous,Juice WRLD
Needy,Ariana Grande,Needy,Ariana Grande
Love Someone,Lukas Graham,Love Someone,Lukas Graham
Momma I Hit A Lick,2 Chainz Featuring Kendrick Lamar,Momma I Hit A Lick,2 Chainz
Backin' It Up,Pardison Fontaine Featuring Cardi B,Backin' It Up,Pardison Fontaine
Legacy,Offset Featuring Travis Scott & 21 Savage,Legacy,Offset
I'll Never Love Again,Lady Gaga,I'll Never Love Again,Lady Gaga
How Did I Get Here,Offset Featuring  J. Cole,How Did I Get Here,Offset
NASA,Ariana Grande,NASA,Ariana Grande
Outstanding,Gunna,Outstanding,Gunna
Be Like Me,Lil Pump Featuring Lil Wayne,Be Like Me,Lil Pump
3 Headed Snake,Gunna Featuring Young Thug,3 Headed Snake,Gunna
Wit It,Gunna,Wit It,Gunna
This Feeling,The Chainsmokers Featuring Kelsea Ballerini,This Feeling,The Chainsmokers
One Call,Gunna,One Call,Gunna
Nothing Breaks Like A Heart,Mark Ronson Featuring Miley Cyrus,Nothing Breaks Like A Heart,Mark Ronson
Imagine,Ariana Grande,Imagine,Ariana Grande
Lick,Offset,Lick,Offset
Bad Idea,Ariana Grande,Bad Idea,Ariana Grande
Speed It Up,Gunna,Speed It Up,Gunna
Bloodline,Ariana Grande,Bloodline,Ariana Grande
I Guess I Just Feel Like,John Mayer,I Guess I Just Feel Like,John Mayer
Same Yung N***a,Gunna Featuring Playboi Carti,Same Yung N***a,Gunna
Fake Smile,Ariana Grande,Fake Smile,Ariana Grande
Lost In The Fire,Gesaffelstein & The Weeknd,Lost In The Fire,Gesaffelstein
Ghostin,Ariana Grande,Ghostin,Ariana Grande
Sixteen,Thomas Rhett,Sixteen,Thomas Rhett
In My Head,Ariana Grande,In My Head,Ariana Grande
Body,Loud Luxury Featuring Brando,Body,Loud Luxury
365,Zedd & Katy Perry,365,Zedd
Yosemite,Travis Scott,Yosemite,Travis Scott
Make Up,Ariana Grande,Make Up,Ariana Grande
Good Girl,Dustin Lynch,Good Girl,Dustin Lynch
Arms Around You,XXXTENTACION x Lil Pump Featuring Maluma & Swae Lee,Arms Around You,XXXTENTACION
Startender,A Boogie Wit da Hoodie Featuring Offset & Tyga,Startender,A Boogie Wit da Hoodie
Uproar,Lil Wayne,Uproar,Lil Wayne
Burning Man,Dierks Bentley Featuring Brothers Osborne,Burning Man,Dierks Bentley
You,Jacquees,You,Jacquees
Ruin My Life,Zara Larsson,Ruin My Life,Zara Larsson
Talk To Me,Tory Lanez & Rich The Kid,Talk To Me,Tory Lanez
Rainbow,Kacey Musgraves,Rainbow,Kacey Musgraves
Alone,Marshmello,Alone,Marshmello
Breathin,Ariana Grande,Breathin,Ariana Grande
Trip,Ella Mai,Trip,Ella Mai
Love Lies,Khalid & Normani,Love Lies,Khalid
Beautiful,Bazzi Featuring Camila Cabello,Beautiful,Bazzi
First Off,Future Featuring Travis Scott,First Off,Future
Roses,benny blanco & Juice WRLD Featuring Brendon Urie,Roses,benny blanco
Keanu Reeves,Logic,Keanu Reeves,Logic
No Stylist,French Montana Featuring Drake,No Stylist,French Montana
Crushed Up,Future,Crushed Up,Future
Best Shot,Jimmie Allen,Best Shot,Jimmie Allen
Sauce!,XXXTENTACION,Sauce!,XXXTENTACION
BAD!,XXXTENTACION,BAD!,XXXTENTACION
Blue Tacoma,Russell Dickerson,Blue Tacoma,Russell Dickerson
Natural,Imagine Dragons,Natural,Imagine Dragons
Jumpin On A Jet,Future,Jumpin On A Jet,Future
Never Stop,Future,Never Stop,Future
Consequences,Camila Cabello,Consequences,Camila Cabello
Temptation,Future,Temptation,Future
Rocket Ship,Future,Rocket Ship,Future
F&N,Future,F&N,Future
Electricity,Silk City x Dua Lipa,Electricity,Silk City
Face My Fears,Hikaru Utada & Skrillex,Face My Fears,Hikaru Utada
Call The Coroner,Future,Call The Coroner,Future
She Got The Best Of Me ,Luke Combs,She Got The Best Of Me,Luke Combs
Fine China,Future & Juice WRLD,Fine China,Future
Nuketown,Ski Mask The Slump God Featuring Juice WRLD,Nuketown,Ski Mask The Slump God
Space Cadet,Metro Boomin Featuring Gunna,Space Cadet,Metro Boomin
Butterfly Doors,Lil Pump,Butterfly Doors,Lil Pump
Valuable Pain,YoungBoy Never Broke Again,Valuable Pain,YoungBoy Never Broke Again
Can't Leave Without It,21 Savage,Can't Leave Without It,21 Savage
Good Form,Nicki Minaj Featuring Lil Wayne,Good Form,Nicki Minaj
idontwannabeyouanymore,Billie Eilish,idontwannabeyouanymore,Billie Eilish
Last Shot,Kip Moore,Last Shot,Kip Moore
Smile (Living My Best Life),Lil' Duval Featuring Snoop Dogg & Ball Greezy,Smile,Lil' Duval
Lost In Japan,Shawn Mendes X Zedd,Lost In Japan,Shawn Mendes
Monster,21 Savage,Monster,21 Savage
Demons And Angels,A Boogie Wit da Hoodie Featuring Juice WRLD,Demons And Angels,A Boogie Wit da Hoodie
KIKA,6ix9ine Featuring Tory Lanez,KIKA,6ix9ine
Dip,Tyga & Nicki Minaj,Dip,Tyga
Lucky You,Eminem Featuring Joyner Lucas,Lucky You,Eminem
Drunk Me,Mitchell Tenpenny,Drunk Me,Mitchell Tenpenny
Dangerous,Meek Mill Featuring Jeremih & PnB Rock,Dangerous,Meek Mill
Solo de Mi,Bad Bunny,Solo de Mi,Bad Bunny
whoa (mind in awe),XXXTENTACION,whoa,XXXTENTACION
All My Friends,21 Savage,All My Friends,21 Savage
Happy Xmas (War Is Over),John & Yoko/The Plastic Ono Band With The Harlem Community Choir,Happy Xmas,John
Cozy Little Christmas,Katy Perry,Cozy Little Christmas,Katy Perry
The Christmas Song,Lauren Daigle,The Christmas Song,Lauren Daigle
Break Da Law,21 Savage,Break Da Law,21 Savage
1.5,21 Savage,1.5,21 Savage
Out For The Night,21 Savage,Out For The Night,21 Savage
Gun Smoke,21 Savage,Gun Smoke,21 Savage
ASMR,21 Savage,ASMR,21 Savage
MoshPit,Kodak Black Featuring Juice WRLD,MoshPit,Kodak Black
Testimony,Kodak Black,Testimony,Kodak Black
Gnarly,Kodak Black Featuring Lil Pump,Gnarly,Kodak Black
Uptown Vibes,Meek Mill Featuring Fabolous & Anuel AA,Uptown Vibes,Meek Mill
MAMA,6ix9ine Featuring Nicki Minaj & Kanye West,MAMA,6ix9ine
Broken,lovelytheband,Broken,lovelytheband
Taste,Tyga Featuring Offset,Taste,Tyga
Guardian Angel,XXXTENTACION,Guardian Angel,XXXTENTACION
God Is A Woman,Ariana Grande,God Is A Woman,Ariana Grande
I Don't Let Go,XXXTENTACION,I Don't Let Go,XXXTENTACION
What's Free,Meek Mill Featuring Rick Ross & JAY-Z,What's Free,Meek Mill
One Minute,XXXTENTACION Featuring Kanye West & Travis Barker,One Minute,XXXTENTACION
Train Food,XXXTENTACION,Train Food,XXXTENTACION
What Are You So Afraid Of,XXXTENTACION,What Are You So Afraid Of,XXXTENTACION
Staring At The Sky,XXXTENTACION,Staring At The Sky,XXXTENTACION
Lie,NF,Lie,NF
WAKA,6ix9ine Featuring A Boogie Wit da Hoodie,WAKA,6ix9ine
On Me,Meek Mill Featuring Cardi B,On Me,Meek Mill
Difference (Interlude),XXXTENTACION,Difference,XXXTENTACION
TIC TOC,6ix9ine Featuring Lil Baby,TIC TOC,6ix9ine
That's On Me,Yella Beezy,That's On Me,Yella Beezy
FEFE,6ix9ine Featuring Nicki Minaj & Murda Beatz,FEFE,6ix9ine
Respect The Game,Meek Mill,Respect The Game,Meek Mill
Ring,Cardi B Featuring Kehlani,Ring,Cardi B
Trauma,Meek Mill,Trauma,Meek Mill
Time,Lil Baby Featuring Meek Mill,Time,Lil Baby
Ready,Lil Baby Featuring Gunna,Ready,Lil Baby
Championships,Meek Mill,Championships,Meek Mill
Tic Tac Toe,Meek Mill Featuring Kodak Black,Tic Tac Toe,Meek Mill
Almost Slipped,Meek Mill,Almost Slipped,Meek Mill
Splash Warning,"Meek Mill Featuring Future, Roddy Ricch & Young Thug",Splash Warning,Meek Mill
Pay You Back,Meek Mill Featuring 21 Savage,Pay You Back,Meek Mill
Foot Fungus,Ski Mask The Slump God,Foot Fungus,Ski Mask The Slump God
Crush A Lot,Lil Baby,Crush A Lot,Lil Baby
Oodles O' Noodles Babies,Meek Mill,Oodles O' Noodles Babies,Meek Mill
STOOPID,6ix9ine Featuring Bobby Shmurda,STOOPID,6ix9ine
Global,Lil Baby,Global,Lil Baby
Word On The Street,Lil Baby,Word On The Street,Lil Baby
In My Feelings,Drake,In My Feelings,Drake
Lose It,Kane Brown,Lose It,Kane Brown
Yes Indeed,Lil Baby & Drake,Yes Indeed,Lil Baby
Nonstop,Drake,Nonstop,Drake
Boo'd Up,Ella Mai,Boo'd Up,Ella Mai
Topanga,Trippie Redd,Topanga,Trippie Redd
Come Out And Play,Billie Eilish,Come Out And Play,Billie Eilish
10 Freaky Girls,Metro Boomin Featuring 21 Savage,10 Freaky Girls,Metro Boomin
1400 / 999 Freestyle,Trippie Redd Featuring Juice WRLD,1400 / 999 Freestyle,Trippie Redd
I'm A Mess,Bebe Rexha,I'm A Mess,Bebe Rexha
Hangin' On,Chris Young,Hangin' On,Chris Young
Never Recover,Lil Baby & Gunna Featuring Drake,Never Recover,Lil Baby
BEBE,6ix9ine Featuring Anuel AA,BEBE,6ix9ine
Rich,Maren Morris,Rich,Maren Morris
Best Part,Daniel Caesar Featuring H.E.R.,Best Part,Daniel Caesar
Don't Come Out The House,Metro Boomin Featuring 21 Savage,Don't Come Out The House,Metro Boomin
I Love It,Kanye West & Lil Pump,I Love It,Kanye West
Falling Down,Lil Peep & XXXTENTACION,Falling Down,Lil Peep
Noticed,Lil Mosey,Noticed,Lil Mosey
I Like Me Better,Lauv,I Like Me Better,Lauv
Psycho,Post Malone Featuring Ty Dolla $ign,Psycho,Post Malone
Sad!,XXXTENTACION,Sad!,XXXTENTACION
Bohemian Rhapsody,Queen,Bohemian Rhapsody,Queen
Take One,Kodak Black,Take One,Kodak Black
W O R K I N  M E,Quavo,W O R K I N  M E,Quavo
Mona Lisa,Lil Wayne Featuring Kendrick Lamar,Mona Lisa,Lil Wayne
Desperate Man,Eric Church,Desperate Man,Eric Church
Burn The House Down,AJR,Burn The House Down,AJR
Big Bank,"YG Featuring 2 Chainz, Big Sean & Nicki Minaj",Big Bank,YG
Love Scars 3,Trippie Redd,Love Scars 3,Trippie Redd
Negative Energy,Trippie Redd Featuring Kodie Shane,Negative Energy,Trippie Redd
Toxic Waste,Trippie Redd,Toxic Waste,Trippie Redd
Drew Barrymore,Bryce Vine,Drew Barrymore,Bryce Vine
Jackie Chan,Tiesto & Dzeko Featuring Preme & Post Malone,Jackie Chan,Tiesto
Back To You,Selena Gomez,Back To You,Selena Gomez
Delicate,Taylor Swift,Delicate,Taylor Swift
Overdue,Metro Boomin Featuring Travis Scott,Overdue,Metro Boomin
Last Memory,TakeOff,Last Memory,TakeOff
Dreamcatcher,Metro Boomin Featuring Swae Lee & Travis Scott,Dreamcatcher,Metro Boomin
No More,"Metro Boomin Featuring Travis Scott, Kodak Black & 21 Savage",No More,Metro Boomin
Promises,Calvin Harris & Sam Smith,Promises,Calvin Harris
No Brainer,"DJ Khaled Featuring Justin Bieber, Chance The Rapper & Quavo",No Brainer,DJ Khaled
Hotel Key,Old Dominion,Hotel Key,Old Dominion
Killshot,Eminem,Killshot,Eminem
Casper,TakeOff,Casper,TakeOff
Up To Something,Metro Boomin Featuring Travis Scott & Young Thug,Up To Something,Metro Boomin
The Middle,"Zedd, Maren Morris & Grey",The Middle,Zedd
Drunk Girl,Chris Janson,Drunk Girl,Chris Janson
Waste It On Me,Steve Aoki Featuring BTS,Waste It On Me,Steve Aoki
A Million Dreams,P!nk,A Million Dreams,P!nk
Venom,Eminem,Venom,Eminem
New Patek,Lil Uzi Vert,New Patek,Lil Uzi Vert
Break Up In The End,Cole Swindell,Break Up In The End,Cole Swindell
Kamikaze,Lil Mosey,Kamikaze,Lil Mosey
Drowns The Whiskey,Jason Aldean Featuring Miranda Lambert,Drowns The Whiskey,Jason Aldean
No Tears Left To Cry,Ariana Grande,No Tears Left To Cry,Ariana Grande
Jet Lag,Future & Juice WRLD Featuring Young Scooter,Jet Lag,Future
Astronauts,Future & Juice WRLD,Astronauts,Future
Suncity,Khalid Featuring Empress Of,Suncity,Khalid
Vertigo,Khalid,Vertigo,Khalid
Yacht Club,Lil Yachty Featuring Juice WRLD,Yacht Club,Lil Yachty
Make It Back,Juice WRLD,Make It Back,Juice WRLD
Kiss And Make Up,Dua Lipa & BLACKPINK,Kiss And Make Up,Dua Lipa
Africa,Weezer,Africa,Weezer
Get Dripped,Lil Yachty Featuring Playboi Carti,Get Dripped,Lil Yachty
Meant To Be,Bebe Rexha & Florida Georgia Line,Meant To Be,Bebe Rexha
Flip The Switch,Quavo Featuring Drake,Flip The Switch,Quavo
Simple,Florida Georgia Line,Simple,Florida Georgia Line
Pass Out,Quavo Featuring 21 Savage,Pass Out,Quavo
Medicine,Queen Naija,Medicine,Queen Naija
Biggest Alley Oop,Quavo,Biggest Alley Oop,Quavo
Rerun,Quavo Featuring Travis Scott,Rerun,Quavo
Don't Cry,Lil Wayne Featuring XXXTENTACION,Don't Cry,Lil Wayne
Huncho Dreams,Quavo,Huncho Dreams,Quavo
Chanel (Go Get It),Young Thug Featuring Gunna & Lil Baby,Chanel,Young Thug
Thunderclouds,"Labrinth, Sia & Diplo Present... LSD",Thunderclouds,Labrinth
"Sunrise, Sunburn, Sunset",Luke Bryan,"Sunrise, Sunburn, Sunset",Luke Bryan
"If I'm Lyin, I'm Flyin",Kodak Black,"If I'm Lyin, I'm Flyin",Kodak Black
Lose It,Quavo Featuring Lil Baby,Lose It,Quavo
Off White VLONE,Lil Baby & Gunna Featuring Lil Durk & NAV,Off White VLONE,Lil Baby
Business Is Business,Lil Baby & Gunna,Business Is Business,Lil Baby
Is That Alright?,Lady Gaga,Is That Alright?,Lady Gaga
Let It Fly,Lil Wayne Featuring Travis Scott,Let It Fly,Lil Wayne
Dedicate,Lil Wayne,Dedicate,Lil Wayne
Jumpsuit,twenty one pilots,Jumpsuit,twenty one pilots
Belly,Lil Baby & Gunna,Belly,Lil Baby
My Blood,twenty one pilots,My Blood,twenty one pilots
The Way I Am,Charlie Puth,The Way I Am,Charlie Puth
Can't Be Broken,Lil Wayne,Can't Be Broken,Lil Wayne
Maybe It's Time,Bradley Cooper,Maybe It's Time,Bradley Cooper
Nico And The Niners,twenty one pilots,Nico And The Niners,twenty one pilots
Deep End,Lil Baby,Deep End,Lil Baby
I Am,Lil Baby & Gunna,I Am,Lil Baby
What About Me,Lil Wayne Featuring Sosamann,What About Me,Lil Wayne
Dark Side Of The Moon,Lil Wayne Featuring Nicki Minaj,Dark Side Of The Moon,Lil Wayne
Famous,Lil Wayne Featuring Reginae Carter,Famous,Lil Wayne
Dope N****z,Lil Wayne Featuring Snoop Dogg,Dope N****z,Lil Wayne
Open Letter,Lil Wayne,Open Letter,Lil Wayne
Problems,Lil Wayne,Problems,Lil Wayne
Hittas,Lil Wayne,Hittas,Lil Wayne
Open Safe,Lil Wayne,Open Safe,Lil Wayne
Took His Time,Lil Wayne,Took His Time,Lil Wayne
Mess,Lil Wayne,Mess,Lil Wayne
Let It All Work Out,Lil Wayne,Let It All Work Out,Lil Wayne
Start This S**t Off Right,Lil Wayne Featuring Ashanti & Mack Maine,Start This S**t Off Right,Lil Wayne
Used 2,Lil Wayne,Used 2,Lil Wayne
Rap Devil,Machine Gun Kelly,Rap Devil,Machine Gun Kelly
Demon,Lil Wayne,Demon,Lil Wayne
Perfect Strangers,Lil Wayne,Perfect Strangers,Lil Wayne
Dope New Gospel,Lil Wayne Featuring Nivea,Dope New Gospel,Lil Wayne
Head Above Water,Avril Lavigne,Head Above Water,Avril Lavigne
Perfect,Ed Sheeran,Perfect,Ed Sheeran
Nice For What,Drake,Nice For What,Drake
God's Plan,Drake,God's Plan,Drake
Barbie Dreams,Nicki Minaj,Barbie Dreams,Nicki Minaj
All Girls Are The Same,Juice WRLD,All Girls Are The Same,Juice WRLD
Fall,Eminem,Fall,Eminem
Life Changes,Thomas Rhett,Life Changes,Thomas Rhett
Hooked,Dylan Scott,Hooked,Dylan Scott
Stargazing,Travis Scott,Stargazing,Travis Scott
Lean Wit Me,Juice WRLD,Lean Wit Me,Juice WRLD
Self Care,Mac Miller,Self Care,Mac Miller
OTW,"Khalid, Ty Dolla $ign & 6LACK",OTW,Khalid
Remind Me To Forget,Kygo Featuring Miguel,Remind Me To Forget,Kygo
The Ringer,Eminem,The Ringer,Eminem
Apes**t,The Carters,Apes**t,The Carters
Hopeless Romantic,Wiz Khalifa Featuring Swae Lee,Hopeless Romantic,Wiz Khalifa
Solo,Clean Bandit Featuring Demi Lovato,Solo,Clean Bandit
Vaina Loca,Ozuna x Manuel Turizo,Vaina Loca,Ozuna
Pretty Little Fears,6LACK Featuring J. Cole,Pretty Little Fears,6LACK
Mercy,Brett Young,Mercy,Brett Young
Side Effects,The Chainsmokers Featuring Emily Warren,Side Effects,The Chainsmokers
Cry Pretty,Carrie Underwood,Cry Pretty,Carrie Underwood
Not Alike,Eminem Featuring Royce Da 5'9,Not Alike,Eminem
Kamikaze,Eminem,Kamikaze,Eminem
Mine,Bazzi,Mine,Bazzi
Te Bote,"Casper Magico, Nio Garcia, Darell, Nicky Jam, Ozuna & Bad Bunny",Te Bote,Casper Magico
Hurt Feelings,Mac Miller,Hurt Feelings,Mac Miller
Greatest,Eminem,Greatest,Eminem
Come Back To Earth,Mac Miller,Come Back To Earth,Mac Miller
IDOL,BTS Featuring Nicki Minaj,IDOL,BTS
Feels Like Summer,Childish Gambino,Feels Like Summer,Childish Gambino
I'm Upset,Drake,I'm Upset,Drake
Narcos,Migos,Narcos,Migos
Normal,Eminem,Normal,Eminem
Stepping Stone,Eminem,Stepping Stone,Eminem
Nice Guy,Eminem & Jessie Reyez,Nice Guy,Eminem
Good Guy,Eminem Featuring Jessie Reyez,Good Guy,Eminem
I Am Who They Say I Am,YoungBoy Never Broke Again Featuring Kevin Gates & Quando Rondo,I Am Who They Say I Am,YoungBoy Never Broke Again
1942,G-Eazy Featuring Yo Gotti & YBN Nahmir,1942,G-Eazy
Summertime Magic,Childish Gambino,Summertime Magic,Childish Gambino
Friends,Marshmello & Anne-Marie,Friends,Marshmello
Never Be The Same,Camila Cabello,Never Be The Same,Camila Cabello
One Kiss,Calvin Harris & Dua Lipa,One Kiss,Calvin Harris
Moonlight,XXXTENTACION,Moonlight,XXXTENTACION
Get Along,Kenny Chesney,Get Along,Kenny Chesney
Unica,Ozuna,Unica,Ozuna
Changes,XXXTENTACION,Changes,XXXTENTACION
Happy Now,Zedd & Elley Duhe,Happy Now,Zedd
Level Up,Ciara,Level Up,Ciara
Taking A Walk,Trippie Redd,Taking A Walk,Trippie Redd
Don't Go Breaking My Heart,Backstreet Boys,Don't Go Breaking My Heart,Backstreet Boys
Mob Ties,Drake,Mob Ties,Drake
Wasted,Juice WRLD Featuring Lil Uzi Vert,Wasted,Juice WRLD
Sin Pijama,Becky G + Natti Natasha,Sin Pijama,Becky G + Natti Natasha
This Is America,Childish Gambino,This Is America,Childish Gambino
In My Blood,Shawn Mendes,In My Blood,Shawn Mendes
Sweetener,Ariana Grande,Sweetener,Ariana Grande
Everytime,Ariana Grande,Everytime,Ariana Grande
R.E.M,Ariana Grande,R.E.M,Ariana Grande
Kiss Somebody,Morgan Evans,Kiss Somebody,Morgan Evans
Goodnight N Go,Ariana Grande,Goodnight N Go,Ariana Grande
Made For Now,Janet & Daddy Yankee,Made For Now,Janet
The Light Is Coming,Ariana Grande Featuring Nicki Minaj,The Light Is Coming,Ariana Grande
Bed,Nicki Minaj Featuring Ariana Grande,Bed,Nicki Minaj
Growing Pains,Alessia Cara,Growing Pains,Alessia Cara
Take Back Home Girl,Chris Lane Featuring Tori Kelly,Take Back Home Girl,Chris Lane
Pete Davidson,Ariana Grande,Pete Davidson,Ariana Grande
Chun-Li,Nicki Minaj,Chun-Li,Nicki Minaj
Rich Sex,Nicki Minaj Featuring Lil Wayne,Rich Sex,Nicki Minaj
Majesty,Nicki Minaj Featuring Eminem & Labrinth,Majesty,Nicki Minaj
Ganja Burns,Nicki Minaj,Ganja Burns,Nicki Minaj
Be Careful,Cardi B,Be Careful,Cardi B
Stop Trying To Be God,Travis Scott,Stop Trying To Be God,Travis Scott
Can't Say,Travis Scott,Can't Say,Travis Scott
R.I.P Screw,Travis Scott,R.I.P Screw,Travis Scott
No Bystanders,Travis Scott,No Bystanders,Travis Scott
Carousel,Travis Scott,Carousel,Travis Scott
Album Of The Year (Freestyle),J. Cole,Album Of The Year,J. Cole
5% Tint,Travis Scott,5% Tint,Travis Scott
Have It All,Jason Mraz,Have It All,Jason Mraz
Nevermind,Dennis Lloyd,Nevermind,Dennis Lloyd
Thought I Knew You,Nicki Minaj Featuring The Weeknd,Thought I Knew You,Nicki Minaj
NC-17,Travis Scott,NC-17,Travis Scott
Who? What!,Travis Scott,Who? What!,Travis Scott
Skeletons,Travis Scott,Skeletons,Travis Scott
Astrothunder,Travis Scott,Astrothunder,Travis Scott
Butterfly Effect,Travis Scott,Butterfly Effect,Travis Scott
Houstonfornication,Travis Scott,Houstonfornication,Travis Scott
Coffee Bean,Travis Scott,Coffee Bean,Travis Scott
Could've Been,H.E.R. Featuring Bryson Tiller,Could've Been,H.E.R.
Up Down,Morgan Wallen Featuring Florida Georgia Line,Up Down,Morgan Wallen
I Was Jack (You Were Diane),Jake Owen,I Was Jack,Jake Owen
Coming Home,Keith Urban Featuring Julia Michaels,Coming Home,Keith Urban
Handgun,YG Featuring A$AP Rocky,Handgun,YG
Whatever It Takes,Imagine Dragons,Whatever It Takes,Imagine Dragons
Look Alive,BlocBoy JB Featuring Drake,Look Alive,BlocBoy JB
Sober,Demi Lovato,Sober,Demi Lovato
Sit Next To Me,Foster The People,Sit Next To Me,Foster The People
One Number Away,Luke Combs,One Number Away,Luke Combs
Don't Matter To Me,Drake Featuring Michael Jackson,Don't Matter To Me,Drake
Ocean,TK Kravitz Featuring Jacqueez,Ocean,TK Kravitz
One Day,Logic Featuring Ryan Tedder,One Day,Logic
Freaky Friday,Lil Dicky Featuring Chris Brown,Freaky Friday,Lil Dicky
Praise The Lord (Da Shine),A$AP Rocky Featuring Skepta,Praise The Lord,A$AP Rocky
Ball For Me,Post Malone Featuring Nicki Minaj,Ball For Me,Post Malone
Call Out My Name,The Weeknd,Call Out My Name,The Weeknd
All Mine,Kanye West,All Mine,Kanye West
Ocean,Martin Garrix Featuring Khalid,Ocean,Martin Garrix
Karma,Queen Naija,Karma,Queen Naija
X,Nicky Jam x J Balvin,X,Nicky Jam
I Might Need Security,Chance The Rapper,I Might Need Security,Chance The Rapper
Emotionless,Drake,Emotionless,Drake
Can't Take A Joke,Drake,Can't Take A Joke,Drake
Elevate,Drake,Elevate,Drake
Fr Fr,Wiz Khalifa Featuring Lil Skies,Fr Fr,Wiz Khalifa
Blue Tint,Drake,Blue Tint,Drake
After Dark,Drake Featuring Static Major & Ty Dolla $ign,After Dark,Drake
Alone,Halsey Featuring Big Sean & Stefflon Don,Alone,Halsey
Everything's Gonna Be Alright,David Lee Murphy & Kenny Chesney,Everything's Gonna Be Alright,David Lee Murphy
Zombie,Bad Wolves,Zombie,Bad Wolves
8 Out Of 10,Drake,8 Out Of 10,Drake
31 Days,Future,31 Days,Future
Talk Up,Drake Featuring JAY-Z,Talk Up,Drake
Wifi Lit,Future,Wifi Lit,Future
Jocelyn Flores,XXXTENTACION,Jocelyn Flores,XXXTENTACION
Sandra's Rose,Drake,Sandra's Rose,Drake
Summer Games,Drake,Summer Games,Drake
Jaded,Drake,Jaded,Drake
That's How You Feel,Drake,That's How You Feel,Drake
Survival,Drake,Survival,Drake
Cuddle My Wrist,Future,Cuddle My Wrist,Future
Millidelphia,Meek Mill Featuring Swizz Beatz,Millidelphia,Meek Mill
Racks Blue,Future,Racks Blue,Future
Finesse,Drake,Finesse,Drake
Drug Addicts,Lil Pump,Drug Addicts,Lil Pump
KOD,J. Cole,KOD,J. Cole
Peak,Drake,Peak,Drake
Kream,Iggy Azalea Feauring Tyga,Kream,Iggy Azalea Feauring Tyga
Is There More,Drake,Is There More,Drake
Ratchet Happy Birthday,Drake,Ratchet Happy Birthday,Drake
Final Fantasy,Drake,Final Fantasy,Drake
14-Mar,Drake,14-Mar,Drake
Done For Me,Charlie Puth Featuring Kehlani,Done For Me,Charlie Puth
Esskeetit,Lil Pump,Esskeetit,Lil Pump
Everybody Dies In Their Nightmares,XXXTENTACION,Everybody Dies In Their Nightmares,XXXTENTACION
Yikes,Kanye West,Yikes,Kanye West
Downtown's Dead,Sam Hunt,Downtown's Dead,Sam Hunt
Japan,Famous Dex,Japan,Famous Dex
Me Niego,Reik Featuring Ozuna & Wisin,Me Niego,Reik
The Remedy For A Broken Heart (Why Am I So In Love),XXXTENTACION,The Remedy For A Broken Heart,XXXTENTACION
I Lived It,Blake Shelton,I Lived It,Blake Shelton
Plug Walk,Rich The Kid,Plug Walk,Rich The Kid
Walk It Talk It,Migos Featuring Drake,Walk It Talk It,Migos
Rockstar,Post Malone Featuring 21 Savage,Rockstar,Post Malone
F**k Love,XXXTENTACION Featuring Trippie Redd,F**k Love,XXXTENTACION
Heaven,Kane Brown,Heaven,Kane Brown
Havana,Camila Cabello Featuring Young Thug,Havana,Camila Cabello
New Rules,Dua Lipa,New Rules,Dua Lipa
Wait,Maroon 5,Wait,Maroon 5
Dura,Daddy Yankee,Dura,Daddy Yankee
Bigger > You,"2 Chainz, Drake & Quavo",Bigger > You,2 Chainz
Say Amen (Saturday Night),Panic! At The Disco,Say Amen,Panic! At The Disco
Hope,XXXTENTACION,Hope,XXXTENTACION
TATI,6ix9ine Featuring DJ SPINKING,TATI,6ix9ine
Fake Love,BTS,Fake Love,BTS
I Know You,Lil Skies Featuring Yung Pinch,I Know You,Lil Skies
Numb,XXXTENTACION,Numb,XXXTENTACION
Powerglide,Rae Sremmurd & Juicy J,Powerglide,Rae Sremmurd
Life Goes On,Lil Baby Featuring Gunna & Lil Uzi Vert,Life Goes On,Lil Baby
Overdose,YoungBoy Never Broke Again,Overdose,YoungBoy Never Broke Again
"Woman, Amen",Dierks Bentley,"Woman, Amen",Dierks Bentley
Born To Be Yours,Kygo & Imagine Dragons,Born To Be Yours,Kygo
Boss,The Carters,Boss,The Carters
Sativa,Jhene Aiko Featuring Swae Lee Or Rae Sremmurd,Sativa,Jhene Aiko
DDU-DU DDU-DU,BLACKPINK,DDU-DU DDU-DU,BLACKPINK
IDGAF,Dua Lipa,IDGAF,Dua Lipa
Pray For Me,The Weeknd & Kendrick Lamar,Pray For Me,The Weeknd
Summer,The Carters,Summer,The Carters
Welcome To The Party,"Diplo, French Montana & Lil Pump Featuring Zhavia Ward",Welcome To The Party,Diplo
Dame Tu Cosita,Pitbull x El Chombo x Karol G Featuring Cutty Ranks,Dame Tu Cosita,Pitbull
Reborn,KIDS SEE GHOSTS,Reborn,KIDS SEE GHOSTS
Nice,The Carters,Nice,The Carters
Cop Shot The Kid,Nas Featuring Kanye West,Cop Shot The Kid,Nas
Friends,The Carters,Friends,The Carters
4th Dimension,KIDS SEE GHOSTS Featuring Louis Prima,4th Dimension,KIDS SEE GHOSTS
Feel The Love,KIDS SEE GHOSTS,Feel The Love,KIDS SEE GHOSTS
Ghost Town,Kanye West Featuring PARTYNEXTDOOR,Ghost Town,Kanye West
You Make It Easy,Jason Aldean,You Make It Easy,Jason Aldean
"Freeee (Ghost Town, Pt. 2)",KIDS SEE GHOSTS,Freeee,KIDS SEE GHOSTS
Fire,KIDS SEE GHOSTS,Fire,KIDS SEE GHOSTS
Cudi Montage,KIDS SEE GHOSTS,Cudi Montage,KIDS SEE GHOSTS
KIDS SEE GHOSTS,KIDS SEE GHOSTS,KIDS SEE GHOSTS,KIDS SEE GHOSTS
Violent Crimes,Kanye West,Violent Crimes,Kanye West
El Farsante,Ozuna & Romeo Santos,El Farsante,Ozuna
Wouldn't Leave,Kanye West Featuring PARTYNEXTDOOR,Wouldn't Leave,Kanye West
Babe,Sugarland Featuring Taylor Swift,Babe,Sugarland
Drip,Cardi B Featuring Migos,Drip,Cardi B
Singles You Up,Jordan Davis,Singles You Up,Jordan Davis
I Thought About Killing You,Kanye West,I Thought About Killing You,Kanye West
No Mistakes,Kanye West,No Mistakes,Kanye West
Finesse,Bruno Mars & Cardi B,Finesse,Bruno Mars
Must've Never Met You,Luke Combs,Must've Never Met You,Luke Combs
Humility,Gorillaz Featuring George Benson,Humility,Gorillaz
Watch,Travis Scott Featuring Lil Uzi Vert & Kanye West,Watch,Travis Scott
Rich & Sad,Post Malone,Rich & Sad,Post Malone
Shoota,Playboi Carti Featuring Lil Uzi Vert,Shoota,Playboi Carti
Lust,Lil Skies,Lust,Lil Skies
Paranoid,Post Malone,Paranoid,Post Malone
New Freezer,Rich The Kid Featuring Kendrick Lamar,New Freezer,Rich The Kid
All The Stars,Kendrick Lamar & SZA,All The Stars,Kendrick Lamar
Ric Flair Drip,Offset & Metro Boomin,Ric Flair Drip,Offset
A$AP Forever,A$AP Rocky Featuring Moby,A$AP Forever,A$AP Rocky
Infrared,Pusha T,Infrared,Pusha T
King's Dead,"Jay Rock, Kendrick Lamar, Future & James Blake",King's Dead,Jay Rock
If You Know You Know,Pusha T,If You Know You Know,Pusha T
What Would Meek Do?,Pusha T Featuring Kanye West,What Would Meek Do?,Pusha T
Youth,Shawn Mendes Featuring Khalid,Youth,Shawn Mendes
Dinero,Jennifer Lopez Featuring DJ Khaled & Cardi B,Dinero,Jennifer Lopez
For The First Time,Darius Rucker,For The First Time,Darius Rucker
Most People Are Good,Luke Bryan,Most People Are Good,Luke Bryan
Everyday,Logic & Marshmello,Everyday,Logic
Spoil My Night,Post Malone Featuring Swae Lee,Spoil My Night,Post Malone
The Games We Play,Pusha T,The Games We Play,Pusha T
Change Lanes,Kevin Gates,Change Lanes,Kevin Gates
Like That,Kris Wu,Like That,Kris Wu
Southside,Lil Baby,Southside,Lil Baby
Let It Sing,Kevin Gates,Let It Sing,Kevin Gates
Sangria Wine,Pharrell Williams x Camila Cabello,Sangria Wine,Pharrell Williams
Champion,NAV Featuring Travis Scott,Champion,NAV
Red Roses,Lil Skies Featuring Landon Cube,Red Roses,Lil Skies
Stay,Post Malone,Stay,Post Malone
ATM,J. Cole,ATM,J. Cole
Kevin's Heart,J. Cole,Kevin's Heart,J. Cole
No Excuses,Meghan Trainor,No Excuses,Meghan Trainor
Gucci Flip Flops,Bhad Bhabie Featuring Lil Yachty,Gucci Flip Flops,Bhad Bhabie
Outside Today,YoungBoy Never Broke Again,Outside Today,YoungBoy Never Broke Again
Stir Fry,Migos,Stir Fry,Migos
Over Now,Post Malone,Over Now,Post Malone
Zack And Codeine,Post Malone,Zack And Codeine,Post Malone
Same Bitches,Post Malone Featuring G-Eazy & YG,Same Bitches,Post Malone
When We,Tank,When We,Tank
Takin' Shots,Post Malone,Takin' Shots,Post Malone
92 Explorer,Post Malone,92 Explorer,Post Malone
Say Something,Justin Timberlake Featuring Chris Stapleton,Say Something,Justin Timberlake
Bartier Cardi,Cardi B Featuring 21 Savage,Bartier Cardi,Cardi B
Barbie Tingz,Nicki Minaj,Barbie Tingz,Nicki Minaj
Otherside,Post Malone,Otherside,Post Malone
Blame It On Me,Post Malone,Blame It On Me,Post Malone
Diamond Teeth Samurai,YoungBoy Never Broke Again,Diamond Teeth Samurai,YoungBoy Never Broke Again
Famous,Mason Ramsey,Famous,Mason Ramsey
I Do,Cardi B Featuring SZA,I Do,Cardi B
Preach,YoungBoy Never Broke Again,Preach,YoungBoy Never Broke Again
Candy Paint,Post Malone,Candy Paint,Post Malone
Sugar Wraith,Post Malone,Sugar Wraith,Post Malone
Motiv8,J. Cole,Motiv8,J. Cole
Jonestown (Interlude),Post Malone,Jonestown,Post Malone
1985 (Intro To The Fall Off),J. Cole,1985,J. Cole
Photograph,J. Cole,Photograph,J. Cole
Ye vs The People,Kanye West Featuring T.I.,Ye vs The People,Kanye West
The Cut Off,J. Cole Featuring kiLL edward,The Cut Off,J. Cole
Brackets,J. Cole,Brackets,J. Cole
Wake Me Up!,Avicii,Wake Me Up!,Avicii
Window Pain (Outro),J. Cole,Window Pain,J. Cole
Thunder,Imagine Dragons,Thunder,Imagine Dragons
Friends,J. Cole Featuring kiLL edward,Friends,J. Cole
Once An Addict (Interlude),J. Cole,Once An Addict,J. Cole
Let You Down,NF,Let You Down,NF
Feel It Still,Portugal. The Man,Feel It Still,Portugal. The Man
Intro,J. Cole,Intro,J. Cole
The Long Way,Brett Eldredge,The Long Way,Brett Eldredge
This Is Me,Keala Settle & The Greatest Showman Ensemble,This Is Me,Keala Settle
Close,Rae Sremmurd & Travis Scott,Close,Rae Sremmurd
Thru Your Phone,Cardi B,Thru Your Phone,Cardi B
Best Life,Cardi B Featuring Chance The Rapper,Best Life,Cardi B
Lights Down Low,MAX Featuring gnash,Lights Down Low,MAX
I Fall Apart,Post Malone,I Fall Apart,Post Malone
Him & I,G-Eazy & Halsey,Him & I,G-Eazy
Bad At Love,Halsey,Bad At Love,Halsey
Marry Me,Thomas Rhett,Marry Me,Thomas Rhett
Bickenhead,Cardi B,Bickenhead,Cardi B
Let Me,Zayn,Let Me,Zayn
Wasted Times,The Weeknd,Wasted Times,The Weeknd
Get Up 10,Cardi B,Get Up 10,Cardi B
Guatemala,Swae Lee Featuring Slim Jxmmi,Guatemala,Swae Lee
Money Bag,Cardi B,Money Bag,Cardi B
Anybody,Young Thug Featuring Nicki Minaj,Anybody,Young Thug
She Bad,Cardi B & YG,She Bad,Cardi B
Billy,6ix9ine,Billy,6ix9ine
Top Off,"DJ Khaled Featuring JAY Z, Future & B",Top Off,DJ Khaled
She's With Me,High Valley,She's With Me,High Valley
Get You,Daniel Caesar Featuring Kali Uchis,Get You,Daniel Caesar
Broken Clocks,SZA,Broken Clocks,SZA
Five More Minutes,Scotty McCreery,Five More Minutes,Scotty McCreery
Gotti,6ix9ine,Gotti,6ix9ine
Hardaway,Derez De'Shon,Hardaway,Derez De'Shon
Tell Me You Love Me,Demi Lovato,Tell Me You Love Me,Demi Lovato
Try Me,The Weeknd,Try Me,The Weeknd
Broken Halos,Chris Stapleton,Broken Halos,Chris Stapleton
All On Me,Devin Dawson,All On Me,Devin Dawson
No Roots,Alice Merton,No Roots,Alice Merton
Proud,2 Chainz Featuring YG & Offset,Proud,2 Chainz
I Was Never There,The Weeknd Featuring Gesaffelstein,I Was Never There,The Weeknd
Hurt You,The Weeknd Featuring Gesaffelstein,Hurt You,The Weeknd
Lemon,N*E*R*D & Rihanna,Lemon,N*E*R*D
Privilege,The Weeknd,Privilege,The Weeknd
Nowadays,Lil Skies Featuring Landon Cube,Nowadays,Lil Skies
No Smoke,YoungBoy Never Broke Again,No Smoke,YoungBoy Never Broke Again
Tempo,Chris Brown,Tempo,Chris Brown
OKRA,"Tyler, The Creator",OKRA,Tyler
Echame La Culpa,Luis Fonsi & Demi Lovato,Echame La Culpa,Luis Fonsi
Written In The Sand,Old Dominion,Written In The Sand,Old Dominion
La Modelo,Ozuna x Cardi B,La Modelo,Ozuna
Beautiful Trauma,P!nk,Beautiful Trauma,P!nk
NBAYoungboat,Lil Yachty Featuring NBA YoungBoy,NBAYoungboat,Lil Yachty
Focus,H.E.R.,Focus,H.E.R.
No Limit,G-Eazy Featuring A$AP Rocky & Cardi B,No Limit,G-Eazy
Love.,Kendrick Lamar Featuring Zacari,Love.,Kendrick Lamar
Wolves,Selena Gomez X Marshmello,Wolves,Selena Gomez
MotorSport,"Migos, Nicki Minaj & Cardi B",MotorSport,Migos
Gummo,6ix9ine,Gummo,6ix9ine
Pick It Up,Famous Dex Featuring A$AP Rocky,Pick It Up,Famous Dex
Betrayed,Lil Xan,Betrayed,Lil Xan
44 More,Logic,44 More,Logic
Booty,Blac Youngsta,Booty,Blac Youngsta
Rubbin Off The Paint,YBN Nahmir,Rubbin Off The Paint,YBN Nahmir
Dark Knight Dummo,Trippie Redd Featuring Travis Scott,Dark Knight Dummo,Trippie Redd
Young Dumb & Broke,Khalid,Young Dumb & Broke,Khalid
How Long,Charlie Puth,How Long,Charlie Puth
Found / Tonight,Lin-Manuel Miranda & Ben Platt,Found / Tonight,Lin-Manuel Miranda
Sky Walker,Miguel Featuring Travis Scott,Sky Walker,Miguel
Infinity (888),XXXTENTACION Featuring Joey Bada$$,Infinity,XXXTENTACION
Going Down!,XXXTENTACION,Going Down!,XXXTENTACION
At The Club,Jacquees X Dej Loaf,At The Club,Jacquees
Everybody Hates Me,The Chainsmokers,Everybody Hates Me,The Chainsmokers
Plain Jane,A$AP Ferg Featuring Nicki Minaj,Plain Jane,A$AP Ferg
Sorry Not Sorry,Demi Lovato,Sorry Not Sorry,Demi Lovato
Indica Badu,Logic Featuring Wiz Khalifa,Indica Badu,Logic
Contra,Logic,Contra,Logic
Overnight,Logic,Overnight,Logic
66,Lil Yachty Featuring Trippie Redd,66,Lil Yachty
Midnight,Logic,Midnight,Logic
Wassup,Logic Featuring Big Sean,Wassup,Logic
River,Eminem Featuring Ed Sheeran,River,Eminem
Yuck,Logic,Yuck,Logic
Boom!,Lil Yachty Featuring Ugly God,Boom!,Lil Yachty
X,"ScHoolboy Q, 2 Chainz & Saudi",X,ScHoolboy Q
BoomTrap Protocol,Logic,BoomTrap Protocol,Logic
Warm It Up,Logic Featuring Young Sinatra,Warm It Up,Logic
Good Old Days,Macklemore Featuring Kesha,Good Old Days,Macklemore
The Champion,Carrie Underwood Featuring Ludacris,The Champion,Carrie Underwood
KEKE,"6ix9ine, Fetty Wap & A Boogie Wit da Hoodie",KEKE,6ix9ine
Stranger Things,Joyner Lucas & Chris Brown,Stranger Things,Joyner Lucas
Paramedic!,SOB X RBE,Paramedic!,SOB
Corazon,Maluma X Nego do Borel,Corazon,Maluma
Bodak Yellow (Money Moves),Cardi B,Bodak Yellow,Cardi B
Want You Back,5 Seconds Of Summer,Want You Back,5 Seconds Of Summer
Yours,Russell Dickerson,Yours,Russell Dickerson
RONDO,6ix9ine Featuring Tory Lanez & Young Thug,RONDO,6ix9ine
You Broke Up With Me,Walker Hayes,You Broke Up With Me,Walker Hayes
Kooda,6ix9ine,Kooda,6ix9ine
The Ways,Khalid & Swae Lee,The Ways,Khalid
Notice Me,Migos Featuring Post Malone,Notice Me,Migos
Codeine Dreaming,Kodak Black Featuring Lil Wayne,Codeine Dreaming,Kodak Black
Mayores,Becky G Featuring Bad Bunny,Mayores,Becky G
Make Me Feel,Janelle Monae,Make Me Feel,Janelle Monae
Rock,Plies,Rock,Plies
Shape Of You,Ed Sheeran,Shape Of You,Ed Sheeran
Too Good At Goodbyes,Sam Smith,Too Good At Goodbyes,Sam Smith
Gucci Gang,Lil Pump,Gucci Gang,Lil Pump
I Get The Bag,Gucci Mane Featuring Migos,I Get The Bag,Gucci Mane
Let Me Go,Hailee Steinfeld & Alesso Featuring Florida Georgia Line & Watt,Let Me Go,Hailee Steinfeld
Big Shot,Kendrick Lamar & Travis Scott,Big Shot,Kendrick Lamar
Legends,Kelsea Ballerini,Legends,Kelsea Ballerini
End Game,Taylor Swift Featuring Ed Sheeran & Future,End Game,Taylor Swift
For You (Fifty Shades Freed),Liam Payne & Rita Ora,For You,Liam Payne
One Foot,WALK THE MOON,One Foot,WALK THE MOON
Female,Keith Urban,Female,Keith Urban
1-800-273-8255,Logic Featuring Alessia Cara & Khalid,1-800-273-8255,Logic
Roll In Peace,Kodak Black Featuring XXXTENTACION,Roll In Peace,Kodak Black
Filthy,Justin Timberlake,Filthy,Justin Timberlake
Black Panther,Kendrick Lamar,Black Panther,Kendrick Lamar
Criminal,Natti Natasha x Ozuna,Criminal,Natti Natasha
Rewrite The Stars,Zac Efron & Zendaya,Rewrite The Stars,Zac Efron
Like I Loved You,Brett Young,Like I Loved You,Brett Young
Losing Sleep,Chris Young,Losing Sleep,Chris Young
Man Of The Woods,Justin Timberlake,Man Of The Woods,Justin Timberlake
Diplomatic Immunity,Drake,Diplomatic Immunity,Drake
BBO (Bad Bitches Only),Migos Featuring 21 Savage,BBO,Migos
Sick Boy,The Chainsmokers,Sick Boy,The Chainsmokers
A Girl Like You,Easton Corbin,A Girl Like You,Easton Corbin
Supplies,Justin Timberlake,Supplies,Justin Timberlake
Believer,Imagine Dragons,Believer,Imagine Dragons
The Way Life Goes,Lil Uzi Vert Featuring Nicki Minaj,The Way Life Goes,Lil Uzi Vert
Supastars,Migos,Supastars,Migos
White Sand,"Migos Featuring Travis Scott, Ty Dolla $ign & Big Sean",White Sand,Migos
Gang Gang,Migos,Gang Gang,Migos
Higher We Go (Intro),Migos,Higher We Go,Migos
Auto Pilot,Migos,Auto Pilot,Migos
Emoji A Chain,Migos,Emoji A Chain,Migos
Round Here Buzz,Eric Church,Round Here Buzz,Eric Church
CC,Migos Featuring Gucci Mane,CC,Migos
Best Friend,"Sofi Tukker Featuring NERVO, The Knocks & Alisa Ueno",Best Friend,Sofi Tukker
MIC Drop,BTS Featuring Desiigner,MIC Drop,BTS
What Lovers Do,Maroon 5 Featuring SZA,What Lovers Do,Maroon 5
Mi Gente,J Balvin & Willy William Featuring Beyonce,Mi Gente,J Balvin
Bank Account,21 Savage,Bank Account,21 Savage
Attention,Charlie Puth,Attention,Charlie Puth
Unforgettable,French Montana Featuring Swae Lee,Unforgettable,French Montana
Pills And Automobiles,"Chris Brown Featuring Yo Gotti, A Boogie Wit da Hoodie & Kodak Black",Pills And Automobiles,Chris Brown
Greatest Love Story,LANCO,Greatest Love Story,LANCO
No Name,NF,No Name,NF
Ice Tray,Quavo & Lil Yachty,Ice Tray,Quavo
The Greatest Show,"Hugh Jackman, Keala Settle, Zac Efron, Zendaya & The Greatest Showman Ensemble",The Greatest Show,Hugh Jackman
Never Enough,Loren Allred,Never Enough,Loren Allred
My Dawg,Lil Baby,My Dawg,Lil Baby
I'll Name The Dogs,Blake Shelton,I'll Name The Dogs,Blake Shelton
The Weekend,SZA,The Weekend,SZA
Silence,Marshmello Featuring Khalid,Silence,Marshmello
My My My!,Troye Sivan,My My My!,Troye Sivan
Krippy Kush,"Farruko, Nicki Minaj, Bad Bunny, 21 Savage & Rvssian",Krippy Kush,Farruko
...Ready For It?,Taylor Swift,...Ready For It?,Taylor Swift
El Bano,Enrique Iglesias Featuring Bad Bunny,El Bano,Enrique Iglesias
Despacito,Luis Fonsi & Daddy Yankee Featuring Justin Bieber,Despacito,Luis Fonsi
That's What I Like,Bruno Mars,That's What I Like,Bruno Mars
I Could Use A Love Song,Maren Morris,I Could Use A Love Song,Maren Morris
I Miss You,Clean Bandit Featuring Julia Michaels,I Miss You,Clean Bandit
Too Much To Ask,Niall Horan,Too Much To Ask,Niall Horan
Home,"Machine Gun Kelly, X Ambassadors & Bebe Rexha",Home,Machine Gun Kelly
Juice,Yo Gotti,Juice,Yo Gotti
What About Us,P!nk,What About Us,P!nk
Look What You Made Me Do,Taylor Swift,Look What You Made Me Do,Taylor Swift
Light It Up,Luke Bryan,Light It Up,Luke Bryan
Dusk Till Dawn,Zayn Featuring Sia,Dusk Till Dawn,Zayn
Wanted You,NAV Featuring Lil Uzi Vert,Wanted You,NAV
The Race,Tay-K,The Race,Tay-K
Eye 2 Eye,Huncho Jack Featuring Takeoff,Eye 2 Eye,Huncho Jack
Modern Slavery,Huncho Jack,Modern Slavery,Huncho Jack
Thunder/Young Dumb & Broke (Medley),Imagine Dragons + Khalid,Thunder/Young Dumb & Broke,Imagine Dragons + Khalid
Black & Chinese,Huncho Jack,Black & Chinese,Huncho Jack
Dubai Shit,Huncho Jack Featuring Offset,Dubai Shit,Huncho Jack
Huncho Jack,Huncho Jack,Huncho Jack,Huncho Jack
Motorcycle Patches,Huncho Jack,Motorcycle Patches,Huncho Jack
Saint,Huncho Jack,Saint,Huncho Jack
Walk On Water,Eminem Featuring Beyonce,Walk On Water,Eminem
Humble.,Kendrick Lamar,Humble.,Kendrick Lamar
There's Nothing Holdin' Me Back,Shawn Mendes,There's Nothing Holdin' Me Back,Shawn Mendes
Go Legend,Big Sean & Metro Boomin Featuring Travis Scott,Go Legend,Big Sean
When It Rains It Pours,Luke Combs,When It Rains It Pours,Luke Combs
Unforgettable,Thomas Rhett,Unforgettable,Thomas Rhett
Pull Up N Wreck,Big Sean & Metro Boomin Featuring 21 Savage,Pull Up N Wreck,Big Sean
Danger,Migos & Marshmello,Danger,Migos
Untouchable,Eminem,Untouchable,Eminem
Ghostface Killers,"21 Savage, Offset & Metro Boomin Featuring Travis Scott",Ghostface Killers,21 Savage
Faking It,Calvin Harris Featuring Kehlani & Lil Yachty,Faking It,Calvin Harris
Congratulations,Post Malone Featuring Quavo,Congratulations,Post Malone
Love So Soft,Kelly Clarkson,Love So Soft,Kelly Clarkson
Transportin',Kodak Black,Transportin',Kodak Black
Ask Me How I Know,Garth Brooks,Ask Me How I Know,Garth Brooks
Bella y Sensual,Romeo Santos Featuring Nicky Jam & Daddy Yankee,Bella y Sensual,Romeo Santos
Sauce It Up,Lil Uzi Vert,Sauce It Up,Lil Uzi Vert
Rake It Up,Yo Gotti Featuring Nicki Minaj,Rake It Up,Yo Gotti
Praying,Kesha,Praying,Kesha
Strip That Down,Liam Payne Featuring Quavo,Strip That Down,Liam Payne
Do Re Mi,blackbear,Do Re Mi,blackbear
Slow Hands,Niall Horan,Slow Hands,Niall Horan
Fix A Drink,Chris Janson,Fix A Drink,Chris Janson
It's Everyday Bro,Jake Paul Featuring Team 10,It's Everyday Bro,Jake Paul
Go Flex,Post Malone,Go Flex,Post Malone
Total Eclipse Of The Heart,Chloe Kohanski,Total Eclipse Of The Heart,Chloe Kohanski
Perro Fiel,Shakira Featuring Nicky Jam,Perro Fiel,Shakira
Awful Things,Lil Peep,Awful Things,Lil Peep
Relationship,Young Thug Featuring Future,Relationship,Young Thug
Every Little Thing,Carly Pearce,Every Little Thing,Carly Pearce
Glorious,Macklemore Featuring Skylar Grey,Glorious,Macklemore
Questions,Chris Brown,Questions,Chris Brown
The Rest Of Our Life,Tim McGraw & Faith Hill,The Rest Of Our Life,Tim McGraw
What Ifs,Kane Brown Featuring Lauren Alaina,What Ifs,Kane Brown
XO TOUR Llif3,Lil Uzi Vert,XO TOUR Llif3,Lil Uzi Vert
Something Just Like This,The Chainsmokers & Coldplay,Something Just Like This,The Chainsmokers
Crew,GoldLink Featuring Brent Faiyaz & Shy Glizzy,Crew,GoldLink
Call It What You Want,Taylor Swift,Call It What You Want,Taylor Swift
Rap Saved Me,"21 Savage, Offset & Metro Boomin Featuring Quavo",Rap Saved Me,21 Savage
Gorgeous,Taylor Swift,Gorgeous,Taylor Swift
Smooth,Florida Georgia Line,Smooth,Florida Georgia Line
The Plan,G-Eazy,The Plan,G-Eazy
Patek Water,Future & Young Thug Featuring Offset,Patek Water,Future
Wild Thoughts,DJ Khaled Featuring Rihanna & Bryson Tiller,Wild Thoughts,DJ Khaled
Body Like A Back Road,Sam Hunt,Body Like A Back Road,Sam Hunt
My Choppa Hate N****s,21 Savage & Metro Boomin,My Choppa Hate N****s,21 Savage
Pray,Sam Smith Featuring Logic,Pray,Sam Smith
Mad Stalkers,"21 Savage, Offset & Metro Boomin",Mad Stalkers,21 Savage
Nightmare,Offset & Metro Boomin,Nightmare,Offset
Location,Khalid,Location,Khalid
Heartache On The Dance Floor,Jon Pardi,Heartache On The Dance Floor,Jon Pardi
B.E.D.,Jacquees,B.E.D.,Jacquees
Too Hotty,"Quavo, Takeoff & Offset",Too Hotty,Quavo
All The Pretty Girls,Kenny Chesney,All The Pretty Girls,Kenny Chesney
More Girls Like You,Kip Moore,More Girls Like You,Kip Moore
High End,Chris Brown Featuring Future & Young Thug,High End,Chris Brown
Love Galore,SZA Featuring Travis Scott,Love Galore,SZA
No Cap,Future & Young Thug,No Cap,Future
Feed Me Dope,Future,Feed Me Dope,Future
Escapate Conmigo,Wisin Featuring Ozuna,Escapate Conmigo,Wisin
All Da Smoke,Future & Young Thug,All Da Smoke,Future
It's A Vibe,"2 Chainz Featuring Ty Dolla $ign, Trey Songz & Jhene Aiko",It's A Vibe,2 Chainz
4 Da Gang,Future,4 Da Gang,Future
Friends,Justin Bieber + BloodPop,Friends,Justin Bieber + BloodPop
Bedroom Floor,Liam Payne,Bedroom Floor,Liam Payne
Three,Future & Young Thug,Three,Future
Say You Won't Let Go,James Arthur,Say You Won't Let Go,James Arthur
No Promises,Cheat Codes Featuring Demi Lovato,No Promises,Cheat Codes
Small Town Boy,Dustin Lynch,Small Town Boy,Dustin Lynch
Curve,Gucci Mane Featuring The Weeknd,Curve,Gucci Mane
Feels,"Calvin Harris Featuring Pharrell Williams, Katy Perry & Big Sean",Feels,Calvin Harris
Stunting Ain't Nuthin,Gucci Mane Featuring Slim Jxmmi & Young Dolph,Stunting Ain't Nuthin,Gucci Mane
They Don't Know,Jason Aldean,They Don't Know,Jason Aldean
Do I Make You Wanna,Billy Currington,Do I Make You Wanna,Billy Currington
Almost Like Praying,Lin-Manuel Miranda Featuring Artists For Puerto Rico,Almost Like Praying,Lin-Manuel Miranda
Loyalty.,Kendrick Lamar Featuring Rihanna,Loyalty.,Kendrick Lamar
Dear Hate,Maren Morris Featuring Vince Gill,Dear Hate,Maren Morris
No Promises,A Boogie Wit da Hoodie,No Promises,A Boogie Wit da Hoodie
Say A',A Boogie Wit da Hoodie,Say A',A Boogie Wit da Hoodie
DNA,BTS,DNA,BTS
Redbone,Childish Gambino,Redbone,Childish Gambino
Hi Bich,Bhad Bhabie,Hi Bich,Bhad Bhabie
Undefeated,A Boogie Wit da Hoodie Featuring 21 Savage,Undefeated,A Boogie Wit da Hoodie
Beast Mode,A Boogie Wit da Hoodie Featuring PnB Rock & YoungBoy Never Broke Again,Beast Mode,A Boogie Wit da Hoodie
It Ain't My Fault,Brothers Osborne,It Ain't My Fault,Brothers Osborne
No Such Thing As A Broken Heart,Old Dominion,No Such Thing As A Broken Heart,Old Dominion
Whatever You Need,Meek Mill Featuring Chris Brown & Ty Dolla $ign,Whatever You Need,Meek Mill
I'm The One,"DJ Khaled Featuring Justin Bieber, Quavo, Chance The Rapper & Lil Wayne",I'm The One,DJ Khaled
Stay,Zedd & Alessia Cara,Stay,Zedd
Felices Los 4,Maluma,Felices Los 4,Maluma
Back To You,Louis Tomlinson Featuring Bebe Rexha & Digital Farm Animals,Back To You,Louis Tomlinson
Fetish,Selena Gomez Featuring Gucci Mane,Fetish,Selena Gomez
Wish I Knew You,The Revivalists,Wish I Knew You,The Revivalists
Mask Off,Future,Mask Off,Future
Homemade Dynamite,"Lorde Featuring Khalid, Post Malone & SZA",Homemade Dynamite,Lorde
Drinkin' Problem,Midland,Drinkin' Problem,Midland
These Heaux,Bhad Bhabie,These Heaux,Bhad Bhabie
No Complaints,Metro Boomin Featuring Offset & Drake,No Complaints,Metro Boomin
Magnolia,Playboi Carti,Magnolia,Playboi Carti
Found You,Kane Brown,Found You,Kane Brown
Versace On The Floor,Bruno Mars,Versace On The Floor,Bruno Mars
Swish Swish,Katy Perry Featuring Nicki Minaj,Swish Swish,Katy Perry
444+222,Lil Uzi Vert,444+222,Lil Uzi Vert
My Girl,Dylan Scott,My Girl,Dylan Scott
Most Girls,Hailee Steinfeld,Most Girls,Hailee Steinfeld
Dark Queen,Lil Uzi Vert,Dark Queen,Lil Uzi Vert
X,Lil Uzi Vert,X,Lil Uzi Vert
Neon Guts,Lil Uzi Vert Featuring Pharrell Williams,Neon Guts,Lil Uzi Vert
Revenge,XXXTENTACION,Revenge,XXXTENTACION
Somebody Else Will,Justin Moore,Somebody Else Will,Justin Moore
Reminder,The Weeknd,Reminder,The Weeknd
No Fear,DeJ Loaf,No Fear,DeJ Loaf
It Ain't Me,Kygo x Selena Gomez,It Ain't Me,Kygo
DNA.,Kendrick Lamar,DNA.,Kendrick Lamar
Two,Lil Uzi Vert,Two,Lil Uzi Vert
For Real,Lil Uzi Vert,For Real,Lil Uzi Vert
UnFazed,Lil Uzi Vert Featuring The Weeknd,UnFazed,Lil Uzi Vert
No Sleep Leak,Lil Uzi Vert,No Sleep Leak,Lil Uzi Vert
Depression & Obsession,XXXTENTACION,Depression & Obsession,XXXTENTACION
Save Me,XXXTENTACION,Save Me,XXXTENTACION
Carry On,XXXTENTACION,Carry On,XXXTENTACION
Down,Fifth Harmony Featuring Gucci Mane,Down,Fifth Harmony
Now Or Never,Halsey,Now Or Never,Halsey
Everyday We Lit,YFN Lucci Featuring PnB Rock,Everyday We Lit,YFN Lucci
Drowning,A Boogie Wit da Hoodie Featuring Kodak Black,Drowning,A Boogie Wit da Hoodie
Castle On The Hill,Ed Sheeran,Castle On The Hill,Ed Sheeran
You Look Good,Lady Antebellum,You Look Good,Lady Antebellum
2U,David Guetta Featuring Justin Bieber,2U,David Guetta
Younger Now,Miley Cyrus,Younger Now,Miley Cyrus
Its Every Night Sis,RiceGum Featuring Alissa Violet,Its Every Night Sis,RiceGum
Honest,The Chainsmokers,Honest,The Chainsmokers
Flatliner,Cole Swindell,Flatliner,Cole Swindell
Perplexing Pegasus,Rae Sremmurd,Perplexing Pegasus,Rae Sremmurd
For Her,Chris Lane,For Her,Chris Lane
Patty Cake,Kodak Black,Patty Cake,Kodak Black
4:00 AM,2 Chainz Featuring Travis Scott,4:00 AM,2 Chainz
Untouchable,YoungBoy Never Broke Again,Untouchable,YoungBoy Never Broke Again
Privacy,Chris Brown,Privacy,Chris Brown
Know No Better,"Major Lazer Featuring Travis Scott, Camila Cabello & Quavo",Know No Better,Major Lazer
In Case You Didn't Know,Brett Young,In Case You Didn't Know,Brett Young
Slippery,Migos Featuring Gucci Mane,Slippery,Migos
Craving You,Thomas Rhett Featuring Maren Morris,Craving You,Thomas Rhett
Malibu,Miley Cyrus,Malibu,Miley Cyrus
Bad Liar,Selena Gomez,Bad Liar,Selena Gomez
First Day Out,Tee Grizzley,First Day Out,Tee Grizzley
Something New,Wiz Khalifa Featuring Ty Dolla $ign,Something New,Wiz Khalifa
It's Goin' Down,Descendants 2 Cast,It's Goin' Down,Descendants 2 Cast
El Amante,Nicky Jam,El Amante,Nicky Jam
Wokeuplikethis*,Playboi Carti Featuring Lil Uzi Vert,Wokeuplikethis*,Playboi Carti
Issues,Julia Michaels,Issues,Julia Michaels
OMG,Camila Cabello Featuring Quavo,OMG,Camila Cabello
What's My Name,"China Anne McClain, Thomas Doherty & Dylan Playfair",What's My Name,China Anne McClain
You Da Baddest,Future Featuring Nicki Minaj,You Da Baddest,Future
Chillin' Like A Villain,"Sofia Carson, Cameron Boyce, Booboo Stewart & Mitchell Hope",Chillin' Like A Villain,Sofia Carson
Rolex,Ayo & Teo,Rolex,Ayo
Passionfruit,Drake,Passionfruit,Drake
Swalla,Jason Derulo Featuring Nicki Minaj & Ty Dolla $ign,Swalla,Jason Derulo
Subeme La Radio,"Enrique Iglesias Featuring Descemer Bueno, Zion & Lennox Or Sean Paul",Subeme La Radio,Enrique Iglesias
"God, Your Mama, And Me",Florida Georgia Line Featuring Backstreet Boys,"God, Your Mama, And Me",Florida Georgia Line
Heavy,Linkin Park Featuring Kiiara,Heavy,Linkin Park
Learn To Let Go,Kesha,Learn To Let Go,Kesha
Signs,Drake,Signs,Drake
Numb,Linkin Park,Numb,Linkin Park
In The End,Linkin Park,In The End,Linkin Park
Closer,The Chainsmokers Featuring Halsey,Closer,The Chainsmokers
The Fighter,Keith Urban Featuring Carrie Underwood,The Fighter,Keith Urban
Issues,Meek Mill,Issues,Meek Mill
Wins & Losses,Meek Mill,Wins & Losses,Meek Mill
1942 Flows,Meek Mill,1942 Flows,Meek Mill
Yours If You Want It,Rascal Flatts,Yours If You Want It,Rascal Flatts
Imitadora,Romeo Santos,Imitadora,Romeo Santos
The Story Of O.J.,JAY-Z,The Story Of O.J.,JAY-Z
We Ball,Meek Mill Featuring Young Thug,We Ball,Meek Mill
F**k That Check Up,Meek Mill Featuring Lil Uzi Vert,F**k That Check Up,Meek Mill
Heavy Heart,Meek Mill,Heavy Heart,Meek Mill
Bad And Boujee,Migos Featuring Lil Uzi Vert,Bad And Boujee,Migos
iSpy,KYLE Featuring Lil Yachty,iSpy,KYLE
24K Magic,Bruno Mars,24K Magic,Bruno Mars
4:44,JAY-Z,4:44,JAY-Z
Crying In The Club,Camila Cabello,Crying In The Club,Camila Cabello
A Lie,French Montana Featuring The Weeknd & Max B,A Lie,French Montana
Every Time I Hear That Song,Blake Shelton,Every Time I Hear That Song,Blake Shelton
Jerika,Jake Paul & Erika Costell Featuring Uncle Kade,Jerika,Jake Paul
The Cure,Lady Gaga,The Cure,Lady Gaga
Weak,AJR,Weak,AJR
Woman,Kesha Featuring The Dap-Kings Horns,Woman,Kesha
Rollin,Calvin Harris Featuring Future & Khalid,Rollin,Calvin Harris
Element.,Kendrick Lamar,Element.,Kendrick Lamar
Slide,Calvin Harris Featuring Frank Ocean & Migos,Slide,Calvin Harris
Bam,"JAY-Z Featuring Damian ""Jr. Gong"" Marely",Bam,JAY-Z
Hurricane,Luke Combs,Hurricane,Luke Combs
Family Feud,JAY-Z Featuring Beyonce,Family Feud,JAY-Z
Kill Jay Z,JAY-Z,Kill Jay Z,JAY-Z
Smile,JAY-Z Featuring Gloria Carter,Smile,JAY-Z
Caught Their Eyes,JAY-Z Featuring Frank Ocean,Caught Their Eyes,JAY-Z
Moonlight,JAY-Z,Moonlight,JAY-Z
Marcy Me,JAY-Z,Marcy Me,JAY-Z
Get Low,Zedd & Liam Payne,Get Low,Zedd
Famous,21 Savage,Famous,21 Savage
T-Shirt,Migos,T-Shirt,Migos
Tunnel Vision,Kodak Black,Tunnel Vision,Kodak Black
Sign Of The Times,Harry Styles,Sign Of The Times,Harry Styles
Who Dat Boy,"Tyler, The Creator",Who Dat Boy,Tyler
Portland,Drake Featuring Quavo & Travis Scott,Portland,Drake
Losin Control,Russ,Losin Control,Russ
Extra Luv,Future Featuring YG,Extra Luv,Future
How Not To,Dan + Shay,How Not To,Dan + Shay
Don't Quit,DJ Khaled & Calvin Harris Featuring Travis Scott & Jeremih,Don't Quit,DJ Khaled
To The Max,DJ Khaled Featuring Drake,To The Max,DJ Khaled
If I Told You,Darius Rucker,If I Told You,Darius Rucker
On Everything,"DJ Khaled Featuring Travis Scott, Rick Ross & Big Sean",On Everything,DJ Khaled
Cold,Maroon 5 Featuring Future,Cold,Maroon 5
Good Drank,2 Chainz x Gucci Mane x Quavo,Good Drank,2 Chainz
Shining,DJ Khaled Featuring Beyonce & JAY Z,Shining,DJ Khaled
Scars To Your Beautiful,Alessia Cara,Scars To Your Beautiful,Alessia Cara
Look At Me!,XXXTENTACION,Look At Me!,XXXTENTACION
First Day Out,Kodak Black,First Day Out,Kodak Black
My Old Man,Zac Brown Band,My Old Man,Zac Brown Band
Nobody Else But You,Trey Songz,Nobody Else But You,Trey Songz
Real Hitta,Plies Featuring Kodak Black,Real Hitta,Plies
Swang,Rae Sremmurd,Swang,Rae Sremmurd
Bon Appetit,Katy Perry Featuring Migos,Bon Appetit,Katy Perry
Black,Dierks Bentley,Black,Dierks Bentley
Hometown Girl,Josh Turner,Hometown Girl,Josh Turner
Gyalchester,Drake,Gyalchester,Drake
Rockabye,Clean Bandit Featuring Sean Paul & Anne-Marie,Rockabye,Clean Bandit
Peek A Boo,Lil Yachty Featuring Migos,Peek A Boo,Lil Yachty
Met Gala,Gucci Mane Featuring Offset,Met Gala,Gucci Mane
Scared To Be Lonely,Martin Garrix & Dua Lipa,Scared To Be Lonely,Martin Garrix
Human,Rag'n'Bone Man,Human,Rag'n'Bone Man
Paris,The Chainsmokers,Paris,The Chainsmokers
Somethin Tells Me,Bryson Tiller,Somethin Tells Me,Bryson Tiller
Me Enamore,Shakira,Me Enamore,Shakira
Self-Made,Bryson Tiller,Self-Made,Bryson Tiller
Don't Get Too High,Bryson Tiller,Don't Get Too High,Bryson Tiller
Run Me Dry,Bryson Tiller,Run Me Dry,Bryson Tiller
There For You,Martin Garrix x Troye Sivan,There For You,Martin Garrix
No Longer Friends,Bryson Tiller,No Longer Friends,Bryson Tiller
Strangers,Halsey Featuring Lauren Jauregui,Strangers,Halsey
Deja Vu,Lauren Duski,Deja Vu,Lauren Duski
Money On You,Chris Blue,Money On You,Chris Blue
Chained To The Rhythm,Katy Perry Featuring Skip Marley,Chained To The Rhythm,Katy Perry
At My Best,Machine Gun Kelly Featuring Hailee Steinfeld,At My Best,Machine Gun Kelly
The Dance,Lauren Duski,The Dance,Lauren Duski
Boy,Lee Brice,Boy,Lee Brice
Either Way,Chris Stapleton,Either Way,Chris Stapleton
Any Ol' Barstool,Jason Aldean,Any Ol' Barstool,Jason Aldean
Love On The Brain,Rihanna,Love On The Brain,Rihanna
Both,Gucci Mane Featuring Drake,Both,Gucci Mane
I Feel It Coming,The Weeknd Featuring Daft Punk,I Feel It Coming,The Weeknd
I Don't Wanna Live Forever (Fifty Shades Darker),Zayn / Taylor Swift,I Don't Wanna Live Forever,Zayn / Taylor Swift
Bounce Back,Big Sean,Bounce Back,Big Sean
The Weekend,Brantley Gilbert,The Weekend,Brantley Gilbert
Prblms,6LACK,Prblms,6LACK
Yeah Boy,Kelsea Ballerini,Yeah Boy,Kelsea Ballerini
Good Life,G-Eazy & Kehlani,Good Life,G-Eazy
Cake,Flo Rida & 99 Percent,Cake,Flo Rida
Ghost In This House,Lauren Duski,Ghost In This House,Lauren Duski
Everybody,Logic,Everybody,Logic
The Night We Met,Lord Huron,The Night We Met,Lord Huron
Galway Girl,Ed Sheeran,Galway Girl,Ed Sheeran
Moves,Big Sean,Moves,Big Sean
Down,Marian Hill,Down,Marian Hill
Can't Stop The Feeling!,Justin Timberlake,Can't Stop The Feeling!,Justin Timberlake
First Time,Kygo & Ellie Goulding,First Time,Kygo
XXX.,Kendrick Lamar Featuring U2,XXX.,Kendrick Lamar
Party,Chris Brown Featuring Usher & Gucci Mane,Party,Chris Brown
Yah.,Kendrick Lamar,Yah.,Kendrick Lamar
Sweet Creature,Harry Styles,Sweet Creature,Harry Styles
Selfish,Future Featuring Rihanna,Selfish,Future
Call On Me,Starley,Call On Me,Starley
You're Welcome,Dwayne Johnson,You're Welcome,Dwayne Johnson
Mercy,Shawn Mendes,Mercy,Shawn Mendes
Lust For Life,Lana Del Rey Featuring The Weeknd,Lust For Life,Lana Del Rey
Feel.,Kendrick Lamar,Feel.,Kendrick Lamar
Pride.,Kendrick Lamar,Pride.,Kendrick Lamar
Lust.,Kendrick Lamar,Lust.,Kendrick Lamar
Still Got Time,Zayn Featuring PARTYNEXTDOOR,Still Got Time,Zayn
Green Light,Lorde,Green Light,Lorde
How Far I'll Go,Auli'i Cravalho,How Far I'll Go,Auli'i Cravalho
Hard Times,Paramore,Hard Times,Paramore
Fear.,Kendrick Lamar,Fear.,Kendrick Lamar
No Frauds,"Nicki Minaj, Drake & Lil Wayne",No Frauds,Nicki Minaj
God.,Kendrick Lamar,God.,Kendrick Lamar
Deja Vu,J. Cole,Deja Vu,J. Cole
Blood.,Kendrick Lamar,Blood.,Kendrick Lamar
Dirt On My Boots,Jon Pardi,Dirt On My Boots,Jon Pardi
Duckworth.,Kendrick Lamar,Duckworth.,Kendrick Lamar
Fast,Luke Bryan,Fast,Luke Bryan
Black SpiderMan,Logic Featuring Damian Lemar Hudson,Black SpiderMan,Logic
Fake Love,Drake,Fake Love,Drake
Starboy,The Weeknd Featuring Daft Punk,Starboy,The Weeknd
Don't Wanna Know,Maroon 5 Featuring Kendrick Lamar,Don't Wanna Know,Maroon 5
Play That Song,Train,Play That Song,Train
Free Smoke,Drake,Free Smoke,Drake
Road Less Traveled,Lauren Alaina,Road Less Traveled,Lauren Alaina
The One,The Chainsmokers,The One,The Chainsmokers
Draco,Future,Draco,Future
Blem,Drake,Blem,Drake
Think A Little Less,Michael Ray,Think A Little Less,Michael Ray
Teenage Fever,Drake,Teenage Fever,Drake
Bar At The End Of The World,Kenny Chesney,Bar At The End Of The World,Kenny Chesney
How Far I'll Go,Alessia Cara,How Far I'll Go,Alessia Cara
Million Reasons,Lady Gaga,Million Reasons,Lady Gaga
Water Under The Bridge,Adele,Water Under The Bridge,Adele
Bad Things,Machine Gun Kelly x Camila Cabello,Bad Things,Machine Gun Kelly
Speak To A Girl,Tim McGraw & Faith Hill,Speak To A Girl,Tim McGraw
Tin Man,Miranda Lambert,Tin Man,Miranda Lambert
The Heart Part 4,Kendrick Lamar,The Heart Part 4,Kendrick Lamar
Sacrifices,Drake Featuring 2 Chainz & Young Thug,Sacrifices,Drake
Conscience,Kodak Black Featuring Future,Conscience,Kodak Black
Heatstroke,"Calvin Harris Featuring Young Thug, Pharrell Williams & Ariana Grande",Heatstroke,Calvin Harris
Get It Together,Drake Featuring Jorja Smith & Black Coffee,Get It Together,Drake
No Long Talk,Drake Featuring Giggs,No Long Talk,Drake
KMT,Drake Featuring Giggs,KMT,Drake
4422,Drake Featuring Sampha,4422,Drake
Jorja Interlude,Drake,Jorja Interlude,Drake
Madiba Riddim,Drake,Madiba Riddim,Drake
Ice Melts,Drake Featuring Young Thug,Ice Melts,Drake
Do Not Disturb,Drake,Do Not Disturb,Drake
Glow,Drake Featuring Kanye West,Glow,Drake
Everyday,Ariana Grande Featuring Future,Everyday,Ariana Grande
Can't Have Everything,Drake,Can't Have Everything,Drake
Party Monster,The Weeknd,Party Monster,The Weeknd
Nothings Into Somethings,Drake,Nothings Into Somethings,Drake
Let Me Love You,DJ Snake Featuring Justin Bieber,Let Me Love You,DJ Snake
Lose You,Drake,Lose You,Drake
Since Way Back,Drake Featuring PARTYNEXTDOOR,Since Way Back,Drake
Make Me (Cry),Noah Cyrus Featuring Labrinth,Make Me,Noah Cyrus
Skepta Interlude,Drake,Skepta Interlude,Drake
Kill A Word,Eric Church Featuring Rhiannon Giddens,Kill A Word,Eric Church
Trap Trap Trap,Rick Ross Featuring Young Thug & Wale,Trap Trap Trap,Rick Ross
Black Beatles,Rae Sremmurd Featuring Gucci Mane,Black Beatles,Rae Sremmurd
Heathens,twenty one pilots,Heathens,twenty one pilots
Caroline,Amine,Caroline,Amine
Regret In Your Tears,Nicki Minaj,Regret In Your Tears,Nicki Minaj
Better Man,Little Big Town,Better Man,Little Big Town
Changed It,Nicki Minaj & Lil Wayne,Changed It,Nicki Minaj
Chanel,Frank Ocean,Chanel,Frank Ocean
Liability,Lorde,Liability,Lorde
I Got You,Bebe Rexha,I Got You,Bebe Rexha
Dive,Ed Sheeran,Dive,Ed Sheeran
Sober Saturday Night,Chris Young Featuring Vince Gill,Sober Saturday Night,Chris Young
Today,Brad Paisley,Today,Brad Paisley
Selfish,PnB Rock,Selfish,PnB Rock
Happier,Ed Sheeran,Happier,Ed Sheeran
Comin Out Strong,Future Featuring The Weeknd,Comin Out Strong,Future
Chantaje,Shakira Featuring Maluma,Chantaje,Shakira
All Time Low,Jon Bellion,All Time Low,Jon Bellion
Side To Side,Ariana Grande Featuring Nicki Minaj,Side To Side,Ariana Grande
New Man,Ed Sheeran,New Man,Ed Sheeran
Supermarket Flowers,Ed Sheeran,Supermarket Flowers,Ed Sheeran
What Do I Know?,Ed Sheeran,What Do I Know?,Ed Sheeran
How Would You Feel (Paean),Ed Sheeran,How Would You Feel,Ed Sheeran
Eraser,Ed Sheeran,Eraser,Ed Sheeran
Used To This,Future Featuring Drake,Used To This,Future
Hearts Don't Break Around Here,Ed Sheeran,Hearts Don't Break Around Here,Ed Sheeran
Barcelona,Ed Sheeran,Barcelona,Ed Sheeran
Star Of The Show,Thomas Rhett,Star Of The Show,Thomas Rhett
A Guy With A Girl,Blake Shelton,A Guy With A Girl,Blake Shelton
Treat You Better,Shawn Mendes,Treat You Better,Shawn Mendes
Cash Me Outside (#CashMeOutside),DJ Suede The Remix God,Cash Me Outside,DJ Suede The Remix God
Love,Lana Del Rey,Love,Lana Del Rey
No Heart,21 Savage & Metro Boomin,No Heart,21 Savage
Make Love,Gucci Mane & Nicki Minaj,Make Love,Gucci Mane
Love Me Now,John Legend,Love Me Now,John Legend
Not Nice,PARTYNEXTDOOR,Not Nice,PARTYNEXTDOOR
Broccoli,D.R.A.M. Featuring Lil Yachty,Broccoli,D.R.A.M.
This Town,Niall Horan,This Town,Niall Horan
Rent Money,Future,Rent Money,Future
Guys My Age,Hey Violet,Guys My Age,Hey Violet
Seein' Red,Dustin Lynch,Seein' Red,Dustin Lynch
Super Trapper,Future,Super Trapper,Future
Dancing On My Own,Calum Scott,Dancing On My Own,Calum Scott
No Favors,Big Sean Featuring Eminem,No Favors,Big Sean
Zoom,Future,Zoom,Future
Starving,Hailee Steinfeld & Grey Featuring Zedd,Starving,Hailee Steinfeld
Juju On That Beat (TZ Anthem),Zay Hilfigerrr & Zayion McCall,Juju On That Beat,Zay Hilfigerrr
Bom Bidi Bom,Nick Jonas & Nicki Minaj,Bom Bidi Bom,Nick Jonas
Helium,Sia,Helium,Sia
Heroe Favorito,Romeo Santos,Heroe Favorito,Romeo Santos
Way Down We Go,KALEO,Way Down We Go,KALEO
Everything 1K,Kodak Black,Everything 1K,Kodak Black
Wanna Be That Song,Brett Eldredge,Wanna Be That Song,Brett Eldredge
Sex With Me,Rihanna,Sex With Me,Rihanna
Some Kind Of Drug,G-Eazy Featuring Marc E. Bassy,Some Kind Of Drug,G-Eazy
Cheap Thrills,Sia Featuring Sean Paul,Cheap Thrills,Sia
Don't Let Me Down,The Chainsmokers Featuring Daya,Don't Let Me Down,The Chainsmokers
The Greatest,Sia Featuring Kendrick Lamar,The Greatest,Sia
Bad Romance,Lady Gaga,Bad Romance,Lady Gaga
HandClap,Fitz And The Tantrums,HandClap,Fitz
Sacrifices,Big Sean Featuring Migos,Sacrifices,Big Sean
Halfway Off The Balcony,Big Sean,Halfway Off The Balcony,Big Sean
Jump Out The Window,Big Sean,Jump Out The Window,Big Sean
Owe Me,Big Sean,Owe Me,Big Sean
Beauty And The Beast,Ariana Grande & John Legend,Beauty And The Beast,Ariana Grande
I Don't,Mariah Carey Featuring YG,I Don't,Mariah Carey
80s Mercedes,Maren Morris,80s Mercedes,Maren Morris
Now & Later,Sage The Gemini,Now & Later,Sage The Gemini
OTW,DJ Luke Nasty,OTW,DJ Luke Nasty
Light,Big Sean Featuring Jeremih,Light,Big Sean
Kelly Price,Migos Featuring Travis Scott,Kelly Price,Migos
Blue Ain't Your Color,Keith Urban,Blue Ain't Your Color,Keith Urban
X,21 Savage & Metro Boomin Featuring Future,X,21 Savage
Call Casting,Migos,Call Casting,Migos
Run Up,Major Lazer Featuring PARTYNEXTDOOR & Nicki Minaj,Run Up,Major Lazer
I'm Better,Missy Elliott Featuring Lamb,I'm Better,Missy Elliott
Get Right Witcha,Migos,Get Right Witcha,Migos
If The Boot Fits,Granger Smith,If The Boot Fits,Granger Smith
Dirty Laundry,Carrie Underwood,Dirty Laundry,Carrie Underwood
Fresh Eyes,Andy Grammer,Fresh Eyes,Andy Grammer
Culture,Migos Featuring DJ Khaled,Culture,Migos
Chill Bill,Rob $tone Featuring J. Davi$ & Spooks,Chill Bill,Rob $tone
Cold Water,Major Lazer Featuring Justin Bieber & MO,Cold Water,Major Lazer
Love On The Weekend,John Mayer,Love On The Weekend,John Mayer
Sneakin',Drake Featuring 21 Savage,Sneakin',Drake
Song For Another Time,Old Dominion,Song For Another Time,Old Dominion
Say It,Flume Featuring Tove Lo,Say It,Flume
Water,Ugly God,Water,Ugly God
Running Back,Wale Featuring Lil Wayne,Running Back,Wale
You Was Right,Lil Uzi Vert,You Was Right,Lil Uzi Vert
In The Name Of Love,Martin Garrix & Bebe Rexha,In The Name Of Love,Martin Garrix
Not Afraid Anymore,Halsey,Not Afraid Anymore,Halsey
Red Opps,21 Savage,Red Opps,21 Savage
Neighbors,J. Cole,Neighbors,J. Cole
Timeless,A Boogie Wit da Hoodie Featuring DJ SPINKING,Timeless,A Boogie Wit da Hoodie
Parachute,Chris Stapleton,Parachute,Chris Stapleton
All We Know,The Chainsmokers Featuring Phoebe Ryan,All We Know,The Chainsmokers
Just Hold On,Steve Aoki & Louis Tomlinson,Just Hold On,Steve Aoki
Beibs In The Trap,Travis Scott,Beibs In The Trap,Travis Scott
My Sh*t,A Boogie Wit da Hoodie,My Sh*t,A Boogie Wit da Hoodie
OOOUUU,Young M.A,OOOUUU,Young M.A
I Hate U I Love U,gnash Featuring Olivia O'Brien,I Hate U I Love U,gnash
May We All,Florida Georgia Line Featuring Tim McGraw,May We All,Florida Georgia Line
Sleep Without You,Brett Young,Sleep Without You,Brett Young
Drinkin' Too Much,Sam Hunt,Drinkin' Too Much,Sam Hunt
Immortal,J. Cole,Immortal,J. Cole
What They Want,Russ,What They Want,Russ
Unsteady,X Ambassadors,Unsteady,X Ambassadors
Too Much Sauce,DJ ESCO Featuring Future & Lil Uzi Vert,Too Much Sauce,DJ ESCO
How I'll Always Be,Tim McGraw,How I'll Always Be,Tim McGraw
Hallelujah,Pentatonix,Hallelujah,Pentatonix
Shaky Shaky,Daddy Yankee,Shaky Shaky,Daddy Yankee
Key To The Streets,YFN Lucci Featuring Migos & Trouble,Key To The Streets,YFN Lucci
We Know The Way,Opetaia Foa'i & Lin-Manuel Miranda,We Know The Way,Opetaia Foa'i
Careless Whisper,Wham! Featuring George Michael,Careless Whisper,Wham!
Faith,George Michael,Faith,George Michael
Pick Up The Phone,Young Thug And Travis Scott Featuring Quavo,Pick Up The Phone,Young Thug
No Flockin,Kodak Black,No Flockin,Kodak Black
Black Barbies,Nicki Minaj X Mike WiLL Made-It,Black Barbies,Nicki Minaj
Hate U Love U,Olivia O'Brien,Hate U Love U,Olivia O'Brien
"Mary, Did You Know?",Pentatonix,"Mary, Did You Know?",Pentatonix
Do You Mind,"DJ Khaled Featuring Nicki Minaj, Chris Brown, August Alsina, Jeremih, Future & Rick Ross",Do You Mind,DJ Khaled
1 Night,Lil Yachty,1 Night,Lil Yachty
Change,J. Cole,Change,J. Cole
She's Mine Pt. 1,J. Cole,She's Mine Pt. 1,J. Cole
Ville Mentality,J. Cole,Ville Mentality,J. Cole
For Whom The Bell Tolls,J. Cole,For Whom The Bell Tolls,J. Cole
Six Feet Under,The Weeknd,Six Feet Under,The Weeknd
Sidewalks,The Weeknd Featuring Kendrick Lamar,Sidewalks,The Weeknd
Foldin Clothes,J. Cole,Foldin Clothes,J. Cole
4 Your Eyez Only,J. Cole,4 Your Eyez Only,J. Cole
She's Mine Pt. 2,J. Cole,She's Mine Pt. 2,J. Cole
False Prophets,J. Cole,False Prophets,J. Cole
Everybody Dies,J. Cole,Everybody Dies,J. Cole
Come And See Me,PARTYNEXTDOOR Featuring Drake,Come And See Me,PARTYNEXTDOOR
Darlin' Don't Go,Sundance Head,Darlin' Don't Go,Sundance Head
Deja Vu,Post Malone Featuring Justin Bieber,Deja Vu,Post Malone
At Last,Sundance Head,At Last,Sundance Head
Setting The World On Fire,Kenny Chesney Featuring P!nk,Setting The World On Fire,Kenny Chesney
Die For You,The Weeknd,Die For You,The Weeknd
This Is What You Came For,Calvin Harris Featuring Rihanna,This Is What You Came For,Calvin Harris
Ride,twenty one pilots,Ride,twenty one pilots
Needed Me,Rihanna,Needed Me,Rihanna
One Dance,Drake Featuring WizKid & Kyla,One Dance,Drake
Tiimmy Turner,Desiigner,Tiimmy Turner,Desiigner
Secrets,The Weeknd,Secrets,The Weeknd
Me And Your Mama,Childish Gambino,Me And Your Mama,Childish Gambino
Home,gnash Featuring Johnny Yukon,Home,gnash
True Colors,The Weeknd,True Colors,The Weeknd
Middle Of A Memory,Cole Swindell,Middle Of A Memory,Cole Swindell
Rockin',The Weeknd,Rockin',The Weeknd
All I Know,The Weeknd Featuring Future,All I Know,The Weeknd
That's My Girl,Fifth Harmony,That's My Girl,Fifth Harmony
False Alarm,The Weeknd,False Alarm,The Weeknd
Attention,The Weeknd,Attention,The Weeknd
Ordinary Life,The Weeknd,Ordinary Life,The Weeknd
Stargirl Interlude,The Weeknd Featuring Lana Del Rey,Stargirl Interlude,The Weeknd
Nothing Without You,The Weeknd,Nothing Without You,The Weeknd
A Lonely Night,The Weeknd,A Lonely Night,The Weeknd
Love To Lay,The Weeknd,Love To Lay,The Weeknd
Distraction,Kehlani,Distraction,Kehlani
A Little More Summertime,Jason Aldean,A Little More Summertime,Jason Aldean
Look Alive,Rae Sremmurd,Look Alive,Rae Sremmurd
Fade,Kanye West,Fade,Kanye West
Capsize,Frenship & Emily Warren,Capsize,Frenship
Gold,Kiiara,Gold,Kiiara
Sucker For Pain,"Lil Wayne, Wiz Khalifa & Imagine Dragons With Logic & Ty Dolla $ign Feat. X Ambassadors",Sucker For Pain,Lil Wayne
Panda,Desiigner,Panda,Desiigner
Luv,Tory Lanez,Luv,Tory Lanez
My Way,Calvin Harris,My Way,Calvin Harris
Ain't My Fault,Zara Larsson,Ain't My Fault,Zara Larsson
Move,Luke Bryan,Move,Luke Bryan
Slumber Party,Britney Spears Featuring Tinashe,Slumber Party,Britney Spears
Vice,Miranda Lambert,Vice,Miranda Lambert
Litty,Meek Mill Featuring Tory Lanez,Litty,Meek Mill
PPAP (Pen-Pineapple-Apple-Pen),PIKOTARO,PPAP,PIKOTARO
Greenlight,Pitbull Featuring Flo Rida & LunchMoney Lewis,Greenlight,Pitbull
Infinite,Eminem,Infinite,Eminem
Send My Love (To Your New Lover),Adele,Send My Love,Adele
No Problem,Chance The Rapper Featuring Lil Wayne & 2 Chainz,No Problem,Chance The Rapper
Too Good,Drake Featuring Rihanna,Too Good,Drake
We Don't Talk Anymore,Charlie Puth Featuring Selena Gomez,We Don't Talk Anymore,Charlie Puth
Hallelujah,Leonard Cohen,Hallelujah,Leonard Cohen
We The People....,A Tribe Called Quest,We The People....,A Tribe Called Quest
Setting Fires,The Chainsmokers Featuring XYLO,Setting Fires,The Chainsmokers
It Don't Hurt Like It Used To,Billy Currington,It Don't Hurt Like It Used To,Billy Currington
Shout Out To My Ex,Little Mix,Shout Out To My Ex,Little Mix
Wishing,"DJ Drama Featuring Chris Brown, Skeme & Lyquin",Wishing,DJ Drama
"Sit Still, Look Pretty",Daya,"Sit Still, Look Pretty",Daya
Money Longer,Lil Uzi Vert,Money Longer,Lil Uzi Vert
No Limit,Usher Featuring Young Thug,No Limit,Usher
I Know Somebody,LOCASH,I Know Somebody,LOCASH
All Eyez,The Game Featuring Jeremih,All Eyez,The Game
"Wat U Mean (Aye, Aye, Aye)",Dae Dae,Wat U Mean,Dae Dae
Hold Up,Beyonce,Hold Up,Beyonce
Gangsta,Kehlani,Gangsta,Kehlani
Hymn For The Weekend,Coldplay,Hymn For The Weekend,Coldplay
Froze,Meek Mill Featuring Lil Uzi Vert & Nicki Minaj,Froze,Meek Mill
Offended,Meek Mill Featuring Young Thug & 21 Savage,Offended,Meek Mill
"Two Birds, One Stone",Drake,"Two Birds, One Stone",Drake
On The Regular,Meek Mill,On The Regular,Meek Mill
The Difference,Meek Mill Featuring Quavo,The Difference,Meek Mill
Blue Notes,Meek Mill,Blue Notes,Meek Mill
Blessed Up,Meek Mill,Blessed Up,Meek Mill
Cool Girl,Tove Lo,Cool Girl,Tove Lo
Into You,Ariana Grande,Into You,Ariana Grande
Controlla,Drake,Controlla,Drake
A-YO,Lady Gaga,A-YO,Lady Gaga
Perfect Illusion,Lady Gaga,Perfect Illusion,Lady Gaga
This Girl,Kungs vs Cookin' On 3 Burners,This Girl,Kungs
Why You Always Hatin?,YG Featuring Drake & Kamaiyah,Why You Always Hatin?,YG
CRZY,Kehlani,CRZY,Kehlani
Lockjaw,French Montana Featuring Kodak Black,Lockjaw,French Montana
You & Me,Marc E. Bassy Featuring G-Eazy,You & Me,Marc E. Bassy
For Free,DJ Khaled Featuring Drake,For Free,DJ Khaled
Work From Home,Fifth Harmony Featuring Ty Dolla $ign,Work From Home,Fifth Harmony
Blow Your Mind (Mwah),Dua Lipa,Blow Your Mind,Dua Lipa
Different For Girls,Dierks Bentley Featuring Elle King,Different For Girls,Dierks Bentley
THat Part,ScHoolboy Q Featuring Kanye West,THat Part,ScHoolboy Q
All In My Head (Flex),Fifth Harmony Featuring Fetty Wap,All In My Head,Fifth Harmony
Rock On,Tucker Beathard,Rock On,Tucker Beathard
I Met A Girl,William Michael Morgan,I Met A Girl,William Michael Morgan
I Got The Keys,DJ Khaled Featuring Jay Z & Future,I Got The Keys,DJ Khaled
Just Like Fire,P!nk,Just Like Fire,P!nk
Father Stretch My Hands Pt. 1,Kanye West,Father Stretch My Hands Pt. 1,Kanye West
You Don't Own Me,Grace Featuring G-Eazy,You Don't Own Me,Grace
Peter Pan,Kelsea Ballerini,Peter Pan,Kelsea Ballerini
Kids,OneRepublic,Kids,OneRepublic
Forever Country,"Artists Of Then, Now & Forever",Forever Country,Artists Of Then
Cranes In The Sky,Solange,Cranes In The Sky,Solange
Low Life,Future Featuring The Weeknd,Low Life,Future
Make You Miss Me,Sam Hunt,Make You Miss Me,Sam Hunt
Don't Touch My Hair,Solange Featuring Sampha,Don't Touch My Hair,Solange
LIFTED,CL,LIFTED,CL
Work,Rihanna Featuring Drake,Work,Rihanna
I Took A Pill In Ibiza,Mike Posner,I Took A Pill In Ibiza,Mike Posner
Never Be Like You,Flume Featuring Kai,Never Be Like You,Flume
H.O.L.Y.,Florida Georgia Line,H.O.L.Y.,Florida Georgia Line
Mama Said,Lukas Graham,Mama Said,Lukas Graham
Me Too,Meghan Trainor,Me Too,Meghan Trainor
Purple Lamborghini,Skrillex & Rick Ross,Purple Lamborghini,Skrillex
With You Tonight / Hasta El Amanecer,Nicky Jam,With You Tonight / Hasta El Amanecer,Nicky Jam
You Look Like I Need A Drink,Justin Moore,You Look Like I Need A Drink,Justin Moore
No Shopping,French Montana Featuring Drake,No Shopping,French Montana
7 Years,Lukas Graham,7 Years,Lukas Graham
Cancer,twenty one pilots,Cancer,twenty one pilots
My PYT,Wale,My PYT,Wale
Grass Ain't Greener,Chris Brown,Grass Ain't Greener,Chris Brown
Stressed Out,twenty one pilots,Stressed Out,twenty one pilots
Don't Mind,Kent Jones,Don't Mind,Kent Jones
Rise,Katy Perry,Rise,Katy Perry
Make Me...,Britney Spears Featuring G-Eazy,Make Me...,Britney Spears
She's Got A Way With Words,Blake Shelton,She's Got A Way With Words,Blake Shelton
Childs Play,Drake,Childs Play,Drake
American Country Love Song,Jake Owen,American Country Love Song,Jake Owen
Sorry,Beyonce,Sorry,Beyonce
From The Ground Up,Dan + Shay,From The Ground Up,Dan + Shay
Kill Em With Kindness,Selena Gomez,Kill Em With Kindness,Selena Gomez
Famous,Kanye West,Famous,Kanye West
Cake By The Ocean,DNCE,Cake By The Ocean,DNCE
Wicked,Future,Wicked,Future
Wyclef Jean,Young Thug,Wyclef Jean,Young Thug
Record Year,Eric Church,Record Year,Eric Church
Duele El Corazon,Enrique Iglesias Feat. Wisin or Tinashe & Javada,Duele El Corazon,Enrique Iglesias
Church Bells,Carrie Underwood,Church Bells,Carrie Underwood
Love Yourself,Justin Bieber,Love Yourself,Justin Bieber
Nikes,Frank Ocean,Nikes,Frank Ocean
Ivy,Frank Ocean,Ivy,Frank Ocean
Pink + White,Frank Ocean,Pink + White,Frank Ocean
Solo,Frank Ocean,Solo,Frank Ocean
Nights,Frank Ocean,Nights,Frank Ocean
Uber Everywhere,MadeinTYO,Uber Everywhere,MadeinTYO
Hit Or Miss,Jacob Sartorius,Hit Or Miss,Jacob Sartorius
Fix,Chris Lane,Fix,Chris Lane
Toothbrush,DNCE,Toothbrush,DNCE
Pop Style,Drake Featuring The Throne,Pop Style,Drake
Lights Come On,Jason Aldean,Lights Come On,Jason Aldean
Castaway,Zac Brown Band,Castaway,Zac Brown Band
No Money,Galantis,No Money,Galantis
Wasted Time,Keith Urban,Wasted Time,Keith Urban
Let It Go,James Bay,Let It Go,James Bay
Sorry,Justin Bieber,Sorry,Justin Bieber
Head Over Boots,Jon Pardi,Head Over Boots,Jon Pardi
Bohemian Rhapsody,Panic! At The Disco,Bohemian Rhapsody,Panic! At The Disco
All The Way Up,"Fat Joe, Remy Ma & Jay Z Featuring French Montana & Infared",All The Way Up,Fat Joe
Close,Nick Jonas Featuring Tove Lo,Close,Nick Jonas
Wake Up,Fetty Wap,Wake Up,Fetty Wap
"Huntin', Fishin' & Lovin' Every Day",Luke Bryan,"Huntin', Fishin' & Lovin' Every Day",Luke Bryan
My House,Flo Rida,My House,Flo Rida
Dangerous Woman,Ariana Grande,Dangerous Woman,Ariana Grande
Lush Life,Zara Larsson,Lush Life,Zara Larsson
Holy Key,"DJ Khaled Featuring Big Sean, Kendrick Lamar & Betty Wright",Holy Key,DJ Khaled
Brand New,Ben Rector,Brand New,Ben Rector
Wherever I Go,OneRepublic,Wherever I Go,OneRepublic
Back On Road,Gucci Mane & Drake,Back On Road,Gucci Mane
P**** Print,Gucci Mane Featuring Kanye West,P**** Print,Gucci Mane
Light It Up,Major Lazer Featuring Nyla & Fuse ODG,Light It Up,Major Lazer
Lost Boy,Ruth B,Lost Boy,Ruth B
Never Forget You,Zara Larsson & MNEK,Never Forget You,Zara Larsson
Girls Talk Boys,5 Seconds Of Summer,Girls Talk Boys,5 Seconds Of Summer
Body Say,Demi Lovato,Body Say,Demi Lovato
No,Meghan Trainor,No,Meghan Trainor
M.I.L.F. $,Fergie,M.I.L.F. $,Fergie
Night's On Fire,David Nail,Night's On Fire,David Nail
Ophelia,The Lumineers,Ophelia,The Lumineers
Body,Dreezy Featuring Jeremih,Body,Dreezy
Pillowtalk,Zayn,Pillowtalk,Zayn
"Me, Myself & I",G-Eazy x Bebe Rexha,"Me, Myself & I",G-Eazy
T-Shirt,Thomas Rhett,T-Shirt,Thomas Rhett
Love Make The World Go Round,Jennifer Lopez & Lin-Manuel Miranda,Love Make The World Go Round,Jennifer Lopez
Noise,Kenny Chesney,Noise,Kenny Chesney
Came Here To Forget,Blake Shelton,Came Here To Forget,Blake Shelton
Bored To Death,Blink-182,Bored To Death,Blink-182
La Bicicleta,Carlos Vives & Shakira,La Bicicleta,Carlos Vives
Cut It,O.T. Genasis Featuring Young Dolph,Cut It,O.T. Genasis
Oui,Jeremih,Oui,Jeremih
Wild Things,Alessia Cara,Wild Things,Alessia Cara
The Sound Of Silence,Disturbed,The Sound Of Silence,Disturbed
Messin' Around,Pitbull Featuring Enrique Iglesias,Messin' Around,Pitbull
Still Here,Drake,Still Here,Drake
Hype,Drake,Hype,Drake
Flexicution,Logic,Flexicution,Logic
Really Really,Kevin Gates,Really Really,Kevin Gates
Think Of You,Chris Young Duet With Cassadee Pope,Think Of You,Chris Young Duet
Grammys,Drake Featuring Future,Grammys,Drake
Try Everything,Shakira,Try Everything,Shakira
Champions,"Kanye West, Gucci Mane, Big Sean, 2 Chainz, Travi$ Scott, Yo Gotti, Quavo, Desiigner",Champions,Kanye West
Dark Necessities,Red Hot Chili Peppers,Dark Necessities,Red Hot Chili Peppers
2 Phones,Kevin Gates,2 Phones,Kevin Gates
Humble And Kind,Tim McGraw,Humble And Kind,Tim McGraw
What The World Needs Now Is Love,Broadway For Orlando,What The World Needs Now Is Love,Broadway For Orlando
Ain't No Stopping Us Now,Kane Brown,Ain't No Stopping Us Now,Kane Brown
Kiss It Better,Rihanna,Kiss It Better,Rihanna
Exchange,Bryson Tiller,Exchange,Bryson Tiller
Somewhere On A Beach,Dierks Bentley,Somewhere On A Beach,Dierks Bentley
Sweatshirt,Jacob Sartorius,Sweatshirt,Jacob Sartorius
With You,Drake Featuring PARTYNEXTDOOR,With You,Drake
Might Not,Belly Featuring The Weeknd,Might Not,Belly
Faded,Alan Walker,Faded,Alan Walker
Middle,DJ Snake Featuring Bipolar Sunshine,Middle,DJ Snake
My Church,Maren Morris,My Church,Maren Morris
Snapback,Old Dominion,Snapback,Old Dominion
Nothing Is Promised,Mike WiLL Made-It x Rihanna,Nothing Is Promised,Mike WiLL Made-It
Mind Reader,Dustin Lynch,Mind Reader,Dustin Lynch
Formation,Beyonce,Formation,Beyonce
Feel No Ways,Drake,Feel No Ways,Drake
Law,Yo Gotti Featuring E-40,Law,Yo Gotti
Piece By Piece,Kelly Clarkson,Piece By Piece,Kelly Clarkson
Moolah,Young Greatness,Moolah,Young Greatness
Youth,Troye Sivan,Youth,Troye Sivan
My Boo,Ghost Town DJ's,My Boo,Ghost Town DJ's
If It Ain't Love,Jason Derulo,If It Ain't Love,Jason Derulo
9,Drake,9,Drake
One Call Away,Charlie Puth,One Call Away,Charlie Puth
Lonesome Broken And Blue,Adam Wakefield,Lonesome Broken And Blue,Adam Wakefield
U With Me?,Drake,U With Me?,Drake
Fire & Desire,Drake,Fire & Desire,Drake
Every Breath You Take,Hannah Huston,Every Breath You Take,Hannah Huston
Redemption,Drake,Redemption,Drake
Down That Road,Alisan Porter,Down That Road,Alisan Porter
Stitches,Shawn Mendes,Stitches,Shawn Mendes
Roses,The Chainsmokers Featuring Rozes,Roses,The Chainsmokers
Don't,Bryson Tiller,Don't,Bryson Tiller
Weston Road Flows,Drake,Weston Road Flows,Drake
Keep The Family Close,Drake,Keep The Family Close,Drake
Faithful,Drake Featuring Pimp C & dvsn,Faithful,Drake
Blessings,Chance The Rapper Featuring Ty Dolla $ign,Blessings,Chance The Rapper
I'm Sorry,Adam Wakefield,I'm Sorry,Adam Wakefield
Promise,Kid Ink Featuring Fetty Wap,Promise,Kid Ink
Go Ahead And Break My Heart,Blake Shelton Featuring Gwen Stefani,Go Ahead And Break My Heart,Blake Shelton
Ain't Your Mama,Jennifer Lopez,Ain't Your Mama,Jennifer Lopez
6 Inch,Beyonce Featuring The Weeknd,6 Inch,Beyonce
I Like The Sound Of That,Rascal Flatts,I Like The Sound Of That,Rascal Flatts
Confession,Florida Georgia Line,Confession,Florida Georgia Line
Team,Iggy Azalea,Team,Iggy Azalea
Don't Hurt Yourself,Beyonce Featuring Jack White,Don't Hurt Yourself,Beyonce
All Night,Beyonce,All Night,Beyonce
Freedom,Beyonce Featuring Kendrick Lamar,Freedom,Beyonce
Daddy Lessons,Beyonce,Daddy Lessons,Beyonce
Pray You Catch Me,Beyonce,Pray You Catch Me,Beyonce
Sandcastles,Beyonce,Sandcastles,Beyonce
Love Drought,Beyonce,Love Drought,Beyonce
True Colors,Zedd & Kesha,True Colors,Zedd
Views,Drake,Views,Drake
Summer Sixteen,Drake,Summer Sixteen,Drake
Purple Rain,Prince And The Revolution,Purple Rain,Prince
When Doves Cry,Prince,When Doves Cry,Prince
Little Red Corvette,Prince,Little Red Corvette,Prince
Kiss,Prince And The Revolution,Kiss,Prince
Let's Go Crazy,Prince And The Revolution,Let's Go Crazy,Prince
1999,Prince,1999,Prince
Raspberry Beret,Prince And The Revolution,Raspberry Beret,Prince
I Would Die 4 U,Prince And The Revolution,I Would Die 4 U,Prince
Jumpman,Drake & Future,Jumpman,Drake
Forward,Beyonce Featuring James Blake,Forward,Beyonce
Back To Sleep,Chris Brown,Back To Sleep,Chris Brown
You Should Be Here,Cole Swindell,You Should Be Here,Cole Swindell
New Level,A$AP Ferg Featuring Future,New Level,A$AP Ferg
Company,Justin Bieber,Company,Justin Bieber
Acquainted,The Weeknd,Acquainted,The Weeknd
That Don't Sound Like You,Lee Brice,That Don't Sound Like You,Lee Brice
Hands To Myself,Selena Gomez,Hands To Myself,Selena Gomez
Hello,Adele,Hello,Adele
Down In The DM,Yo Gotti Featuring Nicki Minaj,Down In The DM,Yo Gotti
The Hills,The Weeknd,The Hills,The Weeknd
New Romantics,Taylor Swift,New Romantics,Taylor Swift
Drunk On Your Love,Brett Eldredge,Drunk On Your Love,Brett Eldredge
Saved,Ty Dolla $ign Featuring E-40,Saved,Ty Dolla $ign
Little Bit Of You,Chase Bryant,Little Bit Of You,Chase Bryant
Might Be,DJ Luke Nasty,Might Be,DJ Luke Nasty
Pt. 2,Kanye West,Pt. 2,Kanye West
Jimmy Choo,Fetty Wap,Jimmy Choo,Fetty Wap
Let Me Love You,Ariana Grande Featuring Lil Wayne,Let Me Love You,Ariana Grande
Fast Car,Jonas Blue Featuring Dakota,Fast Car,Jonas Blue
Die A Happy Man,Thomas Rhett,Die A Happy Man,Thomas Rhett
Nobody To Blame,Chris Stapleton,Nobody To Blame,Chris Stapleton
Waves,Kanye West,Waves,Kanye West
Sugar,Robin Schulz Featuring Francesco Yates,Sugar,Robin Schulz
Ultralight Beam,Kanye West,Ultralight Beam,Kanye West
Victorious,Panic! At The Disco,Victorious,Panic! At The Disco
Hotline Bling,Drake,Hotline Bling,Drake
When We Were Young,Adele,When We Were Young,Adele
Best Friend,Young Thug,Best Friend,Young Thug
FML,Kanye West,FML,Kanye West
Tennessee Whiskey,Chris Stapleton,Tennessee Whiskey,Chris Stapleton
Real Friends,Kanye West,Real Friends,Kanye West
Beautiful Drug,Zac Brown Band,Beautiful Drug,Zac Brown Band
Heartbeat,Carrie Underwood,Heartbeat,Carrie Underwood
Feedback,Kanye West,Feedback,Kanye West
679,Fetty Wap Featuring Remy Boyz,679,Fetty Wap
What Do You Mean?,Justin Bieber,What Do You Mean?,Justin Bieber
Say It,Tory Lanez,Say It,Tory Lanez
Like I'm Gonna Lose You,Meghan Trainor Featuring John Legend,Like I'm Gonna Lose You,Meghan Trainor
White Iverson,Post Malone,White Iverson,Post Malone
Like I Would,Zayn,Like I Would,Zayn
Stand By You,Rachel Platten,Stand By You,Rachel Platten
I Know What You Did Last Summer,Shawn Mendes & Camila Cabello,I Know What You Did Last Summer,Shawn Mendes
With Them,Young Thug,With Them,Young Thug
Home Alone Tonight,Luke Bryan Featuring Karen Fairchild,Home Alone Tonight,Luke Bryan
Digits,Young Thug,Digits,Young Thug
Something In The Way You Move,Ellie Goulding,Something In The Way You Move,Ellie Goulding
Make Me Like You,Gwen Stefani,Make Me Like You,Gwen Stefani
Be Alright,Ariana Grande,Be Alright,Ariana Grande
Hide Away,Daya,Hide Away,Daya
Here,Alessia Cara,Here,Alessia Cara
Same Old Love,Selena Gomez,Same Old Love,Selena Gomez
Ex's & Oh's,Elle King,Ex's & Oh's,Elle King
In The Night,The Weeknd,In The Night,The Weeknd
Adventure Of A Lifetime,Coldplay,Adventure Of A Lifetime,Coldplay
Backroad Song,Granger Smith,Backroad Song,Granger Smith
Something New,Zendaya Featuring Chris Brown,Something New,Zendaya
Sorry Not Sorry,Bryson Tiller,Sorry Not Sorry,Bryson Tiller
Can't Feel My Face,The Weeknd,Can't Feel My Face,The Weeknd
We Went,Randy Houser,We Went,Randy Houser
Break On Me.,Keith Urban,Break On Me.,Keith Urban
Untitled 02 l 06.23.2014.,Kendrick Lamar,Untitled 02 l 06.23.2014.,Kendrick Lamar
Untitled 07 l Levitate,Kendrick Lamar,Untitled 07 l Levitate,Kendrick Lamar
Watch Out,2 Chainz,Watch Out,2 Chainz
Get Ugly,Jason Derulo,Get Ugly,Jason Derulo
Gotta Lotta,2 Chainz Featuring Lil Wayne,Gotta Lotta,2 Chainz
Antidote,Travis Scott,Antidote,Travis Scott
Lean On,Major Lazer & DJ Snake Featuring MO,Lean On,Major Lazer
See You Again,Wiz Khalifa Featuring Charlie Puth,See You Again,Wiz Khalifa
It's You,Zayn,It's You,Zayn
Hello Friday,Flo Rida Featuring Jason Derulo,Hello Friday,Flo Rida
Perfect,One Direction,Perfect,One Direction
$ave Dat Money,Lil Dicky Featuring Fetty Wap & Rich Homie Quan,$ave Dat Money,Lil Dicky
Til It Happens To You,Lady Gaga,Til It Happens To You,Lady Gaga
Walking On A Dream,Empire Of The Sun,Walking On A Dream,Empire Of The Sun
History,One Direction,History,One Direction
Dibs,Kelsea Ballerini,Dibs,Kelsea Ballerini
Out Of The Woods,Taylor Swift,Out Of The Woods,Taylor Swift
Hollow,Tori Kelly,Hollow,Tori Kelly
Look At My Dab,Migos,Look At My Dab,Migos
I Love This Life,LOCASH,I Love This Life,LOCASH
Uptown Funk!,Mark Ronson Featuring Bruno Mars,Uptown Funk!,Mark Ronson
Break Up In A Small Town,Sam Hunt,Break Up In A Small Town,Sam Hunt
On My Mind,Ellie Goulding,On My Mind,Ellie Goulding
Confident,Demi Lovato,Confident,Demi Lovato
Stay A Little Longer,Brothers Osborne,Stay A Little Longer,Brothers Osborne
All I Ask,Adele,All I Ask,Adele
Good To Be Alive (Hallelujah),Andy Grammer,Good To Be Alive,Andy Grammer
Bang My Head,David Guetta Featuring Sia & Fetty Wap,Bang My Head,David Guetta
Irresistible,Fall Out Boy,Irresistible,Fall Out Boy
Do It Like Me,DLOW,Do It Like Me,DLOW
Dessert,Dawin,Dessert,Dawin
Watch Me,Silento,Watch Me,Silento
Fly S**t Only,Future,Fly S**t Only,Future
Bake Sale,Wiz Khalifa Featuring Travi$ Scott,Bake Sale,Wiz Khalifa
Die A Happy Man,Nelly,Die A Happy Man,Nelly
WTF (Where They From),Missy Elliott Featuring Pharrell Williams,WTF,Missy Elliott
Whisper,Chase Rice,Whisper,Chase Rice
The Fix,Nelly Featuring Jeremih,The Fix,Nelly
No Role Modelz,J. Cole,No Role Modelz,J. Cole
Again,Fetty Wap,Again,Fetty Wap
Big Rings,Drake & Future,Big Rings,Drake
Country Nation,Brad Paisley,Country Nation,Brad Paisley
Back Up,DeJ Loaf Featuring Big Sean,Back Up,DeJ Loaf
Jam,"Kevin Gates Featuring Trey Songz, Ty Dolla $ign & Jamie Foxx",Jam,Kevin Gates
Alive,Sia,Alive,Sia
Play No Games,Big Sean Featuring Chris Brown & Ty Dolla $ign,Play No Games,Big Sean
I Got The Boy,Jana Kramer,I Got The Boy,Jana Kramer
Mr. Misunderstood,Eric Church,Mr. Misunderstood,Eric Church
Focus,Ariana Grande,Focus,Ariana Grande
Gonna Know We Were Here,Jason Aldean,Gonna Know We Were Here,Jason Aldean
Emperor's New Clothes,Panic! At The Disco,Emperor's New Clothes,Panic! At The Disco
Bottom Of The Bottle,Curren$Y Featuring August Alsina & Lil Wayne,Bottom Of The Bottle,Curren$Y
Locked Away,R. City Featuring Adam Levine,Locked Away,R. City
I'll Show You,Justin Bieber,I'll Show You,Justin Bieber
New Americana,Halsey,New Americana,Halsey
Death Of A Bachelor,Panic! At The Disco,Death Of A Bachelor,Panic! At The Disco
Lay It All On Me,Rudimental Featuring Ed Sheeran,Lay It All On Me,Rudimental
Right Hand,Drake,Right Hand,Drake
Come Get Her,Rae Sremmurd,Come Get Her,Rae Sremmurd
Lean & Dabb,iLoveMemphis,Lean & Dabb,iLoveMemphis
Ginza,J Balvin,Ginza,J Balvin
Trap Queen,Fetty Wap,Trap Queen,Fetty Wap
Lazarus,David Bowie,Lazarus,David Bowie
Space Oddity,David Bowie,Space Oddity,David Bowie
Under Pressure,Queen & David Bowie,Under Pressure,Queen
Blackstar,David Bowie,Blackstar,David Bowie
Used To Love You,Gwen Stefani,Used To Love You,Gwen Stefani
Gonna,Blake Shelton,Gonna,Blake Shelton
RGF Island,Fetty Wap,RGF Island,Fetty Wap
Blase,Ty Dolla $ign Featuring Future & Rae Sremmurd,Blase,Ty Dolla $ign
Where Ya At,Future Featuring Drake,Where Ya At,Future
Where Are U Now,Skrillex & Diplo With Justin Bieber,Where Are U Now,Skrillex
Downtown,"Macklemore & Ryan Lewis Featuring Eric Nally, Melle Mel, Kool Moe Dee & Grandmaster Caz",Downtown,Macklemore
Top Of The World,Tim McGraw,Top Of The World,Tim McGraw
Smoke Break,Carrie Underwood,Smoke Break,Carrie Underwood
Hit The Quan,iLoveMemphis,Hit The Quan,iLoveMemphis
Burning House,Cam,Burning House,Cam
Purpose,Justin Bieber,Purpose,Justin Bieber
Liquor,Chris Brown,Liquor,Chris Brown
Stick Talk,Future,Stick Talk,Future
The Feeling,Justin Bieber Featuring Halsey,The Feeling,Justin Bieber
Zero,Chris Brown,Zero,Chris Brown
Jugg,Fetty Wap Featuring Monty,Jugg,Fetty Wap
Hallelujah,Lindsey Stirling,Hallelujah,Lindsey Stirling
Little More (Royalty),Chris Brown,Little More,Chris Brown
Mary Did You Know,Jordan Smith,Mary Did You Know,Jordan Smith
Good For You,Selena Gomez Featuring A$AP Rocky,Good For You,Selena Gomez
Cheerleader,OMI,Cheerleader,OMI
Drag Me Down,One Direction,Drag Me Down,One Direction
Burning House,Emily Ann Roberts,Burning House,Emily Ann Roberts
Climb Every Mountain,Jordan Smith,Climb Every Mountain,Jordan Smith
Back To Back,Drake,Back To Back,Drake
Nothin' Like You,Dan + Shay,Nothin' Like You,Dan + Shay
Strip It Down,Luke Bryan,Strip It Down,Luke Bryan
God Only Knows,Jordan Smith & Adam Levine,God Only Knows,Jordan Smith
Somebody To Love,Jordan Smith,Somebody To Love,Jordan Smith
Renegades,X Ambassadors,Renegades,X Ambassadors
Mark My Words,Justin Bieber,Mark My Words,Justin Bieber
Already Callin' You Mine,Parmalee,Already Callin' You Mine,Parmalee
Random,G-Eazy,Random,G-Eazy
No Pressure,Justin Bieber Featuring Big Sean,No Pressure,Justin Bieber
Sorry,Rick Ross Featuring Chris Brown,Sorry,Rick Ross
Drifting,G-Eazy Featuring Chris Brown & Tory Lanez,Drifting,G-Eazy
My Way,Fetty Wap Featuring Monty,My Way,Fetty Wap
I'm Comin' Over,Chris Young,I'm Comin' Over,Chris Young
Photograph,Ed Sheeran,Photograph,Ed Sheeran
How Deep Is Your Love,Calvin Harris & Disciples,How Deep Is Your Love,Calvin Harris
Hallelujah,Jordan Smith,Hallelujah,Jordan Smith
No Sense,Justin Bieber Featuring Travi$ Scott,No Sense,Justin Bieber
I'd Just Love To Lay You Down,Barrett Baber,I'd Just Love To Lay You Down,Barrett Baber
Daddy,PSY Featuring CL,Daddy,PSY
Girls Just Want To Have Fun,Madi Davis,Girls Just Want To Have Fun,Madi Davis
Let Me See Ya Girl,Cole Swindell,Let Me See Ya Girl,Cole Swindell
Remedy,Adele,Remedy,Adele
Life Is Worth Living,Justin Bieber,Life Is Worth Living,Justin Bieber
Love Myself,Hailee Steinfeld,Love Myself,Hailee Steinfeld
Rich $ex,Future,Rich $ex,Future
Great Is Thy Faithfulness,Jordan Smith,Great Is Thy Faithfulness,Jordan Smith
Break Up With Him,Old Dominion,Break Up With Him,Old Dominion
Children,Justin Bieber,Children,Justin Bieber
Been You,Justin Bieber,Been You,Justin Bieber
If I Could Fly,One Direction,If I Could Fly,One Direction
Olivia,One Direction,Olivia,One Direction
We Are,Justin Bieber Featuring Nas,We Are,Justin Bieber
Get Used To It,Justin Bieber,Get Used To It,Justin Bieber
A.M.,One Direction,A.M.,One Direction
Temporary Fix,One Direction,Temporary Fix,One Direction
Trust,Justin Bieber,Trust,Justin Bieber
Never Enough,One Direction,Never Enough,One Direction
Shut Up And Dance,WALK THE MOON,Shut Up And Dance,WALK THE MOON
Thinking Out Loud,Ed Sheeran,Thinking Out Loud,Ed Sheeran
Fight Song,Rachel Platten,Fight Song,Rachel Platten
Writing's On The Wall,Sam Smith,Writing's On The Wall,Sam Smith
Anything Goes,Florida Georgia Line,Anything Goes,Florida Georgia Line
Cool For The Summer,Demi Lovato,Cool For The Summer,Demi Lovato
Comfortable,K Camp,Comfortable,K Camp
Save It For A Rainy Day,Kenny Chesney,Save It For A Rainy Day,Kenny Chesney
Diamonds Dancing,Drake & Future,Diamonds Dancing,Drake
Traveller,Chris Stapleton,Traveller,Chris Stapleton
Halo,Jordan Smith,Halo,Jordan Smith
Hold My Hand,Jess Glynne,Hold My Hand,Jess Glynne
Levels,Nick Jonas,Levels,Nick Jonas
Want To Want Me,Jason Derulo,Want To Want Me,Jason Derulo
All Eyes On You,Meek Mill Featuring Chris Brown & Nicki Minaj,All Eyes On You,Meek Mill
Scholarships,Drake & Future,Scholarships,Drake
Digital Dash,Drake & Future,Digital Dash,Drake
Sugar,Maroon 5,Sugar,Maroon 5
Marvin Gaye,Charlie Puth Featuring Meghan Trainor,Marvin Gaye,Charlie Puth
Home,One Direction,Home,One Direction
Used To Love You Sober,Kane Brown,Used To Love You Sober,Kane Brown
Gonna Wanna Tonight,Chase Rice,Gonna Wanna Tonight,Chase Rice
Nothing But Trouble (Instagram Models),Lil Wayne & Charlie Puth,Nothing But Trouble,Lil Wayne
Powerful,Major Lazer Featuring Ellie Goulding & Tarrus Riley,Powerful,Major Lazer
100,The Game Featuring Drake,100,The Game
Flex (Ooh Ooh Ooh),Rich Homie Quan,Flex,Rich Homie Quan
Worth It,Fifth Harmony Featuring Kid Ink,Worth It,Fifth Harmony
Lose My Mind,Brett Eldredge,Lose My Mind,Brett Eldredge
This Could Be Us,Rae Sremmurd,This Could Be Us,Rae Sremmurd
"John Cougar, John Deere, John 3:16",Keith Urban,"John Cougar, John Deere, John 3:16",Keith Urban
Live From The Gutter,Drake & Future,Live From The Gutter,Drake
I'm The Plug,Drake & Future,I'm The Plug,Drake
Can't Sleep Love,Pentatonix,Can't Sleep Love,Pentatonix
Earned It (Fifty Shades Of Grey),The Weeknd,Earned It,The Weeknd
Bad Blood,Taylor Swift Featuring Kendrick Lamar,Bad Blood,Taylor Swift
El Perdon (Forgiveness),Nicky Jam & Enrique Iglesias,El Perdon,Nicky Jam
House Party,Sam Hunt,House Party,Sam Hunt
Fly,Maddie & Tae,Fly,Maddie
Change Locations,Drake & Future,Change Locations,Drake
Love Me,The 1975,Love Me,The 1975
Uma Thurman,Fall Out Boy,Uma Thurman,Fall Out Boy
Planez,Jeremih Featuring J. Cole,Planez,Jeremih
Buy Me A Boat,Chris Janson,Buy Me A Boat,Chris Janson
Plastic Bag,Drake & Future,Plastic Bag,Drake
Jersey,Future,Jersey,Future
Cecilia And The Satellite,Andrew McMahon In The Wilderness,Cecilia And The Satellite,Andrew McMahon In The Wilderness
Ghost Town,Adam Lambert,Ghost Town,Adam Lambert
Hold Each Other,A Great Big World Featuring FUTURISTIC,Hold Each Other,A Great Big World
Infinity,One Direction,Infinity,One Direction
Black Magic,Little Mix,Black Magic,Little Mix
30 For 30 Freestyle,Drake,30 For 30 Freestyle,Drake
Kick The Dust Up,Luke Bryan,Kick The Dust Up,Luke Bryan
Classic Man,Jidenna Featuring Roman GianArthur,Classic Man,Jidenna
"Honey, I'm Good.",Andy Grammer,"Honey, I'm Good.",Andy Grammer
Crash And Burn,Thomas Rhett,Crash And Burn,Thomas Rhett
Runnin' (Lose It All),Naughty Boy Featuring Beyonce & Arrow Benjamin,Runnin',Naughty Boy
"I Don't Like It, I Love It",Flo Rida Featuring Robin Thicke & Verdine White,"I Don't Like It, I Love It",Flo Rida
Alright,Kendrick Lamar,Alright,Kendrick Lamar
R.I.C.O.,Meek Mill Featuring Drake,R.I.C.O.,Meek Mill
Post To Be,Omarion Featuring Chris Brown & Jhene Aiko,Post To Be,Omarion
Tell Your Friends,The Weeknd,Tell Your Friends,The Weeknd
Hell Of A Night,Dustin Lynch,Hell Of A Night,Dustin Lynch
She's Kinda Hot,5 Seconds Of Summer,She's Kinda Hot,5 Seconds Of Summer
About You,Trey Songz,About You,Trey Songz
Real Life,Jake Owen,Real Life,Jake Owen
Should've Been Us,Tori Kelly,Should've Been Us,Tori Kelly
Firestone,Kygo Featuring Conrad,Firestone,Kygo
Loving You Easy,Zac Brown Band,Loving You Easy,Zac Brown Band
Prisoner,The Weeknd Featuring Lana Del Rey,Prisoner,The Weeknd
Dark Times,The Weeknd Featuring Ed Sheeran,Dark Times,The Weeknd
Beautiful Now,Zedd Featuring Jon Bellion,Beautiful Now,Zedd
Real Life,The Weeknd,Real Life,The Weeknd
Rotten To The Core,"Dove Cameron, Cameron Boyce, Booboo Stewart & Sofia Carson",Rotten To The Core,Dove Cameron
Burn Slow,Wiz Khalifa Featuring Rae Sremmurd,Burn Slow,Wiz Khalifa
Do It Again,Pia Mia Featuring Chris Brown & Tyga,Do It Again,Pia Mia
One Man Can Change The World,Big Sean Featuring Kanye West & John Legend,One Man Can Change The World,Big Sean
Cheyenne,Jason Derulo,Cheyenne,Jason Derulo
Omen,Disclosure Featuring Sam Smith,Omen,Disclosure
Shameless,The Weeknd,Shameless,The Weeknd
The Night Is Still Young,Nicki Minaj,The Night Is Still Young,Nicki Minaj
Hey Mama,"David Guetta Featuring Nicki Minaj, Bebe Rexha & Afrojack",Hey Mama,David Guetta
Roots,Imagine Dragons,Roots,Imagine Dragons
Losers,The Weeknd Featuring Labrinth,Losers,The Weeknd
Young & Crazy,Frankie Ballard,Young & Crazy,Frankie Ballard
Jet Black Heart,5 Seconds Of Summer,Jet Black Heart,5 Seconds Of Summer
B**** Better Have My Money,Rihanna,B**** Better Have My Money,Rihanna
Love Me Like You Do,Ellie Goulding,Love Me Like You Do,Ellie Goulding
Nasty Freestyle,T-Wayne,Nasty Freestyle,T-Wayne
Straight Outta Compton,N.W.A,Straight Outta Compton,N.W.A
Boyz-N-The Hood,Eazy-E,Boyz-N-The Hood,Eazy-E
Be Real,Kid Ink Featuring DeJ Loaf,Be Real,Kid Ink
Sangria,Blake Shelton,Sangria,Blake Shelton
Kiss You In The Morning,Michael Ray,Kiss You In The Morning,Michael Ray
One Hell Of An Amen,Brantley Gilbert,One Hell Of An Amen,Brantley Gilbert
High By The Beach,Lana Del Rey,High By The Beach,Lana Del Rey
I'm To Blame,Kip Moore,I'm To Blame,Kip Moore
Talking Body,Tove Lo,Talking Body,Tove Lo
Like A Wrecking Ball,Eric Church,Like A Wrecking Ball,Eric Church
Wet Dreamz,J. Cole,Wet Dreamz,J. Cole
Tonight Looks Good On You,Jason Aldean,Tonight Looks Good On You,Jason Aldean
Fun,Pitbull Featuring Chris Brown,Fun,Pitbull
How Many Times,"DJ Khaled Featuring Chris Brown, Lil Wayne & Big Sean",How Many Times,DJ Khaled
Fly Away,5 Seconds Of Summer,Fly Away,5 Seconds Of Summer
You Know You Like It,DJ Snake & AlunaGeorge,You Know You Like It,DJ Snake
If Only,Dove Cameron,If Only,Dove Cameron
Commas,Future,Commas,Future
100 Grandkids,Mac Miller,100 Grandkids,Mac Miller
Take Your Time,Sam Hunt,Take Your Time,Sam Hunt
Slow Motion,Trey Songz,Slow Motion,Trey Songz
Charged Up,Drake,Charged Up,Drake
Love You Like That,Canaan Smith,Love You Like That,Canaan Smith
This Summer's Gonna Hurt...,Maroon 5,This Summer's Gonna Hurt...,Maroon 5
Crushin' It,Brad Paisley,Crushin' It,Brad Paisley
The Matrimony,Wale Featuring Usher,The Matrimony,Wale
Good Thing,Sage The Gemini Featuring Nick Jonas,Good Thing,Sage The Gemini
Girl Crush,Little Big Town,Girl Crush,Little Big Town
Elastic Heart,Sia,Elastic Heart,Sia
Shake It Off,Taylor Swift,Shake It Off,Taylor Swift
No Sleeep,Janet Featuring J. Cole,No Sleeep,Janet
Fire N Gold,Bea Miller,Fire N Gold,Bea Miller
Love Me Like You Mean It,Kelsea Ballerini,Love Me Like You Mean It,Kelsea Ballerini
Bright,Echosmith,Bright,Echosmith
Kings Never Die,Eminem Featuring Gwen Stefani,Kings Never Die,Eminem
Yoga,Janelle Monae & Jidenna,Yoga,Janelle Monae
Back It Up,Prince Royce Featuring Jennifer Lopez & Pitbull,Back It Up,Prince Royce
Like I Can,Sam Smith,Like I Can,Sam Smith
Baby Be My Love Song,Easton Corbin,Baby Be My Love Song,Easton Corbin
Sippin' On Fire,Florida Georgia Line,Sippin' On Fire,Florida Georgia Line
Blow A Bag,Future,Blow A Bag,Future
Tear In My Heart,twenty one pilots,Tear In My Heart,twenty one pilots
Dance Like We're Making Love,Ciara,Dance Like We're Making Love,Ciara
Somebody,Natalie La Rose Featuring Jeremih,Somebody,Natalie La Rose
Style,Taylor Swift,Style,Taylor Swift
Don't It,Billy Currington,Don't It,Billy Currington
Little Toy Guns,Carrie Underwood,Little Toy Guns,Carrie Underwood
I Really Like You,Carly Rae Jepsen,I Really Like You,Carly Rae Jepsen
Lord Knows,Meek Mill,Lord Knows,Meek Mill
Jump Out The Face,Meek Mill Featuring Future,Jump Out The Face,Meek Mill
Hood Go Crazy,Tech N9Ne Featuring 2 Chainz & B.o.B,Hood Go Crazy,Tech N9Ne
G.D.F.R.,Flo Rida Featuring Sage The Gemini & Lookas,G.D.F.R.,Flo Rida
Love Is Your Name,Steven Tyler,Love Is Your Name,Steven Tyler
Bad For You,Meek Mill Featuring Nicki Minaj,Bad For You,Meek Mill
Diamond Rings And Old Barstools,Tim McGraw With Catherine Dunn,Diamond Rings And Old Barstools,Tim McGraw
Smoke,A Thousand Horses,Smoke,A Thousand Horses
Brother,NEEDTOBREATHE Featuring Gavin DeGraw,Brother,NEEDTOBREATHE
Budapest,George Ezra,Budapest,George Ezra
Blank Space,Taylor Swift,Blank Space,Taylor Swift
Coffee,Miguel,Coffee,Miguel
Know Yourself,Drake,Know Yourself,Drake
Flashlight,Jessie J,Flashlight,Jessie J
Dear Future Husband,Meghan Trainor,Dear Future Husband,Meghan Trainor
One Last Time,Ariana Grande,One Last Time,Ariana Grande
Energy,Drake,Energy,Drake
Wild Child,Kenny Chesney With Grace Potter,Wild Child,Kenny Chesney
I Need Your Love,"Shaggy Featuring Mohombi, Faydee, Costi",I Need Your Love,Shaggy
B**** I'm Madonna,Madonna Featuring Nicki Minaj,B**** I'm Madonna,Madonna
Pretty Girls,Britney Spears & Iggy Azalea,Pretty Girls,Britney Spears
Check,Young Thug,Check,Young Thug
Blessings,Big Sean Featuring Drake,Blessings,Big Sean
Lay Me Down,Sam Smith,Lay Me Down,Sam Smith
Sparks,Hilary Duff,Sparks,Hilary Duff
Believe,Mumford & Sons,Believe,Mumford
I Don't Get Tired (#IDGT),Kevin Gates Featuring August Alsina,I Don't Get Tired,Kevin Gates
Flicka Da Wrist,Chedda Da Connect,Flicka Da Wrist,Chedda Da Connect
Nasty,Bandit Gang Marco Featuring Dro,Nasty,Bandit Gang Marco
Time Of Our Lives,Pitbull & Ne-Yo,Time Of Our Lives,Pitbull
Chains,Nick Jonas,Chains,Nick Jonas
3500,Travi$ Scott Featuring Future & 2 Chainz,3500,Travi$ Scott
All Day,"Kanye West Featuring Theophilus London, Allan Kingdom & Paul McCartney",All Day,Kanye West
I Want You To Know,Zedd Featuring Selena Gomez,I Want You To Know,Zedd
L$D,A$AP Rocky,L$D,A$AP Rocky
Everyday,A$AP Rocky Featuring Rod Stewart x Miguel x Mark Ronson,Everyday,A$AP Rocky
Phenomenal,Eminem,Phenomenal,Eminem
"Ulay, Oh",How I Became The Bomb,"Ulay, Oh",How I Became The Bomb
Truffle Butter,Nicki Minaj Featuring Drake & Lil Wayne,Truffle Butter,Nicki Minaj
FourFiveSeconds,Rihanna & Kanye West & Paul McCartney,FourFiveSeconds,Rihanna
Electric Body,A$AP Rocky Featuring ScHoolboy Q,Electric Body,A$AP Rocky
You Changed Me,Jamie Foxx Featuring Chris Brown,You Changed Me,Jamie Foxx
Get Low,Dillon Francis & DJ Snake,Get Low,Dillon Francis
All About That Bass,Meghan Trainor,All About That Bass,Meghan Trainor
Homegrown,Zac Brown Band,Homegrown,Zac Brown Band
Heartbeat Song,Kelly Clarkson,Heartbeat Song,Kelly Clarkson
I Bet,Ciara,I Bet,Ciara
King Kunta,Kendrick Lamar,King Kunta,Kendrick Lamar
Raise 'Em Up,Keith Urban Featuring Eric Church,Raise 'Em Up,Keith Urban
Please,Sawyer Fredericks,Please,Sawyer Fredericks
Feeling Myself,Nicki Minaj Featuring Beyonce,Feeling Myself,Nicki Minaj
Take Me To Church,Hozier,Take Me To Church,Hozier
Ayo,Chris Brown & Tyga,Ayo,Chris Brown
Old Man,Sawyer Fredericks,Old Man,Sawyer Fredericks
Change My Mind,Meghan Linsey,Change My Mind,Meghan Linsey
She Don't Love You,Eric Paslay,She Don't Love You,Eric Paslay
Games,Luke Bryan,Games,Luke Bryan
Throw Sum Mo,Rae Sremmurd Featuring Nicki Minaj & Young Thug,Throw Sum Mo,Rae Sremmurd
I'm Not The Only One,Sam Smith,I'm Not The Only One,Sam Smith
A Guy Walks Into A Bar,Tyler Farr,A Guy Walks Into A Bar,Tyler Farr
Geronimo,Sheppard,Geronimo,Sheppard
Say You Do,Dierks Bentley,Say You Do,Dierks Bentley
Nothing Without Love,Nate Ruess,Nothing Without Love,Nate Ruess
Beautiful Life,Nick Fradiani,Beautiful Life,Nick Fradiani
A Thousand Years,Sawyer Fredericks,A Thousand Years,Sawyer Fredericks
Lips Are Movin,Meghan Trainor,Lips Are Movin,Meghan Trainor
Ain't Worth The Whiskey,Cole Swindell,Ain't Worth The Whiskey,Cole Swindell
Nobody Love,Tori Kelly,Nobody Love,Tori Kelly
American Oxygen,Rihanna,American Oxygen,Rihanna
Shine On,Sawyer Fredericks,Shine On,Sawyer Fredericks
10 Bands,Drake,10 Bands,Drake
Centuries,Fall Out Boy,Centuries,Fall Out Boy
Simple Man,Sawyer Fredericks,Simple Man,Sawyer Fredericks
Infinity,Mariah Carey,Infinity,Mariah Carey
Legend,Drake,Legend,Drake
Hallelujah,Panic! At The Disco,Hallelujah,Panic! At The Disco
I Don't Mind,Usher Featuring Juicy J,I Don't Mind,Usher
Riptide,Vance Joy,Riptide,Vance Joy
Drinking Class,Lee Brice,Drinking Class,Lee Brice
Outside,Calvin Harris Featuring Ellie Goulding,Outside,Calvin Harris
Little Red Wagon,Miranda Lambert,Little Red Wagon,Miranda Lambert
Make It Rain,Koryn Hawthorne,Make It Rain,Koryn Hawthorne
Ride Out,"Kid Ink, Tyga, Wale, YG & Rich Homie Quan",Ride Out,Kid Ink
Trouble,Iggy Azalea Featuring Jennifer Hudson,Trouble,Iggy Azalea
Iris,Sawyer Fredericks,Iris,Sawyer Fredericks
Only,"Nicki Minaj Featuring Drake, Lil Wayne & Chris Brown",Only,Nicki Minaj
Jealous,Nick Jonas,Jealous,Nick Jonas
Stay With Me,Sam Smith,Stay With Me,Sam Smith
Lonely Eyes,Chris Young,Lonely Eyes,Chris Young
Bills,LunchMoney Lewis,Bills,LunchMoney Lewis
Prayer In C,Lillywood & Robin Schulz,Prayer In C,Lillywood
Imagine,Sawyer Fredericks,Imagine,Sawyer Fredericks
House Of The Rising Sun,Kimberly Nichole,House Of The Rising Sun,Kimberly Nichole
I Don't F**k With You,Big Sean Featuring E-40,I Don't F**k With You,Big Sean
11-Jul,Beyonce,11-Jul,Beyonce
Homegrown Honey,Darius Rucker,Homegrown Honey,Darius Rucker
Go Hard Or Go Home,Wiz Khalifa & Iggy Azalea,Go Hard Or Go Home,Wiz Khalifa
Immortals,Fall Out Boy,Immortals,Fall Out Boy
Good Lovin,Ludacris Featuring Miguel,Good Lovin,Ludacris
Goodbye,Who Is Fancy,Goodbye,Who Is Fancy
Animals,Maroon 5,Animals,Maroon 5
Night Changes,One Direction,Night Changes,One Direction
She Knows,Ne-Yo Featuring Juicy J,She Knows,Ne-Yo
I Bet My Life,Imagine Dragons,I Bet My Life,Imagine Dragons
CoCo,O.T. Genasis,CoCo,O.T. Genasis
Apparently,J. Cole,Apparently,J. Cole
I See You,Luke Bryan,I See You,Luke Bryan
Failure,Breaking Benjamin,Failure,Breaking Benjamin
Lonely Tonight,Blake Shelton Featuring Ashley Monroe,Lonely Tonight,Blake Shelton
Baby Blue,Action Bronson Featuring Chance The Rapper,Baby Blue,Action Bronson
Just Gettin' Started,Jason Aldean,Just Gettin' Started,Jason Aldean
Make Me Wanna,Thomas Rhett,Make Me Wanna,Thomas Rhett
Chandelier,Sia,Chandelier,Sia
No Type,Rae Sremmurd,No Type,Rae Sremmurd
The Blacker The Berry,Kendrick Lamar,The Blacker The Berry,Kendrick Lamar
Mean To Me,Brett Eldredge,Mean To Me,Brett Eldredge
Fairly Local,twenty one pilots,Fairly Local,twenty one pilots
The Heart Wants What It Wants,Selena Gomez,The Heart Wants What It Wants,Selena Gomez
You're So Beautiful,Empire Cast Featuring Jussie Smollett & Yazz,You're So Beautiful,Empire Cast
Wesley's Theory,Kendrick Lamar Featuring George Clinton & Thundercat,Wesley's Theory,Kendrick Lamar
I Lived,OneRepublic,I Lived,OneRepublic
These Walls,"Kendrick Lamar Featuring Bilal, Anna Wise & Thundercat",These Walls,Kendrick Lamar
Institutionalized,"Kendrick Lamar Featuring Bilal, Anna Wise & Snoop Dogg",Institutionalized,Kendrick Lamar
The Hanging Tree,James Newton Howard Featuring Jennifer Lawrence,The Hanging Tree,James Newton Howard
Ghost,Ella Henderson,Ghost,Ella Henderson
Masterpiece,Jessie J,Masterpiece,Jessie J
Conqueror,Empire Cast Featuring Estelle & Jussie Smollett,Conqueror,Empire Cast
What We Ain't Got,Jake Owen,What We Ain't Got,Jake Owen
Love Me Harder,Ariana Grande & The Weeknd,Love Me Harder,Ariana Grande
Sun Daze,Florida Georgia Line,Sun Daze,Florida Georgia Line
Like A Cowboy,Randy Houser,Like A Cowboy,Randy Houser
Talladega,Eric Church,Talladega,Eric Church
Adore,Cashmere Cat Featuring Ariana Grande,Adore,Cashmere Cat
Monster,Meek Mill,Monster,Meek Mill
Sledgehammer,Fifth Harmony,Sledgehammer,Fifth Harmony
Try Me,DeJ Loaf,Try Me,DeJ Loaf
Not For Long,B.o.B Featuring Trey Songz,Not For Long,B.o.B
Glory,Common & John Legend,Glory,Common
Bang Bang,"Jessie J, Ariana Grande & Nicki Minaj",Bang Bang,Jessie J
First Kiss,Kid Rock,First Kiss,Kid Rock
Often,The Weeknd,Often,The Weeknd
All Your Fault,Big Sean Featuring Kanye West,All Your Fault,Big Sean
You Are In Love,Taylor Swift,You Are In Love,Taylor Swift
Stuck On A Feeling,Prince Royce Featuring Snoop Dogg,Stuck On A Feeling,Prince Royce
Only One,Kanye West Featuring Paul McCartney,Only One,Kanye West
Paradise,Big Sean,Paradise,Big Sean
No Tellin',Drake,No Tellin',Drake
Tuesday,I LOVE MAKONNEN Featuring Drake,Tuesday,I LOVE MAKONNEN
Habits (Stay High),Tove Lo,Habits,Tove Lo
Wonderland,Taylor Swift,Wonderland,Taylor Swift
Preach,Drake Featuring PARTYNEXTDOOR,Preach,Drake
6 God,Drake,6 God,Drake
Used To,Drake Featuring Lil Wayne,Used To,Drake
Take It On Back,Chase Bryant,Take It On Back,Chase Bryant
What Kind Of Man,Florence + The Machine,What Kind Of Man,Florence + The Machine
Shots,Imagine Dragons,Shots,Imagine Dragons
The Body,Wale Featuring Jeremih,The Body,Wale
Now & Forever,Drake,Now & Forever,Drake
6 Man,Drake,6 Man,Drake
Don't,Ed Sheeran,Don't,Ed Sheeran
Heroes (We Could Be),Alesso Featuring Tove Lo,Heroes,Alesso
Something In The Water,Carrie Underwood,Something In The Water,Carrie Underwood
Shotgun Rider,Tim McGraw,Shotgun Rider,Tim McGraw
Where You Belong,The Weeknd,Where You Belong,The Weeknd
I Put A Spell On You,Annie Lennox,I Put A Spell On You,Annie Lennox
Keep Your Money,Empire Cast Featuring Jussie Smollett,Keep Your Money,Empire Cast
Work It,"Missy ""Misdemeanor"" Elliott",Work It,"Missy ""Misdemeanor"" Elliott"
Get Ur Freak On,"Missy ""Misdemeanor"" Elliott",Get Ur Freak On,"Missy ""Misdemeanor"" Elliott"
Waves,Mr. Probz,Waves,Mr. Probz
Body Language,Kid Ink Featuring Usher & Tinashe,Body Language,Kid Ink
Beg For It,Iggy Azalea Featuring M0,Beg For It,Iggy Azalea
L.A.LOVE (la la),Fergie,L.A.LOVE,Fergie
A Little Too Much,Shawn Mendes,A Little Too Much,Shawn Mendes
God Made Girls,RaeLynn,God Made Girls,RaeLynn
Hotel,Kid Ink Featuring Chris Brown,Hotel,Kid Ink
***Flawless,Beyonce Featuring Nicki Minaj Or Chimamanda Ngozi Adichie,***Flawless,Beyonce
Out The Speakers,A-Trak + Milo & Otis Featuring Rich Kidz,Out The Speakers,A-Trak + Milo
I Mean It,G-Eazy Featuring Remo,I Mean It,G-Eazy
Rude,MAGIC!,Rude,MAGIC!
All About It,Hoodie Allen Featuring Ed Sheeran,All About It,Hoodie Allen
Til It's Gone,Kenny Chesney,Til It's Gone,Kenny Chesney
Dangerous,David Guetta Featuring Sam Martin,Dangerous,David Guetta
Can't Stop Dancin',Becky G,Can't Stop Dancin',Becky G
Perfect Storm,Brad Paisley,Perfect Storm,Brad Paisley
Steal My Girl,One Direction,Steal My Girl,One Direction
Don't Tell 'Em,Jeremih Featuring YG,Don't Tell 'Em,Jeremih
Black Widow,Iggy Azalea Featuring Rita Ora,Black Widow,Iggy Azalea
Blame,Calvin Harris Featuring John Newman,Blame,Calvin Harris
Hot Boy,Bobby Shmurda,Hot Boy,Bobby Shmurda
"Touchin, Lovin",Trey Songz Featuring Nicki Minaj,"Touchin, Lovin",Trey Songz
Hold You Down,"DJ Khaled Featuring Chris Brown, August Alsina, Future & Jeremih",Hold You Down,DJ Khaled
No Love,August Alsina,No Love,August Alsina
Stolen Dance,Milky Chance,Stolen Dance,Milky Chance
Rather Be,Clean Bandit Featuring Jess Glynne,Rather Be,Clean Bandit
Somewhere In My Car,Keith Urban,Somewhere In My Car,Keith Urban
Close Your Eyes,Parmalee,Close Your Eyes,Parmalee
Best Friends,Sophia Grace,Best Friends,Sophia Grace
Blank Space,I Prevail,Blank Space,I Prevail
Neon Light,Blake Shelton,Neon Light,Blake Shelton
Trumpets,Jason Derulo,Trumpets,Jason Derulo
Anaconda,Nicki Minaj,Anaconda,Nicki Minaj
Lifestyle,Rich Gang Featuring Young Thug & Rich Homie Quan,Lifestyle,Rich Gang
Try,Colbie Caillat,Try,Colbie Caillat
Something Big,Shawn Mendes,Something Big,Shawn Mendes
In Your Arms,Nico & Vinz,In Your Arms,Nico
Bed Of Lies,Nicki Minaj Featuring Skylar Grey,Bed Of Lies,Nicki Minaj
Yellow Flicker Beat,Lorde,Yellow Flicker Beat,Lorde
Burnin' Up,Jessie J Featuring 2 Chainz,Burnin' Up,Jessie J
Break The Rules,Charli XCX,Break The Rules,Charli XCX
Bad B*tch,French Montana Featuring Jeremih,Bad B*tch,French Montana
Shell Shocked,"Juicy J, Wiz Khalifa & Ty Dolla $ign Featuring Kill The Noise & Madsonik",Shell Shocked,Juicy J
Title,Meghan Trainor,Title,Meghan Trainor
Wasted Love,Matt McAndrew,Wasted Love,Matt McAndrew
My Baby's Got A Smile On Her Face,Craig Wayne Boyd,My Baby's Got A Smile On Her Face,Craig Wayne Boyd
Velvet,Chris Jamison,Velvet,Chris Jamison
About The Money,T.I. Featuring Young Thug,About The Money,T.I.
Lost Without U,Chris Jamison & Adam Levine,Lost Without U,Chris Jamison
Soldier,Damien,Soldier,Damien
Lost Stars,Matt McAndrew & Adam Levine,Lost Stars,Matt McAndrew
Girl In A Country Song,Maddie & Tae,Girl In A Country Song,Maddie
Get On Your Knees,Nicki Minaj Featuring Ariana Grande,Get On Your Knees,Nicki Minaj
Fireball,Pitbull Featuring John Ryan,Fireball,Pitbull
Cool Kids,Echosmith,Cool Kids,Echosmith
New Flame,Chris Brown Featuring Usher & Rick Ross,New Flame,Chris Brown
Make It Rain,Ed Sheeran,Make It Rain,Ed Sheeran
The Old Rugged Cross,Craig Wayne Boyd,The Old Rugged Cross,Craig Wayne Boyd
No Flex Zone,Rae Sremmurd,No Flex Zone,Rae Sremmurd
Make It Rain,Matt McAndrew,Make It Rain,Matt McAndrew
Have Yourself A Merry Little Christmas,Sam Smith,Have Yourself A Merry Little Christmas,Sam Smith
Come Join The Murder,The White Buffalo & The Forest Rangers,Come Join The Murder,The White Buffalo
When I Was Your Man,Chris Jamison,When I Was Your Man,Chris Jamison
The Blower's Daughter,Matt McAndrew,The Blower's Daughter,Matt McAndrew
0 To 100 / The Catch Up,Drake,0 To 100 / The Catch Up,Drake
Burnin' It Down,Jason Aldean,Burnin' It Down,Jason Aldean
Look At You,Big & Rich,Look At You,Big
Day Drinking,Little Big Town,Day Drinking,Little Big Town
Feelin' It,Scotty McCreery,Feelin' It,Scotty McCreery
i,Kendrick Lamar,i,Kendrick Lamar
Royals,Taylor John Williams,Royals,Taylor John Williams
Break Free,Ariana Grande Featuring Zedd,Break Free,Ariana Grande
Fancy,Iggy Azalea Featuring Charli XCX,Fancy,Iggy Azalea
Guts Over Fear,Eminem Featuring Sia,Guts Over Fear,Eminem
Booty,Jennifer Lopez Featuring Iggy Azalea Or Pitbull,Booty,Jennifer Lopez
I Walk The Line,Craig Wayne Boyd,I Walk The Line,Craig Wayne Boyd
This Is How We Do,Katy Perry,This Is How We Do,Katy Perry
Baby Don't Lie,Gwen Stefani,Baby Don't Lie,Gwen Stefani
Roller Coaster,Luke Bryan,Roller Coaster,Luke Bryan
All Of Me,John Legend,All Of Me,John Legend
Bailando,Enrique Iglesias Featuring Descemer Bueno & Gente de Zona,Bailando,Enrique Iglesias
Boom Clap,Charli XCX,Boom Clap,Charli XCX
Happy,Pharrell Williams,Happy,Pharrell Williams
Do They Know It's Christmas? (2014),Band Aid 30,Do They Know It's Christmas?,Band Aid 30
Sunshine & Whiskey,Frankie Ballard,Sunshine & Whiskey,Frankie Ballard
Baby It's Cold Outside,Idina Menzel Duet With Michael Buble,Baby It's Cold Outside,Idina Menzel Duet
Dirt,Florida Georgia Line,Dirt,Florida Georgia Line
Good Girls,5 Seconds Of Summer,Good Girls,5 Seconds Of Summer
Take Me To Church,Matt McAndrew,Take Me To Church,Matt McAndrew
Stockholm Syndrome,One Direction,Stockholm Syndrome,One Direction
You And Your Friends,Wiz Khalifa Featuring Snoop Dogg & Ty Dolla $ign,You And Your Friends,Wiz Khalifa
Am I Wrong,Nico & Vinz,Am I Wrong,Nico
Maps,Maroon 5,Maps,Maroon 5
Leave The Night On,Sam Hunt,Leave The Night On,Sam Hunt
Amnesia,5 Seconds Of Summer,Amnesia,5 Seconds Of Summer
18,One Direction,18,One Direction
Where Do Broken Hearts Go,One Direction,Where Do Broken Hearts Go,One Direction
Handsome And Wealthy,Migos,Handsome And Wealthy,Migos
Bobby Bitch,Bobby Shmurda,Bobby Bitch,Bobby Shmurda
Superheroes,The Script,Superheroes,The Script
Made Me,Snootie Wild Featuring K Camp,Made Me,Snootie Wild
Ready To Run,One Direction,Ready To Run,One Direction
Secrets,Mary Lambert,Secrets,Mary Lambert
Latch,Disclosure Featuring Sam Smith,Latch,Disclosure
No Mediocre,T.I. Featuring Iggy Azalea,No Mediocre,T.I.
Welcome To New York,Taylor Swift,Welcome To New York,Taylor Swift
I Won't Let You Down,OK Go,I Won't Let You Down,OK Go
American Kids,Kenny Chesney,American Kids,Kenny Chesney
Hope You Get Lonely Tonight,Cole Swindell,Hope You Get Lonely Tonight,Cole Swindell
A Sky Full Of Stars,Coldplay,A Sky Full Of Stars,Coldplay
Small Town Throwdown,Brantley Gilbert Featuring Justin Moore & Thomas Rhett,Small Town Throwdown,Brantley Gilbert
Hideaway,Kiesza,Hideaway,Kiesza
Hookah,Tyga Featuring Young Thug,Hookah,Tyga
Fight Night,Migos,Fight Night,Migos
U Guessed It,OG Maco Featuring 2 Chainz,U Guessed It,OG Maco
2 On,Tinashe Featuring ScHoolboy Q,2 On,Tinashe
Problem,Ariana Grande Featuring Iggy Azalea,Problem,Ariana Grande
Dark Horse,Katy Perry Featuring Juicy J,Dark Horse,Katy Perry
Ready Set Roll,Chase Rice,Ready Set Roll,Chase Rice
Shower,Becky G,Shower,Becky G
V. 3005,Childish Gambino,V. 3005,Childish Gambino
Studio,ScHoolboy Q Featuring BJ The Chicago Kid,Studio,ScHoolboy Q
EW!,Jimmy Fallon Featuring will.i.am,EW!,Jimmy Fallon
I'm Not Gonna Miss You,Glen Campbell,I'm Not Gonna Miss You,Glen Campbell
Bo$$,Fifth Harmony,Bo$$,Fifth Harmony
The Days,Avicii,The Days,Avicii
Believe Me,Lil Wayne Featuring Drake,Believe Me,Lil Wayne
24 Hours,TeeFLii Featuring 2 Chainz,24 Hours,TeeFLii
Errrbody,Yo Gotti,Errrbody,Yo Gotti
Later On,The Swon Brothers,Later On,The Swon Brothers
Counting Stars,OneRepublic,Counting Stars,OneRepublic
Somethin' Bad,Miranda Lambert Duet With Carrie Underwood,Somethin' Bad,Miranda Lambert Duet
Bartender,Lady Antebellum,Bartender,Lady Antebellum
Bumpin' The Night,Florida Georgia Line,Bumpin' The Night,Florida Georgia Line
Really Don't Care,Demi Lovato Featuring Cher Lloyd,Really Don't Care,Demi Lovato
Walk Thru,Rich Homie Quan Featuring Problem,Walk Thru,Rich Homie Quan
Meanwhile Back At Mama's,Tim McGraw Featuring Faith Hill,Meanwhile Back At Mama's,Tim McGraw
Drunk On A Plane,Dierks Bentley,Drunk On A Plane,Dierks Bentley
Angel In Blue Jeans,Train,Angel In Blue Jeans,Train
Bend Ova,Lil Jon Featuring Tyga,Bend Ova,Lil Jon
Left Hand Free,alt-J,Left Hand Free,alt-J
Main Chick,Kid Ink Featuring Chris Brown,Main Chick,Kid Ink
Loyal,Chris Brown Featuring Lil Wayne & French Montana Or Too $hort Or Tyga,Loyal,Chris Brown
"Where It's At (Yep, Yep)",Dustin Lynch,Where It's At,Dustin Lynch
Wiggle,Jason Derulo Featuring Snoop Dogg,Wiggle,Jason Derulo
Love Runs Out,OneRepublic,Love Runs Out,OneRepublic
Pills N Potions,Nicki Minaj,Pills N Potions,Nicki Minaj
Dust,Eli Young Band,Dust,Eli Young Band
X,Chris Brown,X,Chris Brown
Foreign,Trey Songz,Foreign,Trey Songz
Summer,Calvin Harris,Summer,Calvin Harris
Two Night Town,Jason Aldean,Two Night Town,Jason Aldean
Work,Iggy Azalea,Work,Iggy Azalea
Love Never Felt So Good,Michael Jackson & Justin Timberlake,Love Never Felt So Good,Michael Jackson
Seen It All,Jeezy Featuring Jay Z,Seen It All,Jeezy
Cold One,Eric Church,Cold One,Eric Church
Sweet Little Somethin',Jason Aldean,Sweet Little Somethin',Jason Aldean
Good Kisser,Usher,Good Kisser,Usher
Turn Down For What,DJ Snake & Lil Jon,Turn Down For What,DJ Snake
Yeah,Joe Nichols,Yeah,Joe Nichols
It Was Always You,Maroon 5,It Was Always You,Maroon 5
Delirious (Boneless),"Steve Aoki, Chris Lake & Tujamo Featuring Kid Ink",Delirious,Steve Aoki
I Will Never Let You Down,Rita Ora,I Will Never Let You Down,Rita Ora
River Bank,Brad Paisley,River Bank,Brad Paisley
She Came To Give It To You,Usher Featuring Nicki Minaj,She Came To Give It To You,Usher
We Dem Boyz,Wiz Khalifa,We Dem Boyz,Wiz Khalifa
I Don't Dance,Lee Brice,I Don't Dance,Lee Brice
We Are Tonight,Billy Currington,We Are Tonight,Billy Currington
Best Mistake,Ariana Grande Featuring Big Sean,Best Mistake,Ariana Grande
Who I Am With You,Chris Young,Who I Am With You,Chris Young
Come Get It Bae,Pharrell Williams,Come Get It Bae,Pharrell Williams
Come With Me Now,KONGOS,Come With Me Now,KONGOS
Girls Chase Boys,Ingrid Michaelson,Girls Chase Boys,Ingrid Michaelson
Sing,Ed Sheeran,Sing,Ed Sheeran
Cut Her Off,KCamp Featuring 2 Chainz,Cut Her Off,KCamp
Wasted,Tiesto Featuring Matthew Koma,Wasted,Tiesto
Dare (La La La),Shakira,Dare,Shakira
Classic,MKTO,Classic,MKTO
Pompeii,Bastille,Pompeii,Bastille
This Is How We Roll,Florida Georgia Line Ft. Jason Derulo & Luke Bryan,This Is How We Roll,Florida Georgia Line
She Looks So Perfect,5 Seconds Of Summer,She Looks So Perfect,5 Seconds Of Summer
I'm Ready,AJR,I'm Ready,AJR
My Eyes,Blake Shelton Featuring Gwen Sebastian,My Eyes,Blake Shelton
Ain't It Fun,Paramore,Ain't It Fun,Paramore
Me And My Broken Heart,Rixton,Me And My Broken Heart,Rixton
Beachin',Jake Owen,Beachin',Jake Owen
Wild Life,Jack & Jack,Wild Life,Jack
Birthday,Katy Perry,Birthday,Katy Perry
Song About A Girl,Eric Paslay,Song About A Girl,Eric Paslay
Talk Dirty,Jason Derulo Featuring 2 Chainz,Talk Dirty,Jason Derulo
Na Na,Trey Songz,Na Na,Trey Songz
Or Nah,Ty Dolla $ign Featuring Wiz Khalifa & DJ Mustard,Or Nah,Ty Dolla $ign
Chasing The Sun,Hilary Duff,Chasing The Sun,Hilary Duff
Not A Bad Thing,Justin Timberlake,Not A Bad Thing,Justin Timberlake
Play It Again,Luke Bryan,Play It Again,Luke Bryan
Who Do You Love?,YG Featuring Drake,Who Do You Love?,YG
Tennis Court,Lorde,Tennis Court,Lorde
Word Crimes,"""Weird Al"" Yankovic",Word Crimes,"""Weird Al"" Yankovic"
Happy Little Pill,Troye Sivan,Happy Little Pill,Troye Sivan
Whiskey In My Water,Tyler Farr,Whiskey In My Water,Tyler Farr
Everything I Didn't Say,5 Seconds Of Summer,Everything I Didn't Say,5 Seconds Of Summer
Best Day Of My Life,American Authors,Best Day Of My Life,American Authors
Trophies,Young Money Featuring Drake,Trophies,Young Money
You & I (Nobody In The World),John Legend,You & I,John Legend
She Twerkin,Ca$h Out,She Twerkin,Ca$h Out
Let It Go,Idina Menzel,Let It Go,Idina Menzel
Move That Doh,"Future Featuring Pharrell, Pusha T & Casino",Move That Doh,Future
I Got A Car,George Strait,I Got A Car,George Strait
Chainsaw,The Band Perry,Chainsaw,The Band Perry
Timber,Pitbull Featuring Ke$ha,Timber,Pitbull
La La La,Naughty Boy Featuring Sam Smith,La La La,Naughty Boy
Lettin' The Night Roll,Justin Moore,Lettin' The Night Roll,Justin Moore
Life Of The Party,Shawn Mendes,Life Of The Party,Shawn Mendes
Calm Down,Busta Rhymes Featuring Eminem,Calm Down,Busta Rhymes
Keep Them Kisses Comin',Craig Campbell,Keep Them Kisses Comin',Craig Campbell
We Are One (Ole Ola) [The 2014 FIFA World Cup Official Song],Pitbull Featuring Jennifer Lopez & Claudia Leitte,We Are One [The 2014 FIFA World Cup Official Song],Pitbull
First Love,Jennifer Lopez,First Love,Jennifer Lopez
Ten Feet Tall,Afrojack Featuring Wrabel,Ten Feet Tall,Afrojack
Get Her Back,Robin Thicke,Get Her Back,Robin Thicke
Jungle,Jamie N Commons & X Ambassadors,Jungle,Jamie N Commons
You & I,One Direction,You & I,One Direction
Automatic,Miranda Lambert,Automatic,Miranda Lambert
Wild Wild Love,Pitbull Featuring G.R.L.,Wild Wild Love,Pitbull
Kiss Me Kiss Me,5 Seconds Of Summer,Kiss Me Kiss Me,5 Seconds Of Summer
Afire Love,Ed Sheeran,Afire Love,Ed Sheeran
Demons,Imagine Dragons,Demons,Imagine Dragons
Beat Of The Music,Brett Eldredge,Beat Of The Music,Brett Eldredge
The Worst,Jhene Aiko,The Worst,Jhene Aiko
Human,Christina Perri,Human,Christina Perri
On Top Of The World,Imagine Dragons,On Top Of The World,Imagine Dragons
West Coast,Lana Del Rey,West Coast,Lana Del Rey
Hangover,PSY Featuring Snoop Dogg,Hangover,PSY
Team,Lorde,Team,Lorde
Empire,Shakira,Empire,Shakira
Sleeping With A Friend,Neon Trees,Sleeping With A Friend,Neon Trees
I Choose You,Sara Bareilles,I Choose You,Sara Bareilles
Bottoms Up,Brantley Gilbert,Bottoms Up,Brantley Gilbert
Show Me,Kid Ink Featuring Chris Brown,Show Me,Kid Ink
Story Of My Life,One Direction,Story Of My Life,One Direction
Ultraviolence,Lana Del Rey,Ultraviolence,Lana Del Rey
Red Lights,Tiesto,Red Lights,Tiesto
Magic,Coldplay,Magic,Coldplay
Raging Fire,Phillip Phillips,Raging Fire,Phillip Phillips
Partition,Beyonce,Partition,Beyonce
Rewind,Rascal Flatts,Rewind,Rascal Flatts
Mmm Yeah,Austin Mahone Featuring Pitbull,Mmm Yeah,Austin Mahone
Shades Of Cool,Lana Del Rey,Shades Of Cool,Lana Del Rey
Cop Car,Keith Urban,Cop Car,Keith Urban
XO,John Mayer,XO,John Mayer
Don't Stop,5 Seconds Of Summer,Don't Stop,5 Seconds Of Summer
Part II (On The Run),Jay Z Featuring Beyonce,Part II,Jay Z
I Won,Future Featuring Kanye West,I Won,Future
Billie Jean,Michael Jackson,Billie Jean,Michael Jackson
Slave To The Rhythm,Michael Jackson,Slave To The Rhythm,Michael Jackson
Let Her Go,Passenger,Let Her Go,Passenger
Get Me Some Of That,Thomas Rhett,Get Me Some Of That,Thomas Rhett
Somebody That I Used To Know,Christina Grimmie & Adam Levine,Somebody That I Used To Know,Christina Grimmie
Can't Help Falling In Love,Christina Grimmie,Can't Help Falling In Love,Christina Grimmie
Give Me Back My Hometown,Eric Church,Give Me Back My Hometown,Eric Church
Leave Your Lover,Sam Smith,Leave Your Lover,Sam Smith
Stoner,Young Thug,Stoner,Young Thug
Can't Remember To Forget You,Shakira Featuring Rihanna,Can't Remember To Forget You,Shakira
Midnight,Coldplay,Midnight,Coldplay
Headlights,Eminem Featuring Nate Ruess,Headlights,Eminem
The Monster,Eminem Featuring Rihanna,The Monster,Eminem
Drink To That All Night,Jerrod Niemann,Drink To That All Night,Jerrod Niemann
The Walker,Fitz And The Tantrums,The Walker,Fitz
Fever,The Black Keys,Fever,The Black Keys
One,Ed Sheeran,One,Ed Sheeran
Heaven,Jake Worthington,Heaven,Jake Worthington
Wake Up Lovin' You,Craig Morgan,Wake Up Lovin' You,Craig Morgan
The Man,Aloe Blacc,The Man,Aloe Blacc
Burn,Ellie Goulding,Burn,Ellie Goulding
Hey Brother,Avicii,Hey Brother,Avicii
Animals,Martin Garrix,Animals,Martin Garrix
Neon Lights,Demi Lovato,Neon Lights,Demi Lovato
I Can't Make You Love Me,Josh Kaufman,I Can't Make You Love Me,Josh Kaufman
Invisible,Hunter Hayes,Invisible,Hunter Hayes
How To Love,Christina Grimmie,How To Love,Christina Grimmie
17 Again,Brantley Gilbert,17 Again,Brantley Gilbert
#SELFIE,The Chainsmokers,#SELFIE,The Chainsmokers
Man Of The Year,ScHoolboy Q,Man Of The Year,ScHoolboy Q
Doin' What She Likes,Blake Shelton,Doin' What She Likes,Blake Shelton
Say Something,A Great Big World & Christina Aguilera,Say Something,A Great Big World
Royals,Lorde,Royals,Lorde
Drunk In Love,Beyonce Featuring Jay Z,Drunk In Love,Beyonce
Paranoid,Ty Dolla $ign Featuring B.o.B,Paranoid,Ty Dolla $ign
"Hold On, We're Going Home",Christina Grimmie,"Hold On, We're Going Home",Christina Grimmie
My Baby's Guns N' Roses,Brantley Gilbert,My Baby's Guns N' Roses,Brantley Gilbert
19 You + Me,Dan + Shay,19 You + Me,Dan + Shay
For The First Time In Forever,Kristen Bell & Idina Menzel,For The First Time In Forever,Kristen Bell
The Big Bang,Katy Tiz,The Big Bang,Katy Tiz
Radioactive,Imagine Dragons,Radioactive,Imagine Dragons
Hello Kitty,Avril Lavigne,Hello Kitty,Avril Lavigne
John Doe,B.o.B Featuring Priscilla,John Doe,B.o.B
Do You Want To Build A Snowman?,"Kristen Bell, Agatha Lee Monn & Katie Lopez",Do You Want To Build A Snowman?,Kristen Bell
Goodnight Kiss,Randy Houser,Goodnight Kiss,Randy Houser
I Hold On,Dierks Bentley,I Hold On,Dierks Bentley
Stay With Me,Josh Kaufman,Stay With Me,Josh Kaufman
Do I Wanna Know?,Arctic Monkeys,Do I Wanna Know?,Arctic Monkeys
Helluva Life,Frankie Ballard,Helluva Life,Frankie Ballard
Oceans (Where Feet May Fail),Hillsong UNITED,Oceans,Hillsong UNITED
Ride,SoMo,Ride,SoMo
Feelin' Myself,"will.i.am Featuring Miley Cyrus, French Montana, Wiz Khalifa & DJ Mustard",Feelin' Myself,will.i.am
Slow Me Down,Sara Evans,Slow Me Down,Sara Evans
My Hitta,YG Featuring Jeezy & Rich Homie Quan,My Hitta,YG
Let It Go,Demi Lovato,Let It Go,Demi Lovato
When She Says Baby,Jason Aldean,When She Says Baby,Jason Aldean
Lookin' For That Girl,Tim McGraw,Lookin' For That Girl,Tim McGraw
Adore You,Miley Cyrus,Adore You,Miley Cyrus
Bad Blood,Bastille,Bad Blood,Bastille
Take Me Home,Cash Cash Featuring Bebe Rexha,Take Me Home,Cash Cash
Odio,Romeo Santos Featuring Drake,Odio,Romeo Santos
Roar,Katy Perry,Roar,Katy Perry
Up Down (Do This All Day),T-Pain Featuring B.o.B,Up Down,T-Pain
Love Is An Open Door,Kristen Bell & Santino Fontana,Love Is An Open Door,Kristen Bell
Beating Heart,Ellie Goulding,Beating Heart,Ellie Goulding
Young Girls,Bruno Mars,Young Girls,Bruno Mars
Everything I Shouldn't Be Thinking About,Thompson Square,Everything I Shouldn't Be Thinking About,Thompson Square
Brave,Sara Bareilles,Brave,Sara Bareilles
Wrecking Ball,Miley Cyrus,Wrecking Ball,Miley Cyrus
G.U.Y.,Lady Gaga,G.U.Y.,Lady Gaga
See You Tonight,Scotty McCreery,See You Tonight,Scotty McCreery
"Hold On, We're Going Home",Drake Featuring Majid Jordan,"Hold On, We're Going Home",Drake
Drink A Beer,Luke Bryan,Drink A Beer,Luke Bryan
I Luh Ya Papi,Jennifer Lopez Featuring French Montana,I Luh Ya Papi,Jennifer Lopez
Compass,Lady Antebellum,Compass,Lady Antebellum
Love Me Again,John Newman,Love Me Again,John Newman
Can't Raise A Man,K. Michelle,Can't Raise A Man,K. Michelle
We Might Be Dead By Tomorrow,Soko,We Might Be Dead By Tomorrow,Soko
Blurred Lines,Robin Thicke Featuring T.I. + Pharrell,Blurred Lines,Robin Thicke
Sail,AWOLNATION,Sail,AWOLNATION
Sanctified,Rick Ross Featuring Kanye West & Big Sean,Sanctified,Rick Ross
The Language,Drake,The Language,Drake
Ordinary Love,U2,Ordinary Love,U2
The Devil Is A Lie,Rick Ross Featuring JAY Z,The Devil Is A Lie,Rick Ross
Glory And Gore,Lorde,Glory And Gore,Lorde
Adrenalina,Wisin Featuring Jennifer Lopez & Ricky Martin,Adrenalina,Wisin
They Don't Know,Rico Love,They Don't Know,Rico Love
Unconditionally,Katy Perry,Unconditionally,Katy Perry
Waiting For Superman,Daughtry,Waiting For Superman,Daughtry
Chocolate,The 1975,Chocolate,The 1975
Chillin' It,Cole Swindell,Chillin' It,Cole Swindell
Rap God,Eminem,Rap God,Eminem
Love Don't Die,The Fray,Love Don't Die,The Fray
Stay,Florida Georgia Line,Stay,Florida Georgia Line
Everything Is AWESOME!!!,Tegan And Sara Featuring The Lonely Island,Everything Is AWESOME!!!,Tegan
The Heart Of Dixie,Danielle Bradbery,The Heart Of Dixie,Danielle Bradbery
Friday Night,Eric Paslay,Friday Night,Eric Paslay
Collard Greens,ScHoolboy Q Featuring Kendrick Lamar,Collard Greens,ScHoolboy Q
Do What U Want,Lady Gaga Featuring R. Kelly,Do What U Want,Lady Gaga
Safe And Sound,Capital Cities,Safe And Sound,Capital Cities
Sweater Weather,The Neighbourhood,Sweater Weather,The Neighbourhood
Whatever She's Got,David Nail,Whatever She's Got,David Nail
23,"Mike WiLL Made-It Featuring Miley Cyrus, Wiz Khalifa & Juicy J",23,Mike WiLL Made-It
XO,Beyonce,XO,Beyonce
Worst Behavior,Drake,Worst Behavior,Drake
Thinking About You,Calvin Harris Featuring Ayah Marar,Thinking About You,Calvin Harris
Stay The Night,Zedd Featuring Hayley Williams,Stay The Night,Zedd
White Walls,Macklemore & Ryan Lewis Featuring ScHoolboy Q & Hollis,White Walls,Macklemore
It Won't Stop,Sevyn Streeter Featuring Chris Brown,It Won't Stop,Sevyn Streeter
Achy Breaky 2,Buck 22 Featuring Billy Ray Cyrus,Achy Breaky 2,Buck 22
You're Mine (Eternal),Mariah Carey,You're Mine,Mariah Carey
Explosions,Ellie Goulding,Explosions,Ellie Goulding
All Me,Drake Featuring 2 Chainz & Big Sean,All Me,Drake
Confident,Justin Bieber Featuring Chance The Rapper,Confident,Justin Bieber
Midnight Memories,One Direction,Midnight Memories,One Direction
Sweet Annie,Zac Brown Band,Sweet Annie,Zac Brown Band
She Knows,J. Cole Featuring Amber Coffman & The Cults,She Knows,J. Cole
Up All Night,Jon Pardi,Up All Night,Jon Pardi
Follow Your Arrow,Kacey Musgraves,Follow Your Arrow,Kacey Musgraves
m.A.A.d City,Kendrick Lamar Featuring MC Eiht,m.A.A.d City,Kendrick Lamar
A Man Who Was Gonna Die Young,Eric Church,A Man Who Was Gonna Die Young,Eric Church
Don't Let Me Be Lonely,The Band Perry,Don't Let Me Be Lonely,The Band Perry
El Perdedor,Enrique Iglesias Featuring Marco Antonio Solis,El Perdedor,Enrique Iglesias
We Were Us,Keith Urban And Miranda Lambert,We Were Us,Keith Urban
Carolina,Parmalee,Carolina,Parmalee
Radio,Darius Rucker,Radio,Darius Rucker
Marry Me,Jason Derulo,Marry Me,Jason Derulo
Love More,Chris Brown Featuring Nicki Minaj,Love More,Chris Brown
Applause,Lady Gaga,Applause,Lady Gaga
Wasting All These Tears,Cassadee Pope,Wasting All These Tears,Cassadee Pope
Drunk Last Night,Eli Young Band,Drunk Last Night,Eli Young Band
I Luv This Sh*t,August Alsina Featuring Trinidad James,I Luv This Sh*t,August Alsina
How I Feel,Flo Rida,How I Feel,Flo Rida
Alone Together,Fall Out Boy,Alone Together,Fall Out Boy
All That Matters,Justin Bieber,All That Matters,Justin Bieber
Holy Grail,Jay Z Featuring Justin Timberlake,Holy Grail,Jay Z
Replay,Zendaya,Replay,Zendaya
Gas Pedal,Sage The Gemini Featuring IamSu!,Gas Pedal,Sage The Gemini
Survival,Eminem,Survival,Eminem
Berzerk,Eminem,Berzerk,Eminem
You Sound Good To Me,Lucy Hale,You Sound Good To Me,Lucy Hale
TKO,Justin Timberlake,TKO,Justin Timberlake
Sunny And 75,Joe Nichols,Sunny And 75,Joe Nichols
That's My Kind Of Night,Luke Bryan,That's My Kind Of Night,Luke Bryan
The Fox,Ylvis,The Fox,Ylvis
Work B**ch!,Britney Spears,Work B**ch!,Britney Spears
Perfume,Britney Spears,Perfume,Britney Spears
Bounce It,Juicy J Featuring Wale & Trey Songz,Bounce It,Juicy J
Everybody's Got Somebody But Me,Hunter Hayes Featuring Jason Mraz,Everybody's Got Somebody But Me,Hunter Hayes
Old School Love,Lupe Fiasco Featuring Ed Sheeran,Old School Love,Lupe Fiasco
Honest,Future,Honest,Future
HeadBand,B.o.B Featuring 2 Chainz,HeadBand,B.o.B
Best Song Ever,One Direction,Best Song Ever,One Direction
Mine,Beyonce Featuring Drake,Mine,Beyonce
Heart Attack,Enrique Iglesias,Heart Attack,Enrique Iglesias
Gorilla,Bruno Mars,Gorilla,Bruno Mars
Lolly,Maejor Ali Featuring Juicy J & Justin Bieber,Lolly,Maejor Ali
Bound 2,Kanye West,Bound 2,Kanye West
Who You Love,John Mayer Featuring Katy Perry,Who You Love,John Mayer
I Have Nothing,Tessanne Chin,I Have Nothing,Tessanne Chin
Little Drummer Boy,Pentatonix,Little Drummer Boy,Pentatonix
Slow Down,Selena Gomez,Slow Down,Selena Gomez
Let It Be,Tessanne Chin & Adam Levine,Let It Be,Tessanne Chin
Summertime Sadness,Lana Del Rey & Cedric Gervais,Summertime Sadness,Lana Del Rey
Saturday,Rebecca Black & Dave Days,Saturday,Rebecca Black
Bridge Over Troubled Water,Tessanne Chin,Bridge Over Troubled Water,Tessanne Chin
Mine Would Be You,Blake Shelton,Mine Would Be You,Blake Shelton
Cannonball,Lea Michele,Cannonball,Lea Michele
Angel,Jacquie Lee,Angel,Jacquie Lee
My Story,R. Kelly Featuring 2 Chainz,My Story,R. Kelly
What Now,Rihanna,What Now,Rihanna
Pound Cake / Paris Morton Music 2,Drake Featuring JAY-Z,Pound Cake / Paris Morton Music 2,Drake
Right There,Ariana Grande Featuring Big Sean,Right There,Ariana Grande
Change Me,Justin Bieber,Change Me,Justin Bieber
Beware,Big Sean Featuring Lil Wayne & Jhene Aiko,Beware,Big Sean
Southern Girl,Tim McGraw,Southern Girl,Tim McGraw
I. Crawl,Childish Gambino,I. Crawl,Childish Gambino
The Outsiders,Eric Church,The Outsiders,Eric Church
All The Way Home,Tamar Braxton,All The Way Home,Tamar Braxton
Days Of Gold,Jake Owen,Days Of Gold,Jake Owen
We Can't Stop,Miley Cyrus,We Can't Stop,Miley Cyrus
Roller Coaster,Justin Bieber,Roller Coaster,Justin Bieber
Mirrors,Justin Timberlake,Mirrors,Justin Timberlake
Red,Taylor Swift,Red,Taylor Swift
Red Nose,Sage The Gemini,Red Nose,Sage The Gemini
Type Of Way,Rich Homie Quan,Type Of Way,Rich Homie Quan
At Last,Will Champlin,At Last,Will Champlin
Aw Naw,Chris Young,Aw Naw,Chris Young
Diana,One Direction,Diana,One Direction
Still Into You,Paramore,Still Into You,Paramore
Only Time,Enya,Only Time,Enya
PYD,Justin Bieber Featuring R. Kelly,PYD,Justin Bieber
Tom Ford,JAY-Z,Tom Ford,JAY-Z
Strong,One Direction,Strong,One Direction
Hallelujah,Matthew Schuler,Hallelujah,Matthew Schuler
Last Christmas,Ariana Grande,Last Christmas,Ariana Grande
Rough Water,Travie McCoy Featuring Jason Mraz,Rough Water,Travie McCoy
Livin' On A Prayer,Bon Jovi,Livin' On A Prayer,Bon Jovi
All Bad,Justin Bieber,All Bad,Justin Bieber
Everything Has Changed,Taylor Swift Featuring Ed Sheeran,Everything Has Changed,Taylor Swift
Dope,Lady Gaga,Dope,Lady Gaga
Night Train,Jason Aldean,Night Train,Jason Aldean
Darte Un Beso,Prince Royce,Darte Un Beso,Prince Royce
Propuesta Indecente,Romeo Santos,Propuesta Indecente,Romeo Santos
It Goes Like This,Thomas Rhett,It Goes Like This,Thomas Rhett
Get Me Bodied,Beyonce,Get Me Bodied,Beyonce
Bad Day,Justin Bieber,Bad Day,Justin Bieber
A Case Of You,James Wolpert,A Case Of You,James Wolpert
All Kinds Of Kinds,Miranda Lambert,All Kinds Of Kinds,Miranda Lambert
Give It 2 U,Robin Thicke Featuring Kendrick Lamar,Give It 2 U,Robin Thicke
Parking Lot Party,Lee Brice,Parking Lot Party,Lee Brice
Beautiful Pain,Eminem Featuring Sia,Beautiful Pain,Eminem
Let Me Go,Avril Lavigne Featuring Chad Kroeger,Let Me Go,Avril Lavigne
Venus,Lady Gaga,Venus,Lady Gaga
Recovery,Justin Bieber,Recovery,Justin Bieber
Clarity,Zedd Featuring Foxes,Clarity,Zedd
Crooked Smile,J. Cole Featuring TLC,Crooked Smile,J. Cole
Get Lucky,Daft Punk Featuring Pharrell Williams,Get Lucky,Daft Punk
Can't Hold Us,Macklemore & Ryan Lewis Featuring Ray Dalton,Can't Hold Us,Macklemore
True Love,P!nk Featuring Lily Allen,True Love,P!nk
V.S.O.P.,K. Michelle,V.S.O.P.,K. Michelle
Closer,Tegan And Sara,Closer,Tegan
Hold Tight,Justin Bieber,Hold Tight,Justin Bieber
Sweeter Than Fiction,Taylor Swift,Sweeter Than Fiction,Taylor Swift
Cups (Pitch Perfect's When I'm Gone),Anna Kendrick,Cups,Anna Kendrick
Wait For A Minute,Tyga & Justin Bieber,Wait For A Minute,Tyga
Best I Ever Had,Gavin DeGraw,Best I Ever Had,Gavin DeGraw
Round Here,Florida Georgia Line,Round Here,Florida Georgia Line
Miss Movin' On,Fifth Harmony,Miss Movin' On,Fifth Harmony
Chinese Food,Alison Gold,Chinese Food,Alison Gold
Treasure,Bruno Mars,Treasure,Bruno Mars
Just Give Me A Reason,P!nk Featuring Nate Ruess,Just Give Me A Reason,P!nk
Heartbreaker,Justin Bieber,Heartbreaker,Justin Bieber
Hey Girl,Billy Currington,Hey Girl,Billy Currington
Love Somebody,Maroon 5,Love Somebody,Maroon 5
Cruise,Florida Georgia Line Featuring Nelly,Cruise,Florida Georgia Line
Redneck Crazy,Tyler Farr,Redneck Crazy,Tyler Farr
Sirens,Pearl Jam,Sirens,Pearl Jam
Make You Feel My Love,Glee Cast,Make You Feel My Love,Glee Cast
Drive,Miley Cyrus,Drive,Miley Cyrus
Someone Else,Miley Cyrus,Someone Else,Miley Cyrus
Outta My Head,Craig Campbell,Outta My Head,Craig Campbell
Loco,Enrique Iglesias Featuring Romeo Santos,Loco,Enrique Iglesias
Gone,Kanye West Featuring Cam'ron & Consequence,Gone,Kanye West
Walking On Air,Katy Perry,Walking On Air,Katy Perry
Same Love,Macklemore & Ryan Lewis Featuring Mary Lambert,Same Love,Macklemore
I Need Your Love,Calvin Harris Featuring Ellie Goulding,I Need Your Love,Calvin Harris
Take Back The Night,Justin Timberlake,Take Back The Night,Justin Timberlake
Point At You,Justin Moore,Point At You,Justin Moore
Furthest Thing,Drake,Furthest Thing,Drake
From Time,Drake Featuring Jhene Aiko,From Time,Drake
Little Bit Of Everything,Keith Urban,Little Bit Of Everything,Keith Urban
Don't Ya,Brett Eldredge,Don't Ya,Brett Eldredge
Bruises,Train Featuring Ashley Monroe,Bruises,Train
"Gone, Gone, Gone",Phillip Phillips,"Gone, Gone, Gone",Phillip Phillips
Wu-Tang Forever,Drake,Wu-Tang Forever,Drake
Too Much,Drake,Too Much,Drake
Own It,Drake,Own It,Drake
Tuscan Leather,Drake,Tuscan Leather,Drake
Young And Beautiful,Lana Del Rey,Young And Beautiful,Lana Del Rey
Come Thru,Drake,Come Thru,Drake
Feds Watching,2 Chainz Featuring Pharrell,Feds Watching,2 Chainz
American Girl,Bonnie McKee,American Girl,Bonnie McKee
The Way,Ariana Grande Featuring Mac Miller,The Way,Ariana Grande
A Light That Never Comes,Linkin Park X Steve Aoki,A Light That Never Comes,Linkin Park
Runnin' Outta Moonlight,Randy Houser,Runnin' Outta Moonlight,Randy Houser
All Over The Road,Easton Corbin,All Over The Road,Easton Corbin
Monster,Imagine Dragons,Monster,Imagine Dragons
You Make Me,Avicii,You Make Me,Avicii
Could It Be,Charlie Worsham,Could It Be,Charlie Worsham
This Is What It Feels Like,Armin van Buuren Featuring Trevor Guthrie,This Is What It Feels Like,Armin van Buuren
Tapout,"Rich Gang Featuring Lil Wayne, Birdman, Future, Mack Maine, Nicki Minaj",Tapout,Rich Gang
Stay,Rihanna Featuring Mikky Ekko,Stay,Rihanna
Baby I,Ariana Grande,Baby I,Ariana Grande
Atlas,Coldplay,Atlas,Coldplay
Easy,Sheryl Crow,Easy,Sheryl Crow
See You Again,Carrie Underwood,See You Again,Carrie Underwood
Don't Drop That Thun Thun!,The FiNATTiCZ,Don't Drop That Thun Thun!,The FiNATTiCZ
Wop,J. Dash,Wop,J. Dash
Beneath Your Beautiful,Labrinth Featuring Emeli Sande,Beneath Your Beautiful,Labrinth
I Do It,2 Chainz Featuring Drake & Lil Wayne,I Do It,2 Chainz
Popular Song,MIKA Featuring Ariana Grande,Popular Song,MIKA
Ain't Worried About Nothin,French Montana,Ain't Worried About Nothin,French Montana
Reflektor,Arcade Fire,Reflektor,Arcade Fire
Vivir Mi Vida,Marc Anthony,Vivir Mi Vida,Marc Anthony
Come & Get It,Selena Gomez,Come & Get It,Selena Gomez
Thrift Shop,Macklemore & Ryan Lewis Featuring Wanz,Thrift Shop,Macklemore
The Other Side,Jason Derulo,The Other Side,Jason Derulo
Body Party,Ciara,Body Party,Ciara
Turn The Night Up,Enrique Iglesias,Turn The Night Up,Enrique Iglesias
Almost Is Never Enough,Ariana Grande & Nathan Sykes,Almost Is Never Enough,Ariana Grande
Goodbye Town,Lady Antebellum,Goodbye Town,Lady Antebellum
When I See This Bar,Kenny Chesney,When I See This Bar,Kenny Chesney
F*ckwithmeyouknowigotit,Jay Z Featuring Rick Ross,F*ckwithmeyouknowigotit,Jay Z
Versace,Migos,Versace,Migos
Act Right,Yo Gotti Featuring Jeezy & YG,Act Right,Yo Gotti
Oh Sweet Lorraine,Green Shoe Studio Featuring Jacob Colgan & Fred Stobaugh,Oh Sweet Lorraine,Green Shoe Studio
Power Trip,J. Cole Featuring Miguel,Power Trip,J. Cole
Crash My Party,Luke Bryan,Crash My Party,Luke Bryan
How Many Drinks?,Miguel,How Many Drinks?,Miguel
Hail To The King,Avenged Sevenfold,Hail To The King,Avenged Sevenfold
Blood On The Leaves,Kanye West,Blood On The Leaves,Kanye West
Rock N Roll,Avril Lavigne,Rock N Roll,Avril Lavigne
Acapella,Karmin,Acapella,Karmin
No New Friends (SFTB Remix),"DJ Khaled Featuring Drake, Rick Ross & Lil Wayne",No New Friends,DJ Khaled
I Want Crazy,Hunter Hayes,I Want Crazy,Hunter Hayes
U.O.E.N.O.,Rocko Featuring Future & Rick Ross,U.O.E.N.O.,Rocko
Wildfire,John Mayer,Wildfire,John Mayer
#Beautiful,Mariah Carey Featuring Miguel,#Beautiful,Mariah Carey
Helluva Night,Ludacris,Helluva Night,Ludacris
Crazy Kids,Ke$ha Featuring will.i.am Or Juicy J,Crazy Kids,Ke$ha
LoveHate Thing,Wale Featuring Sam Dew,LoveHate Thing,Wale
Beat It,Sean Kingston Featuring Chris Brown & Wiz Khalifa,Beat It,Sean Kingston
Boys 'round Here,Blake Shelton Featuring Pistol Annies & Friends,Boys 'round Here,Blake Shelton
When I Was Your Man,Bruno Mars,When I Was Your Man,Bruno Mars
I Love It,Icona Pop Featuring Charli XCX,I Love It,Icona Pop
This Is Gospel,Panic! At The Disco,This Is Gospel,Panic! At The Disco
Right Now,Rihanna Featuring David Guetta,Right Now,Rihanna
We Own The Night,The Wanted,We Own The Night,The Wanted
Your Side Of The Bed,Little Big Town,Your Side Of The Bed,Little Big Town
Without Me,Fantasia Featuring Kelly Rowland & Missy Elliott,Without Me,Fantasia
Bad,Wale Featuring Tiara Thomas Or Rihanna,Bad,Wale
Ho Hey,The Lumineers,Ho Hey,The Lumineers
Bubble Butt,"Major Lazer Featuring Bruno Mars, Tyga & Mystic",Bubble Butt,Major Lazer
Hopeless Wanderer,Mumford & Sons,Hopeless Wanderer,Mumford
Made In The USA,Demi Lovato,Made In The USA,Demi Lovato
What About Love,Austin Mahone,What About Love,Austin Mahone
Chloe (You're The One I Want),Emblem3,Chloe,Emblem3
Cruisin' For A Bruisin',"Ross Lynch, Grace Phipps And Jason Evigan",Cruisin' For A Bruisin',Ross Lynch
My Songs Know What You Did In The Dark (Light Em Up),Fall Out Boy,My Songs Know What You Did In The Dark,Fall Out Boy
Wagon Wheel,Darius Rucker,Wagon Wheel,Darius Rucker
Hey Pretty Girl,Kip Moore,Hey Pretty Girl,Kip Moore
Rich As F**k,Lil Wayne Featuring 2 Chainz,Rich As F**k,Lil Wayne
Anywhere With You,Jake Owen,Anywhere With You,Jake Owen
Jump Right In,Zac Brown Band,Jump Right In,Zac Brown Band
I'm Out,Ciara Featuring Nicki Minaj,I'm Out,Ciara
DONE.,The Band Perry,DONE.,The Band Perry
Play Hard,David Guetta Featuring Ne-Yo & Akon,Play Hard,David Guetta
Beat This Summer,Brad Paisley,Beat This Summer,Brad Paisley
Miss Jackson,Panic! At The Disco Featuring Lolo,Miss Jackson,Panic! At The Disco
Ooh La La,Britney Spears,Ooh La La,Britney Spears
People Like Us,Kelly Clarkson,People Like Us,Kelly Clarkson
Here's To Never Growing Up,Avril Lavigne,Here's To Never Growing Up,Avril Lavigne
Gentleman,PSY,Gentleman,PSY
Fine China,Chris Brown,Fine China,Chris Brown
"Bitch, Don't Kill My Vibe",Kendrick Lamar,"Bitch, Don't Kill My Vibe",Kendrick Lamar
Highway Don't Care,Tim McGraw With Taylor Swift,Highway Don't Care,Tim McGraw
Heart Attack,Demi Lovato,Heart Attack,Demi Lovato
22,Taylor Swift,22,Taylor Swift
Oceans,Jay Z Featuring Frank Ocean,Oceans,Jay Z
Lego House,Ed Sheeran,Lego House,Ed Sheeran
Picasso Baby,JAY-Z,Picasso Baby,JAY-Z
Black Skinhead,Kanye West,Black Skinhead,Kanye West
Crown,JAY-Z,Crown,JAY-Z
Started From The Bottom,Drake,Started From The Bottom,Drake
Feel This Moment,Pitbull Featuring Christina Aguilera,Feel This Moment,Pitbull
Suit & Tie,Justin Timberlake Featuring JAY Z,Suit & Tie,Justin Timberlake
Next To Me,Emeli Sande,Next To Me,Emeli Sande
More Than Miles,Brantley Gilbert,More Than Miles,Brantley Gilbert
Don't Think They Know,Chris Brown Featuring Aaliyah,Don't Think They Know,Chris Brown
High School,Nicki Minaj Featuring Lil Wayne,High School,Nicki Minaj
#thatPOWER,will.i.am Featuring Justin Bieber,#thatPOWER,will.i.am
We Own It (Fast & Furious),2 Chainz & Wiz Khalifa,We Own It,2 Chainz
Live For The Night,Krewella,Live For The Night,Krewella
We Still In This B****,B.o.B Featuring T.I. & Juicy J,We Still In This B****,B.o.B
Harlem Shake,Baauer,Harlem Shake,Baauer
Bugatti,Ace Hood Featuring Future & Rick Ross,Bugatti,Ace Hood
Alive,Krewella,Alive,Krewella
New Slaves,Kanye West,New Slaves,Kanye West
Wild For The Night,A$AP Rocky Featuring Skrillex,Wild For The Night,A$AP Rocky
I Knew You Were Trouble.,Taylor Swift,I Knew You Were Trouble.,Taylor Swift
Born To Fly,Danielle Bradbery,Born To Fly,Danielle Bradbery
Paper Doll,John Mayer,Paper Doll,John Mayer
Danny's Song,The Swon Brothers,Danny's Song,The Swon Brothers
Downtown,Lady Antebellum,Downtown,Lady Antebellum
Why,Michelle Chamuel,Why,Michelle Chamuel
Maybe It Was Memphis,Danielle Bradbery,Maybe It Was Memphis,Danielle Bradbery
One,Usher & Michelle Chamuel,One,Usher
I Can't Tell You Why,The Swon Brothers,I Can't Tell You Why,The Swon Brothers
Love Me,Lil Wayne Featuring Drake & Future,Love Me,Lil Wayne
Who I Am,Danielle Bradbery,Who I Am,Danielle Bradbery
Live It Up,Jennifer Lopez Featuring Pitbull,Live It Up,Jennifer Lopez
Like Jesus Does,Eric Church,Like Jesus Does,Eric Church
I Got You,Jack Johnson,I Got You,Jack Johnson
Turn The Page,The Swon Brothers,Turn The Page,The Swon Brothers
Please Remember Me,Danielle Bradbery,Please Remember Me,Danielle Bradbery
Sad,Amber Carrington,Sad,Amber Carrington
Loveeeeeee Song,Rihanna Featuring Future,Loveeeeeee Song,Rihanna
Ready,Fabolous Featuring Chris Brown,Ready,Fabolous
Locked Out Of Heaven,Bruno Mars,Locked Out Of Heaven,Bruno Mars
Get Your Shine On,Florida Georgia Line,Get Your Shine On,Florida Georgia Line
Mama's Broken Heart,Miranda Lambert,Mama's Broken Heart,Miranda Lambert
I Knew You Were Trouble,Michelle Chamuel,I Knew You Were Trouble,Michelle Chamuel
Levitate,Hadouken!,Levitate,Hadouken!
Love And War,Tamar Braxton,Love And War,Tamar Braxton
Pirate Flag,Kenny Chesney,Pirate Flag,Kenny Chesney
Molly,"Tyga Featuring Cedric Gervais, Wiz Khalifa & Mally Mall",Molly,Tyga
Can't Shake You,Gloriana,Can't Shake You,Gloriana
Work,A$AP Ferg,Work,A$AP Ferg
Troublemaker,Olly Murs Featuring Flo Rida,Troublemaker,Olly Murs
Wit Me,T.I. Featuring Lil Wayne,Wit Me,T.I.
Grandpa (Tell Me 'Bout The Good Old Days),Danielle Bradbery,Grandpa,Danielle Bradbery
Clouds,Zach Sobiech,Clouds,Zach Sobiech
Wings,Little Mix,Wings,Little Mix
Kisses Down Low,Kelly Rowland,Kisses Down Low,Kelly Rowland
Daylight,Maroon 5,Daylight,Maroon 5
Sure Be Cool If You Did,Blake Shelton,Sure Be Cool If You Did,Blake Shelton
"Heads Carolina, Tails California",Danielle Bradbery,"Heads Carolina, Tails California",Danielle Bradbery
A Little Party Never Killed Nobody (All We Got),"Fergie, Q-Tip & GoonRock",A Little Party Never Killed Nobody,Fergie
1994,Jason Aldean,1994,Jason Aldean
Karate Chop (Remix),Future Featuring Lil Wayne,Karate Chop,Future
Give It All We Got Tonight,George Strait,Give It All We Got Tonight,George Strait
Carry On,fun.,Carry On,fun.
Pour It Up,Rihanna,Pour It Up,Rihanna
If I Didn't Have You,Thompson Square,If I Didn't Have You,Thompson Square
I Am Beautiful,Candice Glover,I Am Beautiful,Candice Glover
I Drive Your Truck,Lee Brice,I Drive Your Truck,Lee Brice
Scream & Shout,will.i.am & Britney Spears,Scream & Shout,will.i.am
Sweet Nothing,Calvin Harris Featuring Florence Welch,Sweet Nothing,Calvin Harris
Battle Scars,Lupe Fiasco & Guy Sebastian,Battle Scars,Lupe Fiasco
Tonight I'm Getting Over You,Carly Rae Jepsen Featuring Nicki Minaj,Tonight I'm Getting Over You,Carly Rae Jepsen
R.I.P.,Young Jeezy Featuring 2 Chainz,R.I.P.,Young Jeezy
F**kin Problems,"A$AP Rocky Featuring Drake, 2 Chainz & Kendrick Lamar",F**kin Problems,A$AP Rocky
Don't You Worry Child,Swedish House Mafia Featuring John Martin,Don't You Worry Child,Swedish House Mafia
I Will Wait,Mumford & Sons,I Will Wait,Mumford
I Hit It First,Ray J Featuring Bobby Brackins,I Hit It First,Ray J
Sexy People (The Fiat Song),Arianna Featuring Pitbull,Sexy People,Arianna
Memories Back Then,"Hustle Gang Featuring T.I., B.o.B, Kendrick Lamar & Kris Stephens",Memories Back Then,Hustle Gang
Freaks,French Montana Featuring Nicki Minaj,Freaks,French Montana
It's Time,Imagine Dragons,It's Time,Imagine Dragons
I Can Take It From There,Chris Young,I Can Take It From There,Chris Young
All Gold Everything,Trinidad James,All Gold Everything,Trinidad James
Two Black Cadillacs,Carrie Underwood,Two Black Cadillacs,Carrie Underwood
All Around The World,Justin Bieber Featuring Ludacris,All Around The World,Justin Bieber
Show Out,Juicy J Featuring Big Sean & Young Jeezy,Show Out,Juicy J
Little Talks,Of Monsters And Men,Little Talks,Of Monsters
Fall Down,will.i.am Featuring Miley Cyrus,Fall Down,will.i.am
If I Lose Myself,OneRepublic,If I Lose Myself,OneRepublic
Neva End,Future,Neva End,Future
Accidental Racist,Brad Paisley Featuring LL Cool J,Accidental Racist,Brad Paisley
Don't Rush,Kelly Clarkson Featuring Vince Gill,Don't Rush,Kelly Clarkson
One Of Those Nights,Tim McGraw,One Of Those Nights,Tim McGraw
Just Keep Breathing,WE the Kings,Just Keep Breathing,WE the Kings
Changed,Rascal Flatts,Changed,Rascal Flatts
Kiss You,One Direction,Kiss You,One Direction
Catch My Breath,Kelly Clarkson,Catch My Breath,Kelly Clarkson
Madness,Muse,Madness,Muse
Poetic Justice,Kendrick Lamar Featuring Drake,Poetic Justice,Kendrick Lamar
Try,P!nk,Try,P!nk
Gangnam Style,PSY,Gangnam Style,PSY
One More Night,Maroon 5,One More Night,Maroon 5
Pom Poms,Jonas Brothers,Pom Poms,Jonas Brothers
Somebody's Heartbreak,Hunter Hayes,Somebody's Heartbreak,Hunter Hayes
C'mon,Ke$ha,C'mon,Ke$ha
Whiskey,Jana Kramer,Whiskey,Jana Kramer
One Way Or Another (Teenage Kicks),One Direction,One Way Or Another,One Direction
Girl On Fire,Alicia Keys Featuring Nicki Minaj,Girl On Fire,Alicia Keys
Home,Phillip Phillips,Home,Phillip Phillips
I'm Different,2 Chainz,I'm Different,2 Chainz
The Phoenix,Fall Out Boy,The Phoenix,Fall Out Boy
Pusher Love Girl,Justin Timberlake,Pusher Love Girl,Justin Timberlake
Dope,Tyga Featuring Rick Ross,Dope,Tyga
Beauty And A Beat,Justin Bieber Featuring Nicki Minaj,Beauty And A Beat,Justin Bieber
Diamonds,Rihanna,Diamonds,Rihanna
Merry Go 'round,Kacey Musgraves,Merry Go 'round,Kacey Musgraves
Tornado,Little Big Town,Tornado,Little Big Town
Who Booty,Jonn Hart Featuring IamSU!,Who Booty,Jonn Hart
Stubborn Love,The Lumineers,Stubborn Love,The Lumineers
The Only Way I Know,Jason Aldean With Luke Bryan & Eric Church,The Only Way I Know,Jason Aldean
Adorn,Miguel,Adorn,Miguel
Some Nights,fun.,Some Nights,fun.
Hall Of Fame,The Script Featuring will.i.am,Hall Of Fame,The Script
Better Dig Two,The Band Perry,Better Dig Two,The Band Perry
Wicked Games,The Weeknd,Wicked Games,The Weeknd
Hey Porsche,Nelly,Hey Porsche,Nelly
Don't Judge Me,Chris Brown,Don't Judge Me,Chris Brown
So Many Girls,"DJ Drama Featuring Wale, Tyga & Roscoe Dash",So Many Girls,DJ Drama
Gold,Britt Nicole,Gold,Britt Nicole
Love Sosa,Chief Keef,Love Sosa,Chief Keef
Buzzkill,Luke Bryan,Buzzkill,Luke Bryan
Little Things,One Direction,Little Things,One Direction
Wanted,Hunter Hayes,Wanted,Hunter Hayes
Tip It On Back,Dierks Bentley,Tip It On Back,Dierks Bentley
Remember You,Wiz Khalifa Featuring The Weeknd,Remember You,Wiz Khalifa
As Your Friend,Afrojack Featuring Chris Brown,As Your Friend,Afrojack
Skyfall,Adele,Skyfall,Adele
Swimming Pools (Drank),Kendrick Lamar,Swimming Pools,Kendrick Lamar
Don't Stop The Party,Pitbull Featuring TJR,Don't Stop The Party,Pitbull
Ball,T.I. Featuring Lil Wayne,Ball,T.I.
It's A Beautiful Day,Michael Buble,It's A Beautiful Day,Michael Buble
Va Va Voom,Nicki Minaj,Va Va Voom,Nicki Minaj
Guap,Big Sean,Guap,Big Sean
The A Team,Ed Sheeran,The A Team,Ed Sheeran
Die Young,Ke$ha,Die Young,Ke$ha
Hold On,Alabama Shakes,Hold On,Alabama Shakes
Anything Could Happen,Ellie Goulding,Anything Could Happen,Ellie Goulding
Goodbye In Her Eyes,Zac Brown Band,Goodbye In Her Eyes,Zac Brown Band
Somebody That I Used To Know,Gotye Featuring Kimbra,Somebody That I Used To Know,Gotye
I Cry,Flo Rida,I Cry,Flo Rida
Every Storm (Runs Out Of Rain),Gary Allan,Every Storm,Gary Allan
Begin Again,Taylor Swift,Begin Again,Taylor Swift
How Country Feels,Randy Houser,How Country Feels,Randy Houser
Southern Comfort Zone,Brad Paisley,Southern Comfort Zone,Brad Paisley
She Don't Put It Down,Joe Budden Featuring Lil Wayne & Tank,She Don't Put It Down,Joe Budden
Crying On A Suitcase,Casey James,Crying On A Suitcase,Casey James
Let Me Love You (Until You Learn To Love Yourself),Ne-Yo,Let Me Love You,Ne-Yo
Nothing Like Us,Justin Bieber,Nothing Like Us,Justin Bieber
Let There Be Cowgirls,Chris Cagle,Let There Be Cowgirls,Chris Cagle
Clique,"Kanye West, Jay-Z, Big Sean",Clique,Kanye West
Call Me Maybe,Carly Rae Jepsen,Call Me Maybe,Carly Rae Jepsen
No Worries,Lil Wayne Featuring Detail,No Worries,Lil Wayne
Yolo,The Lonely Island Featuring Adam Levine & Kendrick Lamar,Yolo,The Lonely Island
Take A Walk,Passion Pit,Take A Walk,Passion Pit
Let Me Love You (Until You Learn To Love Yourself),Glee Cast,Let Me Love You,Glee Cast
Beer Money,Kip Moore,Beer Money,Kip Moore
Riff Off: Mickey / Like A Virgin / Hit Me With Your Best Shot...,"The Barden Bellas, The Treblemakers & The BU Harmonics",Riff Off: Mickey / Like A Virgin / Hit Me With Your Best Shot...,The Barden Bellas
Bellas Finals: Price Tag / Don't You (Forget About Me)...,The Barden Bellas,Bellas Finals: Price Tag / Don't You...,The Barden Bellas
As Long As You Love Me (Acoustic),Justin Bieber,As Long As You Love Me,Justin Bieber
Too Close,Alex Clare,Too Close,Alex Clare
Bandz A Make Her Dance,Juicy J Featuring Lil Wayne & 2 Chainz,Bandz A Make Her Dance,Juicy J
Rest Of My Life,Ludacris Featuring Usher & David Guetta,Rest Of My Life,Ludacris
Bad Ass,Kid Ink Featuring Meek Mill & Wale,Bad Ass,Kid Ink
Til My Last Day,Justin Moore,Til My Last Day,Justin Moore
Celebration,"Game Featuring Chris Brown, Tyga, Wiz Khalifa & Lil Wayne",Celebration,Game
We Are Never Ever Getting Back Together,Taylor Swift,We Are Never Ever Getting Back Together,Taylor Swift
Thinkin Bout You,Frank Ocean,Thinkin Bout You,Frank Ocean
Lights,Ellie Goulding,Lights,Ellie Goulding
Long Live A$AP,A$AP Rocky,Long Live A$AP,A$AP Rocky
Live While We're Young,One Direction,Live While We're Young,One Direction
Diced Pineapples,Rick Ross Featuring Wale & Drake,Diced Pineapples,Rick Ross
Between The Raindrops,Lifehouse Featuring Natasha Bedingfield,Between The Raindrops,Lifehouse
Feel Again,OneRepublic,Feel Again,OneRepublic
The Moment I Knew,Taylor Swift,The Moment I Knew,Taylor Swift
I Dreamed A Dream,Anne Hathaway,I Dreamed A Dream,Anne Hathaway
Ready Or Not,Bridgit Mendler,Ready Or Not,Bridgit Mendler
Blow Me (One Last Kiss),P!nk,Blow Me,P!nk
Don't Wake Me Up,Chris Brown,Don't Wake Me Up,Chris Brown
Kiss Tomorrow Goodbye,Luke Bryan,Kiss Tomorrow Goodbye,Luke Bryan
Creepin',Eric Church,Creepin',Eric Church
El Cerrito Place,Kenny Chesney,El Cerrito Place,Kenny Chesney
Young & Gettin' It,Meek Mill Featuring Kirko Bangz,Young & Gettin' It,Meek Mill
Did It For The Girl,Greg Bates,Did It For The Girl,Greg Bates
On My Own,Samantha Barks,On My Own,Samantha Barks
Ice,Kelly Rowland Featuring Lil Wayne,Ice,Kelly Rowland
Oath,Cher Lloyd Featuring Becky G,Oath,Cher Lloyd
King Wizard,Kid Cudi,King Wizard,Kid Cudi
Rock Me,One Direction,Rock Me,One Direction
My Moment,"DJ Drama Featuring 2 Chainz, Meek Mill & Jeremih",My Moment,DJ Drama
Birthday Song,2 Chainz Featuring Kanye West,Birthday Song,2 Chainz
Cry,Cassadee Pope,Cry,Cassadee Pope
Over You,Cassadee Pope,Over You,Cassadee Pope
Turn On The Lights,Future,Turn On The Lights,Future
The One That Got Away,Jake Owen,The One That Got Away,Jake Owen
Representin',Ludacris Featuring Kelly Rowland,Representin',Ludacris
Stupid Boy,Cassadee Pope,Stupid Boy,Cassadee Pope
Let It Be,Terry McDermott,Let It Be,Terry McDermott
Dance For You,Beyonce,Dance For You,Beyonce
My Life,50 Cent Featuring Eminem & Adam Levine,My Life,50 Cent
Finally Found You,Enrique Iglesias Featuring Sammy Adams,Finally Found You,Enrique Iglesias
Everybody Talks,Neon Trees,Everybody Talks,Neon Trees
Good Time,Owl City & Carly Rae Jepsen,Good Time,Owl City
Pop That,"French Montana Featuring Rick Ross, Drake, Lil Wayne",Pop That,French Montana
I Want To Know What Love Is,Terry McDermott,I Want To Know What Love Is,Terry McDermott
Let It Go,Wiz Khalifa Featuring Akon,Let It Go,Wiz Khalifa
Come Wake Me Up,Rascal Flatts,Come Wake Me Up,Rascal Flatts
Somewhere Over The Rainbow,Nicholas David,Somewhere Over The Rainbow,Nicholas David
Whistle,Flo Rida,Whistle,Flo Rida
Blown Away,Carrie Underwood,Blown Away,Carrie Underwood
Fastest Girl In Town,Miranda Lambert,Fastest Girl In Town,Miranda Lambert
Take A Little Ride,Jason Aldean,Take A Little Ride,Jason Aldean
Too Close,Melanie Martinez,Too Close,Melanie Martinez
Are You Happy Now?,Cassadee Pope,Are You Happy Now?,Cassadee Pope
A Thousand Years (Part 2),Christina Perri Featuring Steve Kazee,A Thousand Years,Christina Perri
50 Ways To Say Goodbye,Train,50 Ways To Say Goodbye,Train
Titanium,David Guetta Featuring Sia,Titanium,David Guetta
Just A Fool,Christina Aguilera With Blake Shelton,Just A Fool,Christina Aguilera
Seven Nation Army,Melanie Martinez,Seven Nation Army,Melanie Martinez
Pound The Alarm,Nicki Minaj,Pound The Alarm,Nicki Minaj
I Found You,The Wanted,I Found You,The Wanted
Stars,Grace Potter & The Nocturnals,Stars,Grace Potter
Stars,Amanda Brown,Stars,Amanda Brown
Hard To Love,Lee Brice,Hard To Love,Lee Brice
Payphone,Maroon 5 Featuring Wiz Khalifa,Payphone,Maroon 5
Wide Awake,Katy Perry,Wide Awake,Katy Perry
2 Reasons,Trey Songz Featuring T.I.,2 Reasons,Trey Songz
Your Body,Christina Aguilera,Your Body,Christina Aguilera
Put It Down,Brandy Featuring Chris Brown,Put It Down,Brandy
Lovin' You Is Fun,Easton Corbin,Lovin' You Is Fun,Easton Corbin
Dive In,Trey Songz,Dive In,Trey Songz
Mercy,"Kanye West, Big Sean, Pusha T, 2 Chainz",Mercy,Kanye West
Give Your Heart A Break,Demi Lovato,Give Your Heart A Break,Demi Lovato
I Can Only Imagine,David Guetta Featuring Chris Brown & Lil Wayne,I Can Only Imagine,David Guetta
I Won't Give Up,Jason Mraz,I Won't Give Up,Jason Mraz
No Lie,2 Chainz Featuring Drake,No Lie,2 Chainz
Numb,Usher,Numb,Usher
I Almost Do,Taylor Swift,I Almost Do,Taylor Swift
Want U Back,Cher Lloyd,Want U Back,Cher Lloyd
All Too Well,Taylor Swift,All Too Well,Taylor Swift
Stay Stay Stay,Taylor Swift,Stay Stay Stay,Taylor Swift
Fade Into You,Sam Palladio & Clare Bowen,Fade Into You,Sam Palladio
Babel,Mumford & Sons,Babel,Mumford
State Of Grace,Taylor Swift,State Of Grace,Taylor Swift
Pontoon,Little Big Town,Pontoon,Little Big Town
Truck Yeah,Tim McGraw,Truck Yeah,Tim McGraw
She's So Mean,matchbox twenty,She's So Mean,matchbox twenty
Hello,Karmin,Hello,Karmin
Amen,Meek Mill Featuring Drake,Amen,Meek Mill
Whispers In The Dark,Mumford & Sons,Whispers In The Dark,Mumford
Cowboys And Angels,Dustin Lynch,Cowboys And Angels,Dustin Lynch
Where Have You Been,Rihanna,Where Have You Been,Rihanna
Shinin' On Me,Jerrod Niemann,Shinin' On Me,Jerrod Niemann
Holland Road,Mumford & Sons,Holland Road,Mumford
Just What I Am,Kid Cudi Featuring King Chip,Just What I Am,Kid Cudi
Over,Blake Shelton,Over,Blake Shelton
Ghosts That We Knew,Mumford & Sons,Ghosts That We Knew,Mumford
What Makes You Beautiful,One Direction,What Makes You Beautiful,One Direction
We Are Young,fun. Featuring Janelle Monae,We Are Young,fun.
Lemme See,Usher Featuring Rick Ross,Lemme See,Usher
The Scientist,Glee Cast,The Scientist,Glee Cast
Lover's Eyes,Mumford & Sons,Lover's Eyes,Mumford
Lover Of The Light,Mumford & Sons,Lover Of The Light,Mumford
Heart Attack,Trey Songz,Heart Attack,Trey Songz
Why Ya Wanna,Jana Kramer,Why Ya Wanna,Jana Kramer
Come Over,Kenny Chesney,Come Over,Kenny Chesney
Angel Eyes,Love And Theft,Angel Eyes,Love
Dark Side,Kelly Clarkson,Dark Side,Kelly Clarkson
Enough Of No Love,Keyshia Cole Featuring Lil Wayne,Enough Of No Love,Keyshia Cole
I Don't Like,Chief Keef Featuring Lil Reese,I Don't Like,Chief Keef
Tonight (Best You Ever Had),John Legend Featuring Ludacris,Tonight,John Legend
For You,Keith Urban,For You,Keith Urban
To The World,"Kanye West, R. Kelly",To The World,Kanye West
Glad You Came,The Wanted,Glad You Came,The Wanted
Let's Go,Calvin Harris Featuring Ne-Yo,Let's Go,Calvin Harris
Burn It Down,Linkin Park,Burn It Down,Linkin Park
Beautiful,Carly Rae Jepsen Featuring Justin Bieber,Beautiful,Carly Rae Jepsen
5-1-5-0,Dierks Bentley,5-1-5-0,Dierks Bentley
Bag Of Money,"Wale Featuring Rick Ross, Meek Mill & T-Pain",Bag Of Money,Wale
Heart Skips A Beat,Olly Murs Featuring Chiddy Bang,Heart Skips A Beat,Olly Murs
Nobody's Perfect,J. Cole Featuring Missy Elliott,Nobody's Perfect,J. Cole
Ronan,Taylor Swift,Ronan,Taylor Swift
Drive By,Train,Drive By,Train
Time Is Love,Josh Turner,Time Is Love,Josh Turner
Starships,Nicki Minaj,Starships,Nicki Minaj
Scream,Usher,Scream,Usher
This Kiss,Carly Rae Jepsen,This Kiss,Carly Rae Jepsen
That's Why I Pray,Big & Rich,That's Why I Pray,Big
It's Time,Glee Cast,It's Time,Glee Cast
Oh Love,Green Day,Oh Love,Green Day
"Work Hard, Play Hard",Wiz Khalifa,"Work Hard, Play Hard",Wiz Khalifa
Wild Ones,Flo Rida Featuring Sia,Wild Ones,Flo Rida
Tongue Tied,Grouplove,Tongue Tied,Grouplove
Settle Down,No Doubt,Settle Down,No Doubt
Both Of Us,B.o.B Featuring Taylor Swift,Both Of Us,B.o.B
The Wind,Zac Brown Band,The Wind,Zac Brown Band
Chasing The Sun,The Wanted,Chasing The Sun,The Wanted
Promises,NERO,Promises,NERO
Snap Backs & Tattoos,Driicky Graham,Snap Backs & Tattoos,Driicky Graham
Stronger (What Doesn't Kill You),Kelly Clarkson,Stronger,Kelly Clarkson
Postcard From Paris,The Band Perry,Postcard From Paris,The Band Perry
My Homies Still,Lil Wayne Featuring Big Sean,My Homies Still,Lil Wayne
Wanted You More,Lady Antebellum,Wanted You More,Lady Antebellum
We Run The Night,Havana Brown Featuring Pitbull,We Run The Night,Havana Brown
Cashin' Out,Ca$h Out,Cashin' Out,Ca$h Out
The Fighter,Gym Class Heroes Featuring Ryan Tedder,The Fighter,Gym Class Heroes
Throw That,Slaughterhouse Featuring Eminem,Throw That,Slaughterhouse
I Wish You Would,DJ Khaled Featuring Kanye West & Rick Ross,I Wish You Would,DJ Khaled
(Kissed You) Good Night,Gloriana, Good Night,Gloriana
Take It To The Head,"DJ Khaled Featuring Chris Brown, Rick Ross, Nicki Minaj & Lil Wayne",Take It To The Head,DJ Khaled
Back In Time,Pitbull,Back In Time,Pitbull
Yuck!,2 Chainz Featuring Lil Wayne,Yuck!,2 Chainz
Beez In The Trap,Nicki Minaj Featuring 2 Chainz,Beez In The Trap,Nicki Minaj
Lamborghini Angels,Lupe Fiasco,Lamborghini Angels,Lupe Fiasco
Neon,Chris Young,Neon,Chris Young
Glass,Thompson Square,Glass,Thompson Square
Drunk On You,Luke Bryan,Drunk On You,Luke Bryan
Boyfriend,Justin Bieber,Boyfriend,Justin Bieber
One Thing,One Direction,One Thing,One Direction
Gold On The Ceiling,The Black Keys,Gold On The Ceiling,The Black Keys
Feel So Close,Calvin Harris,Feel So Close,Calvin Harris
Brokenhearted,Karmin,Brokenhearted,Karmin
New Day,50 Cent Featuring Dr. Dre & Alicia Keys,New Day,50 Cent
Dance Again,Jennifer Lopez Featuring Pitbull,Dance Again,Jennifer Lopez
Crew Love,Drake Featuring The Weeknd,Crew Love,Drake
Something To Do With My Hands,Thomas Rhett,Something To Do With My Hands,Thomas Rhett
Even If It Breaks Your Heart,Eli Young Band,Even If It Breaks Your Heart,Eli Young Band
Springsteen,Eric Church,Springsteen,Eric Church
Leave You Alone,Young Jeezy Featuring Ne-Yo,Leave You Alone,Young Jeezy
Beers Ago,Toby Keith,Beers Ago,Toby Keith
Runaways,The Killers,Runaways,The Killers
New God Flow,Pusha T Kanye West,New God Flow,Pusha T Kanye West
Go Get It,T.I.,Go Get It,T.I.
HYFR (Hell Ya F*****g Right),Drake Featuring Lil Wayne,HYFR,Drake
Bangarang,Skrillex Featuring Sirah,Bangarang,Skrillex
How We Do (Party),Rita Ora,How We Do,Rita Ora
Midnight City,M83.,Midnight City,M83.
Mercy,Dave Matthews Band,Mercy,Dave Matthews Band
Part Of Me,Katy Perry,Part Of Me,Katy Perry
The Motto,Drake Featuring Lil Wayne,The Motto,Drake
Get It Started,Pitbull Featuring Shakira,Get It Started,Pitbull
Right By My Side,Nicki Minaj Featuring Chris Brown,Right By My Side,Nicki Minaj
UP!,LoveRance Featuring IamSu & Skipper or 50 Cent,UP!,LoveRance
Drank In My Cup,Kirko Bangz,Drank In My Cup,Kirko Bangz
Take Care,Drake Featuring Rihanna,Take Care,Drake
Party Rock Anthem,LMFAO Featuring Lauren Bennett & GoonRock,Party Rock Anthem,LMFAO
Climax,Usher,Climax,Usher
You Don't Know Her Like I Do,Brantley Gilbert,You Don't Know Her Like I Do,Brantley Gilbert
Good Girl,Carrie Underwood,Good Girl,Carrie Underwood
Fly Over States,Jason Aldean,Fly Over States,Jason Aldean
Birthday Cake,Rihanna Featuring Chris Brown,Birthday Cake,Rihanna
Ayy Ladies,Travis Porter Featuring Tyga,Ayy Ladies,Travis Porter
We Found Love,Rihanna Featuring Calvin Harris,We Found Love,Rihanna
Wipe Your Eyes,Maroon 5,Wipe Your Eyes,Maroon 5
Lost In The Echo,Linkin Park,Lost In The Echo,Linkin Park
Windows Down,Big Time Rush,Windows Down,Big Time Rush
Turn Up The Music,Chris Brown,Turn Up The Music,Chris Brown
Somethin' 'Bout A Truck,Kip Moore,Somethin' 'Bout A Truck,Kip Moore
Set Fire To The Rain,Adele,Set Fire To The Rain,Adele
No Hurry,Zac Brown Band,No Hurry,Zac Brown Band
Right Here,Justin Bieber Featuring Drake,Right Here,Justin Bieber
Ai Se Eu Te Pego,Michel Telo,Ai Se Eu Te Pego,Michel Telo
So Good,B.o.B,So Good,B.o.B
Rumour Has It,Adele,Rumour Has It,Adele
Faded,Tyga Featuring Lil Wayne,Faded,Tyga
Sexy And I Know It,LMFAO,Sexy And I Know It,LMFAO
Eyes Open,Taylor Swift,Eyes Open,Taylor Swift
Good Feeling,Flo Rida,Good Feeling,Flo Rida
Get Low,"Waka Flocka Flame Featuring Nicki Minaj, Tyga & Flo Rida",Get Low,Waka Flocka Flame
Die In Your Arms,Justin Bieber,Die In Your Arms,Justin Bieber
Shadow Days,John Mayer,Shadow Days,John Mayer
Fine By Me,Andy Grammer,Fine By Me,Andy Grammer
Same Damn Time,Future,Same Damn Time,Future
Banjo,Rascal Flatts,Banjo,Rascal Flatts
Turn Me On,David Guetta Featuring Nicki Minaj,Turn Me On,David Guetta
Better Than I Used To Be,Tim McGraw,Better Than I Used To Be,Tim McGraw
Over You,Miranda Lambert,Over You,Miranda Lambert
I'm All Yours,Jay Sean Featuring Pitbull,I'm All Yours,Jay Sean
Drink On It,Blake Shelton,Drink On It,Blake Shelton
Moves Like Jagger,Maroon 5 Featuring Christina Aguilera,Moves Like Jagger,Maroon 5
Around My Way (Freedom Ain't Free),Lupe Fiasco,Around My Way,Lupe Fiasco
Undefeated,Jason Derulo,Undefeated,Jason Derulo
We've Got Tonight,Phillip Phillips,We've Got Tonight,Phillip Phillips
Got My Country On,Chris Cagle,Got My Country On,Chris Cagle
"Young, Wild & Free",Snoop Dogg & Wiz Khalifa Featuring Bruno Mars,"Young, Wild & Free",Snoop Dogg
Paradise,Coldplay,Paradise,Coldplay
Ass Back Home,Gym Class Heroes Featuring Neon Hitch,Ass Back Home,Gym Class Heroes
Feel Like A Rock Star,Kenny Chesney & Tim McGraw,Feel Like A Rock Star,Kenny Chesney
Dancin' Away With My Heart,Lady Antebellum,Dancin' Away With My Heart,Lady Antebellum
This Ole Boy,Craig Morgan,This Ole Boy,Craig Morgan
Rack City,Tyga,Rack City,Tyga
99 Problems,Tony Lucca,99 Problems,Tony Lucca
Turn To You (Mother's Day Dedication),Justin Bieber,Turn To You,Justin Bieber
Yesterday,Adam Levine & Tony Lucca,Yesterday,Adam Levine
Talk That Talk,Rihanna Featuring Jay-Z,Talk That Talk,Rihanna
I Believe I Can Fly,Jermaine Paul,I Believe I Can Fly,Jermaine Paul
The Prayer,Christina Aguilera & Chris Mann,The Prayer,Christina Aguilera
Another Round,Fat Joe Featuring Chris Brown,Another Round,Fat Joe
A Woman Like You,Lee Brice,A Woman Like You,Lee Brice
"It's A Man's, Man's, Man's World",Juliet Simms,"It's A Man's, Man's, Man's World",Juliet Simms
Shake It Out,Glee Cast,Shake It Out,Glee Cast
Safe & Sound,Taylor Swift Featuring The Civil Wars,Safe & Sound,Taylor Swift
Scary Monsters And Nice Sprites,Skrillex,Scary Monsters And Nice Sprites,Skrillex
Domino,Jessie J,Domino,Jessie J
International Love,Pitbull Featuring Chris Brown,International Love,Pitbull
How Will I Know,Glee Cast,How Will I Know,Glee Cast
Strip,Chris Brown Featuring Kevin K-MAC McCall,Strip,Chris Brown
Stay Schemin,Rick Ross Featuring Drake & French Montana,Stay Schemin,Rick Ross
Loud,Mac Miller,Loud,Mac Miller
It's Not Right But It's Okay,Glee Cast,It's Not Right But It's Okay,Glee Cast
Magic,Future Featuring T.I.,Magic,Future
Alone With You,Jake Owen,Alone With You,Jake Owen
Somebody That I Used To Know,Glee Cast,Somebody That I Used To Know,Glee Cast
Way Too Cold,Kanye West Featuring DJ Khaled,Way Too Cold,Kanye West
Sweet Love,Chris Brown,Sweet Love,Chris Brown
Eyes Wide Open,Gotye,Eyes Wide Open,Gotye
Think Like A Man,Jennifer Hudson & Ne-Yo Featuring Rick Ross,Think Like A Man,Jennifer Hudson
Ni**as in Paris,Jay Z Kanye West,Ni**as in Paris,Jay Z Kanye West
It Will Rain,Bruno Mars,It Will Rain,Bruno Mars
Can't Get Enough,J. Cole Featuring Trey Songz,Can't Get Enough,J. Cole
Roxanne,Juliet Simms,Roxanne,Juliet Simms
Sex Ain't Better Than Love,Trey Songz,Sex Ain't Better Than Love,Trey Songz
Is Anybody Out There?,K'Naan Featuring Nelly Furtado,Is Anybody Out There?,K'Naan
Where I Come From,Montgomery Gentry,Where I Come From,Montgomery Gentry
Mirror,Lil Wayne Featuring Bruno Mars,Mirror,Lil Wayne
Hungry Like The Wolf / Rio,Glee Cast,Hungry Like The Wolf / Rio,Glee Cast
You Gonna Fly,Keith Urban,You Gonna Fly,Keith Urban
Not Over You,Gavin DeGraw,Not Over You,Gavin DeGraw
Tonight Is The Night,Outasight,Tonight Is The Night,Outasight
Love This Life,T.I.,Love This Life,T.I.
Sorry For Party Rocking,LMFAO,Sorry For Party Rocking,LMFAO
Princess Of China,Coldplay Featuring Rihanna,Princess Of China,Coldplay
Bully,Shinedown,Bully,Shinedown
4:00 AM,Melanie Fiona,4:00 AM,Melanie Fiona
Someone Like You,Adele,Someone Like You,Adele
Rolling In The Deep,Adele,Rolling In The Deep,Adele
Love On Top,Beyonce,Love On Top,Beyonce
I Dont Really Care,Waka Flocka Flame Featuring Trey Songz,I Dont Really Care,Waka Flocka Flame
Levels,Avicii,Levels,Avicii
She Doesn't Mind,Sean Paul,She Doesn't Mind,Sean Paul
Do It Like You,Diggy Featuring Jeremih,Do It Like You,Diggy
Love's Gonna Make It Alright,George Strait,Love's Gonna Make It Alright,George Strait
Give Me All Your Luvin',Madonna Featuring Nicki Minaj & M.I.A.,Give Me All Your Luvin',Madonna
I Do,Young Jeezy Featuring Jay-Z & Andre 3000,I Do,Young Jeezy
Mr. Wrong,Mary J. Blige Featuring Drake,Mr. Wrong,Mary J. Blige
Naked,Dev & Enrique Iglesias,Naked,Dev
Ours,Taylor Swift,Ours,Taylor Swift
The One That Got Away,Katy Perry,The One That Got Away,Katy Perry
Without You,David Guetta Featuring Usher,Without You,David Guetta
Home,Dierks Bentley,Home,Dierks Bentley
Come Away To The Water,Maroon 5 Featuring Rozzi Crane,Come Away To The Water,Maroon 5
You Da One,Rihanna,You Da One,Rihanna
Lonely Boy,The Black Keys,Lonely Boy,The Black Keys
Reality,Kenny Chesney,Reality,Kenny Chesney
TTYLXOX,Bella Thorne,TTYLXOX,Bella Thorne
Dance (A$$),Big Sean Featuring Nicki Minaj,Dance,Big Sean
Shake It Out,Florence + The Machine,Shake It Out,Florence + The Machine
Gotta Have It,Jay Z Kanye West,Gotta Have It,Jay Z Kanye West
Blackout,Breathe Carolina,Blackout,Breathe Carolina
Don't Stop (Color On The Walls),Foster The People,Don't Stop,Foster The People
Love You Like A Love Song,Selena Gomez & The Scene,Love You Like A Love Song,Selena Gomez
Work Out,J. Cole,Work Out,J. Cole
Lotus Flower Bomb,Wale Featuring Miguel,Lotus Flower Bomb,Wale
Red Solo Cup,Toby Keith,Red Solo Cup,Toby Keith
The Trouble With Girls,Scotty McCreery,The Trouble With Girls,Scotty McCreery
Cough Syrup,Young The Giant,Cough Syrup,Young The Giant
Live My Life,Far*East Movement Featuring Justin Bieber,Live My Life,Far*East Movement
I Don't Want This Night To End,Luke Bryan,I Don't Want This Night To End,Luke Bryan
You,Chris Young,You,Chris Young
Roman Reloaded,Nicki Minaj Featuring Lil Wayne,Roman Reloaded,Nicki Minaj
When I'm Gone,Wiz Khalifa,When I'm Gone,Wiz Khalifa
Make It Nasty,Tyga,Make It Nasty,Tyga
Thank You,Estelle,Thank You,Estelle
I Will Always Love You,Whitney Houston,I Will Always Love You,Whitney Houston
Stereo Hearts,Gym Class Heroes Featuring Adam Levine,Stereo Hearts,Gym Class Heroes
Make Me Proud,Drake Featuring Nicki Minaj,Make Me Proud,Drake
Fly / I Believe I Can Fly,Glee Cast,Fly / I Believe I Can Fly,Glee Cast
Cough Syrup,Glee Cast,Cough Syrup,Glee Cast
What Doesn't Kill You (Stronger),Glee Cast,What Doesn't Kill You,Glee Cast
Here's To Us,Glee Cast,Here's To Us,Glee Cast
Mutha***** Up,Tyga Featuring Nicki Minaj,Mutha***** Up,Tyga
Glad You Came,Glee Cast,Glad You Came,Glee Cast
I Wanna Dance With Somebody (Who Loves Me),Whitney Houston,I Wanna Dance With Somebody,Whitney Houston
Greatest Love Of All,Whitney Houston,Greatest Love Of All,Whitney Houston
I Like It Like That,Hot Chelle Rae Featuring New Boyz,I Like It Like That,Hot Chelle Rae
Just A Kiss,Lady Antebellum,Just A Kiss,Lady Antebellum
How Will I Know,Whitney Houston,How Will I Know,Whitney Houston
Runaway Baby,Bruno Mars,Runaway Baby,Bruno Mars
Heartbeat,The Fray,Heartbeat,The Fray
I'm Gonna Love You Through It,Martina McBride,I'm Gonna Love You Through It,Martina McBride
Ima Boss,"Meek Mill Featuring T.I., Birdman, Lil Wayne, DJ Khaled, Rick Ross & Swizz Beatz",Ima Boss,Meek Mill
Stupid Hoe,Nicki Minaj,Stupid Hoe,Nicki Minaj
I Will Always Love You,Glee Cast,I Will Always Love You,Glee Cast
Stereo Hearts,Glee Cast,Stereo Hearts,Glee Cast
No Church In The Wild,Jay Z Kanye West Featuring Frank Ocean,No Church In The Wild,Jay Z Kanye West
Raise Your Weapon,deadmau5 Featuring Greta Svabo Bech,Raise Your Weapon,deadmau5
All Your Life,The Band Perry,All Your Life,The Band Perry
Mr. Know It All,Kelly Clarkson,Mr. Know It All,Kelly Clarkson
Keep Me In Mind,Zac Brown Band,Keep Me In Mind,Zac Brown Band
Say Aah,Lindsey Pavao,Say Aah,Lindsey Pavao
Sexy And I Know It,Glee Cast Featuring Ricky Martin,Sexy And I Know It,Glee Cast
5 O'Clock,T-Pain Featuring Wiz Khalifa & Lily Allen,5 O'Clock,T-Pain
Strange Clouds,B.o.B Featuring Lil Wayne,Strange Clouds,B.o.B
You The Boss,Rick Ross Featuring Nicki Minaj,You The Boss,Rick Ross
Smooth Criminal,Glee Cast Featuring 2Cellos,Smooth Criminal,Glee Cast
Round Of Applause,Waka Flocka Flame Featuring Drake,Round Of Applause,Waka Flocka Flame
La Isla Bonita,Glee Cast Featuring Ricky Martin,La Isla Bonita,Glee Cast
Snitches Ain't...,"YG Featuring Tyga, Snoop Dogg & Nipsey Hussle",Snitches Ain't...,YG
Brighter Than The Sun,Colbie Caillat,Brighter Than The Sun,Colbie Caillat
Give Me Everything,"Pitbull Featuring Ne-Yo, Afrojack & Nayer",Give Me Everything,Pitbull
Drink In My Hand,Eric Church,Drink In My Hand,Eric Church
Human Nature,Glee Cast,Human Nature,Glee Cast
Black Or White,Glee Cast,Black Or White,Glee Cast
Wanna Be Startin' Somethin',Glee Cast,Wanna Be Startin' Somethin',Glee Cast
Bad,Glee Cast,Bad,Glee Cast
T.H.E (The Hardest Ever),will.i.am Featuring Mick Jagger & Jennifer Lopez,T.H.E,will.i.am
Tattoos On This Town,Jason Aldean,Tattoos On This Town,Jason Aldean
Bait A Hook,Justin Moore,Bait A Hook,Justin Moore
Storm Warning,Hunter Hayes,Storm Warning,Hunter Hayes
Party,Beyonce Featuring Andre 3000,Party,Beyonce
Headlines,Drake,Headlines,Drake
You Make Me Feel...,Cobra Starship Featuring Sabi,You Make Me Feel...,Cobra Starship
Pumped Up Kicks,Foster The People,Pumped Up Kicks,Foster The People
Let It Rain,David Nail Featuring Sarah Buxton,Let It Rain,David Nail
Countdown,Beyonce,Countdown,Beyonce
Marry The Night,Lady Gaga,Marry The Night,Lady Gaga
Kyoto,Skrillex Featuring Sirah,Kyoto,Skrillex
Camouflage,Brad Paisley,Camouflage,Brad Paisley
Without You,Glee Cast,Without You,Glee Cast
Super Bass,Nicki Minaj,Super Bass,Nicki Minaj
We Found Love,Glee Cast,We Found Love,Glee Cast
Moves Like Jagger / Jumpin' Jack Flash,Glee Cast,Moves Like Jagger / Jumpin' Jack Flash,Glee Cast
The First Time Ever I Saw Your Face,Glee Cast,The First Time Ever I Saw Your Face,Glee Cast
Amen,Edens Edge,Amen,Edens Edge
Summer Nights,Glee Cast,Summer Nights,Glee Cast
Tattoo,Van Halen,Tattoo,Van Halen
Called Out In The Dark,Snow Patrol,Called Out In The Dark,Snow Patrol
Video Games,Lana Del Rey,Video Games,Lana Del Rey
The Champ,Nelly,The Champ,Nelly
Party On Fifth Ave.,Mac Miller,Party On Fifth Ave.,Mac Miller
Wish You Were Here,Avril Lavigne,Wish You Were Here,Avril Lavigne
When We Stand Together,Nickelback,When We Stand Together,Nickelback
Wild Boy,MGK Featuring Waka Flocka Flame,Wild Boy,MGK
Crawling Back To You,Daughtry,Crawling Back To You,Daughtry
It Girl,Jason Derulo,It Girl,Jason Derulo
She Will,Lil Wayne Featuring Drake,She Will,Lil Wayne
Fly,Nicki Minaj Featuring Rihanna,Fly,Nicki Minaj
Set You Free,3OH!3,Set You Free,3OH!3
That Way,Wale Featuring Jeremih & Rick Ross,That Way,Wale
Play The Guitar,B.o.B Featuring Andre 3000,Play The Guitar,B.o.B
God Gave Me You,Blake Shelton,God Gave Me You,Blake Shelton
Easy,Rascal Flatts Featuring Natasha Bedingfield,Easy,Rascal Flatts
Mistletoe,Justin Bieber,Mistletoe,Justin Bieber
We Owned The Night,Lady Antebellum,We Owned The Night,Lady Antebellum
Blunt Blowin,Lil Wayne,Blunt Blowin,Lil Wayne
Donald Trump,Mac Miller,Donald Trump,Mac Miller
Wobble,V.I.C.,Wobble,V.I.C.
First Of The Year (Equinox),Skrillex,First Of The Year,Skrillex
Good Good Night,Roscoe Dash,Good Good Night,Roscoe Dash
Better Than I Know Myself,Adam Lambert,Better Than I Know Myself,Adam Lambert
Drummer Boy,Justin Bieber Featuring Busta Rhymes,Drummer Boy,Justin Bieber
Nothing,The Script,Nothing,The Script
Knock Knock,Mac Miller,Knock Knock,Mac Miller
Baggage Claim,Miranda Lambert,Baggage Claim,Miranda Lambert
We Are Young,Glee Cast,We Are Young,Glee Cast
Sleazy Remix 2.0 Get Sleazier,"Ke$ha Featuring Lil Wayne, Wiz Khalifa, T.I. & Andre 3000",Sleazy Remix 2.0 Get Sleazier,Ke$ha
In The Dark,Dev,In The Dark,Dev
You And I,Lady Gaga,You And I,Lady Gaga
Bang Bang Pow Pow,T-Pain Featuring Lil Wayne,Bang Bang Pow Pow,T-Pain
Do They Know It's Christmas?,Glee Cast,Do They Know It's Christmas?,Glee Cast
I Got You,Thompson Square,I Got You,Thompson Square
Promise,Romeo Santos Featuring Usher,Promise,Romeo Santos
All I Want For Christmas Is You,Michael Buble,All I Want For Christmas Is You,Michael Buble
Survivor / I Will Survive,Glee Cast,Survivor / I Will Survive,Glee Cast
Man In The Mirror,Glee Cast,Man In The Mirror,Glee Cast
Roman In Moscow,Nicki Minaj,Roman In Moscow,Nicki Minaj
Sparks Fly,Taylor Swift,Sparks Fly,Taylor Swift
ABC,Glee Cast,ABC,Glee Cast
Red Solo Cup,Glee Cast,Red Solo Cup,Glee Cast
I'll Be Home For Christmas,Kelly Clarkson,I'll Be Home For Christmas,Kelly Clarkson
Body 2 Body,Ace Hood Featuring Chris Brown,Body 2 Body,Ace Hood
Perfect,Glee Cast,Perfect,Glee Cast
Girls Just Want To Have Fun,Glee Cast,Girls Just Want To Have Fun,Glee Cast
I Kissed A Girl,Glee Cast,I Kissed A Girl,Glee Cast
Marvin & Chardonnay,Big Sean Featuring Kanye West & Roscoe Dash,Marvin & Chardonnay,Big Sean
Rumour Has It / Someone Like You,Glee Cast,Rumour Has It / Someone Like You,Glee Cast
I'm The Only One,Glee Cast,I'm The Only One,Glee Cast
Constant Craving,Glee Cast,Constant Craving,Glee Cast
I Like How It Feels,Enrique Iglesias Featuring Pitbull & The WAV.s,I Like How It Feels,Enrique Iglesias
Otis,Jay Z Kanye West Featuring Otis Redding,Otis,Jay Z Kanye West
Marvins Room,Drake,Marvins Room,Drake
Good Life,OneRepublic,Good Life,OneRepublic
If I Die Young,The Band Perry,If I Die Young,The Band Perry
Mr. Saxobeat,Alexandra Stan,Mr. Saxobeat,Alexandra Stan
One More Drinkin' Song,Jerrod Niemann,One More Drinkin' Song,Jerrod Niemann
Cheers (Drink To That),Rihanna,Cheers,Rihanna
Lullaby,Nickelback,Lullaby,Nickelback
Rain Over Me,Pitbull Featuring Marc Anthony,Rain Over Me,Pitbull
I Got Nothin',Darius Rucker,I Got Nothin',Darius Rucker
El Verdadero Amor Perdona,Mana Featuring Prince Royce,El Verdadero Amor Perdona,Mana
Crazy Girl,Eli Young Band,Crazy Girl,Eli Young Band
Country Must Be Country Wide,Brantley Gilbert,Country Must Be Country Wide,Brantley Gilbert
If This Was A Movie,Taylor Swift,If This Was A Movie,Taylor Swift
Hate Sleeping Alone,Drake,Hate Sleeping Alone,Drake
You And  I / You And I,Glee Cast,You And  I / You And I,Glee Cast
I Can't Go For That / You Make My Dreams,Glee Cast,I Can't Go For That / You Make My Dreams,Glee Cast
Criminal,Britney Spears,Criminal,Britney Spears
Hit Me With Your Best Shot / One Way Or Another,Glee Cast,Hit Me With Your Best Shot / One Way Or Another,Glee Cast
We'll Be Fine,Drake Featuring Birdman,We'll Be Fine,Drake
Footloose,Blake Shelton,Footloose,Blake Shelton
Shot For Me,Drake,Shot For Me,Drake
Superman,Taylor Swift,Superman,Taylor Swift
Lighters,Bad Meets Evil Featuring Bruno Mars,Lighters,Bad Meets Evil
Run,Matt Nathanson Featuring Sugarland,Run,Matt Nathanson
Smile Back,Mac Miller,Smile Back,Mac Miller
Uptown Girl,Glee Cast,Uptown Girl,Glee Cast
Come Home,Faith Hill,Come Home,Faith Hill
Cost Of Livin',Ronnie Dunn,Cost Of Livin',Ronnie Dunn
Wet The Bed,Chris Brown Feat. Ludacris,Wet The Bed,Chris Brown
Here For A Good Time,George Strait,Here For A Good Time,George Strait
The Adventures Of Rain Dance Maggie,Red Hot Chili Peppers,The Adventures Of Rain Dance Maggie,Red Hot Chili Peppers
Haunted,Taylor Swift,Haunted,Taylor Swift
Long Hot Summer,Keith Urban,Long Hot Summer,Keith Urban
How To Love,Lil Wayne,How To Love,Lil Wayne
Last Friday Night (T.G.I.F.),Katy Perry,Last Friday Night,Katy Perry
Tonight Tonight,Hot Chelle Rae,Tonight Tonight,Hot Chelle Rae
Take A Back Road,Rodney Atkins,Take A Back Road,Rodney Atkins
Last Friday Night,Glee Cast,Last Friday Night,Glee Cast
Better With The Lights Off,New Boyz Feat. Chris Brown,Better With The Lights Off,New Boyz
Ambition,Wale Featuring Meek Mill & Rick Ross,Ambition,Wale
Mrs. Right,Mindless Behavior Featuring Diggy,Mrs. Right,Mindless Behavior
All I Want For Christmas Is You (SuperFestive!),Justin Bieber Duet With Mariah Carey,All I Want For Christmas Is You,Justin Bieber Duet
Sweat,Bow Wow Featuring Lil Wayne,Sweat,Bow Wow
Christmas Song (Chestnuts Roasting On An Open Fire),Justin Bieber Featuring Usher,Christmas Song,Justin Bieber
Take Over Control,Afrojack Featuring Eva Simons,Take Over Control,Afrojack
Lessons In Love,Kaskade Featuring Neon Trees,Lessons In Love,Kaskade
Dedication To My Ex (Miss That),Lloyd Featuring Andre 3000 & Lil Wayne,Dedication To My Ex,Lloyd
I Wanna Go,Britney Spears,I Wanna Go,Britney Spears
I'm On One,"DJ Khaled Featuring Drake, Rick Ross & Lil Wayne",I'm On One,DJ Khaled
The Edge Of Glory,Lady Gaga,The Edge Of Glory,Lady Gaga
Made In America,Toby Keith,Made In America,Toby Keith
Remind Me,Brad Paisley Duet With Carrie Underwood,Remind Me,Brad Paisley Duet
Got 2 Luv U,Sean Paul Featuring Alexis Jordan,Got 2 Luv U,Sean Paul
Skyscraper,Demi Lovato,Skyscraper,Demi Lovato
Focused,Wale Featuring Kid Cudi,Focused,Wale
Quickie,Miguel,Quickie,Miguel
Keep Your Head Up,Andy Grammer,Keep Your Head Up,Andy Grammer
Best Thing I Never Had,Beyonce,Best Thing I Never Had,Beyonce
Just Fishin',Trace Adkins,Just Fishin',Trace Adkins
Calling All The Monsters,China Anne McClain,Calling All The Monsters,China Anne McClain
Still Got It,Tyga Featuring Drake,Still Got It,Tyga
Papi,Jennifer Lopez,Papi,Jennifer Lopez
Lost In Paradise,Evanescence,Lost In Paradise,Evanescence
Faster,Matt Nathanson,Faster,Matt Nathanson
Barefoot Blue Jean Night,Jake Owen,Barefoot Blue Jean Night,Jake Owen
Dirt Road Anthem,Jason Aldean,Dirt Road Anthem,Jason Aldean
Fix You,Glee Cast,Fix You,Glee Cast
Hangover,Taio Cruz Featuring Flo Rida,Hangover,Taio Cruz
I'm Flexin',T.I. Featuring Big K.R.I.T.,I'm Flexin',T.I.
You And Tequila,Kenny Chesney Featuring Grace Potter,You And Tequila,Kenny Chesney
Run The World (Girls),Glee Cast,Run The World,Glee Cast
Pretty Girls,Iyaz Featuring Travie McCoy,Pretty Girls,Iyaz
Love Don't Run,Steve Holy,Love Don't Run,Steve Holy
No Sleep,Wiz Khalifa,No Sleep,Wiz Khalifa
Motivation,Kelly Rowland Featuring Lil Wayne,Motivation,Kelly Rowland
Somewhere,Glee Cast,Somewhere,Glee Cast
Fight For You,Jason Derulo,Fight For You,Jason Derulo
After Midnight,Blink-182,After Midnight,Blink-182
Every Teardrop Is A Waterfall,Coldplay,Every Teardrop Is A Waterfall,Coldplay
Fish,Craig Campbell,Fish,Craig Campbell
Gucci Gucci,Kreayshawn,Gucci Gucci,Kreayshawn
Walk,Foo Fighters,Walk,Foo Fighters
Far Away,Tyga Featuring Chris Richardson,Far Away,Tyga
Knee Deep,Zac Brown Band Featuring Jimmy Buffett,Knee Deep,Zac Brown Band
It's Not Unusual,Glee Cast,It's Not Unusual,Glee Cast
You Can't Stop The Beat,Glee Cast,You Can't Stop The Beat,Glee Cast
Y.U. Mad,Birdman Featuring Nicki Minaj & Lil Wayne,Y.U. Mad,Birdman
Fix A Heart,Demi Lovato,Fix A Heart,Demi Lovato
We Got The Beat,Glee Cast,We Got The Beat,Glee Cast
Love Done Gone,Billy Currington,Love Done Gone,Billy Currington
Unbroken,Demi Lovato,Unbroken,Demi Lovato
Beautiful People,Chris Brown Featuring Benny Benassi,Beautiful People,Chris Brown
Just Can't Get Enough,The Black Eyed Peas,Just Can't Get Enough,The Black Eyed Peas
Police Dog Blues,Hugh Laurie,Police Dog Blues,Hugh Laurie
Where Them Girls At,David Guetta Featuring Flo Rida & Nicki Minaj,Where Them Girls At,David Guetta
Out Of My Head,Lupe Fiasco Featuring Trey Songz,Out Of My Head,Lupe Fiasco
Am I The Only One,Dierks Bentley,Am I The Only One,Dierks Bentley
Body And Soul,Tony Bennett & Amy Winehouse,Body And Soul,Tony Bennett
On The Floor,Jennifer Lopez Featuring Pitbull,On The Floor,Jennifer Lopez
Disaster,JoJo,Disaster,JoJo
I Love You This Big,Scotty McCreery,I Love You This Big,Scotty McCreery
Hell On Heels,Pistol Annies,Hell On Heels,Pistol Annies
E.T.,Katy Perry Featuring Kanye West,E.T.,Katy Perry
MegaMan,Lil Wayne,MegaMan,Lil Wayne
Country Girl (Shake It For Me),Luke Bryan,Country Girl,Luke Bryan
My Body,Young The Giant,My Body,Young The Giant
It's Good,Lil Wayne Featuring Drake & Jadakiss,It's Good,Lil Wayne
How To Hate,Lil Wayne Featuring T-Pain,How To Hate,Lil Wayne
Nightmares Of The Bottom,Lil Wayne,Nightmares Of The Bottom,Lil Wayne
President Carter,Lil Wayne,President Carter,Lil Wayne
So Special,Lil Wayne Featuring John Legend,So Special,Lil Wayne
"Save Me, San Francisco",Train,"Save Me, San Francisco",Train
She Ain't You,Chris Brown,She Ain't You,Chris Brown
The Lazy Song,Bruno Mars,The Lazy Song,Bruno Mars
Frick Park Market             ,Mac Miller,Frick Park Market,Mac Miller
I'm Into You,Jennifer Lopez Featuring Lil Wayne,I'm Into You,Jennifer Lopez
Night Of Your Life,David Guetta Featuring Jennifer Hudson,Night Of Your Life,David Guetta
Don't Wanna Go Home,Jason Derulo,Don't Wanna Go Home,Jason Derulo
Never Gonna Leave This Bed,Maroon 5,Never Gonna Leave This Bed,Maroon 5
What The Water Gave Me,Florence + The Machine,What The Water Gave Me,Florence + The Machine
Booty Wurk (One Cheek At A Time),T-Pain Featuring Joey Galaxy,Booty Wurk,T-Pain
Man Down,Rihanna,Man Down,Rihanna
Arms,Christina Perri,Arms,Christina Perri
Till I'm Gone,Tinie Tempah Featuring Wiz Khalifa,Till I'm Gone,Tinie Tempah
Martians Vs Goblins,"Game Featuring Lil Wayne & Tyler, The Creator",Martians Vs Goblins,Game
Honey Bee,Blake Shelton,Honey Bee,Blake Shelton
Don't You Wanna Stay,Jason Aldean With Kelly Clarkson,Don't You Wanna Stay,Jason Aldean
Hello,Martin Solveig & Dragonette,Hello,Martin Solveig
Who Gon Stop Me,Jay Z Kanye West,Who Gon Stop Me,Jay Z Kanye West
California King Bed,Rihanna,California King Bed,Rihanna
Don't Hold Your Breath,Nicole Scherzinger,Don't Hold Your Breath,Nicole Scherzinger
Don't Stop The Party,The Black Eyed Peas,Don't Stop The Party,The Black Eyed Peas
On My Level,Wiz Khalifa Featuring Too $hort,On My Level,Wiz Khalifa
Smile,Avril Lavigne,Smile,Avril Lavigne
Old Alabama,Brad Paisley Featuring Alabama,Old Alabama,Brad Paisley
The Show Goes On,Lupe Fiasco,The Show Goes On,Lupe Fiasco
Till The World Ends,Britney Spears Featuring Nicki Minaj & Ke$ha,Till The World Ends,Britney Spears
Sure Thing,Miguel,Sure Thing,Miguel
My Last,Big Sean Featuring Chris Brown,My Last,Big Sean
What You Want,Evanescence,What You Want,Evanescence
We Don't Get Down Like Y'all,T.I. Featuring B.o.B.,We Don't Get Down Like Y'all,T.I.
Unusual,Trey Songz Featuring Drake,Unusual,Trey Songz
Look At Me Now,Chris Brown Featuring Lil Wayne & Busta Rhymes,Look At Me Now,Chris Brown
Homeboy,Eric Church,Homeboy,Eric Church
Best Love Song,T-Pain Featuring Chris Brown,Best Love Song,T-Pain
Right There,Nicole Scherzinger Featuring 50 Cent,Right There,Nicole Scherzinger
If Heaven Wasn't So Far Away,Justin Moore,If Heaven Wasn't So Far Away,Justin Moore
Under And Over It,Five Finger Death Punch,Under And Over It,Five Finger Death Punch
Ships In The Night,Mat Kearney,Ships In The Night,Mat Kearney
John,Lil Wayne Featuring Rick Ross,John,Lil Wayne
Oh My,"DJ Drama Featuring Fabolous, Roscoe Dash & Wiz Khalifa",Oh My,DJ Drama
Tomorrow,Chris Young,Tomorrow,Chris Young
Mean,Taylor Swift,Mean,Taylor Swift
Who Says,Selena Gomez & The Scene,Who Says,Selena Gomez
Dirty Dancer,Enrique Iglesias With Usher Featuring Lil Wayne,Dirty Dancer,Enrique Iglesias
Novacane,Frank Ocean,Novacane,Frank Ocean
I Smile,Kirk Franklin,I Smile,Kirk Franklin
F**kin' Perfect,P!nk,F**kin' Perfect,P!nk
F**k You! (Forget You),CeeLo Green,F**k You!,CeeLo Green
Up All Night,Blink-182,Up All Night,Blink-182
Outlaw,50 Cent,Outlaw,50 Cent
Racks,YC Featuring Future,Racks,YC
Ballin',Young Jeezy Featuring Lil Wayne,Ballin',Young Jeezy
The Story Of Us,Taylor Swift,The Story Of Us,Taylor Swift
Hustle Hard,Ace Hood,Hustle Hard,Ace Hood
Far Away,Marsha Ambrosius,Far Away,Marsha Ambrosius
Blow,Ke$ha,Blow,Ke$ha
Firework,Katy Perry,Firework,Katy Perry
For The First Time,The Script,For The First Time,The Script
You Lie,The Band Perry,You Lie,The Band Perry
What If,Colbie Caillat,What If,Colbie Caillat
Watch Me,Bella Thorne & Zendaya,Watch Me,Bella Thorne
Country Song,Seether,Country Song,Seether
Run The World (Girls),Beyonce,Run The World,Beyonce
Roll Up,Wiz Khalifa,Roll Up,Wiz Khalifa
S&M,Rihanna Featuring Britney Spears,S&M,Rihanna
Iridescent,Linkin Park,Iridescent,Linkin Park
Without You,Keith Urban,Without You,Keith Urban
I Wouldn't Be A Man,Josh Turner,I Wouldn't Be A Man,Josh Turner
Stitch By Stitch,Javier Colon,Stitch By Stitch,Javier Colon
Taboo,Don Omar,Taboo,Don Omar
Inventing Shadows,Dia Frampton,Inventing Shadows,Dia Frampton
Man In The Mirror,Adam Levine & Javier Colon,Man In The Mirror,Adam Levine
I Won't Back Down,Blake Shelton & Dia Frampton,I Won't Back Down,Blake Shelton
Written In The Stars,Tinie Tempah Featuring Eric Turner,Written In The Stars,Tinie Tempah
Little Bad Girl,David Guetta Featuring Taio Cruz & Ludacris,Little Bad Girl,David Guetta
Beautiful,Christina Aguilera & Beverly McClellan,Beautiful,Christina Aguilera
Afraid To Sleep,Vicci Martinez,Afraid To Sleep,Vicci Martinez
Heartless,Dia Frampton,Heartless,Dia Frampton
Shake Senora,Pitbull Featuring T-Pain & Sean Paul,Shake Senora,Pitbull
Losing My Religion,Dia Frampton,Losing My Religion,Dia Frampton
Moving To Mars,Coldplay,Moving To Mars,Coldplay
Backseat,New Boyz Featuring The Cataracs & Dev,Backseat,New Boyz
Major Minus,Coldplay,Major Minus,Coldplay
High,Big Sean Featuring Wiz Khalifa,High,Big Sean
Fix You,Javier Colon,Fix You,Javier Colon
Down On Me,Jeremih Featuring 50 Cent,Down On Me,Jeremih
Born This Way,Lady Gaga,Born This Way,Lady Gaga
Dog Days Are Over,Vicci Martinez,Dog Days Are Over,Vicci Martinez
Best Friend's Brother,Victorious Cast Featuring Victoria Justice,Best Friend's Brother,Victorious Cast
Heart Like Mine,Miranda Lambert,Heart Like Mine,Miranda Lambert
The Man Who Can't Be Moved,Xenia,The Man Who Can't Be Moved,Xenia
Next To You,Chris Brown Featuring Justin Bieber,Next To You,Chris Brown
So In Love,Jill Scott Featuring Anthony Hamilton,So In Love,Jill Scott
Price Tag,Jessie J Featuring B.o.B,Price Tag,Jessie J
All Of The Lights,Kanye West,All Of The Lights,Kanye West
Just The Way You Are,Bruno Mars,Just The Way You Are,Bruno Mars
Angel,Javier Colon,Angel,Javier Colon
Today Is Your Day,Shania Twain,Today Is Your Day,Shania Twain
Jolene,Vicci Martinez,Jolene,Vicci Martinez
I Need A Doctor,Dr. Dre Featuring Eminem & Skylar Grey,I Need A Doctor,Dr. Dre
Black Horse And The Cherry Tree,Casey Weston,Black Horse And The Cherry Tree,Casey Weston
The Cave,Mumford & Sons,The Cave,Mumford
See No More,Joe Jonas,See No More,Joe Jonas
Price Tag,Xenia,Price Tag,Xenia
Monster,Paramore,Monster,Paramore
I Won't Let Go,Rascal Flatts,I Won't Let Go,Rascal Flatts
Pause,Pitbull,Pause,Pitbull
Bleed Red,Ronnie Dunn,Bleed Red,Ronnie Dunn
Somewhere Else,Toby Keith,Somewhere Else,Toby Keith
Judas,Lady Gaga,Judas,Lady Gaga
Bow Chicka Wow Wow,Mike Posner Featuring Lil Wayne,Bow Chicka Wow Wow,Mike Posner
Bang Bang Bang,Selena Gomez & The Scene,Bang Bang Bang,Selena Gomez
You,Romeo Santos,You,Romeo Santos
Did It On'em,Nicki Minaj,Did It On'em,Nicki Minaj
Teenage Daughters,Martina McBride,Teenage Daughters,Martina McBride
Grenade,Bruno Mars,Grenade,Bruno Mars
Like My Mother Does,Lauren Alaina,Like My Mother Does,Lauren Alaina
Colder Weather,Zac Brown Band,Colder Weather,Zac Brown Band
1+1,Beyonce,1+1,Beyonce
Danza Kuduro,Don Omar & Lucenzo,Danza Kuduro,Don Omar
Cat Daddy,Rej3ctz,Cat Daddy,Rej3ctz
Sing,My Chemical Romance,Sing,My Chemical Romance
(It) Feels So Good,Steven Tyler, Feels So Good,Steven Tyler
Light Up The World,Glee Cast,Light Up The World,Glee Cast
Pretending,Glee Cast,Pretending,Glee Cast
For Good,Glee Cast,For Good,Glee Cast
Rise Above 1,Reeve Carney Featuring Bono & The Edge,Rise Above 1,Reeve Carney
What The Hell,Avril Lavigne,What The Hell,Avril Lavigne
"I Love New York / New York, New York",Glee Cast,"I Love New York / New York, New York",Glee Cast
Live A Little,Kenny Chesney,Live A Little,Kenny Chesney
As Long As You're There,Glee Cast,As Long As You're There,Glee Cast
I Do,Colbie Caillat,I Do,Colbie Caillat
Rope,Foo Fighters,Rope,Foo Fighters
Hair,Lady Gaga,Hair,Lady Gaga
Moment 4 Life,Nicki Minaj Featuring Drake,Moment 4 Life,Nicki Minaj
A Little Bit Stronger,Sara Evans,A Little Bit Stronger,Sara Evans
Pure Imagination,Glee Cast,Pure Imagination,Glee Cast
I Can't Love You Back,Easton Corbin,I Can't Love You Back,Easton Corbin
Back To Black,Glee Cast,Back To Black,Glee Cast
9 Piece,Rick Ross Featuring Lil Wayne Or T.I.,9 Piece,Rick Ross
Rolling In The Deep,Glee Cast Featuring Jonathan Groff,Rolling In The Deep,Glee Cast
Boyfriend,Big Time Rush,Boyfriend,Big Time Rush
My Man,Glee Cast,My Man,Glee Cast
Look It Up,Ashton Shepherd,Look It Up,Ashton Shepherd
Bring It Back,Travis Porter,Bring It Back,Travis Porter
Jack Sparrow,The Lonely Island Featuring Michael Bolton,Jack Sparrow,The Lonely Island
Love Faces,Trey Songz,Love Faces,Trey Songz
Friday,Glee Cast,Friday,Glee Cast
Jar Of Hearts,Glee Cast,Jar Of Hearts,Glee Cast
Tonight (I'm Lovin' You),Enrique Iglesias Featuring Ludacris & DJ Frank E,Tonight,Enrique Iglesias
Isn't She Lovely,Glee Cast,Isn't She Lovely,Glee Cast
I'm Not Gonna Teach Your Boyfriend To Dance With You,Glee Cast,I'm Not Gonna Teach Your Boyfriend To Dance With You,Glee Cast
Dancing Queen,Glee Cast,Dancing Queen,Glee Cast
I Am Woman,Jordin Sparks,I Am Woman,Jordin Sparks
Fast Lane,Bad Meets Evil,Fast Lane,Bad Meets Evil
This,Darius Rucker,This,Darius Rucker
Turning Tables,Adele,Turning Tables,Adele
Grove St. Party,Waka Flocka Flame Featuring Kebo Gotti,Grove St. Party,Waka Flocka Flame
Coming Home,Diddy - Dirty Money Featuring Skylar Grey,Coming Home,Diddy - Dirty Money
6 Foot 7 Foot,Lil Wayne Featuring Cory Gunz,6 Foot 7 Foot,Lil Wayne
Go Your Own Way,Glee Cast,Go Your Own Way,Glee Cast
More,Usher,More,Usher
What Do You Want,Jerrod Niemann,What Do You Want,Jerrod Niemann
Songbird,Glee Cast,Songbird,Glee Cast
Not Ready To Die,Avenged Sevenfold,Not Ready To Die,Avenged Sevenfold
Don't Stop,Glee Cast,Don't Stop,Glee Cast
Never Going Back Again,Glee Cast,Never Going Back Again,Glee Cast
I Feel Pretty / Unpretty,Glee Cast,I Feel Pretty / Unpretty,Glee Cast
Dreams,Glee Cast Featuring Kristin Chenoweth,Dreams,Glee Cast
Closer To The Edge,Thirty Seconds To Mars,Closer To The Edge,Thirty Seconds To Mars
Hold It Against Me,Britney Spears,Hold It Against Me,Britney Spears
Jar Of Hearts,Christina Perri,Jar Of Hearts,Christina Perri
Hey Baby (Drop It To The Floor),Pitbull Featuring T-Pain,Hey Baby,Pitbull
Somewhere Only We Know,Glee Cast,Somewhere Only We Know,Glee Cast
Born This Way,Glee Cast,Born This Way,Glee Cast
Raise Your Glass,P!nk,Raise Your Glass,P!nk
Are You Gonna Kiss Me Or Not,Thompson Square,Are You Gonna Kiss Me Or Not,Thompson Square
Time After Time,Javier Colon,Time After Time,Javier Colon
Determinate,"Bridgit Mendler, Adam Hicks, Naomi Scott & Hayley Kiyoko",Determinate,Bridgit Mendler
As If We Never Said Goodbye,Glee Cast,As If We Never Said Goodbye,Glee Cast
Angel,Akon,Angel,Akon
Barbra Streisand,Duck Sauce,Barbra Streisand,Duck Sauce
You Be Killin Em,Fabolous,You Be Killin Em,Fabolous
Family Man,Craig Campbell,Family Man,Craig Campbell
Pretty Girl Rock,Keri Hilson,Pretty Girl Rock,Keri Hilson
Dynamite,Taio Cruz,Dynamite,Taio Cruz
Turning Tables,Glee Cast Featuring Gwyneth Paltrow,Turning Tables,Glee Cast
Beggin' On Your Knees,Victorious Cast Featuring Victoria Justice,Beggin' On Your Knees,Victorious Cast
All By Myself,Glee Cast,All By Myself,Glee Cast
Breakthrough,"Bridgit Mendler, Adam Hicks, Naomi Scott & Hayley Kiyoko",Breakthrough,Bridgit Mendler
Somebody,Bridgit Mendler,Somebody,Bridgit Mendler
Never Say Never,Justin Bieber Featuring Jaden Smith,Never Say Never,Justin Bieber
Friday,Rebecca Black,Friday,Rebecca Black
Stereo Love,Edward Maya & Vika Jigulina,Stereo Love,Edward Maya
No Hands,Waka Flocka Flame Featuring Roscoe Dash & Wale,No Hands,Waka Flocka Flame
Rocketeer,Far*East Movement Featuring Ryan Tedder,Rocketeer,Far*East Movement
Red Nation,Game Featuring Lil Wayne,Red Nation,Game
Where You At,Jennifer Hudson,Where You At,Jennifer Hudson
Little Miss,Sugarland,Little Miss,Sugarland
Yeah 3X,Chris Brown,Yeah 3X,Chris Brown
Let Me Down Easy,Billy Currington,Let Me Down Easy,Billy Currington
Georgia Clay,Josh Kelley,Georgia Clay,Josh Kelley
Boom,Snoop Dogg Featuring T-Pain,Boom,Snoop Dogg
Fall For Your Type,Jamie Foxx Featuring Drake,Fall For Your Type,Jamie Foxx
Walking,Mary Mary,Walking,Mary Mary
No BS,Chris Brown,No BS,Chris Brown
Welcome To My Hood,"DJ Khaled Featuring Rick Ross, Plies, Lil Wayne & T-Pain",Welcome To My Hood,DJ Khaled
Marry Me,Train,Marry Me,Train
The Story,Sara Ramirez,The Story,Sara Ramirez
Loser Like Me,Glee Cast,Loser Like Me,Glee Cast
This Is Country Music,Brad Paisley,This Is Country Music,Brad Paisley
Black And Yellow,Wiz Khalifa,Black And Yellow,Wiz Khalifa
The Time (Dirty Bit),The Black Eyed Peas,The Time,The Black Eyed Peas
Hello World,Lady Antebellum,Hello World,Lady Antebellum
Get It Right,Glee Cast,Get It Right,Glee Cast
Higher,Taio Cruz Featuring Travie McCoy,Higher,Taio Cruz
Buzzin',Mann,Buzzin',Mann
From A Table Away,Sunny Sweeney,From A Table Away,Sunny Sweeney
F**k Him He's A DJ,Ke$ha,F**k Him He's A DJ,Ke$ha
Shake Me Down,Cage The Elephant,Shake Me Down,Cage The Elephant
Raise Your Glass,Glee Cast,Raise Your Glass,Glee Cast
Blackbird,Glee Cast,Blackbird,Glee Cast
What's My Name?,Rihanna Featuring Drake,What's My Name?,Rihanna
Misery,Glee Cast,Misery,Glee Cast
Hell To The No,Glee Cast,Hell To The No,Glee Cast
Who Are You When I'm Not Looking,Blake Shelton,Who Are You When I'm Not Looking,Blake Shelton
Landslide,Glee Cast Featuring Gwyneth Paltrow,Landslide,Glee Cast
Candles,Glee Cast,Candles,Glee Cast
Somewhere With You,Kenny Chesney,Somewhere With You,Kenny Chesney
Felt Good On My Lips,Tim McGraw,Felt Good On My Lips,Tim McGraw
Voices,Chris Young,Voices,Chris Young
Dancing Crazy,Miranda Cosgrove,Dancing Crazy,Miranda Cosgrove
Back To December,Taylor Swift,Back To December,Taylor Swift
Only Girl (In The World),Rihanna,Only Girl,Rihanna
We R Who We R,Ke$ha,We R Who We R,Ke$ha
Waiting For The End,Linkin Park,Waiting For The End,Linkin Park
Do You Wanna Touch Me (Oh Yeah),Glee Cast Featuring Gwyneth Paltrow,Do You Wanna Touch Me,Glee Cast
Animal,Glee Cast,Animal,Glee Cast
The Race,Wiz Khalifa,The Race,Wiz Khalifa
Beautiful Lasers (2 Ways),Lupe Fiasco Featuring MDMA,Beautiful Lasers,Lupe Fiasco
Kiss,Glee Cast,Kiss,Glee Cast
Who Dat Girl,Flo Rida Featuring Akon,Who Dat Girl,Flo Rida
Someone Else Calling You Baby,Luke Bryan,Someone Else Calling You Baby,Luke Bryan
Kush,Dr. Dre Featuring Snoop Dogg & Akon,Kush,Dr. Dre
DJ Got Us Fallin' In Love,Usher Featuring Pitbull,DJ Got Us Fallin' In Love,Usher
Teenage Dream,Katy Perry,Teenage Dream,Katy Perry
Twisted,Gorilla Zoe Featuring Lil Jon,Twisted,Gorilla Zoe
What Are Words,Chris Medina,What Are Words,Chris Medina
Maybe,Sick Puppies,Maybe,Sick Puppies
Whip My Hair,WILLOW,Whip My Hair,WILLOW
Country Boy,Aaron Lewis Featuring George Jones & Charlie Daniels,Country Boy,Aaron Lewis
Wildflower,The JaneDear Girls,Wildflower,The JaneDear Girls
Pray,Justin Bieber,Pray,Justin Bieber
The Shape I'm In,Joe Nichols,The Shape I'm In,Joe Nichols
I Just Had Sex,The Lonely Island Featuring Akon,I Just Had Sex,The Lonely Island
21st Century Girl,WILLOW,21st Century Girl,WILLOW
Bass Down Low,Dev Featuring The Cataracs,Bass Down Low,Dev
Don't You Want Me,Glee Cast,Don't You Want Me,Glee Cast
Just A Dream,Nelly,Just A Dream,Nelly
Blame It (On The Alcohol),Glee Cast,Blame It,Glee Cast
Tik Tok,Glee Cast,Tik Tok,Glee Cast
Lay It Down,Lloyd,Lay It Down,Lloyd
Who's That Chick?,David Guetta Featuring Rihanna,Who's That Chick?,David Guetta
H*A*M,Kanye West Jay Z,H*A*M,Kanye West Jay Z
U Smile,Justin Bieber,U Smile,Justin Bieber
Little Lion Man,Mumford & Sons,Little Lion Man,Mumford
Baby,Glee Cast,Baby,Glee Cast
Sing,Glee Cast,Sing,Glee Cast
Take Me Or Leave Me,Glee Cast,Take Me Or Leave Me,Glee Cast
Somebody To Love,Glee Cast,Somebody To Love,Glee Cast
Born To Be Somebody,Justin Bieber,Born To Be Somebody,Justin Bieber
Hit The Lights,Jay Sean Featuring Lil Wayne,Hit The Lights,Jay Sean
Forget You,Glee Cast Featuring Gwyneth Paltrow,Forget You,Glee Cast
Firework,Glee Cast,Firework,Glee Cast
Do The John Wall,Troop 41,Do The John Wall,Troop 41
Thriller / Heads Will Roll,Glee Cast,Thriller / Heads Will Roll,Glee Cast
"Bills, Bills, Bills",Glee Cast,"Bills, Bills, Bills",Glee Cast
Silly Love Songs,Glee Cast,Silly Love Songs,Glee Cast
When I Get You Alone,Glee Cast,When I Get You Alone,Glee Cast
Fat Bottomed Girls,Glee Cast,Fat Bottomed Girls,Glee Cast
P.Y.T. (Pretty Young Thing),Glee Cast,P.Y.T.,Glee Cast
Need You Now,Glee Cast,Need You Now,Glee Cast
Aston Martin Music,Rick Ross Featuring Drake & Chrisette Michele,Aston Martin Music,Rick Ross
I Won't Give Up,Jana Kramer,I Won't Give Up,Jana Kramer
Put You In A Song,Keith Urban,Put You In A Song,Keith Urban
She's Not There,Glee Cast,She's Not There,Glee Cast
Words I Never Said,Lupe Fiasco Featuring Skylar Grey,Words I Never Said,Lupe Fiasco
Make A Movie,Twista Featuring Chris Brown,Make A Movie,Twista
Boyfriend,New Hollow,Boyfriend,New Hollow
Make It Rain,Travis Porter,Make It Rain,Travis Porter
Rhythm of Love,Plain White T's,Rhythm of Love,Plain White T's
Bottoms Up,Trey Songz Featuring Nicki Minaj,Bottoms Up,Trey Songz
Like A G6,Far*East Movement Featuring Cataracs & Dev,Like A G6,Far*East Movement
Secrets,OneRepublic,Secrets,OneRepublic
Animal,Neon Trees,Animal,Neon Trees
Please Don't Go,Mike Posner,Please Don't Go,Mike Posner
When You're Young,3 Doors Down,When You're Young,3 Doors Down
The Creep,The Lonely Island Featuring Nicki Minaj,The Creep,The Lonely Island
Bullets In The Gun,Toby Keith,Bullets In The Gun,Toby Keith
The Ballad Of Mona Lisa,Panic! At The Disco,The Ballad Of Mona Lisa,Panic! At The Disco
Right Thru Me,Nicki Minaj,Right Thru Me,Nicki Minaj
Memories,David Guetta Featuring Kid Cudi,Memories,David Guetta
Fire Flame,Birdman Featuring Lil Wayne,Fire Flame,Birdman
Lo Mejor De Mi Vida Eres Tu,Ricky Martin Featuring Natalia Jimenez,Lo Mejor De Mi Vida Eres Tu,Ricky Martin
Right Above It,Lil Wayne Featuring Drake,Right Above It,Lil Wayne
I Like It,Enrique Iglesias Featuring Pitbull,I Like It,Enrique Iglesias
Dog Days Are Over,Florence + The Machine,Dog Days Are Over,Florence + The Machine
Can't Be Friends,Trey Songz,Can't Be Friends,Trey Songz
Smoke A Little Smoke,Eric Church,Smoke A Little Smoke,Eric Church
We No Speak Americano,Yolanda Be Cool & Dcup,We No Speak Americano,Yolanda Be Cool
Help Is On The Way,Rise Against,Help Is On The Way,Rise Against
Mama's Song,Carrie Underwood,Mama's Song,Carrie Underwood
Marry You,Bruno Mars,Marry You,Bruno Mars
Roman's Revenge,Nicki Minaj Featuring Eminem,Roman's Revenge,Nicki Minaj
Freak The Freak Out,Victorious Cast Featuring Victoria Justice,Freak The Freak Out,Victorious Cast
Stay The Night,James Blunt,Stay The Night,James Blunt
Tighten Up,The Black Keys,Tighten Up,The Black Keys
Give In To Me,Garrett Hedlund & Leighton Meester,Give In To Me,Garrett Hedlund
"For You, And Your Denial      ",Yellowcard,"For You, And Your Denial",Yellowcard
Club Can't Handle Me,Flo Rida Featuring David Guetta,Club Can't Handle Me,Flo Rida
No Love,Eminem Featuring Lil Wayne,No Love,Eminem
Country Strong,Gwyneth Paltrow,Country Strong,Gwyneth Paltrow
Hold My Hand,Michael Jackson Duet With Akon,Hold My Hand,Michael Jackson Duet
The Breath You Take,George Strait,The Breath You Take,George Strait
Turn On The Radio,Reba,Turn On The Radio,Reba
Stuck Like Glue,Sugarland,Stuck Like Glue,Sugarland
Love The Way You Lie,Eminem Featuring Rihanna,Love The Way You Lie,Eminem
My Kinda Party,Jason Aldean,My Kinda Party,Jason Aldean
Mine,Taylor Swift,Mine,Taylor Swift
Only Prettier,Miranda Lambert,Only Prettier,Miranda Lambert
Anything Like Me,Brad Paisley,Anything Like Me,Brad Paisley
Monster,"Kanye West Featuring Jay-Z, Rick Ross, Bon Iver & Nicki Minaj",Monster,Kanye West
Porn Star Dancing,My Darkest Days Featuring Zakk Wylde,Porn Star Dancing,My Darkest Days
That's All She Wrote,T.I. Featuring Eminem,That's All She Wrote,T.I.
Love Like Woe,The Ready Set,Love Like Woe,The Ready Set
Deuces,Chris Brown Featuring Tyga & Kevin McCall,Deuces,Chris Brown
Runaway,Kanye West Featuring Pusha T,Runaway,Kanye West
A Year Without Rain,Selena Gomez & The Scene,A Year Without Rain,Selena Gomez
Big Night,Big Time Rush,Big Night,Big Time Rush
Why Wait,Rascal Flatts,Why Wait,Rascal Flatts
Shake,Jesse McCartney,Shake,Jesse McCartney
Check It Out,will.i.am & Nicki Minaj,Check It Out,will.i.am
Opposite Of Adults,Chiddy Bang,Opposite Of Adults,Chiddy Bang
As She's Walking Away,Zac Brown Band Featuring Alan Jackson,As She's Walking Away,Zac Brown Band
Hit It Again,3OH!3,Hit It Again,3OH!3
I Am The Champion,B.o.B,I Am The Champion,B.o.B
Pursuit Of Happiness (Nightmare),Kid Cudi Featuring MGMT & Ratatat,Pursuit Of Happiness,Kid Cudi
Shake Up Christmas,Train,Shake Up Christmas,Train
Christmas Lights,Coldplay,Christmas Lights,Coldplay
All I Want Is You,Miguel Featuring J. Cole,All I Want Is You,Miguel
Loving You No More,Diddy - Dirty Money Featuring Drake,Loving You No More,Diddy - Dirty Money
When A Woman Loves,R. Kelly,When A Woman Loves,R. Kelly
September,Daughtry,September,Daughtry
Loca,Shakira Featuring El Cata or Dizzee Rascal,Loca,Shakira
Letting Go (Dutty Love),Sean Kingston Featuring Nicki Minaj,Letting Go,Sean Kingston
"Baby, It's Cold Outside",Glee Cast,"Baby, It's Cold Outside",Glee Cast
